ISO-10303-21;
HEADER;
/* Generated by software containing ST-Developer
 * from STEP Tools, Inc. (www.steptools.com) 
 */
/* OPTION: using custom renumber hook */

FILE_DESCRIPTION(
/* description */ ('STEP AP242 Edition 2',
'CAx-IF Rec.Pracs.---Representation and Presentation of Product Manufa
cturing Information (PMI)---4.0---2014-10-13',
'CAx-IF Rec.Pracs.---3D Tessellated Geometry---0.4---2014-09-14','2;1',
'CAx-IF Rec.Pracs.---User Defined Attributes---1.5---2016-08-15'),
/* implementation_level */ '2;1');

FILE_NAME(
/* name */ '6a85f9a770e39269b3868e2a',
/* time_stamp */ '2026-08-19T18:44:56Z',
/* author */ (''),
/* organization */ (''),
/* preprocessor_version */ 'ST-DEVELOPER v20',
/* originating_system */ 'ONSHAPE BY PTC INC, 1.219',
/* authorisation */ '  ');

FILE_SCHEMA (('AP242_MANAGED_MODEL_BASED_3D_ENGINEERING_MIM_LF { 1 0 10303 442 3 1 4 }'));
ENDSEC;

DATA;
#10=CONTEXT_DEPENDENT_SHAPE_REPRESENTATION(#14,#11888);
#11=CONTEXT_DEPENDENT_SHAPE_REPRESENTATION(#15,#11890);
#12=NEXT_ASSEMBLY_USAGE_OCCURRENCE('NAUO1','Part 1','Part 1',#11891,#11892,
'');
#13=NEXT_ASSEMBLY_USAGE_OCCURRENCE('NAUO2','Part 1','Part 1',#11891,#11893,
'');
#14=(
REPRESENTATION_RELATIONSHIP(' ',' ',#6809,#6808)
REPRESENTATION_RELATIONSHIP_WITH_TRANSFORMATION(#16)
SHAPE_REPRESENTATION_RELATIONSHIP()
);
#15=(
REPRESENTATION_RELATIONSHIP(' ',' ',#6810,#6808)
REPRESENTATION_RELATIONSHIP_WITH_TRANSFORMATION(#17)
SHAPE_REPRESENTATION_RELATIONSHIP()
);
#16=ITEM_DEFINED_TRANSFORMATION(' ',' ',#6811,#7080);
#17=ITEM_DEFINED_TRANSFORMATION(' ',' ',#6811,#7163);
#18=SHAPE_REPRESENTATION_RELATIONSHIP('','',#6809,#20);
#19=SHAPE_REPRESENTATION_RELATIONSHIP('','',#6810,#21);
#20=ADVANCED_BREP_SHAPE_REPRESENTATION('',(#6803),#11878);
#21=ADVANCED_BREP_SHAPE_REPRESENTATION('',(#6804),#11879);
#22=ELLIPSE('',#6876,0.0132864874166703,0.005);
#23=ELLIPSE('',#7063,0.0181627183642455,0.005);
#24=B_SPLINE_SURFACE_WITH_KNOTS('',3,1,((#9251,#9252),(#9253,#9254),(#9255,
#9256),(#9257,#9258)),.SURF_OF_LINEAR_EXTRUSION.,.F.,.F.,.F.,(4,4),(2,2),
(0.,1.),(0.,1.),.PIECEWISE_BEZIER_KNOTS.);
#25=B_SPLINE_SURFACE_WITH_KNOTS('',3,1,((#9271,#9272),(#9273,#9274),(#9275,
#9276),(#9277,#9278)),.SURF_OF_LINEAR_EXTRUSION.,.F.,.F.,.F.,(4,4),(2,2),
(0.,1.),(0.,1.),.PIECEWISE_BEZIER_KNOTS.);
#26=B_SPLINE_SURFACE_WITH_KNOTS('',3,1,((#9288,#9289),(#9290,#9291),(#9292,
#9293),(#9294,#9295)),.SURF_OF_LINEAR_EXTRUSION.,.F.,.F.,.F.,(4,4),(2,2),
(0.,1.),(0.,1.),.PIECEWISE_BEZIER_KNOTS.);
#27=B_SPLINE_SURFACE_WITH_KNOTS('',3,1,((#9305,#9306),(#9307,#9308),(#9309,
#9310),(#9311,#9312)),.SURF_OF_LINEAR_EXTRUSION.,.F.,.F.,.F.,(4,4),(2,2),
(0.,1.),(0.,1.),.PIECEWISE_BEZIER_KNOTS.);
#28=B_SPLINE_SURFACE_WITH_KNOTS('',3,1,((#9322,#9323),(#9324,#9325),(#9326,
#9327),(#9328,#9329)),.SURF_OF_LINEAR_EXTRUSION.,.F.,.F.,.F.,(4,4),(2,2),
(0.,1.),(0.,1.),.PIECEWISE_BEZIER_KNOTS.);
#29=B_SPLINE_SURFACE_WITH_KNOTS('',3,1,((#9339,#9340),(#9341,#9342),(#9343,
#9344),(#9345,#9346)),.SURF_OF_LINEAR_EXTRUSION.,.F.,.F.,.F.,(4,4),(2,2),
(0.,1.),(0.,1.),.PIECEWISE_BEZIER_KNOTS.);
#30=B_SPLINE_SURFACE_WITH_KNOTS('',3,1,((#9356,#9357),(#9358,#9359),(#9360,
#9361),(#9362,#9363)),.SURF_OF_LINEAR_EXTRUSION.,.F.,.F.,.F.,(4,4),(2,2),
(0.,1.),(0.,1.),.PIECEWISE_BEZIER_KNOTS.);
#31=B_SPLINE_SURFACE_WITH_KNOTS('',3,1,((#9379,#9380),(#9381,#9382),(#9383,
#9384),(#9385,#9386)),.SURF_OF_LINEAR_EXTRUSION.,.F.,.F.,.F.,(4,4),(2,2),
(0.,1.),(0.,1.),.PIECEWISE_BEZIER_KNOTS.);
#32=B_SPLINE_SURFACE_WITH_KNOTS('',3,1,((#9394,#9395),(#9396,#9397),(#9398,
#9399),(#9400,#9401)),.SURF_OF_LINEAR_EXTRUSION.,.F.,.F.,.F.,(4,4),(2,2),
(0.,1.),(0.,1.),.PIECEWISE_BEZIER_KNOTS.);
#33=B_SPLINE_SURFACE_WITH_KNOTS('',3,1,((#9463,#9464),(#9465,#9466),(#9467,
#9468),(#9469,#9470)),.SURF_OF_LINEAR_EXTRUSION.,.F.,.F.,.F.,(4,4),(2,2),
(0.,1.),(0.,1.),.PIECEWISE_BEZIER_KNOTS.);
#34=B_SPLINE_SURFACE_WITH_KNOTS('',3,1,((#9480,#9481),(#9482,#9483),(#9484,
#9485),(#9486,#9487)),.SURF_OF_LINEAR_EXTRUSION.,.F.,.F.,.F.,(4,4),(2,2),
(0.,1.),(0.,1.),.PIECEWISE_BEZIER_KNOTS.);
#35=B_SPLINE_SURFACE_WITH_KNOTS('',3,1,((#9493,#9494),(#9495,#9496),(#9497,
#9498),(#9499,#9500)),.SURF_OF_LINEAR_EXTRUSION.,.F.,.F.,.F.,(4,4),(2,2),
(0.,1.),(0.,1.),.PIECEWISE_BEZIER_KNOTS.);
#36=B_SPLINE_SURFACE_WITH_KNOTS('',3,1,((#9506,#9507),(#9508,#9509),(#9510,
#9511),(#9512,#9513)),.SURF_OF_LINEAR_EXTRUSION.,.F.,.F.,.F.,(4,4),(2,2),
(0.,1.),(0.,1.),.PIECEWISE_BEZIER_KNOTS.);
#37=B_SPLINE_SURFACE_WITH_KNOTS('',3,1,((#9517,#9518),(#9519,#9520),(#9521,
#9522),(#9523,#9524)),.SURF_OF_LINEAR_EXTRUSION.,.F.,.F.,.F.,(4,4),(2,2),
(0.,1.),(0.,1.),.PIECEWISE_BEZIER_KNOTS.);
#38=B_SPLINE_SURFACE_WITH_KNOTS('',3,1,((#9547,#9548),(#9549,#9550),(#9551,
#9552),(#9553,#9554)),.SURF_OF_LINEAR_EXTRUSION.,.F.,.F.,.F.,(4,4),(2,2),
(0.,1.),(0.,1.),.PIECEWISE_BEZIER_KNOTS.);
#39=B_SPLINE_SURFACE_WITH_KNOTS('',3,1,((#9564,#9565),(#9566,#9567),(#9568,
#9569),(#9570,#9571)),.SURF_OF_LINEAR_EXTRUSION.,.F.,.F.,.F.,(4,4),(2,2),
(0.,1.),(0.,1.),.PIECEWISE_BEZIER_KNOTS.);
#40=B_SPLINE_SURFACE_WITH_KNOTS('',3,1,((#9581,#9582),(#9583,#9584),(#9585,
#9586),(#9587,#9588)),.SURF_OF_LINEAR_EXTRUSION.,.F.,.F.,.F.,(4,4),(2,2),
(0.,1.),(0.,1.),.PIECEWISE_BEZIER_KNOTS.);
#41=B_SPLINE_SURFACE_WITH_KNOTS('',3,1,((#9598,#9599),(#9600,#9601),(#9602,
#9603),(#9604,#9605)),.SURF_OF_LINEAR_EXTRUSION.,.F.,.F.,.F.,(4,4),(2,2),
(0.,1.),(0.,1.),.PIECEWISE_BEZIER_KNOTS.);
#42=B_SPLINE_SURFACE_WITH_KNOTS('',3,1,((#9629,#9630),(#9631,#9632),(#9633,
#9634),(#9635,#9636)),.SURF_OF_LINEAR_EXTRUSION.,.F.,.F.,.F.,(4,4),(2,2),
(0.,1.),(0.,1.),.PIECEWISE_BEZIER_KNOTS.);
#43=B_SPLINE_SURFACE_WITH_KNOTS('',3,1,((#9642,#9643),(#9644,#9645),(#9646,
#9647),(#9648,#9649)),.SURF_OF_LINEAR_EXTRUSION.,.F.,.F.,.F.,(4,4),(2,2),
(0.,1.),(0.,1.),.PIECEWISE_BEZIER_KNOTS.);
#44=B_SPLINE_SURFACE_WITH_KNOTS('',3,1,((#9655,#9656),(#9657,#9658),(#9659,
#9660),(#9661,#9662)),.SURF_OF_LINEAR_EXTRUSION.,.F.,.F.,.F.,(4,4),(2,2),
(0.,1.),(0.,1.),.PIECEWISE_BEZIER_KNOTS.);
#45=B_SPLINE_SURFACE_WITH_KNOTS('',3,1,((#9672,#9673),(#9674,#9675),(#9676,
#9677),(#9678,#9679)),.SURF_OF_LINEAR_EXTRUSION.,.F.,.F.,.F.,(4,4),(2,2),
(0.,1.),(0.,1.),.PIECEWISE_BEZIER_KNOTS.);
#46=B_SPLINE_SURFACE_WITH_KNOTS('',3,1,((#9685,#9686),(#9687,#9688),(#9689,
#9690),(#9691,#9692)),.SURF_OF_LINEAR_EXTRUSION.,.F.,.F.,.F.,(4,4),(2,2),
(0.,1.),(0.,1.),.PIECEWISE_BEZIER_KNOTS.);
#47=B_SPLINE_SURFACE_WITH_KNOTS('',3,1,((#9706,#9707),(#9708,#9709),(#9710,
#9711),(#9712,#9713)),.SURF_OF_LINEAR_EXTRUSION.,.F.,.F.,.F.,(4,4),(2,2),
(0.,1.),(0.,1.),.PIECEWISE_BEZIER_KNOTS.);
#48=B_SPLINE_SURFACE_WITH_KNOTS('',3,1,((#9719,#9720),(#9721,#9722),(#9723,
#9724),(#9725,#9726)),.SURF_OF_LINEAR_EXTRUSION.,.F.,.F.,.F.,(4,4),(2,2),
(0.,1.),(0.,1.),.PIECEWISE_BEZIER_KNOTS.);
#49=B_SPLINE_SURFACE_WITH_KNOTS('',3,1,((#9732,#9733),(#9734,#9735),(#9736,
#9737),(#9738,#9739)),.SURF_OF_LINEAR_EXTRUSION.,.F.,.F.,.F.,(4,4),(2,2),
(0.,1.),(0.,1.),.PIECEWISE_BEZIER_KNOTS.);
#50=B_SPLINE_SURFACE_WITH_KNOTS('',3,1,((#9745,#9746),(#9747,#9748),(#9749,
#9750),(#9751,#9752)),.SURF_OF_LINEAR_EXTRUSION.,.F.,.F.,.F.,(4,4),(2,2),
(0.,1.),(0.,1.),.PIECEWISE_BEZIER_KNOTS.);
#51=B_SPLINE_SURFACE_WITH_KNOTS('',3,1,((#9758,#9759),(#9760,#9761),(#9762,
#9763),(#9764,#9765)),.SURF_OF_LINEAR_EXTRUSION.,.F.,.F.,.F.,(4,4),(2,2),
(0.,1.),(0.,1.),.PIECEWISE_BEZIER_KNOTS.);
#52=B_SPLINE_SURFACE_WITH_KNOTS('',3,1,((#9771,#9772),(#9773,#9774),(#9775,
#9776),(#9777,#9778)),.SURF_OF_LINEAR_EXTRUSION.,.F.,.F.,.F.,(4,4),(2,2),
(0.,1.),(0.,1.),.PIECEWISE_BEZIER_KNOTS.);
#53=B_SPLINE_SURFACE_WITH_KNOTS('',3,1,((#9786,#9787),(#9788,#9789),(#9790,
#9791),(#9792,#9793)),.SURF_OF_LINEAR_EXTRUSION.,.F.,.F.,.F.,(4,4),(2,2),
(0.,1.),(0.,1.),.PIECEWISE_BEZIER_KNOTS.);
#54=B_SPLINE_SURFACE_WITH_KNOTS('',3,1,((#9801,#9802),(#9803,#9804),(#9805,
#9806),(#9807,#9808)),.SURF_OF_LINEAR_EXTRUSION.,.F.,.F.,.F.,(4,4),(2,2),
(0.,1.),(0.,1.),.PIECEWISE_BEZIER_KNOTS.);
#55=B_SPLINE_SURFACE_WITH_KNOTS('',3,1,((#9816,#9817),(#9818,#9819),(#9820,
#9821),(#9822,#9823)),.SURF_OF_LINEAR_EXTRUSION.,.F.,.F.,.F.,(4,4),(2,2),
(0.,1.),(0.,1.),.PIECEWISE_BEZIER_KNOTS.);
#56=B_SPLINE_SURFACE_WITH_KNOTS('',3,1,((#9845,#9846),(#9847,#9848),(#9849,
#9850),(#9851,#9852)),.SURF_OF_LINEAR_EXTRUSION.,.F.,.F.,.F.,(4,4),(2,2),
(0.,1.),(0.,1.),.PIECEWISE_BEZIER_KNOTS.);
#57=B_SPLINE_SURFACE_WITH_KNOTS('',3,1,((#9858,#9859),(#9860,#9861),(#9862,
#9863),(#9864,#9865)),.SURF_OF_LINEAR_EXTRUSION.,.F.,.F.,.F.,(4,4),(2,2),
(0.,1.),(0.,1.),.PIECEWISE_BEZIER_KNOTS.);
#58=B_SPLINE_SURFACE_WITH_KNOTS('',3,1,((#9883,#9884),(#9885,#9886),(#9887,
#9888),(#9889,#9890)),.SURF_OF_LINEAR_EXTRUSION.,.F.,.F.,.F.,(4,4),(2,2),
(0.,1.),(0.,1.),.PIECEWISE_BEZIER_KNOTS.);
#59=B_SPLINE_SURFACE_WITH_KNOTS('',3,1,((#9896,#9897),(#9898,#9899),(#9900,
#9901),(#9902,#9903)),.SURF_OF_LINEAR_EXTRUSION.,.F.,.F.,.F.,(4,4),(2,2),
(0.,1.),(0.,1.),.PIECEWISE_BEZIER_KNOTS.);
#60=B_SPLINE_SURFACE_WITH_KNOTS('',3,1,((#9909,#9910),(#9911,#9912),(#9913,
#9914),(#9915,#9916)),.SURF_OF_LINEAR_EXTRUSION.,.F.,.F.,.F.,(4,4),(2,2),
(0.,1.),(0.,1.),.PIECEWISE_BEZIER_KNOTS.);
#61=B_SPLINE_SURFACE_WITH_KNOTS('',3,1,((#9997,#9998),(#9999,#10000),(#10001,
#10002),(#10003,#10004)),.SURF_OF_LINEAR_EXTRUSION.,.F.,.F.,.F.,(4,4),(2,
2),(0.,1.),(0.,1.),.PIECEWISE_BEZIER_KNOTS.);
#62=B_SPLINE_SURFACE_WITH_KNOTS('',3,1,((#10014,#10015),(#10016,#10017),
(#10018,#10019),(#10020,#10021)),.SURF_OF_LINEAR_EXTRUSION.,.F.,.F.,.F.,
(4,4),(2,2),(0.,1.),(0.,1.),.PIECEWISE_BEZIER_KNOTS.);
#63=B_SPLINE_SURFACE_WITH_KNOTS('',3,1,((#10031,#10032),(#10033,#10034),
(#10035,#10036),(#10037,#10038)),.SURF_OF_LINEAR_EXTRUSION.,.F.,.F.,.F.,
(4,4),(2,2),(0.,1.),(0.,1.),.PIECEWISE_BEZIER_KNOTS.);
#64=B_SPLINE_SURFACE_WITH_KNOTS('',3,1,((#10048,#10049),(#10050,#10051),
(#10052,#10053),(#10054,#10055)),.SURF_OF_LINEAR_EXTRUSION.,.F.,.F.,.F.,
(4,4),(2,2),(0.,1.),(0.,1.),.PIECEWISE_BEZIER_KNOTS.);
#65=B_SPLINE_SURFACE_WITH_KNOTS('',3,1,((#10079,#10080),(#10081,#10082),
(#10083,#10084),(#10085,#10086)),.SURF_OF_LINEAR_EXTRUSION.,.F.,.F.,.F.,
(4,4),(2,2),(0.,1.),(0.,1.),.PIECEWISE_BEZIER_KNOTS.);
#66=B_SPLINE_SURFACE_WITH_KNOTS('',3,1,((#10092,#10093),(#10094,#10095),
(#10096,#10097),(#10098,#10099)),.SURF_OF_LINEAR_EXTRUSION.,.F.,.F.,.F.,
(4,4),(2,2),(0.,1.),(0.,1.),.PIECEWISE_BEZIER_KNOTS.);
#67=B_SPLINE_SURFACE_WITH_KNOTS('',3,1,((#10105,#10106),(#10107,#10108),
(#10109,#10110),(#10111,#10112)),.SURF_OF_LINEAR_EXTRUSION.,.F.,.F.,.F.,
(4,4),(2,2),(0.,1.),(0.,1.),.PIECEWISE_BEZIER_KNOTS.);
#68=B_SPLINE_SURFACE_WITH_KNOTS('',3,1,((#10122,#10123),(#10124,#10125),
(#10126,#10127),(#10128,#10129)),.SURF_OF_LINEAR_EXTRUSION.,.F.,.F.,.F.,
(4,4),(2,2),(0.,1.),(0.,1.),.PIECEWISE_BEZIER_KNOTS.);
#69=B_SPLINE_SURFACE_WITH_KNOTS('',3,1,((#10135,#10136),(#10137,#10138),
(#10139,#10140),(#10141,#10142)),.SURF_OF_LINEAR_EXTRUSION.,.F.,.F.,.F.,
(4,4),(2,2),(0.,1.),(0.,1.),.PIECEWISE_BEZIER_KNOTS.);
#70=B_SPLINE_SURFACE_WITH_KNOTS('',3,1,((#10156,#10157),(#10158,#10159),
(#10160,#10161),(#10162,#10163)),.SURF_OF_LINEAR_EXTRUSION.,.F.,.F.,.F.,
(4,4),(2,2),(0.,1.),(0.,1.),.PIECEWISE_BEZIER_KNOTS.);
#71=B_SPLINE_SURFACE_WITH_KNOTS('',3,1,((#10169,#10170),(#10171,#10172),
(#10173,#10174),(#10175,#10176)),.SURF_OF_LINEAR_EXTRUSION.,.F.,.F.,.F.,
(4,4),(2,2),(0.,1.),(0.,1.),.PIECEWISE_BEZIER_KNOTS.);
#72=B_SPLINE_SURFACE_WITH_KNOTS('',3,1,((#10182,#10183),(#10184,#10185),
(#10186,#10187),(#10188,#10189)),.SURF_OF_LINEAR_EXTRUSION.,.F.,.F.,.F.,
(4,4),(2,2),(0.,1.),(0.,1.),.PIECEWISE_BEZIER_KNOTS.);
#73=B_SPLINE_SURFACE_WITH_KNOTS('',3,1,((#10195,#10196),(#10197,#10198),
(#10199,#10200),(#10201,#10202)),.SURF_OF_LINEAR_EXTRUSION.,.F.,.F.,.F.,
(4,4),(2,2),(0.,1.),(0.,1.),.PIECEWISE_BEZIER_KNOTS.);
#74=B_SPLINE_SURFACE_WITH_KNOTS('',3,1,((#10208,#10209),(#10210,#10211),
(#10212,#10213),(#10214,#10215)),.SURF_OF_LINEAR_EXTRUSION.,.F.,.F.,.F.,
(4,4),(2,2),(0.,1.),(0.,1.),.PIECEWISE_BEZIER_KNOTS.);
#75=B_SPLINE_SURFACE_WITH_KNOTS('',3,1,((#10221,#10222),(#10223,#10224),
(#10225,#10226),(#10227,#10228)),.SURF_OF_LINEAR_EXTRUSION.,.F.,.F.,.F.,
(4,4),(2,2),(0.,1.),(0.,1.),.PIECEWISE_BEZIER_KNOTS.);
#76=B_SPLINE_SURFACE_WITH_KNOTS('',3,1,((#10236,#10237),(#10238,#10239),
(#10240,#10241),(#10242,#10243)),.SURF_OF_LINEAR_EXTRUSION.,.F.,.F.,.F.,
(4,4),(2,2),(0.,1.),(0.,1.),.PIECEWISE_BEZIER_KNOTS.);
#77=B_SPLINE_SURFACE_WITH_KNOTS('',3,1,((#10251,#10252),(#10253,#10254),
(#10255,#10256),(#10257,#10258)),.SURF_OF_LINEAR_EXTRUSION.,.F.,.F.,.F.,
(4,4),(2,2),(0.,1.),(0.,1.),.PIECEWISE_BEZIER_KNOTS.);
#78=B_SPLINE_SURFACE_WITH_KNOTS('',3,1,((#10271,#10272),(#10273,#10274),
(#10275,#10276),(#10277,#10278)),.SURF_OF_LINEAR_EXTRUSION.,.F.,.F.,.F.,
(4,4),(2,2),(0.,1.),(0.,1.),.PIECEWISE_BEZIER_KNOTS.);
#79=B_SPLINE_SURFACE_WITH_KNOTS('',3,1,((#10288,#10289),(#10290,#10291),
(#10292,#10293),(#10294,#10295)),.SURF_OF_LINEAR_EXTRUSION.,.F.,.F.,.F.,
(4,4),(2,2),(0.,1.),(0.,1.),.PIECEWISE_BEZIER_KNOTS.);
#80=B_SPLINE_SURFACE_WITH_KNOTS('',3,1,((#10305,#10306),(#10307,#10308),
(#10309,#10310),(#10311,#10312)),.SURF_OF_LINEAR_EXTRUSION.,.F.,.F.,.F.,
(4,4),(2,2),(0.,1.),(0.,1.),.PIECEWISE_BEZIER_KNOTS.);
#81=B_SPLINE_SURFACE_WITH_KNOTS('',3,1,((#10322,#10323),(#10324,#10325),
(#10326,#10327),(#10328,#10329)),.SURF_OF_LINEAR_EXTRUSION.,.F.,.F.,.F.,
(4,4),(2,2),(0.,1.),(0.,1.),.PIECEWISE_BEZIER_KNOTS.);
#82=B_SPLINE_SURFACE_WITH_KNOTS('',3,1,((#10339,#10340),(#10341,#10342),
(#10343,#10344),(#10345,#10346)),.SURF_OF_LINEAR_EXTRUSION.,.F.,.F.,.F.,
(4,4),(2,2),(0.,1.),(0.,1.),.PIECEWISE_BEZIER_KNOTS.);
#83=B_SPLINE_SURFACE_WITH_KNOTS('',3,1,((#10362,#10363),(#10364,#10365),
(#10366,#10367),(#10368,#10369)),.SURF_OF_LINEAR_EXTRUSION.,.F.,.F.,.F.,
(4,4),(2,2),(0.,1.),(0.,1.),.PIECEWISE_BEZIER_KNOTS.);
#84=B_SPLINE_SURFACE_WITH_KNOTS('',3,1,((#10377,#10378),(#10379,#10380),
(#10381,#10382),(#10383,#10384)),.SURF_OF_LINEAR_EXTRUSION.,.F.,.F.,.F.,
(4,4),(2,2),(0.,1.),(0.,1.),.PIECEWISE_BEZIER_KNOTS.);
#85=B_SPLINE_SURFACE_WITH_KNOTS('',3,1,((#10390,#10391),(#10392,#10393),
(#10394,#10395),(#10396,#10397)),.SURF_OF_LINEAR_EXTRUSION.,.F.,.F.,.F.,
(4,4),(2,2),(0.,1.),(0.,1.),.PIECEWISE_BEZIER_KNOTS.);
#86=B_SPLINE_SURFACE_WITH_KNOTS('',3,1,((#10403,#10404),(#10405,#10406),
(#10407,#10408),(#10409,#10410)),.SURF_OF_LINEAR_EXTRUSION.,.F.,.F.,.F.,
(4,4),(2,2),(0.,1.),(0.,1.),.PIECEWISE_BEZIER_KNOTS.);
#87=B_SPLINE_SURFACE_WITH_KNOTS('',3,1,((#10416,#10417),(#10418,#10419),
(#10420,#10421),(#10422,#10423)),.SURF_OF_LINEAR_EXTRUSION.,.F.,.F.,.F.,
(4,4),(2,2),(0.,1.),(0.,1.),.PIECEWISE_BEZIER_KNOTS.);
#88=B_SPLINE_SURFACE_WITH_KNOTS('',3,1,((#10429,#10430),(#10431,#10432),
(#10433,#10434),(#10435,#10436)),.SURF_OF_LINEAR_EXTRUSION.,.F.,.F.,.F.,
(4,4),(2,2),(0.,1.),(0.,1.),.PIECEWISE_BEZIER_KNOTS.);
#89=B_SPLINE_SURFACE_WITH_KNOTS('',3,1,((#10442,#10443),(#10444,#10445),
(#10446,#10447),(#10448,#10449)),.SURF_OF_LINEAR_EXTRUSION.,.F.,.F.,.F.,
(4,4),(2,2),(0.,1.),(0.,1.),.PIECEWISE_BEZIER_KNOTS.);
#90=B_SPLINE_SURFACE_WITH_KNOTS('',3,1,((#10479,#10480),(#10481,#10482),
(#10483,#10484),(#10485,#10486)),.SURF_OF_LINEAR_EXTRUSION.,.F.,.F.,.F.,
(4,4),(2,2),(0.,1.),(0.,1.),.PIECEWISE_BEZIER_KNOTS.);
#91=B_SPLINE_SURFACE_WITH_KNOTS('',3,1,((#10494,#10495),(#10496,#10497),
(#10498,#10499),(#10500,#10501)),.SURF_OF_LINEAR_EXTRUSION.,.F.,.F.,.F.,
(4,4),(2,2),(0.,1.),(0.,1.),.PIECEWISE_BEZIER_KNOTS.);
#92=B_SPLINE_SURFACE_WITH_KNOTS('',3,1,((#10519,#10520),(#10521,#10522),
(#10523,#10524),(#10525,#10526)),.SURF_OF_LINEAR_EXTRUSION.,.F.,.F.,.F.,
(4,4),(2,2),(0.,1.),(0.,1.),.PIECEWISE_BEZIER_KNOTS.);
#93=B_SPLINE_SURFACE_WITH_KNOTS('',3,1,((#10532,#10533),(#10534,#10535),
(#10536,#10537),(#10538,#10539)),.SURF_OF_LINEAR_EXTRUSION.,.F.,.F.,.F.,
(4,4),(2,2),(0.,1.),(0.,1.),.PIECEWISE_BEZIER_KNOTS.);
#94=B_SPLINE_SURFACE_WITH_KNOTS('',3,1,((#10545,#10546),(#10547,#10548),
(#10549,#10550),(#10551,#10552)),.SURF_OF_LINEAR_EXTRUSION.,.F.,.F.,.F.,
(4,4),(2,2),(0.,1.),(0.,1.),.PIECEWISE_BEZIER_KNOTS.);
#95=B_SPLINE_SURFACE_WITH_KNOTS('',3,1,((#10590,#10591),(#10592,#10593),
(#10594,#10595),(#10596,#10597)),.SURF_OF_LINEAR_EXTRUSION.,.F.,.F.,.F.,
(4,4),(2,2),(0.,1.),(0.,1.),.PIECEWISE_BEZIER_KNOTS.);
#96=B_SPLINE_SURFACE_WITH_KNOTS('',3,1,((#10603,#10604),(#10605,#10606),
(#10607,#10608),(#10609,#10610)),.SURF_OF_LINEAR_EXTRUSION.,.F.,.F.,.F.,
(4,4),(2,2),(0.,1.),(0.,1.),.PIECEWISE_BEZIER_KNOTS.);
#97=B_SPLINE_SURFACE_WITH_KNOTS('',3,1,((#10616,#10617),(#10618,#10619),
(#10620,#10621),(#10622,#10623)),.SURF_OF_LINEAR_EXTRUSION.,.F.,.F.,.F.,
(4,4),(2,2),(0.,1.),(0.,1.),.PIECEWISE_BEZIER_KNOTS.);
#98=B_SPLINE_SURFACE_WITH_KNOTS('',3,1,((#10632,#10633),(#10634,#10635),
(#10636,#10637),(#10638,#10639)),.SURF_OF_LINEAR_EXTRUSION.,.F.,.F.,.F.,
(4,4),(2,2),(0.,1.),(0.,1.),.PIECEWISE_BEZIER_KNOTS.);
#99=B_SPLINE_SURFACE_WITH_KNOTS('',3,1,((#10647,#10648),(#10649,#10650),
(#10651,#10652),(#10653,#10654)),.SURF_OF_LINEAR_EXTRUSION.,.F.,.F.,.F.,
(4,4),(2,2),(0.,1.),(0.,1.),.PIECEWISE_BEZIER_KNOTS.);
#100=B_SPLINE_SURFACE_WITH_KNOTS('',3,1,((#10660,#10661),(#10662,#10663),
(#10664,#10665),(#10666,#10667)),.SURF_OF_LINEAR_EXTRUSION.,.F.,.F.,.F.,
(4,4),(2,2),(0.,1.),(0.,1.),.PIECEWISE_BEZIER_KNOTS.);
#101=B_SPLINE_SURFACE_WITH_KNOTS('',3,1,((#10717,#10718),(#10719,#10720),
(#10721,#10722),(#10723,#10724)),.SURF_OF_LINEAR_EXTRUSION.,.F.,.F.,.F.,
(4,4),(2,2),(0.,1.),(0.,1.),.PIECEWISE_BEZIER_KNOTS.);
#102=B_SPLINE_SURFACE_WITH_KNOTS('',3,1,((#10730,#10731),(#10732,#10733),
(#10734,#10735),(#10736,#10737)),.SURF_OF_LINEAR_EXTRUSION.,.F.,.F.,.F.,
(4,4),(2,2),(0.,1.),(0.,1.),.PIECEWISE_BEZIER_KNOTS.);
#103=B_SPLINE_SURFACE_WITH_KNOTS('',3,1,((#10743,#10744),(#10745,#10746),
(#10747,#10748),(#10749,#10750)),.SURF_OF_LINEAR_EXTRUSION.,.F.,.F.,.F.,
(4,4),(2,2),(0.,1.),(0.,1.),.PIECEWISE_BEZIER_KNOTS.);
#104=B_SPLINE_SURFACE_WITH_KNOTS('',3,1,((#10759,#10760),(#10761,#10762),
(#10763,#10764),(#10765,#10766)),.SURF_OF_LINEAR_EXTRUSION.,.F.,.F.,.F.,
(4,4),(2,2),(0.,1.),(0.,1.),.PIECEWISE_BEZIER_KNOTS.);
#105=B_SPLINE_SURFACE_WITH_KNOTS('',3,1,((#10774,#10775),(#10776,#10777),
(#10778,#10779),(#10780,#10781)),.SURF_OF_LINEAR_EXTRUSION.,.F.,.F.,.F.,
(4,4),(2,2),(0.,1.),(0.,1.),.PIECEWISE_BEZIER_KNOTS.);
#106=B_SPLINE_SURFACE_WITH_KNOTS('',3,1,((#10791,#10792),(#10793,#10794),
(#10795,#10796),(#10797,#10798)),.SURF_OF_LINEAR_EXTRUSION.,.F.,.F.,.F.,
(4,4),(2,2),(0.,1.),(0.,1.),.PIECEWISE_BEZIER_KNOTS.);
#107=B_SPLINE_SURFACE_WITH_KNOTS('',3,1,((#10804,#10805),(#10806,#10807),
(#10808,#10809),(#10810,#10811)),.SURF_OF_LINEAR_EXTRUSION.,.F.,.F.,.F.,
(4,4),(2,2),(0.,1.),(0.,1.),.PIECEWISE_BEZIER_KNOTS.);
#108=B_SPLINE_SURFACE_WITH_KNOTS('',3,1,((#10817,#10818),(#10819,#10820),
(#10821,#10822),(#10823,#10824)),.SURF_OF_LINEAR_EXTRUSION.,.F.,.F.,.F.,
(4,4),(2,2),(0.,1.),(0.,1.),.PIECEWISE_BEZIER_KNOTS.);
#109=B_SPLINE_SURFACE_WITH_KNOTS('',3,1,((#10830,#10831),(#10832,#10833),
(#10834,#10835),(#10836,#10837)),.SURF_OF_LINEAR_EXTRUSION.,.F.,.F.,.F.,
(4,4),(2,2),(0.,1.),(0.,1.),.PIECEWISE_BEZIER_KNOTS.);
#110=B_SPLINE_SURFACE_WITH_KNOTS('',3,1,((#10859,#10860),(#10861,#10862),
(#10863,#10864),(#10865,#10866)),.SURF_OF_LINEAR_EXTRUSION.,.F.,.F.,.F.,
(4,4),(2,2),(0.,1.),(0.,1.),.PIECEWISE_BEZIER_KNOTS.);
#111=B_SPLINE_SURFACE_WITH_KNOTS('',3,1,((#10872,#10873),(#10874,#10875),
(#10876,#10877),(#10878,#10879)),.SURF_OF_LINEAR_EXTRUSION.,.F.,.F.,.F.,
(4,4),(2,2),(0.,1.),(0.,1.),.PIECEWISE_BEZIER_KNOTS.);
#112=B_SPLINE_SURFACE_WITH_KNOTS('',3,1,((#10885,#10886),(#10887,#10888),
(#10889,#10890),(#10891,#10892)),.SURF_OF_LINEAR_EXTRUSION.,.F.,.F.,.F.,
(4,4),(2,2),(0.,1.),(0.,1.),.PIECEWISE_BEZIER_KNOTS.);
#113=B_SPLINE_SURFACE_WITH_KNOTS('',3,1,((#10902,#10903),(#10904,#10905),
(#10906,#10907),(#10908,#10909)),.SURF_OF_LINEAR_EXTRUSION.,.F.,.F.,.F.,
(4,4),(2,2),(0.,1.),(0.,1.),.PIECEWISE_BEZIER_KNOTS.);
#114=B_SPLINE_SURFACE_WITH_KNOTS('',3,1,((#10919,#10920),(#10921,#10922),
(#10923,#10924),(#10925,#10926)),.SURF_OF_LINEAR_EXTRUSION.,.F.,.F.,.F.,
(4,4),(2,2),(0.,1.),(0.,1.),.PIECEWISE_BEZIER_KNOTS.);
#115=B_SPLINE_SURFACE_WITH_KNOTS('',3,1,((#10936,#10937),(#10938,#10939),
(#10940,#10941),(#10942,#10943)),.SURF_OF_LINEAR_EXTRUSION.,.F.,.F.,.F.,
(4,4),(2,2),(0.,1.),(0.,1.),.PIECEWISE_BEZIER_KNOTS.);
#116=B_SPLINE_SURFACE_WITH_KNOTS('',3,1,((#10949,#10950),(#10951,#10952),
(#10953,#10954),(#10955,#10956)),.SURF_OF_LINEAR_EXTRUSION.,.F.,.F.,.F.,
(4,4),(2,2),(0.,1.),(0.,1.),.PIECEWISE_BEZIER_KNOTS.);
#117=B_SPLINE_SURFACE_WITH_KNOTS('',3,1,((#10974,#10975),(#10976,#10977),
(#10978,#10979),(#10980,#10981)),.SURF_OF_LINEAR_EXTRUSION.,.F.,.F.,.F.,
(4,4),(2,2),(0.,1.),(0.,1.),.PIECEWISE_BEZIER_KNOTS.);
#118=B_SPLINE_SURFACE_WITH_KNOTS('',3,1,((#10987,#10988),(#10989,#10990),
(#10991,#10992),(#10993,#10994)),.SURF_OF_LINEAR_EXTRUSION.,.F.,.F.,.F.,
(4,4),(2,2),(0.,1.),(0.,1.),.PIECEWISE_BEZIER_KNOTS.);
#119=B_SPLINE_SURFACE_WITH_KNOTS('',3,1,((#11037,#11038),(#11039,#11040),
(#11041,#11042),(#11043,#11044)),.SURF_OF_LINEAR_EXTRUSION.,.F.,.F.,.F.,
(4,4),(2,2),(0.,1.),(0.,1.),.PIECEWISE_BEZIER_KNOTS.);
#120=B_SPLINE_SURFACE_WITH_KNOTS('',3,1,((#11050,#11051),(#11052,#11053),
(#11054,#11055),(#11056,#11057)),.SURF_OF_LINEAR_EXTRUSION.,.F.,.F.,.F.,
(4,4),(2,2),(0.,1.),(0.,1.),.PIECEWISE_BEZIER_KNOTS.);
#121=B_SPLINE_SURFACE_WITH_KNOTS('',3,1,((#11087,#11088),(#11089,#11090),
(#11091,#11092),(#11093,#11094)),.SURF_OF_LINEAR_EXTRUSION.,.F.,.F.,.F.,
(4,4),(2,2),(0.,1.),(0.,1.),.PIECEWISE_BEZIER_KNOTS.);
#122=B_SPLINE_SURFACE_WITH_KNOTS('',3,1,((#11102,#11103),(#11104,#11105),
(#11106,#11107),(#11108,#11109)),.SURF_OF_LINEAR_EXTRUSION.,.F.,.F.,.F.,
(4,4),(2,2),(0.,1.),(0.,1.),.PIECEWISE_BEZIER_KNOTS.);
#123=B_SPLINE_SURFACE_WITH_KNOTS('',3,1,((#11115,#11116),(#11117,#11118),
(#11119,#11120),(#11121,#11122)),.SURF_OF_LINEAR_EXTRUSION.,.F.,.F.,.F.,
(4,4),(2,2),(0.,1.),(0.,1.),.PIECEWISE_BEZIER_KNOTS.);
#124=B_SPLINE_SURFACE_WITH_KNOTS('',3,1,((#11128,#11129),(#11130,#11131),
(#11132,#11133),(#11134,#11135)),.SURF_OF_LINEAR_EXTRUSION.,.F.,.F.,.F.,
(4,4),(2,2),(0.,1.),(0.,1.),.PIECEWISE_BEZIER_KNOTS.);
#125=B_SPLINE_SURFACE_WITH_KNOTS('',3,1,((#11141,#11142),(#11143,#11144),
(#11145,#11146),(#11147,#11148)),.SURF_OF_LINEAR_EXTRUSION.,.F.,.F.,.F.,
(4,4),(2,2),(0.,1.),(0.,1.),.PIECEWISE_BEZIER_KNOTS.);
#126=B_SPLINE_SURFACE_WITH_KNOTS('',3,1,((#11171,#11172),(#11173,#11174),
(#11175,#11176),(#11177,#11178)),.SURF_OF_LINEAR_EXTRUSION.,.F.,.F.,.F.,
(4,4),(2,2),(0.,1.),(0.,1.),.PIECEWISE_BEZIER_KNOTS.);
#127=B_SPLINE_SURFACE_WITH_KNOTS('',3,1,((#11184,#11185),(#11186,#11187),
(#11188,#11189),(#11190,#11191)),.SURF_OF_LINEAR_EXTRUSION.,.F.,.F.,.F.,
(4,4),(2,2),(0.,1.),(0.,1.),.PIECEWISE_BEZIER_KNOTS.);
#128=B_SPLINE_SURFACE_WITH_KNOTS('',3,1,((#11205,#11206),(#11207,#11208),
(#11209,#11210),(#11211,#11212)),.SURF_OF_LINEAR_EXTRUSION.,.F.,.F.,.F.,
(4,4),(2,2),(0.,1.),(0.,1.),.PIECEWISE_BEZIER_KNOTS.);
#129=B_SPLINE_SURFACE_WITH_KNOTS('',3,1,((#11218,#11219),(#11220,#11221),
(#11222,#11223),(#11224,#11225)),.SURF_OF_LINEAR_EXTRUSION.,.F.,.F.,.F.,
(4,4),(2,2),(0.,1.),(0.,1.),.PIECEWISE_BEZIER_KNOTS.);
#130=B_SPLINE_SURFACE_WITH_KNOTS('',3,1,((#11231,#11232),(#11233,#11234),
(#11235,#11236),(#11237,#11238)),.SURF_OF_LINEAR_EXTRUSION.,.F.,.F.,.F.,
(4,4),(2,2),(0.,1.),(0.,1.),.PIECEWISE_BEZIER_KNOTS.);
#131=B_SPLINE_SURFACE_WITH_KNOTS('',3,1,((#11285,#11286),(#11287,#11288),
(#11289,#11290),(#11291,#11292)),.SURF_OF_LINEAR_EXTRUSION.,.F.,.F.,.F.,
(4,4),(2,2),(0.,1.),(0.,1.),.PIECEWISE_BEZIER_KNOTS.);
#132=B_SPLINE_SURFACE_WITH_KNOTS('',3,1,((#11314,#11315),(#11316,#11317),
(#11318,#11319),(#11320,#11321)),.SURF_OF_LINEAR_EXTRUSION.,.F.,.F.,.F.,
(4,4),(2,2),(0.,1.),(0.,1.),.PIECEWISE_BEZIER_KNOTS.);
#133=B_SPLINE_SURFACE_WITH_KNOTS('',3,1,((#11327,#11328),(#11329,#11330),
(#11331,#11332),(#11333,#11334)),.SURF_OF_LINEAR_EXTRUSION.,.F.,.F.,.F.,
(4,4),(2,2),(0.,1.),(0.,1.),.PIECEWISE_BEZIER_KNOTS.);
#134=B_SPLINE_SURFACE_WITH_KNOTS('',3,1,((#11377,#11378),(#11379,#11380),
(#11381,#11382),(#11383,#11384)),.SURF_OF_LINEAR_EXTRUSION.,.F.,.F.,.F.,
(4,4),(2,2),(0.,1.),(0.,1.),.PIECEWISE_BEZIER_KNOTS.);
#135=B_SPLINE_SURFACE_WITH_KNOTS('',3,1,((#11390,#11391),(#11392,#11393),
(#11394,#11395),(#11396,#11397)),.SURF_OF_LINEAR_EXTRUSION.,.F.,.F.,.F.,
(4,4),(2,2),(0.,1.),(0.,1.),.PIECEWISE_BEZIER_KNOTS.);
#136=B_SPLINE_SURFACE_WITH_KNOTS('',3,1,((#11403,#11404),(#11405,#11406),
(#11407,#11408),(#11409,#11410)),.SURF_OF_LINEAR_EXTRUSION.,.F.,.F.,.F.,
(4,4),(2,2),(0.,1.),(0.,1.),.PIECEWISE_BEZIER_KNOTS.);
#137=B_SPLINE_SURFACE_WITH_KNOTS('',3,1,((#11416,#11417),(#11418,#11419),
(#11420,#11421),(#11422,#11423)),.SURF_OF_LINEAR_EXTRUSION.,.F.,.F.,.F.,
(4,4),(2,2),(0.,1.),(0.,1.),.PIECEWISE_BEZIER_KNOTS.);
#138=B_SPLINE_SURFACE_WITH_KNOTS('',3,1,((#11441,#11442),(#11443,#11444),
(#11445,#11446),(#11447,#11448)),.SURF_OF_LINEAR_EXTRUSION.,.F.,.F.,.F.,
(4,4),(2,2),(0.,1.),(0.,1.),.PIECEWISE_BEZIER_KNOTS.);
#139=B_SPLINE_SURFACE_WITH_KNOTS('',3,1,((#11454,#11455),(#11456,#11457),
(#11458,#11459),(#11460,#11461)),.SURF_OF_LINEAR_EXTRUSION.,.F.,.F.,.F.,
(4,4),(2,2),(0.,1.),(0.,1.),.PIECEWISE_BEZIER_KNOTS.);
#140=B_SPLINE_SURFACE_WITH_KNOTS('',3,1,((#11467,#11468),(#11469,#11470),
(#11471,#11472),(#11473,#11474)),.SURF_OF_LINEAR_EXTRUSION.,.F.,.F.,.F.,
(4,4),(2,2),(0.,1.),(0.,1.),.PIECEWISE_BEZIER_KNOTS.);
#141=B_SPLINE_SURFACE_WITH_KNOTS('',3,1,((#11488,#11489),(#11490,#11491),
(#11492,#11493),(#11494,#11495)),.SURF_OF_LINEAR_EXTRUSION.,.F.,.F.,.F.,
(4,4),(2,2),(0.,1.),(0.,1.),.PIECEWISE_BEZIER_KNOTS.);
#142=B_SPLINE_SURFACE_WITH_KNOTS('',3,1,((#11501,#11502),(#11503,#11504),
(#11505,#11506),(#11507,#11508)),.SURF_OF_LINEAR_EXTRUSION.,.F.,.F.,.F.,
(4,4),(2,2),(0.,1.),(0.,1.),.PIECEWISE_BEZIER_KNOTS.);
#143=B_SPLINE_SURFACE_WITH_KNOTS('',3,1,((#11564,#11565),(#11566,#11567),
(#11568,#11569),(#11570,#11571)),.SURF_OF_LINEAR_EXTRUSION.,.F.,.F.,.F.,
(4,4),(2,2),(0.,1.),(0.,1.),.PIECEWISE_BEZIER_KNOTS.);
#144=B_SPLINE_SURFACE_WITH_KNOTS('',3,1,((#11582,#11583),(#11584,#11585),
(#11586,#11587),(#11588,#11589)),.SURF_OF_LINEAR_EXTRUSION.,.F.,.F.,.F.,
(4,4),(2,2),(0.,1.),(0.,1.),.PIECEWISE_BEZIER_KNOTS.);
#145=B_SPLINE_SURFACE_WITH_KNOTS('',3,1,((#11599,#11600),(#11601,#11602),
(#11603,#11604),(#11605,#11606)),.SURF_OF_LINEAR_EXTRUSION.,.F.,.F.,.F.,
(4,4),(2,2),(0.,1.),(0.,1.),.PIECEWISE_BEZIER_KNOTS.);
#146=B_SPLINE_SURFACE_WITH_KNOTS('',3,1,((#11612,#11613),(#11614,#11615),
(#11616,#11617),(#11618,#11619)),.SURF_OF_LINEAR_EXTRUSION.,.F.,.F.,.F.,
(4,4),(2,2),(0.,1.),(0.,1.),.PIECEWISE_BEZIER_KNOTS.);
#147=CYLINDRICAL_SURFACE('',#6843,0.00145);
#148=CYLINDRICAL_SURFACE('',#6846,0.00145);
#149=CYLINDRICAL_SURFACE('',#6849,0.00145);
#150=CYLINDRICAL_SURFACE('',#6852,0.00145);
#151=CYLINDRICAL_SURFACE('',#6883,0.00466747508736087);
#152=CYLINDRICAL_SURFACE('',#6898,0.00182980845559822);
#153=CYLINDRICAL_SURFACE('',#6901,0.00217032650642437);
#154=CYLINDRICAL_SURFACE('',#6903,0.00201926758719407);
#155=CYLINDRICAL_SURFACE('',#6905,0.00159800632781116);
#156=CYLINDRICAL_SURFACE('',#6907,0.0057311112399298);
#157=CYLINDRICAL_SURFACE('',#6950,0.0200517914675807);
#158=CYLINDRICAL_SURFACE('',#6972,0.00109218663310856);
#159=CYLINDRICAL_SURFACE('',#6974,0.00182967592515837);
#160=CYLINDRICAL_SURFACE('',#6976,0.00650901660638798);
#161=CYLINDRICAL_SURFACE('',#6979,0.00345421780508168);
#162=CYLINDRICAL_SURFACE('',#6981,0.0010438679038529);
#163=CYLINDRICAL_SURFACE('',#6983,0.00710390375038985);
#164=CYLINDRICAL_SURFACE('',#6985,0.000298728039999044);
#165=CYLINDRICAL_SURFACE('',#6987,0.00394699015933903);
#166=CYLINDRICAL_SURFACE('',#6990,0.00293751072625704);
#167=CYLINDRICAL_SURFACE('',#6993,0.00186635655264898);
#168=CYLINDRICAL_SURFACE('',#6995,0.00128678552429243);
#169=CYLINDRICAL_SURFACE('',#6997,0.00156360661456264);
#170=CYLINDRICAL_SURFACE('',#7005,0.00132488203035385);
#171=CYLINDRICAL_SURFACE('',#7019,0.00211908863276439);
#172=CYLINDRICAL_SURFACE('',#7033,0.000802649553786024);
#173=CYLINDRICAL_SURFACE('',#7035,0.00192607073272356);
#174=CYLINDRICAL_SURFACE('',#7038,0.00258308961670501);
#175=CYLINDRICAL_SURFACE('',#7043,0.00316466488844039);
#176=CYLINDRICAL_SURFACE('',#7046,0.00322253862947362);
#177=CYLINDRICAL_SURFACE('',#7055,0.00112210957719725);
#178=CYLINDRICAL_SURFACE('',#7058,0.00114996421030317);
#179=CYLINDRICAL_SURFACE('',#7076,0.005);
#180=CYLINDRICAL_SURFACE('',#7077,0.005);
#181=CYLINDRICAL_SURFACE('',#7078,0.005);
#182=CYLINDRICAL_SURFACE('',#7079,0.005);
#183=CYLINDRICAL_SURFACE('',#7081,0.000497673361751103);
#184=CYLINDRICAL_SURFACE('',#7085,0.000497673361751105);
#185=CYLINDRICAL_SURFACE('',#7089,0.000497673361751105);
#186=CYLINDRICAL_SURFACE('',#7093,0.000497673361751103);
#187=CYLINDRICAL_SURFACE('',#7096,0.000497673361751105);
#188=CYLINDRICAL_SURFACE('',#7100,0.000497673361751105);
#189=CYLINDRICAL_SURFACE('',#7104,0.000497673361751105);
#190=CYLINDRICAL_SURFACE('',#7108,0.000497673361751105);
#191=CYLINDRICAL_SURFACE('',#7111,0.000497673361751105);
#192=CYLINDRICAL_SURFACE('',#7115,0.000497673361751104);
#193=CYLINDRICAL_SURFACE('',#7119,0.000497673361751104);
#194=CYLINDRICAL_SURFACE('',#7123,0.000497673361751105);
#195=CYLINDRICAL_SURFACE('',#7135,0.00145);
#196=CYLINDRICAL_SURFACE('',#7138,0.00145);
#197=CYLINDRICAL_SURFACE('',#7141,0.00145);
#198=CYLINDRICAL_SURFACE('',#7144,0.00145);
#199=CYLINDRICAL_SURFACE('',#7159,0.005);
#200=CYLINDRICAL_SURFACE('',#7160,0.005);
#201=CYLINDRICAL_SURFACE('',#7161,0.005);
#202=CYLINDRICAL_SURFACE('',#7162,0.005);
#203=CIRCLE('',#6813,0.0057311112399298);
#204=CIRCLE('',#6814,0.00159800632781116);
#205=CIRCLE('',#6815,0.00201926758719407);
#206=CIRCLE('',#6816,0.00217032650642437);
#207=CIRCLE('',#6817,0.00182980845559822);
#208=CIRCLE('',#6818,0.0200517914675807);
#209=CIRCLE('',#6819,0.00293751072625704);
#210=CIRCLE('',#6820,0.00394699015933903);
#211=CIRCLE('',#6821,0.000298728039999044);
#212=CIRCLE('',#6822,0.00710390375038985);
#213=CIRCLE('',#6823,0.0010438679038529);
#214=CIRCLE('',#6824,0.00345421780508168);
#215=CIRCLE('',#6825,0.00650901660638798);
#216=CIRCLE('',#6826,0.00182967592515837);
#217=CIRCLE('',#6827,0.00109218663310856);
#218=CIRCLE('',#6828,0.00128678552429243);
#219=CIRCLE('',#6829,0.00186635655264898);
#220=CIRCLE('',#6830,0.00132488203035385);
#221=CIRCLE('',#6831,0.00156360661456264);
#222=CIRCLE('',#6832,0.00211908863276439);
#223=CIRCLE('',#6833,0.00322253862947362);
#224=CIRCLE('',#6834,0.00316466488844039);
#225=CIRCLE('',#6835,0.00258308961670501);
#226=CIRCLE('',#6836,0.00192607073272356);
#227=CIRCLE('',#6837,0.000802649553786024);
#228=CIRCLE('',#6838,0.00112210957719725);
#229=CIRCLE('',#6844,0.00145);
#230=CIRCLE('',#6845,0.00145);
#231=CIRCLE('',#6847,0.00145);
#232=CIRCLE('',#6848,0.00145);
#233=CIRCLE('',#6850,0.00145);
#234=CIRCLE('',#6851,0.00145);
#235=CIRCLE('',#6853,0.00145);
#236=CIRCLE('',#6854,0.00145);
#237=CIRCLE('',#6856,0.005);
#238=CIRCLE('',#6857,0.005);
#239=CIRCLE('',#6858,0.005);
#240=CIRCLE('',#6859,0.005);
#241=CIRCLE('',#6865,0.005);
#242=CIRCLE('',#6866,0.005);
#243=CIRCLE('',#6867,0.005);
#244=CIRCLE('',#6868,0.005);
#245=CIRCLE('',#6874,0.005);
#246=CIRCLE('',#6878,0.005);
#247=CIRCLE('',#6881,0.005);
#248=CIRCLE('',#6884,0.00466747508736087);
#249=CIRCLE('',#6886,0.005);
#250=CIRCLE('',#6899,0.00182980845559822);
#251=CIRCLE('',#6902,0.00217032650642437);
#252=CIRCLE('',#6904,0.00201926758719407);
#253=CIRCLE('',#6906,0.00159800632781116);
#254=CIRCLE('',#6908,0.0057311112399298);
#255=CIRCLE('',#6951,0.0200517914675807);
#256=CIRCLE('',#6973,0.00109218663310856);
#257=CIRCLE('',#6975,0.00182967592515837);
#258=CIRCLE('',#6977,0.00650901660638798);
#259=CIRCLE('',#6980,0.00345421780508168);
#260=CIRCLE('',#6982,0.0010438679038529);
#261=CIRCLE('',#6984,0.00710390375038985);
#262=CIRCLE('',#6986,0.000298728039999044);
#263=CIRCLE('',#6988,0.00394699015933903);
#264=CIRCLE('',#6991,0.00293751072625704);
#265=CIRCLE('',#6994,0.00186635655264898);
#266=CIRCLE('',#6996,0.00128678552429243);
#267=CIRCLE('',#6998,0.00156360661456264);
#268=CIRCLE('',#7006,0.00132488203035385);
#269=CIRCLE('',#7020,0.00211908863276439);
#270=CIRCLE('',#7034,0.000802649553786024);
#271=CIRCLE('',#7036,0.00192607073272356);
#272=CIRCLE('',#7039,0.00258308961670501);
#273=CIRCLE('',#7044,0.00316466488844039);
#274=CIRCLE('',#7047,0.00322253862947362);
#275=CIRCLE('',#7056,0.00112210957719725);
#276=CIRCLE('',#7059,0.00114996421030317);
#277=CIRCLE('',#7061,0.005);
#278=CIRCLE('',#7065,0.005);
#279=CIRCLE('',#7068,0.005);
#280=CIRCLE('',#7082,0.000497673361751103);
#281=CIRCLE('',#7083,0.000497673361751103);
#282=CIRCLE('',#7086,0.000497673361751105);
#283=CIRCLE('',#7087,0.000497673361751105);
#284=CIRCLE('',#7090,0.000497673361751105);
#285=CIRCLE('',#7091,0.000497673361751105);
#286=CIRCLE('',#7094,0.000497673361751103);
#287=CIRCLE('',#7095,0.000497673361751103);
#288=CIRCLE('',#7097,0.000497673361751105);
#289=CIRCLE('',#7098,0.000497673361751105);
#290=CIRCLE('',#7101,0.000497673361751105);
#291=CIRCLE('',#7102,0.000497673361751105);
#292=CIRCLE('',#7105,0.000497673361751105);
#293=CIRCLE('',#7106,0.000497673361751105);
#294=CIRCLE('',#7109,0.000497673361751105);
#295=CIRCLE('',#7110,0.000497673361751105);
#296=CIRCLE('',#7112,0.000497673361751105);
#297=CIRCLE('',#7113,0.000497673361751105);
#298=CIRCLE('',#7116,0.000497673361751104);
#299=CIRCLE('',#7117,0.000497673361751104);
#300=CIRCLE('',#7120,0.000497673361751104);
#301=CIRCLE('',#7121,0.000497673361751104);
#302=CIRCLE('',#7124,0.000497673361751105);
#303=CIRCLE('',#7125,0.000497673361751105);
#304=CIRCLE('',#7136,0.00145);
#305=CIRCLE('',#7137,0.00145);
#306=CIRCLE('',#7139,0.00145);
#307=CIRCLE('',#7140,0.00145);
#308=CIRCLE('',#7142,0.00145);
#309=CIRCLE('',#7143,0.00145);
#310=CIRCLE('',#7145,0.00145);
#311=CIRCLE('',#7146,0.00145);
#312=CIRCLE('',#7150,0.005);
#313=CIRCLE('',#7151,0.005);
#314=CIRCLE('',#7152,0.005);
#315=CIRCLE('',#7153,0.005);
#316=CIRCLE('',#7155,0.005);
#317=CIRCLE('',#7156,0.005);
#318=CIRCLE('',#7157,0.005);
#319=CIRCLE('',#7158,0.005);
#320=B_SPLINE_CURVE_WITH_KNOTS('',2,(#8499,#8500,#8501),.UNSPECIFIED.,.F.,
 .F.,(3,3),(0.,1.),.PIECEWISE_BEZIER_KNOTS.);
#321=B_SPLINE_CURVE_WITH_KNOTS('',2,(#8503,#8504,#8505),.UNSPECIFIED.,.F.,
 .F.,(3,3),(0.,1.),.PIECEWISE_BEZIER_KNOTS.);
#322=B_SPLINE_CURVE_WITH_KNOTS('',2,(#8507,#8508,#8509),.UNSPECIFIED.,.F.,
 .F.,(3,3),(0.,1.),.PIECEWISE_BEZIER_KNOTS.);
#323=B_SPLINE_CURVE_WITH_KNOTS('',2,(#8511,#8512,#8513),.UNSPECIFIED.,.F.,
 .F.,(3,3),(0.,1.),.PIECEWISE_BEZIER_KNOTS.);
#324=B_SPLINE_CURVE_WITH_KNOTS('',2,(#8515,#8516,#8517),.UNSPECIFIED.,.F.,
 .F.,(3,3),(0.,1.),.PIECEWISE_BEZIER_KNOTS.);
#325=B_SPLINE_CURVE_WITH_KNOTS('',2,(#8519,#8520,#8521),.UNSPECIFIED.,.F.,
 .F.,(3,3),(0.,1.),.PIECEWISE_BEZIER_KNOTS.);
#326=B_SPLINE_CURVE_WITH_KNOTS('',2,(#8527,#8528,#8529),.UNSPECIFIED.,.F.,
 .F.,(3,3),(0.,1.),.PIECEWISE_BEZIER_KNOTS.);
#327=B_SPLINE_CURVE_WITH_KNOTS('',2,(#8531,#8532,#8533),.UNSPECIFIED.,.F.,
 .F.,(3,3),(0.,1.),.PIECEWISE_BEZIER_KNOTS.);
#328=B_SPLINE_CURVE_WITH_KNOTS('',2,(#8537,#8538,#8539),.UNSPECIFIED.,.F.,
 .F.,(3,3),(0.,1.),.PIECEWISE_BEZIER_KNOTS.);
#329=B_SPLINE_CURVE_WITH_KNOTS('',2,(#8541,#8542,#8543),.UNSPECIFIED.,.F.,
 .F.,(3,3),(0.,1.),.PIECEWISE_BEZIER_KNOTS.);
#330=B_SPLINE_CURVE_WITH_KNOTS('',2,(#8545,#8546,#8547),.UNSPECIFIED.,.F.,
 .F.,(3,3),(0.,1.),.PIECEWISE_BEZIER_KNOTS.);
#331=B_SPLINE_CURVE_WITH_KNOTS('',2,(#8557,#8558,#8559),.UNSPECIFIED.,.F.,
 .F.,(3,3),(0.,1.),.PIECEWISE_BEZIER_KNOTS.);
#332=B_SPLINE_CURVE_WITH_KNOTS('',2,(#8561,#8562,#8563),.UNSPECIFIED.,.F.,
 .F.,(3,3),(0.,1.),.PIECEWISE_BEZIER_KNOTS.);
#333=B_SPLINE_CURVE_WITH_KNOTS('',2,(#8565,#8566,#8567),.UNSPECIFIED.,.F.,
 .F.,(3,3),(0.,1.),.PIECEWISE_BEZIER_KNOTS.);
#334=B_SPLINE_CURVE_WITH_KNOTS('',2,(#8569,#8570,#8571),.UNSPECIFIED.,.F.,
 .F.,(3,3),(0.,1.),.PIECEWISE_BEZIER_KNOTS.);
#335=B_SPLINE_CURVE_WITH_KNOTS('',2,(#8573,#8574,#8575),.UNSPECIFIED.,.F.,
 .F.,(3,3),(0.,1.),.PIECEWISE_BEZIER_KNOTS.);
#336=B_SPLINE_CURVE_WITH_KNOTS('',2,(#8577,#8578,#8579),.UNSPECIFIED.,.F.,
 .F.,(3,3),(0.,1.),.PIECEWISE_BEZIER_KNOTS.);
#337=B_SPLINE_CURVE_WITH_KNOTS('',2,(#8585,#8586,#8587),.UNSPECIFIED.,.F.,
 .F.,(3,3),(0.,1.),.PIECEWISE_BEZIER_KNOTS.);
#338=B_SPLINE_CURVE_WITH_KNOTS('',2,(#8589,#8590,#8591),.UNSPECIFIED.,.F.,
 .F.,(3,3),(0.,1.),.PIECEWISE_BEZIER_KNOTS.);
#339=B_SPLINE_CURVE_WITH_KNOTS('',2,(#8595,#8596,#8597),.UNSPECIFIED.,.F.,
 .F.,(3,3),(0.,1.),.PIECEWISE_BEZIER_KNOTS.);
#340=B_SPLINE_CURVE_WITH_KNOTS('',2,(#8599,#8600,#8601),.UNSPECIFIED.,.F.,
 .F.,(3,3),(0.,1.),.PIECEWISE_BEZIER_KNOTS.);
#341=B_SPLINE_CURVE_WITH_KNOTS('',2,(#8603,#8604,#8605),.UNSPECIFIED.,.F.,
 .F.,(3,3),(0.,1.),.PIECEWISE_BEZIER_KNOTS.);
#342=B_SPLINE_CURVE_WITH_KNOTS('',2,(#8608,#8609,#8610),.UNSPECIFIED.,.F.,
 .F.,(3,3),(0.,1.),.PIECEWISE_BEZIER_KNOTS.);
#343=B_SPLINE_CURVE_WITH_KNOTS('',2,(#8613,#8614,#8615),.UNSPECIFIED.,.F.,
 .F.,(3,3),(0.,1.),.PIECEWISE_BEZIER_KNOTS.);
#344=B_SPLINE_CURVE_WITH_KNOTS('',2,(#8617,#8618,#8619),.UNSPECIFIED.,.F.,
 .F.,(3,3),(0.,1.),.PIECEWISE_BEZIER_KNOTS.);
#345=B_SPLINE_CURVE_WITH_KNOTS('',2,(#8621,#8622,#8623),.UNSPECIFIED.,.F.,
 .F.,(3,3),(0.,1.),.PIECEWISE_BEZIER_KNOTS.);
#346=B_SPLINE_CURVE_WITH_KNOTS('',2,(#8625,#8626,#8627),.UNSPECIFIED.,.F.,
 .F.,(3,3),(0.,1.),.PIECEWISE_BEZIER_KNOTS.);
#347=B_SPLINE_CURVE_WITH_KNOTS('',2,(#8635,#8636,#8637),.UNSPECIFIED.,.F.,
 .F.,(3,3),(0.,1.),.PIECEWISE_BEZIER_KNOTS.);
#348=B_SPLINE_CURVE_WITH_KNOTS('',2,(#8639,#8640,#8641),.UNSPECIFIED.,.F.,
 .F.,(3,3),(0.,1.),.PIECEWISE_BEZIER_KNOTS.);
#349=B_SPLINE_CURVE_WITH_KNOTS('',2,(#8680,#8681,#8682),.UNSPECIFIED.,.F.,
 .F.,(3,3),(0.,1.),.PIECEWISE_BEZIER_KNOTS.);
#350=B_SPLINE_CURVE_WITH_KNOTS('',2,(#8685,#8686,#8687),.UNSPECIFIED.,.F.,
 .F.,(3,3),(0.,1.),.PIECEWISE_BEZIER_KNOTS.);
#351=B_SPLINE_CURVE_WITH_KNOTS('',2,(#8691,#8692,#8693),.UNSPECIFIED.,.F.,
 .F.,(3,3),(0.,1.),.PIECEWISE_BEZIER_KNOTS.);
#352=B_SPLINE_CURVE_WITH_KNOTS('',2,(#8707,#8708,#8709),.UNSPECIFIED.,.F.,
 .F.,(3,3),(0.,1.),.PIECEWISE_BEZIER_KNOTS.);
#353=B_SPLINE_CURVE_WITH_KNOTS('',2,(#8711,#8712,#8713),.UNSPECIFIED.,.F.,
 .F.,(3,3),(0.,1.),.PIECEWISE_BEZIER_KNOTS.);
#354=B_SPLINE_CURVE_WITH_KNOTS('',2,(#8715,#8716,#8717),.UNSPECIFIED.,.F.,
 .F.,(3,3),(0.,1.),.PIECEWISE_BEZIER_KNOTS.);
#355=B_SPLINE_CURVE_WITH_KNOTS('',2,(#8719,#8720,#8721),.UNSPECIFIED.,.F.,
 .F.,(3,3),(0.,1.),.PIECEWISE_BEZIER_KNOTS.);
#356=B_SPLINE_CURVE_WITH_KNOTS('',2,(#8723,#8724,#8725),.UNSPECIFIED.,.F.,
 .F.,(3,3),(0.,1.),.PIECEWISE_BEZIER_KNOTS.);
#357=B_SPLINE_CURVE_WITH_KNOTS('',2,(#8733,#8734,#8735),.UNSPECIFIED.,.F.,
 .F.,(3,3),(0.,1.),.PIECEWISE_BEZIER_KNOTS.);
#358=B_SPLINE_CURVE_WITH_KNOTS('',2,(#8737,#8738,#8739),.UNSPECIFIED.,.F.,
 .F.,(3,3),(0.,1.),.PIECEWISE_BEZIER_KNOTS.);
#359=B_SPLINE_CURVE_WITH_KNOTS('',2,(#8741,#8742,#8743),.UNSPECIFIED.,.F.,
 .F.,(3,3),(0.,1.),.PIECEWISE_BEZIER_KNOTS.);
#360=B_SPLINE_CURVE_WITH_KNOTS('',2,(#8761,#8762,#8763),.UNSPECIFIED.,.F.,
 .F.,(3,3),(0.,1.),.PIECEWISE_BEZIER_KNOTS.);
#361=B_SPLINE_CURVE_WITH_KNOTS('',2,(#8765,#8766,#8767),.UNSPECIFIED.,.F.,
 .F.,(3,3),(0.,1.),.PIECEWISE_BEZIER_KNOTS.);
#362=B_SPLINE_CURVE_WITH_KNOTS('',2,(#8769,#8770,#8771),.UNSPECIFIED.,.F.,
 .F.,(3,3),(0.,1.),.PIECEWISE_BEZIER_KNOTS.);
#363=B_SPLINE_CURVE_WITH_KNOTS('',2,(#8772,#8773,#8774),.UNSPECIFIED.,.F.,
 .F.,(3,3),(0.,1.),.PIECEWISE_BEZIER_KNOTS.);
#364=B_SPLINE_CURVE_WITH_KNOTS('',2,(#8777,#8778,#8779),.UNSPECIFIED.,.F.,
 .F.,(3,3),(0.,1.),.PIECEWISE_BEZIER_KNOTS.);
#365=B_SPLINE_CURVE_WITH_KNOTS('',2,(#8783,#8784,#8785),.UNSPECIFIED.,.F.,
 .F.,(3,3),(0.,1.),.PIECEWISE_BEZIER_KNOTS.);
#366=B_SPLINE_CURVE_WITH_KNOTS('',2,(#8787,#8788,#8789),.UNSPECIFIED.,.F.,
 .F.,(3,3),(0.,1.),.PIECEWISE_BEZIER_KNOTS.);
#367=B_SPLINE_CURVE_WITH_KNOTS('',2,(#8791,#8792,#8793),.UNSPECIFIED.,.F.,
 .F.,(3,3),(0.,1.),.PIECEWISE_BEZIER_KNOTS.);
#368=B_SPLINE_CURVE_WITH_KNOTS('',2,(#8817,#8818,#8819),.UNSPECIFIED.,.F.,
 .F.,(3,3),(0.,1.),.PIECEWISE_BEZIER_KNOTS.);
#369=B_SPLINE_CURVE_WITH_KNOTS('',2,(#8820,#8821,#8822),.UNSPECIFIED.,.F.,
 .F.,(3,3),(0.,1.),.PIECEWISE_BEZIER_KNOTS.);
#370=B_SPLINE_CURVE_WITH_KNOTS('',2,(#8825,#8826,#8827),.UNSPECIFIED.,.F.,
 .F.,(3,3),(0.,1.),.PIECEWISE_BEZIER_KNOTS.);
#371=B_SPLINE_CURVE_WITH_KNOTS('',2,(#8829,#8830,#8831),.UNSPECIFIED.,.F.,
 .F.,(3,3),(0.,1.),.PIECEWISE_BEZIER_KNOTS.);
#372=B_SPLINE_CURVE_WITH_KNOTS('',2,(#8833,#8834,#8835),.UNSPECIFIED.,.F.,
 .F.,(3,3),(0.,1.),.PIECEWISE_BEZIER_KNOTS.);
#373=B_SPLINE_CURVE_WITH_KNOTS('',2,(#8843,#8844,#8845),.UNSPECIFIED.,.F.,
 .F.,(3,3),(0.,1.),.PIECEWISE_BEZIER_KNOTS.);
#374=B_SPLINE_CURVE_WITH_KNOTS('',2,(#8847,#8848,#8849),.UNSPECIFIED.,.F.,
 .F.,(3,3),(0.,1.),.PIECEWISE_BEZIER_KNOTS.);
#375=B_SPLINE_CURVE_WITH_KNOTS('',2,(#8853,#8854,#8855),.UNSPECIFIED.,.F.,
 .F.,(3,3),(0.,1.),.PIECEWISE_BEZIER_KNOTS.);
#376=B_SPLINE_CURVE_WITH_KNOTS('',2,(#8859,#8860,#8861),.UNSPECIFIED.,.F.,
 .F.,(3,3),(0.,1.),.PIECEWISE_BEZIER_KNOTS.);
#377=B_SPLINE_CURVE_WITH_KNOTS('',2,(#8865,#8866,#8867),.UNSPECIFIED.,.F.,
 .F.,(3,3),(0.,1.),.PIECEWISE_BEZIER_KNOTS.);
#378=B_SPLINE_CURVE_WITH_KNOTS('',2,(#8869,#8870,#8871),.UNSPECIFIED.,.F.,
 .F.,(3,3),(0.,1.),.PIECEWISE_BEZIER_KNOTS.);
#379=B_SPLINE_CURVE_WITH_KNOTS('',2,(#8873,#8874,#8875),.UNSPECIFIED.,.F.,
 .F.,(3,3),(0.,1.),.PIECEWISE_BEZIER_KNOTS.);
#380=B_SPLINE_CURVE_WITH_KNOTS('',2,(#8885,#8886,#8887),.UNSPECIFIED.,.F.,
 .F.,(3,3),(0.,1.),.PIECEWISE_BEZIER_KNOTS.);
#381=B_SPLINE_CURVE_WITH_KNOTS('',2,(#8889,#8890,#8891),.UNSPECIFIED.,.F.,
 .F.,(3,3),(0.,1.),.PIECEWISE_BEZIER_KNOTS.);
#382=B_SPLINE_CURVE_WITH_KNOTS('',2,(#8893,#8894,#8895),.UNSPECIFIED.,.F.,
 .F.,(3,3),(0.,1.),.PIECEWISE_BEZIER_KNOTS.);
#383=B_SPLINE_CURVE_WITH_KNOTS('',2,(#8897,#8898,#8899),.UNSPECIFIED.,.F.,
 .F.,(3,3),(0.,1.),.PIECEWISE_BEZIER_KNOTS.);
#384=B_SPLINE_CURVE_WITH_KNOTS('',2,(#8911,#8912,#8913),.UNSPECIFIED.,.F.,
 .F.,(3,3),(0.,1.),.PIECEWISE_BEZIER_KNOTS.);
#385=B_SPLINE_CURVE_WITH_KNOTS('',2,(#8915,#8916,#8917),.UNSPECIFIED.,.F.,
 .F.,(3,3),(0.,1.),.PIECEWISE_BEZIER_KNOTS.);
#386=B_SPLINE_CURVE_WITH_KNOTS('',2,(#8940,#8941,#8942),.UNSPECIFIED.,.F.,
 .F.,(3,3),(0.,1.),.PIECEWISE_BEZIER_KNOTS.);
#387=B_SPLINE_CURVE_WITH_KNOTS('',2,(#8945,#8946,#8947),.UNSPECIFIED.,.F.,
 .F.,(3,3),(0.,1.),.PIECEWISE_BEZIER_KNOTS.);
#388=B_SPLINE_CURVE_WITH_KNOTS('',2,(#8949,#8950,#8951),.UNSPECIFIED.,.F.,
 .F.,(3,3),(0.,1.),.PIECEWISE_BEZIER_KNOTS.);
#389=B_SPLINE_CURVE_WITH_KNOTS('',2,(#8953,#8954,#8955),.UNSPECIFIED.,.F.,
 .F.,(3,3),(0.,1.),.PIECEWISE_BEZIER_KNOTS.);
#390=B_SPLINE_CURVE_WITH_KNOTS('',2,(#8957,#8958,#8959),.UNSPECIFIED.,.F.,
 .F.,(3,3),(0.,1.),.PIECEWISE_BEZIER_KNOTS.);
#391=B_SPLINE_CURVE_WITH_KNOTS('',2,(#8979,#8980,#8981),.UNSPECIFIED.,.F.,
 .F.,(3,3),(0.,1.),.PIECEWISE_BEZIER_KNOTS.);
#392=B_SPLINE_CURVE_WITH_KNOTS('',2,(#8983,#8984,#8985),.UNSPECIFIED.,.F.,
 .F.,(3,3),(0.,1.),.PIECEWISE_BEZIER_KNOTS.);
#393=B_SPLINE_CURVE_WITH_KNOTS('',2,(#8987,#8988,#8989),.UNSPECIFIED.,.F.,
 .F.,(3,3),(0.,1.),.PIECEWISE_BEZIER_KNOTS.);
#394=B_SPLINE_CURVE_WITH_KNOTS('',2,(#8995,#8996,#8997),.UNSPECIFIED.,.F.,
 .F.,(3,3),(0.,1.),.PIECEWISE_BEZIER_KNOTS.);
#395=B_SPLINE_CURVE_WITH_KNOTS('',2,(#8999,#9000,#9001),.UNSPECIFIED.,.F.,
 .F.,(3,3),(0.,1.),.PIECEWISE_BEZIER_KNOTS.);
#396=B_SPLINE_CURVE_WITH_KNOTS('',2,(#9025,#9026,#9027),.UNSPECIFIED.,.F.,
 .F.,(3,3),(0.,1.),.PIECEWISE_BEZIER_KNOTS.);
#397=B_SPLINE_CURVE_WITH_KNOTS('',2,(#9029,#9030,#9031),.UNSPECIFIED.,.F.,
 .F.,(3,3),(0.,1.),.PIECEWISE_BEZIER_KNOTS.);
#398=B_SPLINE_CURVE_WITH_KNOTS('',2,(#9041,#9042,#9043),.UNSPECIFIED.,.F.,
 .F.,(3,3),(0.,1.),.PIECEWISE_BEZIER_KNOTS.);
#399=B_SPLINE_CURVE_WITH_KNOTS('',2,(#9051,#9052,#9053),.UNSPECIFIED.,.F.,
 .F.,(3,3),(0.,1.),.PIECEWISE_BEZIER_KNOTS.);
#400=B_SPLINE_CURVE_WITH_KNOTS('',2,(#9055,#9056,#9057),.UNSPECIFIED.,.F.,
 .F.,(3,3),(0.,1.),.PIECEWISE_BEZIER_KNOTS.);
#401=B_SPLINE_CURVE_WITH_KNOTS('',2,(#9063,#9064,#9065),.UNSPECIFIED.,.F.,
 .F.,(3,3),(0.,1.),.PIECEWISE_BEZIER_KNOTS.);
#402=B_SPLINE_CURVE_WITH_KNOTS('',2,(#9067,#9068,#9069),.UNSPECIFIED.,.F.,
 .F.,(3,3),(0.,1.),.PIECEWISE_BEZIER_KNOTS.);
#403=B_SPLINE_CURVE_WITH_KNOTS('',2,(#9071,#9072,#9073),.UNSPECIFIED.,.F.,
 .F.,(3,3),(0.,1.),.PIECEWISE_BEZIER_KNOTS.);
#404=B_SPLINE_CURVE_WITH_KNOTS('',2,(#9081,#9082,#9083),.UNSPECIFIED.,.F.,
 .F.,(3,3),(0.,1.),.PIECEWISE_BEZIER_KNOTS.);
#405=B_SPLINE_CURVE_WITH_KNOTS('',2,(#9085,#9086,#9087),.UNSPECIFIED.,.F.,
 .F.,(3,3),(0.,1.),.PIECEWISE_BEZIER_KNOTS.);
#406=B_SPLINE_CURVE_WITH_KNOTS('',2,(#9089,#9090,#9091),.UNSPECIFIED.,.F.,
 .F.,(3,3),(0.,1.),.PIECEWISE_BEZIER_KNOTS.);
#407=B_SPLINE_CURVE_WITH_KNOTS('',2,(#9093,#9094,#9095),.UNSPECIFIED.,.F.,
 .F.,(3,3),(0.,1.),.PIECEWISE_BEZIER_KNOTS.);
#408=B_SPLINE_CURVE_WITH_KNOTS('',2,(#9103,#9104,#9105),.UNSPECIFIED.,.F.,
 .F.,(3,3),(0.,1.),.PIECEWISE_BEZIER_KNOTS.);
#409=B_SPLINE_CURVE_WITH_KNOTS('',2,(#9107,#9108,#9109),.UNSPECIFIED.,.F.,
 .F.,(3,3),(0.,1.),.PIECEWISE_BEZIER_KNOTS.);
#410=B_SPLINE_CURVE_WITH_KNOTS('',2,(#9111,#9112,#9113),.UNSPECIFIED.,.F.,
 .F.,(3,3),(0.,1.),.PIECEWISE_BEZIER_KNOTS.);
#411=B_SPLINE_CURVE_WITH_KNOTS('',2,(#9121,#9122,#9123),.UNSPECIFIED.,.F.,
 .F.,(3,3),(0.,1.),.PIECEWISE_BEZIER_KNOTS.);
#412=B_SPLINE_CURVE_WITH_KNOTS('',2,(#9125,#9126,#9127),.UNSPECIFIED.,.F.,
 .F.,(3,3),(0.,1.),.PIECEWISE_BEZIER_KNOTS.);
#413=B_SPLINE_CURVE_WITH_KNOTS('',2,(#9129,#9130,#9131),.UNSPECIFIED.,.F.,
 .F.,(3,3),(0.,1.),.PIECEWISE_BEZIER_KNOTS.);
#414=B_SPLINE_CURVE_WITH_KNOTS('',2,(#9133,#9134,#9135),.UNSPECIFIED.,.F.,
 .F.,(3,3),(0.,1.),.PIECEWISE_BEZIER_KNOTS.);
#415=B_SPLINE_CURVE_WITH_KNOTS('',2,(#9137,#9138,#9139),.UNSPECIFIED.,.F.,
 .F.,(3,3),(0.,1.),.PIECEWISE_BEZIER_KNOTS.);
#416=B_SPLINE_CURVE_WITH_KNOTS('',2,(#9141,#9142,#9143),.UNSPECIFIED.,.F.,
 .F.,(3,3),(0.,1.),.PIECEWISE_BEZIER_KNOTS.);
#417=B_SPLINE_CURVE_WITH_KNOTS('',2,(#9262,#9263,#9264),.UNSPECIFIED.,.F.,
 .F.,(3,3),(0.,1.),.PIECEWISE_BEZIER_KNOTS.);
#418=B_SPLINE_CURVE_WITH_KNOTS('',2,(#9268,#9269,#9270),.UNSPECIFIED.,.F.,
 .F.,(3,3),(0.,1.),.PIECEWISE_BEZIER_KNOTS.);
#419=B_SPLINE_CURVE_WITH_KNOTS('',2,(#9282,#9283,#9284),.UNSPECIFIED.,.F.,
 .F.,(3,3),(0.,1.),.PIECEWISE_BEZIER_KNOTS.);
#420=B_SPLINE_CURVE_WITH_KNOTS('',2,(#9285,#9286,#9287),.UNSPECIFIED.,.F.,
 .F.,(3,3),(0.,1.),.PIECEWISE_BEZIER_KNOTS.);
#421=B_SPLINE_CURVE_WITH_KNOTS('',2,(#9299,#9300,#9301),.UNSPECIFIED.,.F.,
 .F.,(3,3),(0.,1.),.PIECEWISE_BEZIER_KNOTS.);
#422=B_SPLINE_CURVE_WITH_KNOTS('',2,(#9302,#9303,#9304),.UNSPECIFIED.,.F.,
 .F.,(3,3),(0.,1.),.PIECEWISE_BEZIER_KNOTS.);
#423=B_SPLINE_CURVE_WITH_KNOTS('',2,(#9316,#9317,#9318),.UNSPECIFIED.,.F.,
 .F.,(3,3),(0.,1.),.PIECEWISE_BEZIER_KNOTS.);
#424=B_SPLINE_CURVE_WITH_KNOTS('',2,(#9319,#9320,#9321),.UNSPECIFIED.,.F.,
 .F.,(3,3),(0.,1.),.PIECEWISE_BEZIER_KNOTS.);
#425=B_SPLINE_CURVE_WITH_KNOTS('',2,(#9333,#9334,#9335),.UNSPECIFIED.,.F.,
 .F.,(3,3),(0.,1.),.PIECEWISE_BEZIER_KNOTS.);
#426=B_SPLINE_CURVE_WITH_KNOTS('',2,(#9336,#9337,#9338),.UNSPECIFIED.,.F.,
 .F.,(3,3),(0.,1.),.PIECEWISE_BEZIER_KNOTS.);
#427=B_SPLINE_CURVE_WITH_KNOTS('',2,(#9350,#9351,#9352),.UNSPECIFIED.,.F.,
 .F.,(3,3),(0.,1.),.PIECEWISE_BEZIER_KNOTS.);
#428=B_SPLINE_CURVE_WITH_KNOTS('',2,(#9353,#9354,#9355),.UNSPECIFIED.,.F.,
 .F.,(3,3),(0.,1.),.PIECEWISE_BEZIER_KNOTS.);
#429=B_SPLINE_CURVE_WITH_KNOTS('',2,(#9367,#9368,#9369),.UNSPECIFIED.,.F.,
 .F.,(3,3),(0.,1.),.PIECEWISE_BEZIER_KNOTS.);
#430=B_SPLINE_CURVE_WITH_KNOTS('',2,(#9370,#9371,#9372),.UNSPECIFIED.,.F.,
 .F.,(3,3),(0.,1.),.PIECEWISE_BEZIER_KNOTS.);
#431=B_SPLINE_CURVE_WITH_KNOTS('',2,(#9389,#9390,#9391),.UNSPECIFIED.,.F.,
 .F.,(3,3),(0.,1.),.PIECEWISE_BEZIER_KNOTS.);
#432=B_SPLINE_CURVE_WITH_KNOTS('',3,(#9402,#9403,#9404,#9405),
 .UNSPECIFIED.,.F.,.F.,(4,4),(4.10089528727165E-14,0.000958861974212022),
 .UNSPECIFIED.);
#433=B_SPLINE_CURVE_WITH_KNOTS('',2,(#9409,#9410,#9411),.UNSPECIFIED.,.F.,
 .F.,(3,3),(0.,1.),.PIECEWISE_BEZIER_KNOTS.);
#434=B_SPLINE_CURVE_WITH_KNOTS('',3,(#9449,#9450,#9451,#9452),
 .UNSPECIFIED.,.F.,.F.,(4,4),(1.33989513230348E-13,0.000833684263791887),
 .UNSPECIFIED.);
#435=B_SPLINE_CURVE_WITH_KNOTS('',3,(#9471,#9472,#9473,#9474),
 .UNSPECIFIED.,.F.,.F.,(4,4),(0.,0.00100203253389148),.UNSPECIFIED.);
#436=B_SPLINE_CURVE_WITH_KNOTS('',2,(#9477,#9478,#9479),.UNSPECIFIED.,.F.,
 .F.,(3,3),(0.,1.),.PIECEWISE_BEZIER_KNOTS.);
#437=B_SPLINE_CURVE_WITH_KNOTS('',2,(#9490,#9491,#9492),.UNSPECIFIED.,.F.,
 .F.,(3,3),(0.,1.),.PIECEWISE_BEZIER_KNOTS.);
#438=B_SPLINE_CURVE_WITH_KNOTS('',2,(#9503,#9504,#9505),.UNSPECIFIED.,.F.,
 .F.,(3,3),(0.,1.),.PIECEWISE_BEZIER_KNOTS.);
#439=B_SPLINE_CURVE_WITH_KNOTS('',2,(#9514,#9515,#9516),.UNSPECIFIED.,.F.,
 .F.,(3,3),(0.,1.),.PIECEWISE_BEZIER_KNOTS.);
#440=B_SPLINE_CURVE_WITH_KNOTS('',2,(#9525,#9526,#9527),.UNSPECIFIED.,.F.,
 .F.,(3,3),(0.,1.),.PIECEWISE_BEZIER_KNOTS.);
#441=B_SPLINE_CURVE_WITH_KNOTS('',2,(#9528,#9529,#9530),.UNSPECIFIED.,.F.,
 .F.,(3,3),(0.,1.),.PIECEWISE_BEZIER_KNOTS.);
#442=B_SPLINE_CURVE_WITH_KNOTS('',2,(#9558,#9559,#9560),.UNSPECIFIED.,.F.,
 .F.,(3,3),(0.,1.),.PIECEWISE_BEZIER_KNOTS.);
#443=B_SPLINE_CURVE_WITH_KNOTS('',2,(#9561,#9562,#9563),.UNSPECIFIED.,.F.,
 .F.,(3,3),(0.,1.),.PIECEWISE_BEZIER_KNOTS.);
#444=B_SPLINE_CURVE_WITH_KNOTS('',2,(#9575,#9576,#9577),.UNSPECIFIED.,.F.,
 .F.,(3,3),(0.,1.),.PIECEWISE_BEZIER_KNOTS.);
#445=B_SPLINE_CURVE_WITH_KNOTS('',2,(#9578,#9579,#9580),.UNSPECIFIED.,.F.,
 .F.,(3,3),(0.,1.),.PIECEWISE_BEZIER_KNOTS.);
#446=B_SPLINE_CURVE_WITH_KNOTS('',2,(#9592,#9593,#9594),.UNSPECIFIED.,.F.,
 .F.,(3,3),(0.,1.),.PIECEWISE_BEZIER_KNOTS.);
#447=B_SPLINE_CURVE_WITH_KNOTS('',2,(#9595,#9596,#9597),.UNSPECIFIED.,.F.,
 .F.,(3,3),(0.,1.),.PIECEWISE_BEZIER_KNOTS.);
#448=B_SPLINE_CURVE_WITH_KNOTS('',2,(#9609,#9610,#9611),.UNSPECIFIED.,.F.,
 .F.,(3,3),(0.,1.),.PIECEWISE_BEZIER_KNOTS.);
#449=B_SPLINE_CURVE_WITH_KNOTS('',2,(#9612,#9613,#9614),.UNSPECIFIED.,.F.,
 .F.,(3,3),(0.,1.),.PIECEWISE_BEZIER_KNOTS.);
#450=B_SPLINE_CURVE_WITH_KNOTS('',2,(#9639,#9640,#9641),.UNSPECIFIED.,.F.,
 .F.,(3,3),(0.,1.),.PIECEWISE_BEZIER_KNOTS.);
#451=B_SPLINE_CURVE_WITH_KNOTS('',2,(#9652,#9653,#9654),.UNSPECIFIED.,.F.,
 .F.,(3,3),(0.,1.),.PIECEWISE_BEZIER_KNOTS.);
#452=B_SPLINE_CURVE_WITH_KNOTS('',2,(#9665,#9666,#9667),.UNSPECIFIED.,.F.,
 .F.,(3,3),(0.,1.),.PIECEWISE_BEZIER_KNOTS.);
#453=B_SPLINE_CURVE_WITH_KNOTS('',2,(#9682,#9683,#9684),.UNSPECIFIED.,.F.,
 .F.,(3,3),(0.,1.),.PIECEWISE_BEZIER_KNOTS.);
#454=B_SPLINE_CURVE_WITH_KNOTS('',2,(#9695,#9696,#9697),.UNSPECIFIED.,.F.,
 .F.,(3,3),(0.,1.),.PIECEWISE_BEZIER_KNOTS.);
#455=B_SPLINE_CURVE_WITH_KNOTS('',2,(#9716,#9717,#9718),.UNSPECIFIED.,.F.,
 .F.,(3,3),(0.,1.),.PIECEWISE_BEZIER_KNOTS.);
#456=B_SPLINE_CURVE_WITH_KNOTS('',2,(#9729,#9730,#9731),.UNSPECIFIED.,.F.,
 .F.,(3,3),(0.,1.),.PIECEWISE_BEZIER_KNOTS.);
#457=B_SPLINE_CURVE_WITH_KNOTS('',2,(#9742,#9743,#9744),.UNSPECIFIED.,.F.,
 .F.,(3,3),(0.,1.),.PIECEWISE_BEZIER_KNOTS.);
#458=B_SPLINE_CURVE_WITH_KNOTS('',2,(#9755,#9756,#9757),.UNSPECIFIED.,.F.,
 .F.,(3,3),(0.,1.),.PIECEWISE_BEZIER_KNOTS.);
#459=B_SPLINE_CURVE_WITH_KNOTS('',2,(#9768,#9769,#9770),.UNSPECIFIED.,.F.,
 .F.,(3,3),(0.,1.),.PIECEWISE_BEZIER_KNOTS.);
#460=B_SPLINE_CURVE_WITH_KNOTS('',2,(#9781,#9782,#9783),.UNSPECIFIED.,.F.,
 .F.,(3,3),(0.,1.),.PIECEWISE_BEZIER_KNOTS.);
#461=B_SPLINE_CURVE_WITH_KNOTS('',2,(#9794,#9795,#9796),.UNSPECIFIED.,.F.,
 .F.,(3,3),(0.,1.),.PIECEWISE_BEZIER_KNOTS.);
#462=B_SPLINE_CURVE_WITH_KNOTS('',2,(#9797,#9798,#9799),.UNSPECIFIED.,.F.,
 .F.,(3,3),(0.,1.),.PIECEWISE_BEZIER_KNOTS.);
#463=B_SPLINE_CURVE_WITH_KNOTS('',2,(#9811,#9812,#9813),.UNSPECIFIED.,.F.,
 .F.,(3,3),(0.,1.),.PIECEWISE_BEZIER_KNOTS.);
#464=B_SPLINE_CURVE_WITH_KNOTS('',2,(#9826,#9827,#9828),.UNSPECIFIED.,.F.,
 .F.,(3,3),(0.,1.),.PIECEWISE_BEZIER_KNOTS.);
#465=B_SPLINE_CURVE_WITH_KNOTS('',2,(#9855,#9856,#9857),.UNSPECIFIED.,.F.,
 .F.,(3,3),(0.,1.),.PIECEWISE_BEZIER_KNOTS.);
#466=B_SPLINE_CURVE_WITH_KNOTS('',2,(#9868,#9869,#9870),.UNSPECIFIED.,.F.,
 .F.,(3,3),(0.,1.),.PIECEWISE_BEZIER_KNOTS.);
#467=B_SPLINE_CURVE_WITH_KNOTS('',2,(#9893,#9894,#9895),.UNSPECIFIED.,.F.,
 .F.,(3,3),(0.,1.),.PIECEWISE_BEZIER_KNOTS.);
#468=B_SPLINE_CURVE_WITH_KNOTS('',2,(#9906,#9907,#9908),.UNSPECIFIED.,.F.,
 .F.,(3,3),(0.,1.),.PIECEWISE_BEZIER_KNOTS.);
#469=B_SPLINE_CURVE_WITH_KNOTS('',2,(#9917,#9918,#9919),.UNSPECIFIED.,.F.,
 .F.,(3,3),(0.,1.),.PIECEWISE_BEZIER_KNOTS.);
#470=B_SPLINE_CURVE_WITH_KNOTS('',2,(#10008,#10009,#10010),
 .UNSPECIFIED.,.F.,.F.,(3,3),(0.,1.),.PIECEWISE_BEZIER_KNOTS.);
#471=B_SPLINE_CURVE_WITH_KNOTS('',2,(#10011,#10012,#10013),
 .UNSPECIFIED.,.F.,.F.,(3,3),(0.,1.),.PIECEWISE_BEZIER_KNOTS.);
#472=B_SPLINE_CURVE_WITH_KNOTS('',2,(#10025,#10026,#10027),
 .UNSPECIFIED.,.F.,.F.,(3,3),(0.,1.),.PIECEWISE_BEZIER_KNOTS.);
#473=B_SPLINE_CURVE_WITH_KNOTS('',2,(#10028,#10029,#10030),
 .UNSPECIFIED.,.F.,.F.,(3,3),(0.,1.),.PIECEWISE_BEZIER_KNOTS.);
#474=B_SPLINE_CURVE_WITH_KNOTS('',2,(#10042,#10043,#10044),
 .UNSPECIFIED.,.F.,.F.,(3,3),(0.,1.),.PIECEWISE_BEZIER_KNOTS.);
#475=B_SPLINE_CURVE_WITH_KNOTS('',2,(#10045,#10046,#10047),
 .UNSPECIFIED.,.F.,.F.,(3,3),(0.,1.),.PIECEWISE_BEZIER_KNOTS.);
#476=B_SPLINE_CURVE_WITH_KNOTS('',2,(#10059,#10060,#10061),
 .UNSPECIFIED.,.F.,.F.,(3,3),(0.,1.),.PIECEWISE_BEZIER_KNOTS.);
#477=B_SPLINE_CURVE_WITH_KNOTS('',2,(#10062,#10063,#10064),
 .UNSPECIFIED.,.F.,.F.,(3,3),(0.,1.),.PIECEWISE_BEZIER_KNOTS.);
#478=B_SPLINE_CURVE_WITH_KNOTS('',2,(#10089,#10090,#10091),
 .UNSPECIFIED.,.F.,.F.,(3,3),(0.,1.),.PIECEWISE_BEZIER_KNOTS.);
#479=B_SPLINE_CURVE_WITH_KNOTS('',2,(#10102,#10103,#10104),
 .UNSPECIFIED.,.F.,.F.,(3,3),(0.,1.),.PIECEWISE_BEZIER_KNOTS.);
#480=B_SPLINE_CURVE_WITH_KNOTS('',2,(#10115,#10116,#10117),
 .UNSPECIFIED.,.F.,.F.,(3,3),(0.,1.),.PIECEWISE_BEZIER_KNOTS.);
#481=B_SPLINE_CURVE_WITH_KNOTS('',2,(#10132,#10133,#10134),
 .UNSPECIFIED.,.F.,.F.,(3,3),(0.,1.),.PIECEWISE_BEZIER_KNOTS.);
#482=B_SPLINE_CURVE_WITH_KNOTS('',2,(#10145,#10146,#10147),
 .UNSPECIFIED.,.F.,.F.,(3,3),(0.,1.),.PIECEWISE_BEZIER_KNOTS.);
#483=B_SPLINE_CURVE_WITH_KNOTS('',2,(#10166,#10167,#10168),
 .UNSPECIFIED.,.F.,.F.,(3,3),(0.,1.),.PIECEWISE_BEZIER_KNOTS.);
#484=B_SPLINE_CURVE_WITH_KNOTS('',2,(#10179,#10180,#10181),
 .UNSPECIFIED.,.F.,.F.,(3,3),(0.,1.),.PIECEWISE_BEZIER_KNOTS.);
#485=B_SPLINE_CURVE_WITH_KNOTS('',2,(#10192,#10193,#10194),
 .UNSPECIFIED.,.F.,.F.,(3,3),(0.,1.),.PIECEWISE_BEZIER_KNOTS.);
#486=B_SPLINE_CURVE_WITH_KNOTS('',2,(#10205,#10206,#10207),
 .UNSPECIFIED.,.F.,.F.,(3,3),(0.,1.),.PIECEWISE_BEZIER_KNOTS.);
#487=B_SPLINE_CURVE_WITH_KNOTS('',2,(#10218,#10219,#10220),
 .UNSPECIFIED.,.F.,.F.,(3,3),(0.,1.),.PIECEWISE_BEZIER_KNOTS.);
#488=B_SPLINE_CURVE_WITH_KNOTS('',2,(#10231,#10232,#10233),
 .UNSPECIFIED.,.F.,.F.,(3,3),(0.,1.),.PIECEWISE_BEZIER_KNOTS.);
#489=B_SPLINE_CURVE_WITH_KNOTS('',2,(#10244,#10245,#10246),
 .UNSPECIFIED.,.F.,.F.,(3,3),(0.,1.),.PIECEWISE_BEZIER_KNOTS.);
#490=B_SPLINE_CURVE_WITH_KNOTS('',2,(#10247,#10248,#10249),
 .UNSPECIFIED.,.F.,.F.,(3,3),(0.,1.),.PIECEWISE_BEZIER_KNOTS.);
#491=B_SPLINE_CURVE_WITH_KNOTS('',2,(#10262,#10263,#10264),
 .UNSPECIFIED.,.F.,.F.,(3,3),(0.,1.),.PIECEWISE_BEZIER_KNOTS.);
#492=B_SPLINE_CURVE_WITH_KNOTS('',2,(#10268,#10269,#10270),
 .UNSPECIFIED.,.F.,.F.,(3,3),(0.,1.),.PIECEWISE_BEZIER_KNOTS.);
#493=B_SPLINE_CURVE_WITH_KNOTS('',2,(#10282,#10283,#10284),
 .UNSPECIFIED.,.F.,.F.,(3,3),(0.,1.),.PIECEWISE_BEZIER_KNOTS.);
#494=B_SPLINE_CURVE_WITH_KNOTS('',2,(#10285,#10286,#10287),
 .UNSPECIFIED.,.F.,.F.,(3,3),(0.,1.),.PIECEWISE_BEZIER_KNOTS.);
#495=B_SPLINE_CURVE_WITH_KNOTS('',2,(#10299,#10300,#10301),
 .UNSPECIFIED.,.F.,.F.,(3,3),(0.,1.),.PIECEWISE_BEZIER_KNOTS.);
#496=B_SPLINE_CURVE_WITH_KNOTS('',2,(#10302,#10303,#10304),
 .UNSPECIFIED.,.F.,.F.,(3,3),(0.,1.),.PIECEWISE_BEZIER_KNOTS.);
#497=B_SPLINE_CURVE_WITH_KNOTS('',2,(#10316,#10317,#10318),
 .UNSPECIFIED.,.F.,.F.,(3,3),(0.,1.),.PIECEWISE_BEZIER_KNOTS.);
#498=B_SPLINE_CURVE_WITH_KNOTS('',2,(#10319,#10320,#10321),
 .UNSPECIFIED.,.F.,.F.,(3,3),(0.,1.),.PIECEWISE_BEZIER_KNOTS.);
#499=B_SPLINE_CURVE_WITH_KNOTS('',2,(#10333,#10334,#10335),
 .UNSPECIFIED.,.F.,.F.,(3,3),(0.,1.),.PIECEWISE_BEZIER_KNOTS.);
#500=B_SPLINE_CURVE_WITH_KNOTS('',2,(#10336,#10337,#10338),
 .UNSPECIFIED.,.F.,.F.,(3,3),(0.,1.),.PIECEWISE_BEZIER_KNOTS.);
#501=B_SPLINE_CURVE_WITH_KNOTS('',2,(#10350,#10351,#10352),
 .UNSPECIFIED.,.F.,.F.,(3,3),(0.,1.),.PIECEWISE_BEZIER_KNOTS.);
#502=B_SPLINE_CURVE_WITH_KNOTS('',2,(#10353,#10354,#10355),
 .UNSPECIFIED.,.F.,.F.,(3,3),(0.,1.),.PIECEWISE_BEZIER_KNOTS.);
#503=B_SPLINE_CURVE_WITH_KNOTS('',2,(#10372,#10373,#10374),
 .UNSPECIFIED.,.F.,.F.,(3,3),(0.,1.),.PIECEWISE_BEZIER_KNOTS.);
#504=B_SPLINE_CURVE_WITH_KNOTS('',2,(#10387,#10388,#10389),
 .UNSPECIFIED.,.F.,.F.,(3,3),(0.,1.),.PIECEWISE_BEZIER_KNOTS.);
#505=B_SPLINE_CURVE_WITH_KNOTS('',2,(#10400,#10401,#10402),
 .UNSPECIFIED.,.F.,.F.,(3,3),(0.,1.),.PIECEWISE_BEZIER_KNOTS.);
#506=B_SPLINE_CURVE_WITH_KNOTS('',2,(#10413,#10414,#10415),
 .UNSPECIFIED.,.F.,.F.,(3,3),(0.,1.),.PIECEWISE_BEZIER_KNOTS.);
#507=B_SPLINE_CURVE_WITH_KNOTS('',2,(#10426,#10427,#10428),
 .UNSPECIFIED.,.F.,.F.,(3,3),(0.,1.),.PIECEWISE_BEZIER_KNOTS.);
#508=B_SPLINE_CURVE_WITH_KNOTS('',2,(#10439,#10440,#10441),
 .UNSPECIFIED.,.F.,.F.,(3,3),(0.,1.),.PIECEWISE_BEZIER_KNOTS.);
#509=B_SPLINE_CURVE_WITH_KNOTS('',2,(#10452,#10453,#10454),
 .UNSPECIFIED.,.F.,.F.,(3,3),(0.,1.),.PIECEWISE_BEZIER_KNOTS.);
#510=B_SPLINE_CURVE_WITH_KNOTS('',2,(#10489,#10490,#10491),
 .UNSPECIFIED.,.F.,.F.,(3,3),(0.,1.),.PIECEWISE_BEZIER_KNOTS.);
#511=B_SPLINE_CURVE_WITH_KNOTS('',2,(#10502,#10503,#10504),
 .UNSPECIFIED.,.F.,.F.,(3,3),(0.,1.),.PIECEWISE_BEZIER_KNOTS.);
#512=B_SPLINE_CURVE_WITH_KNOTS('',2,(#10505,#10506,#10507),
 .UNSPECIFIED.,.F.,.F.,(3,3),(0.,1.),.PIECEWISE_BEZIER_KNOTS.);
#513=B_SPLINE_CURVE_WITH_KNOTS('',2,(#10529,#10530,#10531),
 .UNSPECIFIED.,.F.,.F.,(3,3),(0.,1.),.PIECEWISE_BEZIER_KNOTS.);
#514=B_SPLINE_CURVE_WITH_KNOTS('',2,(#10542,#10543,#10544),
 .UNSPECIFIED.,.F.,.F.,(3,3),(0.,1.),.PIECEWISE_BEZIER_KNOTS.);
#515=B_SPLINE_CURVE_WITH_KNOTS('',2,(#10555,#10556,#10557),
 .UNSPECIFIED.,.F.,.F.,(3,3),(0.,1.),.PIECEWISE_BEZIER_KNOTS.);
#516=B_SPLINE_CURVE_WITH_KNOTS('',2,(#10600,#10601,#10602),
 .UNSPECIFIED.,.F.,.F.,(3,3),(0.,1.),.PIECEWISE_BEZIER_KNOTS.);
#517=B_SPLINE_CURVE_WITH_KNOTS('',2,(#10613,#10614,#10615),
 .UNSPECIFIED.,.F.,.F.,(3,3),(0.,1.),.PIECEWISE_BEZIER_KNOTS.);
#518=B_SPLINE_CURVE_WITH_KNOTS('',2,(#10626,#10627,#10628),
 .UNSPECIFIED.,.F.,.F.,(3,3),(0.,1.),.PIECEWISE_BEZIER_KNOTS.);
#519=B_SPLINE_CURVE_WITH_KNOTS('',2,(#10642,#10643,#10644),
 .UNSPECIFIED.,.F.,.F.,(3,3),(0.,1.),.PIECEWISE_BEZIER_KNOTS.);
#520=B_SPLINE_CURVE_WITH_KNOTS('',2,(#10657,#10658,#10659),
 .UNSPECIFIED.,.F.,.F.,(3,3),(0.,1.),.PIECEWISE_BEZIER_KNOTS.);
#521=B_SPLINE_CURVE_WITH_KNOTS('',2,(#10670,#10671,#10672),
 .UNSPECIFIED.,.F.,.F.,(3,3),(0.,1.),.PIECEWISE_BEZIER_KNOTS.);
#522=B_SPLINE_CURVE_WITH_KNOTS('',2,(#10727,#10728,#10729),
 .UNSPECIFIED.,.F.,.F.,(3,3),(0.,1.),.PIECEWISE_BEZIER_KNOTS.);
#523=B_SPLINE_CURVE_WITH_KNOTS('',2,(#10740,#10741,#10742),
 .UNSPECIFIED.,.F.,.F.,(3,3),(0.,1.),.PIECEWISE_BEZIER_KNOTS.);
#524=B_SPLINE_CURVE_WITH_KNOTS('',2,(#10753,#10754,#10755),
 .UNSPECIFIED.,.F.,.F.,(3,3),(0.,1.),.PIECEWISE_BEZIER_KNOTS.);
#525=B_SPLINE_CURVE_WITH_KNOTS('',2,(#10769,#10770,#10771),
 .UNSPECIFIED.,.F.,.F.,(3,3),(0.,1.),.PIECEWISE_BEZIER_KNOTS.);
#526=B_SPLINE_CURVE_WITH_KNOTS('',2,(#10784,#10785,#10786),
 .UNSPECIFIED.,.F.,.F.,(3,3),(0.,1.),.PIECEWISE_BEZIER_KNOTS.);
#527=B_SPLINE_CURVE_WITH_KNOTS('',2,(#10801,#10802,#10803),
 .UNSPECIFIED.,.F.,.F.,(3,3),(0.,1.),.PIECEWISE_BEZIER_KNOTS.);
#528=B_SPLINE_CURVE_WITH_KNOTS('',2,(#10814,#10815,#10816),
 .UNSPECIFIED.,.F.,.F.,(3,3),(0.,1.),.PIECEWISE_BEZIER_KNOTS.);
#529=B_SPLINE_CURVE_WITH_KNOTS('',2,(#10827,#10828,#10829),
 .UNSPECIFIED.,.F.,.F.,(3,3),(0.,1.),.PIECEWISE_BEZIER_KNOTS.);
#530=B_SPLINE_CURVE_WITH_KNOTS('',2,(#10840,#10841,#10842),
 .UNSPECIFIED.,.F.,.F.,(3,3),(0.,1.),.PIECEWISE_BEZIER_KNOTS.);
#531=B_SPLINE_CURVE_WITH_KNOTS('',2,(#10869,#10870,#10871),
 .UNSPECIFIED.,.F.,.F.,(3,3),(0.,1.),.PIECEWISE_BEZIER_KNOTS.);
#532=B_SPLINE_CURVE_WITH_KNOTS('',2,(#10882,#10883,#10884),
 .UNSPECIFIED.,.F.,.F.,(3,3),(0.,1.),.PIECEWISE_BEZIER_KNOTS.);
#533=B_SPLINE_CURVE_WITH_KNOTS('',2,(#10895,#10896,#10897),
 .UNSPECIFIED.,.F.,.F.,(3,3),(0.,1.),.PIECEWISE_BEZIER_KNOTS.);
#534=B_SPLINE_CURVE_WITH_KNOTS('',2,(#10912,#10913,#10914),
 .UNSPECIFIED.,.F.,.F.,(3,3),(0.,1.),.PIECEWISE_BEZIER_KNOTS.);
#535=B_SPLINE_CURVE_WITH_KNOTS('',2,(#10929,#10930,#10931),
 .UNSPECIFIED.,.F.,.F.,(3,3),(0.,1.),.PIECEWISE_BEZIER_KNOTS.);
#536=B_SPLINE_CURVE_WITH_KNOTS('',2,(#10946,#10947,#10948),
 .UNSPECIFIED.,.F.,.F.,(3,3),(0.,1.),.PIECEWISE_BEZIER_KNOTS.);
#537=B_SPLINE_CURVE_WITH_KNOTS('',2,(#10959,#10960,#10961),
 .UNSPECIFIED.,.F.,.F.,(3,3),(0.,1.),.PIECEWISE_BEZIER_KNOTS.);
#538=B_SPLINE_CURVE_WITH_KNOTS('',2,(#10984,#10985,#10986),
 .UNSPECIFIED.,.F.,.F.,(3,3),(0.,1.),.PIECEWISE_BEZIER_KNOTS.);
#539=B_SPLINE_CURVE_WITH_KNOTS('',2,(#10995,#10996,#10997),
 .UNSPECIFIED.,.F.,.F.,(3,3),(0.,1.),.PIECEWISE_BEZIER_KNOTS.);
#540=B_SPLINE_CURVE_WITH_KNOTS('',2,(#11047,#11048,#11049),
 .UNSPECIFIED.,.F.,.F.,(3,3),(0.,1.),.PIECEWISE_BEZIER_KNOTS.);
#541=B_SPLINE_CURVE_WITH_KNOTS('',2,(#11060,#11061,#11062),
 .UNSPECIFIED.,.F.,.F.,(3,3),(0.,1.),.PIECEWISE_BEZIER_KNOTS.);
#542=B_SPLINE_CURVE_WITH_KNOTS('',2,(#11097,#11098,#11099),
 .UNSPECIFIED.,.F.,.F.,(3,3),(0.,1.),.PIECEWISE_BEZIER_KNOTS.);
#543=B_SPLINE_CURVE_WITH_KNOTS('',2,(#11112,#11113,#11114),
 .UNSPECIFIED.,.F.,.F.,(3,3),(0.,1.),.PIECEWISE_BEZIER_KNOTS.);
#544=B_SPLINE_CURVE_WITH_KNOTS('',2,(#11125,#11126,#11127),
 .UNSPECIFIED.,.F.,.F.,(3,3),(0.,1.),.PIECEWISE_BEZIER_KNOTS.);
#545=B_SPLINE_CURVE_WITH_KNOTS('',2,(#11138,#11139,#11140),
 .UNSPECIFIED.,.F.,.F.,(3,3),(0.,1.),.PIECEWISE_BEZIER_KNOTS.);
#546=B_SPLINE_CURVE_WITH_KNOTS('',2,(#11149,#11150,#11151),
 .UNSPECIFIED.,.F.,.F.,(3,3),(0.,1.),.PIECEWISE_BEZIER_KNOTS.);
#547=B_SPLINE_CURVE_WITH_KNOTS('',2,(#11181,#11182,#11183),
 .UNSPECIFIED.,.F.,.F.,(3,3),(0.,1.),.PIECEWISE_BEZIER_KNOTS.);
#548=B_SPLINE_CURVE_WITH_KNOTS('',2,(#11194,#11195,#11196),
 .UNSPECIFIED.,.F.,.F.,(3,3),(0.,1.),.PIECEWISE_BEZIER_KNOTS.);
#549=B_SPLINE_CURVE_WITH_KNOTS('',2,(#11215,#11216,#11217),
 .UNSPECIFIED.,.F.,.F.,(3,3),(0.,1.),.PIECEWISE_BEZIER_KNOTS.);
#550=B_SPLINE_CURVE_WITH_KNOTS('',2,(#11228,#11229,#11230),
 .UNSPECIFIED.,.F.,.F.,(3,3),(0.,1.),.PIECEWISE_BEZIER_KNOTS.);
#551=B_SPLINE_CURVE_WITH_KNOTS('',2,(#11241,#11242,#11243),
 .UNSPECIFIED.,.F.,.F.,(3,3),(0.,1.),.PIECEWISE_BEZIER_KNOTS.);
#552=B_SPLINE_CURVE_WITH_KNOTS('',2,(#11295,#11296,#11297),
 .UNSPECIFIED.,.F.,.F.,(3,3),(0.,1.),.PIECEWISE_BEZIER_KNOTS.);
#553=B_SPLINE_CURVE_WITH_KNOTS('',2,(#11324,#11325,#11326),
 .UNSPECIFIED.,.F.,.F.,(3,3),(0.,1.),.PIECEWISE_BEZIER_KNOTS.);
#554=B_SPLINE_CURVE_WITH_KNOTS('',2,(#11337,#11338,#11339),
 .UNSPECIFIED.,.F.,.F.,(3,3),(0.,1.),.PIECEWISE_BEZIER_KNOTS.);
#555=B_SPLINE_CURVE_WITH_KNOTS('',2,(#11387,#11388,#11389),
 .UNSPECIFIED.,.F.,.F.,(3,3),(0.,1.),.PIECEWISE_BEZIER_KNOTS.);
#556=B_SPLINE_CURVE_WITH_KNOTS('',2,(#11400,#11401,#11402),
 .UNSPECIFIED.,.F.,.F.,(3,3),(0.,1.),.PIECEWISE_BEZIER_KNOTS.);
#557=B_SPLINE_CURVE_WITH_KNOTS('',2,(#11413,#11414,#11415),
 .UNSPECIFIED.,.F.,.F.,(3,3),(0.,1.),.PIECEWISE_BEZIER_KNOTS.);
#558=B_SPLINE_CURVE_WITH_KNOTS('',2,(#11426,#11427,#11428),
 .UNSPECIFIED.,.F.,.F.,(3,3),(0.,1.),.PIECEWISE_BEZIER_KNOTS.);
#559=B_SPLINE_CURVE_WITH_KNOTS('',2,(#11451,#11452,#11453),
 .UNSPECIFIED.,.F.,.F.,(3,3),(0.,1.),.PIECEWISE_BEZIER_KNOTS.);
#560=B_SPLINE_CURVE_WITH_KNOTS('',2,(#11464,#11465,#11466),
 .UNSPECIFIED.,.F.,.F.,(3,3),(0.,1.),.PIECEWISE_BEZIER_KNOTS.);
#561=B_SPLINE_CURVE_WITH_KNOTS('',2,(#11477,#11478,#11479),
 .UNSPECIFIED.,.F.,.F.,(3,3),(0.,1.),.PIECEWISE_BEZIER_KNOTS.);
#562=B_SPLINE_CURVE_WITH_KNOTS('',2,(#11498,#11499,#11500),
 .UNSPECIFIED.,.F.,.F.,(3,3),(0.,1.),.PIECEWISE_BEZIER_KNOTS.);
#563=B_SPLINE_CURVE_WITH_KNOTS('',3,(#11509,#11510,#11511,#11512),
 .UNSPECIFIED.,.F.,.F.,(4,4),(3.91770621535457E-14,6.33867125186683E-5),
 .UNSPECIFIED.);
#564=B_SPLINE_CURVE_WITH_KNOTS('',2,(#11516,#11517,#11518),
 .UNSPECIFIED.,.F.,.F.,(3,3),(0.,1.),.PIECEWISE_BEZIER_KNOTS.);
#565=B_SPLINE_CURVE_WITH_KNOTS('',3,(#11520,#11521,#11522,#11523),
 .UNSPECIFIED.,.F.,.F.,(4,4),(1.56291837681296E-11,0.000664623994577027),
 .UNSPECIFIED.);
#566=B_SPLINE_CURVE_WITH_KNOTS('',3,(#11572,#11573,#11574,#11575),
 .UNSPECIFIED.,.F.,.F.,(4,4),(0.,0.0010831056366532),.UNSPECIFIED.);
#567=B_SPLINE_CURVE_WITH_KNOTS('',2,(#11579,#11580,#11581),
 .UNSPECIFIED.,.F.,.F.,(3,3),(0.,1.),.PIECEWISE_BEZIER_KNOTS.);
#568=B_SPLINE_CURVE_WITH_KNOTS('',3,(#11590,#11591,#11592,#11593),
 .UNSPECIFIED.,.F.,.F.,(4,4),(0.,0.000392308725641274),.UNSPECIFIED.);
#569=B_SPLINE_CURVE_WITH_KNOTS('',2,(#11596,#11597,#11598),
 .UNSPECIFIED.,.F.,.F.,(3,3),(0.,1.),.PIECEWISE_BEZIER_KNOTS.);
#570=B_SPLINE_CURVE_WITH_KNOTS('',2,(#11609,#11610,#11611),
 .UNSPECIFIED.,.F.,.F.,(3,3),(0.,1.),.PIECEWISE_BEZIER_KNOTS.);
#571=B_SPLINE_CURVE_WITH_KNOTS('',2,(#11622,#11623,#11624),
 .UNSPECIFIED.,.F.,.F.,(3,3),(0.,1.),.PIECEWISE_BEZIER_KNOTS.);
#572=ORIENTED_EDGE('',*,*,#2554,.T.);
#573=ORIENTED_EDGE('',*,*,#2555,.T.);
#574=ORIENTED_EDGE('',*,*,#2556,.T.);
#575=ORIENTED_EDGE('',*,*,#2557,.T.);
#576=ORIENTED_EDGE('',*,*,#2558,.T.);
#577=ORIENTED_EDGE('',*,*,#2559,.T.);
#578=ORIENTED_EDGE('',*,*,#2560,.T.);
#579=ORIENTED_EDGE('',*,*,#2561,.T.);
#580=ORIENTED_EDGE('',*,*,#2562,.T.);
#581=ORIENTED_EDGE('',*,*,#2563,.T.);
#582=ORIENTED_EDGE('',*,*,#2564,.T.);
#583=ORIENTED_EDGE('',*,*,#2565,.T.);
#584=ORIENTED_EDGE('',*,*,#2566,.T.);
#585=ORIENTED_EDGE('',*,*,#2567,.T.);
#586=ORIENTED_EDGE('',*,*,#2568,.T.);
#587=ORIENTED_EDGE('',*,*,#2569,.T.);
#588=ORIENTED_EDGE('',*,*,#2570,.T.);
#589=ORIENTED_EDGE('',*,*,#2571,.T.);
#590=ORIENTED_EDGE('',*,*,#2572,.T.);
#591=ORIENTED_EDGE('',*,*,#2573,.T.);
#592=ORIENTED_EDGE('',*,*,#2574,.T.);
#593=ORIENTED_EDGE('',*,*,#2575,.T.);
#594=ORIENTED_EDGE('',*,*,#2576,.T.);
#595=ORIENTED_EDGE('',*,*,#2577,.T.);
#596=ORIENTED_EDGE('',*,*,#2578,.T.);
#597=ORIENTED_EDGE('',*,*,#2579,.T.);
#598=ORIENTED_EDGE('',*,*,#2580,.T.);
#599=ORIENTED_EDGE('',*,*,#2581,.T.);
#600=ORIENTED_EDGE('',*,*,#2582,.T.);
#601=ORIENTED_EDGE('',*,*,#2583,.T.);
#602=ORIENTED_EDGE('',*,*,#2584,.T.);
#603=ORIENTED_EDGE('',*,*,#2585,.T.);
#604=ORIENTED_EDGE('',*,*,#2586,.T.);
#605=ORIENTED_EDGE('',*,*,#2587,.T.);
#606=ORIENTED_EDGE('',*,*,#2588,.T.);
#607=ORIENTED_EDGE('',*,*,#2589,.T.);
#608=ORIENTED_EDGE('',*,*,#2590,.T.);
#609=ORIENTED_EDGE('',*,*,#2591,.T.);
#610=ORIENTED_EDGE('',*,*,#2592,.T.);
#611=ORIENTED_EDGE('',*,*,#2593,.T.);
#612=ORIENTED_EDGE('',*,*,#2594,.T.);
#613=ORIENTED_EDGE('',*,*,#2595,.T.);
#614=ORIENTED_EDGE('',*,*,#2596,.T.);
#615=ORIENTED_EDGE('',*,*,#2597,.T.);
#616=ORIENTED_EDGE('',*,*,#2598,.T.);
#617=ORIENTED_EDGE('',*,*,#2599,.T.);
#618=ORIENTED_EDGE('',*,*,#2600,.T.);
#619=ORIENTED_EDGE('',*,*,#2601,.T.);
#620=ORIENTED_EDGE('',*,*,#2602,.T.);
#621=ORIENTED_EDGE('',*,*,#2603,.T.);
#622=ORIENTED_EDGE('',*,*,#2604,.T.);
#623=ORIENTED_EDGE('',*,*,#2605,.T.);
#624=ORIENTED_EDGE('',*,*,#2606,.T.);
#625=ORIENTED_EDGE('',*,*,#2607,.T.);
#626=ORIENTED_EDGE('',*,*,#2608,.T.);
#627=ORIENTED_EDGE('',*,*,#2609,.T.);
#628=ORIENTED_EDGE('',*,*,#2610,.T.);
#629=ORIENTED_EDGE('',*,*,#2611,.T.);
#630=ORIENTED_EDGE('',*,*,#2612,.T.);
#631=ORIENTED_EDGE('',*,*,#2613,.T.);
#632=ORIENTED_EDGE('',*,*,#2614,.T.);
#633=ORIENTED_EDGE('',*,*,#2615,.T.);
#634=ORIENTED_EDGE('',*,*,#2616,.T.);
#635=ORIENTED_EDGE('',*,*,#2617,.T.);
#636=ORIENTED_EDGE('',*,*,#2618,.T.);
#637=ORIENTED_EDGE('',*,*,#2619,.T.);
#638=ORIENTED_EDGE('',*,*,#2620,.T.);
#639=ORIENTED_EDGE('',*,*,#2621,.T.);
#640=ORIENTED_EDGE('',*,*,#2622,.T.);
#641=ORIENTED_EDGE('',*,*,#2623,.T.);
#642=ORIENTED_EDGE('',*,*,#2624,.T.);
#643=ORIENTED_EDGE('',*,*,#2625,.T.);
#644=ORIENTED_EDGE('',*,*,#2626,.T.);
#645=ORIENTED_EDGE('',*,*,#2627,.T.);
#646=ORIENTED_EDGE('',*,*,#2628,.T.);
#647=ORIENTED_EDGE('',*,*,#2629,.T.);
#648=ORIENTED_EDGE('',*,*,#2630,.T.);
#649=ORIENTED_EDGE('',*,*,#2631,.T.);
#650=ORIENTED_EDGE('',*,*,#2632,.T.);
#651=ORIENTED_EDGE('',*,*,#2633,.T.);
#652=ORIENTED_EDGE('',*,*,#2634,.T.);
#653=ORIENTED_EDGE('',*,*,#2635,.T.);
#654=ORIENTED_EDGE('',*,*,#2636,.T.);
#655=ORIENTED_EDGE('',*,*,#2637,.T.);
#656=ORIENTED_EDGE('',*,*,#2638,.T.);
#657=ORIENTED_EDGE('',*,*,#2639,.T.);
#658=ORIENTED_EDGE('',*,*,#2640,.T.);
#659=ORIENTED_EDGE('',*,*,#2641,.T.);
#660=ORIENTED_EDGE('',*,*,#2642,.T.);
#661=ORIENTED_EDGE('',*,*,#2643,.T.);
#662=ORIENTED_EDGE('',*,*,#2644,.T.);
#663=ORIENTED_EDGE('',*,*,#2645,.T.);
#664=ORIENTED_EDGE('',*,*,#2646,.T.);
#665=ORIENTED_EDGE('',*,*,#2647,.T.);
#666=ORIENTED_EDGE('',*,*,#2648,.T.);
#667=ORIENTED_EDGE('',*,*,#2649,.T.);
#668=ORIENTED_EDGE('',*,*,#2650,.T.);
#669=ORIENTED_EDGE('',*,*,#2651,.T.);
#670=ORIENTED_EDGE('',*,*,#2652,.T.);
#671=ORIENTED_EDGE('',*,*,#2653,.T.);
#672=ORIENTED_EDGE('',*,*,#2654,.T.);
#673=ORIENTED_EDGE('',*,*,#2655,.T.);
#674=ORIENTED_EDGE('',*,*,#2656,.T.);
#675=ORIENTED_EDGE('',*,*,#2657,.T.);
#676=ORIENTED_EDGE('',*,*,#2658,.T.);
#677=ORIENTED_EDGE('',*,*,#2659,.T.);
#678=ORIENTED_EDGE('',*,*,#2660,.T.);
#679=ORIENTED_EDGE('',*,*,#2661,.T.);
#680=ORIENTED_EDGE('',*,*,#2662,.T.);
#681=ORIENTED_EDGE('',*,*,#2663,.T.);
#682=ORIENTED_EDGE('',*,*,#2664,.T.);
#683=ORIENTED_EDGE('',*,*,#2665,.T.);
#684=ORIENTED_EDGE('',*,*,#2666,.T.);
#685=ORIENTED_EDGE('',*,*,#2667,.T.);
#686=ORIENTED_EDGE('',*,*,#2668,.T.);
#687=ORIENTED_EDGE('',*,*,#2669,.T.);
#688=ORIENTED_EDGE('',*,*,#2670,.T.);
#689=ORIENTED_EDGE('',*,*,#2671,.T.);
#690=ORIENTED_EDGE('',*,*,#2672,.T.);
#691=ORIENTED_EDGE('',*,*,#2673,.T.);
#692=ORIENTED_EDGE('',*,*,#2674,.T.);
#693=ORIENTED_EDGE('',*,*,#2675,.T.);
#694=ORIENTED_EDGE('',*,*,#2676,.T.);
#695=ORIENTED_EDGE('',*,*,#2677,.T.);
#696=ORIENTED_EDGE('',*,*,#2678,.T.);
#697=ORIENTED_EDGE('',*,*,#2679,.T.);
#698=ORIENTED_EDGE('',*,*,#2680,.T.);
#699=ORIENTED_EDGE('',*,*,#2681,.T.);
#700=ORIENTED_EDGE('',*,*,#2682,.T.);
#701=ORIENTED_EDGE('',*,*,#2683,.T.);
#702=ORIENTED_EDGE('',*,*,#2684,.T.);
#703=ORIENTED_EDGE('',*,*,#2685,.T.);
#704=ORIENTED_EDGE('',*,*,#2686,.T.);
#705=ORIENTED_EDGE('',*,*,#2687,.T.);
#706=ORIENTED_EDGE('',*,*,#2688,.T.);
#707=ORIENTED_EDGE('',*,*,#2689,.T.);
#708=ORIENTED_EDGE('',*,*,#2690,.T.);
#709=ORIENTED_EDGE('',*,*,#2691,.T.);
#710=ORIENTED_EDGE('',*,*,#2692,.T.);
#711=ORIENTED_EDGE('',*,*,#2693,.T.);
#712=ORIENTED_EDGE('',*,*,#2694,.T.);
#713=ORIENTED_EDGE('',*,*,#2695,.T.);
#714=ORIENTED_EDGE('',*,*,#2696,.T.);
#715=ORIENTED_EDGE('',*,*,#2697,.T.);
#716=ORIENTED_EDGE('',*,*,#2698,.T.);
#717=ORIENTED_EDGE('',*,*,#2699,.T.);
#718=ORIENTED_EDGE('',*,*,#2700,.T.);
#719=ORIENTED_EDGE('',*,*,#2701,.T.);
#720=ORIENTED_EDGE('',*,*,#2702,.T.);
#721=ORIENTED_EDGE('',*,*,#2703,.T.);
#722=ORIENTED_EDGE('',*,*,#2704,.T.);
#723=ORIENTED_EDGE('',*,*,#2705,.T.);
#724=ORIENTED_EDGE('',*,*,#2706,.T.);
#725=ORIENTED_EDGE('',*,*,#2707,.T.);
#726=ORIENTED_EDGE('',*,*,#2708,.T.);
#727=ORIENTED_EDGE('',*,*,#2709,.T.);
#728=ORIENTED_EDGE('',*,*,#2710,.T.);
#729=ORIENTED_EDGE('',*,*,#2711,.T.);
#730=ORIENTED_EDGE('',*,*,#2712,.T.);
#731=ORIENTED_EDGE('',*,*,#2713,.T.);
#732=ORIENTED_EDGE('',*,*,#2714,.T.);
#733=ORIENTED_EDGE('',*,*,#2715,.T.);
#734=ORIENTED_EDGE('',*,*,#2716,.T.);
#735=ORIENTED_EDGE('',*,*,#2717,.T.);
#736=ORIENTED_EDGE('',*,*,#2718,.T.);
#737=ORIENTED_EDGE('',*,*,#2719,.T.);
#738=ORIENTED_EDGE('',*,*,#2720,.T.);
#739=ORIENTED_EDGE('',*,*,#2721,.T.);
#740=ORIENTED_EDGE('',*,*,#2722,.T.);
#741=ORIENTED_EDGE('',*,*,#2723,.T.);
#742=ORIENTED_EDGE('',*,*,#2724,.T.);
#743=ORIENTED_EDGE('',*,*,#2725,.T.);
#744=ORIENTED_EDGE('',*,*,#2726,.T.);
#745=ORIENTED_EDGE('',*,*,#2727,.T.);
#746=ORIENTED_EDGE('',*,*,#2728,.T.);
#747=ORIENTED_EDGE('',*,*,#2729,.T.);
#748=ORIENTED_EDGE('',*,*,#2730,.T.);
#749=ORIENTED_EDGE('',*,*,#2731,.T.);
#750=ORIENTED_EDGE('',*,*,#2732,.T.);
#751=ORIENTED_EDGE('',*,*,#2733,.T.);
#752=ORIENTED_EDGE('',*,*,#2734,.T.);
#753=ORIENTED_EDGE('',*,*,#2735,.T.);
#754=ORIENTED_EDGE('',*,*,#2736,.T.);
#755=ORIENTED_EDGE('',*,*,#2737,.T.);
#756=ORIENTED_EDGE('',*,*,#2738,.T.);
#757=ORIENTED_EDGE('',*,*,#2739,.T.);
#758=ORIENTED_EDGE('',*,*,#2740,.T.);
#759=ORIENTED_EDGE('',*,*,#2741,.T.);
#760=ORIENTED_EDGE('',*,*,#2742,.T.);
#761=ORIENTED_EDGE('',*,*,#2743,.T.);
#762=ORIENTED_EDGE('',*,*,#2744,.T.);
#763=ORIENTED_EDGE('',*,*,#2745,.T.);
#764=ORIENTED_EDGE('',*,*,#2746,.T.);
#765=ORIENTED_EDGE('',*,*,#2747,.T.);
#766=ORIENTED_EDGE('',*,*,#2748,.T.);
#767=ORIENTED_EDGE('',*,*,#2749,.T.);
#768=ORIENTED_EDGE('',*,*,#2750,.T.);
#769=ORIENTED_EDGE('',*,*,#2751,.T.);
#770=ORIENTED_EDGE('',*,*,#2752,.T.);
#771=ORIENTED_EDGE('',*,*,#2753,.T.);
#772=ORIENTED_EDGE('',*,*,#2754,.T.);
#773=ORIENTED_EDGE('',*,*,#2755,.T.);
#774=ORIENTED_EDGE('',*,*,#2756,.T.);
#775=ORIENTED_EDGE('',*,*,#2757,.T.);
#776=ORIENTED_EDGE('',*,*,#2758,.T.);
#777=ORIENTED_EDGE('',*,*,#2759,.T.);
#778=ORIENTED_EDGE('',*,*,#2760,.T.);
#779=ORIENTED_EDGE('',*,*,#2761,.T.);
#780=ORIENTED_EDGE('',*,*,#2762,.T.);
#781=ORIENTED_EDGE('',*,*,#2763,.T.);
#782=ORIENTED_EDGE('',*,*,#2764,.T.);
#783=ORIENTED_EDGE('',*,*,#2765,.T.);
#784=ORIENTED_EDGE('',*,*,#2766,.T.);
#785=ORIENTED_EDGE('',*,*,#2767,.T.);
#786=ORIENTED_EDGE('',*,*,#2768,.T.);
#787=ORIENTED_EDGE('',*,*,#2769,.T.);
#788=ORIENTED_EDGE('',*,*,#2770,.T.);
#789=ORIENTED_EDGE('',*,*,#2771,.T.);
#790=ORIENTED_EDGE('',*,*,#2772,.T.);
#791=ORIENTED_EDGE('',*,*,#2773,.T.);
#792=ORIENTED_EDGE('',*,*,#2774,.T.);
#793=ORIENTED_EDGE('',*,*,#2775,.F.);
#794=ORIENTED_EDGE('',*,*,#2776,.T.);
#795=ORIENTED_EDGE('',*,*,#2777,.T.);
#796=ORIENTED_EDGE('',*,*,#2778,.T.);
#797=ORIENTED_EDGE('',*,*,#2779,.T.);
#798=ORIENTED_EDGE('',*,*,#2780,.T.);
#799=ORIENTED_EDGE('',*,*,#2781,.T.);
#800=ORIENTED_EDGE('',*,*,#2782,.T.);
#801=ORIENTED_EDGE('',*,*,#2783,.T.);
#802=ORIENTED_EDGE('',*,*,#2784,.T.);
#803=ORIENTED_EDGE('',*,*,#2785,.T.);
#804=ORIENTED_EDGE('',*,*,#2786,.T.);
#805=ORIENTED_EDGE('',*,*,#2787,.T.);
#806=ORIENTED_EDGE('',*,*,#2788,.F.);
#807=ORIENTED_EDGE('',*,*,#2789,.T.);
#808=ORIENTED_EDGE('',*,*,#2790,.T.);
#809=ORIENTED_EDGE('',*,*,#2791,.T.);
#810=ORIENTED_EDGE('',*,*,#2792,.F.);
#811=ORIENTED_EDGE('',*,*,#2793,.T.);
#812=ORIENTED_EDGE('',*,*,#2794,.T.);
#813=ORIENTED_EDGE('',*,*,#2795,.T.);
#814=ORIENTED_EDGE('',*,*,#2796,.F.);
#815=ORIENTED_EDGE('',*,*,#2797,.T.);
#816=ORIENTED_EDGE('',*,*,#2798,.T.);
#817=ORIENTED_EDGE('',*,*,#2799,.T.);
#818=ORIENTED_EDGE('',*,*,#2800,.F.);
#819=ORIENTED_EDGE('',*,*,#2801,.F.);
#820=ORIENTED_EDGE('',*,*,#2802,.F.);
#821=ORIENTED_EDGE('',*,*,#2803,.T.);
#822=ORIENTED_EDGE('',*,*,#2804,.F.);
#823=ORIENTED_EDGE('',*,*,#2805,.T.);
#824=ORIENTED_EDGE('',*,*,#2806,.F.);
#825=ORIENTED_EDGE('',*,*,#2807,.T.);
#826=ORIENTED_EDGE('',*,*,#2808,.F.);
#827=ORIENTED_EDGE('',*,*,#2809,.T.);
#828=ORIENTED_EDGE('',*,*,#2810,.F.);
#829=ORIENTED_EDGE('',*,*,#2811,.T.);
#830=ORIENTED_EDGE('',*,*,#2794,.F.);
#831=ORIENTED_EDGE('',*,*,#2812,.T.);
#832=ORIENTED_EDGE('',*,*,#2788,.T.);
#833=ORIENTED_EDGE('',*,*,#2813,.T.);
#834=ORIENTED_EDGE('',*,*,#2775,.T.);
#835=ORIENTED_EDGE('',*,*,#2814,.T.);
#836=ORIENTED_EDGE('',*,*,#2798,.F.);
#837=ORIENTED_EDGE('',*,*,#2815,.T.);
#838=ORIENTED_EDGE('',*,*,#2804,.T.);
#839=ORIENTED_EDGE('',*,*,#2806,.T.);
#840=ORIENTED_EDGE('',*,*,#2808,.T.);
#841=ORIENTED_EDGE('',*,*,#2810,.T.);
#842=ORIENTED_EDGE('',*,*,#2816,.F.);
#843=ORIENTED_EDGE('',*,*,#2817,.T.);
#844=ORIENTED_EDGE('',*,*,#2818,.F.);
#845=ORIENTED_EDGE('',*,*,#2819,.T.);
#846=ORIENTED_EDGE('',*,*,#2820,.F.);
#847=ORIENTED_EDGE('',*,*,#2821,.F.);
#848=ORIENTED_EDGE('',*,*,#2822,.F.);
#849=ORIENTED_EDGE('',*,*,#2818,.T.);
#850=ORIENTED_EDGE('',*,*,#2823,.F.);
#851=ORIENTED_EDGE('',*,*,#2824,.F.);
#852=ORIENTED_EDGE('',*,*,#2825,.F.);
#853=ORIENTED_EDGE('',*,*,#2821,.T.);
#854=ORIENTED_EDGE('',*,*,#2824,.T.);
#855=ORIENTED_EDGE('',*,*,#2826,.T.);
#856=ORIENTED_EDGE('',*,*,#2787,.F.);
#857=ORIENTED_EDGE('',*,*,#2827,.T.);
#858=ORIENTED_EDGE('',*,*,#2790,.F.);
#859=ORIENTED_EDGE('',*,*,#2828,.T.);
#860=ORIENTED_EDGE('',*,*,#2792,.T.);
#861=ORIENTED_EDGE('',*,*,#2829,.T.);
#862=ORIENTED_EDGE('',*,*,#2796,.T.);
#863=ORIENTED_EDGE('',*,*,#2830,.F.);
#864=ORIENTED_EDGE('',*,*,#2819,.F.);
#865=ORIENTED_EDGE('',*,*,#2822,.T.);
#866=ORIENTED_EDGE('',*,*,#2825,.T.);
#867=ORIENTED_EDGE('',*,*,#2827,.F.);
#868=ORIENTED_EDGE('',*,*,#2786,.F.);
#869=ORIENTED_EDGE('',*,*,#2831,.T.);
#870=ORIENTED_EDGE('',*,*,#2800,.T.);
#871=ORIENTED_EDGE('',*,*,#2832,.T.);
#872=ORIENTED_EDGE('',*,*,#2752,.F.);
#873=ORIENTED_EDGE('',*,*,#2833,.T.);
#874=ORIENTED_EDGE('',*,*,#2811,.F.);
#875=ORIENTED_EDGE('',*,*,#2809,.F.);
#876=ORIENTED_EDGE('',*,*,#2807,.F.);
#877=ORIENTED_EDGE('',*,*,#2805,.F.);
#878=ORIENTED_EDGE('',*,*,#2784,.F.);
#879=ORIENTED_EDGE('',*,*,#2826,.F.);
#880=ORIENTED_EDGE('',*,*,#2823,.T.);
#881=ORIENTED_EDGE('',*,*,#2820,.T.);
#882=ORIENTED_EDGE('',*,*,#2817,.F.);
#883=ORIENTED_EDGE('',*,*,#2834,.T.);
#884=ORIENTED_EDGE('',*,*,#2802,.T.);
#885=ORIENTED_EDGE('',*,*,#2835,.F.);
#886=ORIENTED_EDGE('',*,*,#2830,.T.);
#887=ORIENTED_EDGE('',*,*,#2803,.F.);
#888=ORIENTED_EDGE('',*,*,#2834,.F.);
#889=ORIENTED_EDGE('',*,*,#2816,.T.);
#890=ORIENTED_EDGE('',*,*,#2831,.F.);
#891=ORIENTED_EDGE('',*,*,#2785,.F.);
#892=ORIENTED_EDGE('',*,*,#2835,.T.);
#893=ORIENTED_EDGE('',*,*,#2801,.T.);
#894=ORIENTED_EDGE('',*,*,#2836,.F.);
#895=ORIENTED_EDGE('',*,*,#2837,.T.);
#896=ORIENTED_EDGE('',*,*,#2838,.T.);
#897=ORIENTED_EDGE('',*,*,#2839,.F.);
#898=ORIENTED_EDGE('',*,*,#2840,.F.);
#899=ORIENTED_EDGE('',*,*,#2841,.T.);
#900=ORIENTED_EDGE('',*,*,#2836,.T.);
#901=ORIENTED_EDGE('',*,*,#2842,.F.);
#902=ORIENTED_EDGE('',*,*,#2843,.F.);
#903=ORIENTED_EDGE('',*,*,#2844,.T.);
#904=ORIENTED_EDGE('',*,*,#2840,.T.);
#905=ORIENTED_EDGE('',*,*,#2845,.F.);
#906=ORIENTED_EDGE('',*,*,#2846,.F.);
#907=ORIENTED_EDGE('',*,*,#2847,.T.);
#908=ORIENTED_EDGE('',*,*,#2843,.T.);
#909=ORIENTED_EDGE('',*,*,#2848,.F.);
#910=ORIENTED_EDGE('',*,*,#2849,.F.);
#911=ORIENTED_EDGE('',*,*,#2850,.T.);
#912=ORIENTED_EDGE('',*,*,#2846,.T.);
#913=ORIENTED_EDGE('',*,*,#2851,.F.);
#914=ORIENTED_EDGE('',*,*,#2852,.F.);
#915=ORIENTED_EDGE('',*,*,#2853,.T.);
#916=ORIENTED_EDGE('',*,*,#2849,.T.);
#917=ORIENTED_EDGE('',*,*,#2854,.F.);
#918=ORIENTED_EDGE('',*,*,#2855,.F.);
#919=ORIENTED_EDGE('',*,*,#2856,.T.);
#920=ORIENTED_EDGE('',*,*,#2852,.T.);
#921=ORIENTED_EDGE('',*,*,#2857,.F.);
#922=ORIENTED_EDGE('',*,*,#2858,.F.);
#923=ORIENTED_EDGE('',*,*,#2859,.T.);
#924=ORIENTED_EDGE('',*,*,#2855,.T.);
#925=ORIENTED_EDGE('',*,*,#2860,.F.);
#926=ORIENTED_EDGE('',*,*,#2861,.F.);
#927=ORIENTED_EDGE('',*,*,#2862,.T.);
#928=ORIENTED_EDGE('',*,*,#2863,.T.);
#929=ORIENTED_EDGE('',*,*,#2778,.F.);
#930=ORIENTED_EDGE('',*,*,#2777,.F.);
#931=ORIENTED_EDGE('',*,*,#2864,.T.);
#932=ORIENTED_EDGE('',*,*,#2865,.F.);
#933=ORIENTED_EDGE('',*,*,#2866,.T.);
#934=ORIENTED_EDGE('',*,*,#2861,.T.);
#935=ORIENTED_EDGE('',*,*,#2865,.T.);
#936=ORIENTED_EDGE('',*,*,#2867,.T.);
#937=ORIENTED_EDGE('',*,*,#2868,.F.);
#938=ORIENTED_EDGE('',*,*,#2869,.T.);
#939=ORIENTED_EDGE('',*,*,#2868,.T.);
#940=ORIENTED_EDGE('',*,*,#2870,.T.);
#941=ORIENTED_EDGE('',*,*,#2871,.F.);
#942=ORIENTED_EDGE('',*,*,#2872,.T.);
#943=ORIENTED_EDGE('',*,*,#2871,.T.);
#944=ORIENTED_EDGE('',*,*,#2873,.T.);
#945=ORIENTED_EDGE('',*,*,#2874,.F.);
#946=ORIENTED_EDGE('',*,*,#2875,.T.);
#947=ORIENTED_EDGE('',*,*,#2874,.T.);
#948=ORIENTED_EDGE('',*,*,#2876,.T.);
#949=ORIENTED_EDGE('',*,*,#2877,.F.);
#950=ORIENTED_EDGE('',*,*,#2878,.T.);
#951=ORIENTED_EDGE('',*,*,#2877,.T.);
#952=ORIENTED_EDGE('',*,*,#2879,.T.);
#953=ORIENTED_EDGE('',*,*,#2880,.F.);
#954=ORIENTED_EDGE('',*,*,#2881,.T.);
#955=ORIENTED_EDGE('',*,*,#2880,.T.);
#956=ORIENTED_EDGE('',*,*,#2882,.T.);
#957=ORIENTED_EDGE('',*,*,#2883,.F.);
#958=ORIENTED_EDGE('',*,*,#2884,.T.);
#959=ORIENTED_EDGE('',*,*,#2883,.T.);
#960=ORIENTED_EDGE('',*,*,#2885,.T.);
#961=ORIENTED_EDGE('',*,*,#2886,.F.);
#962=ORIENTED_EDGE('',*,*,#2887,.T.);
#963=ORIENTED_EDGE('',*,*,#2886,.T.);
#964=ORIENTED_EDGE('',*,*,#2888,.T.);
#965=ORIENTED_EDGE('',*,*,#2889,.F.);
#966=ORIENTED_EDGE('',*,*,#2890,.T.);
#967=ORIENTED_EDGE('',*,*,#2889,.T.);
#968=ORIENTED_EDGE('',*,*,#2891,.T.);
#969=ORIENTED_EDGE('',*,*,#2782,.F.);
#970=ORIENTED_EDGE('',*,*,#2892,.F.);
#971=ORIENTED_EDGE('',*,*,#2893,.T.);
#972=ORIENTED_EDGE('',*,*,#2894,.F.);
#973=ORIENTED_EDGE('',*,*,#2895,.T.);
#974=ORIENTED_EDGE('',*,*,#2892,.T.);
#975=ORIENTED_EDGE('',*,*,#2781,.F.);
#976=ORIENTED_EDGE('',*,*,#2896,.F.);
#977=ORIENTED_EDGE('',*,*,#2897,.T.);
#978=ORIENTED_EDGE('',*,*,#2894,.T.);
#979=ORIENTED_EDGE('',*,*,#2780,.F.);
#980=ORIENTED_EDGE('',*,*,#2863,.F.);
#981=ORIENTED_EDGE('',*,*,#2898,.T.);
#982=ORIENTED_EDGE('',*,*,#2896,.T.);
#983=ORIENTED_EDGE('',*,*,#2779,.F.);
#984=ORIENTED_EDGE('',*,*,#2838,.F.);
#985=ORIENTED_EDGE('',*,*,#2899,.T.);
#986=ORIENTED_EDGE('',*,*,#2858,.T.);
#987=ORIENTED_EDGE('',*,*,#2900,.F.);
#988=ORIENTED_EDGE('',*,*,#2862,.F.);
#989=ORIENTED_EDGE('',*,*,#2866,.F.);
#990=ORIENTED_EDGE('',*,*,#2869,.F.);
#991=ORIENTED_EDGE('',*,*,#2872,.F.);
#992=ORIENTED_EDGE('',*,*,#2875,.F.);
#993=ORIENTED_EDGE('',*,*,#2878,.F.);
#994=ORIENTED_EDGE('',*,*,#2881,.F.);
#995=ORIENTED_EDGE('',*,*,#2884,.F.);
#996=ORIENTED_EDGE('',*,*,#2887,.F.);
#997=ORIENTED_EDGE('',*,*,#2890,.F.);
#998=ORIENTED_EDGE('',*,*,#2893,.F.);
#999=ORIENTED_EDGE('',*,*,#2895,.F.);
#1000=ORIENTED_EDGE('',*,*,#2897,.F.);
#1001=ORIENTED_EDGE('',*,*,#2898,.F.);
#1002=ORIENTED_EDGE('',*,*,#2837,.F.);
#1003=ORIENTED_EDGE('',*,*,#2841,.F.);
#1004=ORIENTED_EDGE('',*,*,#2844,.F.);
#1005=ORIENTED_EDGE('',*,*,#2847,.F.);
#1006=ORIENTED_EDGE('',*,*,#2850,.F.);
#1007=ORIENTED_EDGE('',*,*,#2853,.F.);
#1008=ORIENTED_EDGE('',*,*,#2856,.F.);
#1009=ORIENTED_EDGE('',*,*,#2859,.F.);
#1010=ORIENTED_EDGE('',*,*,#2899,.F.);
#1011=ORIENTED_EDGE('',*,*,#2901,.F.);
#1012=ORIENTED_EDGE('',*,*,#2902,.T.);
#1013=ORIENTED_EDGE('',*,*,#2903,.T.);
#1014=ORIENTED_EDGE('',*,*,#2904,.F.);
#1015=ORIENTED_EDGE('',*,*,#2905,.F.);
#1016=ORIENTED_EDGE('',*,*,#2906,.T.);
#1017=ORIENTED_EDGE('',*,*,#2901,.T.);
#1018=ORIENTED_EDGE('',*,*,#2907,.F.);
#1019=ORIENTED_EDGE('',*,*,#2908,.F.);
#1020=ORIENTED_EDGE('',*,*,#2909,.T.);
#1021=ORIENTED_EDGE('',*,*,#2905,.T.);
#1022=ORIENTED_EDGE('',*,*,#2910,.F.);
#1023=ORIENTED_EDGE('',*,*,#2911,.F.);
#1024=ORIENTED_EDGE('',*,*,#2912,.T.);
#1025=ORIENTED_EDGE('',*,*,#2908,.T.);
#1026=ORIENTED_EDGE('',*,*,#2913,.F.);
#1027=ORIENTED_EDGE('',*,*,#2914,.F.);
#1028=ORIENTED_EDGE('',*,*,#2915,.T.);
#1029=ORIENTED_EDGE('',*,*,#2911,.T.);
#1030=ORIENTED_EDGE('',*,*,#2916,.F.);
#1031=ORIENTED_EDGE('',*,*,#2917,.F.);
#1032=ORIENTED_EDGE('',*,*,#2918,.T.);
#1033=ORIENTED_EDGE('',*,*,#2914,.T.);
#1034=ORIENTED_EDGE('',*,*,#2919,.F.);
#1035=ORIENTED_EDGE('',*,*,#2920,.F.);
#1036=ORIENTED_EDGE('',*,*,#2921,.T.);
#1037=ORIENTED_EDGE('',*,*,#2922,.T.);
#1038=ORIENTED_EDGE('',*,*,#2573,.F.);
#1039=ORIENTED_EDGE('',*,*,#2923,.F.);
#1040=ORIENTED_EDGE('',*,*,#2924,.T.);
#1041=ORIENTED_EDGE('',*,*,#2920,.T.);
#1042=ORIENTED_EDGE('',*,*,#2572,.F.);
#1043=ORIENTED_EDGE('',*,*,#2925,.F.);
#1044=ORIENTED_EDGE('',*,*,#2926,.T.);
#1045=ORIENTED_EDGE('',*,*,#2923,.T.);
#1046=ORIENTED_EDGE('',*,*,#2589,.F.);
#1047=ORIENTED_EDGE('',*,*,#2927,.F.);
#1048=ORIENTED_EDGE('',*,*,#2928,.T.);
#1049=ORIENTED_EDGE('',*,*,#2925,.T.);
#1050=ORIENTED_EDGE('',*,*,#2588,.F.);
#1051=ORIENTED_EDGE('',*,*,#2929,.F.);
#1052=ORIENTED_EDGE('',*,*,#2930,.T.);
#1053=ORIENTED_EDGE('',*,*,#2927,.T.);
#1054=ORIENTED_EDGE('',*,*,#2587,.F.);
#1055=ORIENTED_EDGE('',*,*,#2931,.F.);
#1056=ORIENTED_EDGE('',*,*,#2932,.T.);
#1057=ORIENTED_EDGE('',*,*,#2929,.T.);
#1058=ORIENTED_EDGE('',*,*,#2586,.F.);
#1059=ORIENTED_EDGE('',*,*,#2933,.F.);
#1060=ORIENTED_EDGE('',*,*,#2934,.T.);
#1061=ORIENTED_EDGE('',*,*,#2931,.T.);
#1062=ORIENTED_EDGE('',*,*,#2585,.F.);
#1063=ORIENTED_EDGE('',*,*,#2935,.F.);
#1064=ORIENTED_EDGE('',*,*,#2936,.T.);
#1065=ORIENTED_EDGE('',*,*,#2933,.T.);
#1066=ORIENTED_EDGE('',*,*,#2584,.F.);
#1067=ORIENTED_EDGE('',*,*,#2937,.F.);
#1068=ORIENTED_EDGE('',*,*,#2938,.T.);
#1069=ORIENTED_EDGE('',*,*,#2935,.T.);
#1070=ORIENTED_EDGE('',*,*,#2583,.F.);
#1071=ORIENTED_EDGE('',*,*,#2939,.F.);
#1072=ORIENTED_EDGE('',*,*,#2940,.T.);
#1073=ORIENTED_EDGE('',*,*,#2937,.T.);
#1074=ORIENTED_EDGE('',*,*,#2582,.F.);
#1075=ORIENTED_EDGE('',*,*,#2941,.F.);
#1076=ORIENTED_EDGE('',*,*,#2942,.T.);
#1077=ORIENTED_EDGE('',*,*,#2939,.T.);
#1078=ORIENTED_EDGE('',*,*,#2581,.F.);
#1079=ORIENTED_EDGE('',*,*,#2943,.F.);
#1080=ORIENTED_EDGE('',*,*,#2944,.T.);
#1081=ORIENTED_EDGE('',*,*,#2941,.T.);
#1082=ORIENTED_EDGE('',*,*,#2580,.F.);
#1083=ORIENTED_EDGE('',*,*,#2945,.F.);
#1084=ORIENTED_EDGE('',*,*,#2946,.T.);
#1085=ORIENTED_EDGE('',*,*,#2943,.T.);
#1086=ORIENTED_EDGE('',*,*,#2579,.F.);
#1087=ORIENTED_EDGE('',*,*,#2947,.F.);
#1088=ORIENTED_EDGE('',*,*,#2948,.T.);
#1089=ORIENTED_EDGE('',*,*,#2945,.T.);
#1090=ORIENTED_EDGE('',*,*,#2578,.F.);
#1091=ORIENTED_EDGE('',*,*,#2949,.F.);
#1092=ORIENTED_EDGE('',*,*,#2950,.T.);
#1093=ORIENTED_EDGE('',*,*,#2947,.T.);
#1094=ORIENTED_EDGE('',*,*,#2577,.F.);
#1095=ORIENTED_EDGE('',*,*,#2951,.F.);
#1096=ORIENTED_EDGE('',*,*,#2952,.T.);
#1097=ORIENTED_EDGE('',*,*,#2949,.T.);
#1098=ORIENTED_EDGE('',*,*,#2576,.F.);
#1099=ORIENTED_EDGE('',*,*,#2953,.F.);
#1100=ORIENTED_EDGE('',*,*,#2954,.T.);
#1101=ORIENTED_EDGE('',*,*,#2951,.T.);
#1102=ORIENTED_EDGE('',*,*,#2575,.F.);
#1103=ORIENTED_EDGE('',*,*,#2922,.F.);
#1104=ORIENTED_EDGE('',*,*,#2955,.T.);
#1105=ORIENTED_EDGE('',*,*,#2953,.T.);
#1106=ORIENTED_EDGE('',*,*,#2574,.F.);
#1107=ORIENTED_EDGE('',*,*,#2903,.F.);
#1108=ORIENTED_EDGE('',*,*,#2956,.T.);
#1109=ORIENTED_EDGE('',*,*,#2917,.T.);
#1110=ORIENTED_EDGE('',*,*,#2957,.F.);
#1111=ORIENTED_EDGE('',*,*,#2921,.F.);
#1112=ORIENTED_EDGE('',*,*,#2924,.F.);
#1113=ORIENTED_EDGE('',*,*,#2926,.F.);
#1114=ORIENTED_EDGE('',*,*,#2928,.F.);
#1115=ORIENTED_EDGE('',*,*,#2930,.F.);
#1116=ORIENTED_EDGE('',*,*,#2932,.F.);
#1117=ORIENTED_EDGE('',*,*,#2934,.F.);
#1118=ORIENTED_EDGE('',*,*,#2936,.F.);
#1119=ORIENTED_EDGE('',*,*,#2938,.F.);
#1120=ORIENTED_EDGE('',*,*,#2940,.F.);
#1121=ORIENTED_EDGE('',*,*,#2942,.F.);
#1122=ORIENTED_EDGE('',*,*,#2944,.F.);
#1123=ORIENTED_EDGE('',*,*,#2946,.F.);
#1124=ORIENTED_EDGE('',*,*,#2948,.F.);
#1125=ORIENTED_EDGE('',*,*,#2950,.F.);
#1126=ORIENTED_EDGE('',*,*,#2952,.F.);
#1127=ORIENTED_EDGE('',*,*,#2954,.F.);
#1128=ORIENTED_EDGE('',*,*,#2955,.F.);
#1129=ORIENTED_EDGE('',*,*,#2902,.F.);
#1130=ORIENTED_EDGE('',*,*,#2906,.F.);
#1131=ORIENTED_EDGE('',*,*,#2909,.F.);
#1132=ORIENTED_EDGE('',*,*,#2912,.F.);
#1133=ORIENTED_EDGE('',*,*,#2915,.F.);
#1134=ORIENTED_EDGE('',*,*,#2918,.F.);
#1135=ORIENTED_EDGE('',*,*,#2956,.F.);
#1136=ORIENTED_EDGE('',*,*,#2958,.F.);
#1137=ORIENTED_EDGE('',*,*,#2959,.T.);
#1138=ORIENTED_EDGE('',*,*,#2960,.T.);
#1139=ORIENTED_EDGE('',*,*,#2591,.F.);
#1140=ORIENTED_EDGE('',*,*,#2961,.F.);
#1141=ORIENTED_EDGE('',*,*,#2962,.T.);
#1142=ORIENTED_EDGE('',*,*,#2958,.T.);
#1143=ORIENTED_EDGE('',*,*,#2590,.F.);
#1144=ORIENTED_EDGE('',*,*,#2963,.F.);
#1145=ORIENTED_EDGE('',*,*,#2964,.T.);
#1146=ORIENTED_EDGE('',*,*,#2961,.T.);
#1147=ORIENTED_EDGE('',*,*,#2603,.F.);
#1148=ORIENTED_EDGE('',*,*,#2965,.F.);
#1149=ORIENTED_EDGE('',*,*,#2966,.T.);
#1150=ORIENTED_EDGE('',*,*,#2963,.T.);
#1151=ORIENTED_EDGE('',*,*,#2602,.F.);
#1152=ORIENTED_EDGE('',*,*,#2967,.F.);
#1153=ORIENTED_EDGE('',*,*,#2968,.T.);
#1154=ORIENTED_EDGE('',*,*,#2965,.T.);
#1155=ORIENTED_EDGE('',*,*,#2601,.F.);
#1156=ORIENTED_EDGE('',*,*,#2969,.F.);
#1157=ORIENTED_EDGE('',*,*,#2970,.T.);
#1158=ORIENTED_EDGE('',*,*,#2967,.T.);
#1159=ORIENTED_EDGE('',*,*,#2600,.F.);
#1160=ORIENTED_EDGE('',*,*,#2971,.F.);
#1161=ORIENTED_EDGE('',*,*,#2972,.T.);
#1162=ORIENTED_EDGE('',*,*,#2969,.T.);
#1163=ORIENTED_EDGE('',*,*,#2599,.F.);
#1164=ORIENTED_EDGE('',*,*,#2973,.F.);
#1165=ORIENTED_EDGE('',*,*,#2974,.T.);
#1166=ORIENTED_EDGE('',*,*,#2971,.T.);
#1167=ORIENTED_EDGE('',*,*,#2598,.F.);
#1168=ORIENTED_EDGE('',*,*,#2975,.F.);
#1169=ORIENTED_EDGE('',*,*,#2976,.T.);
#1170=ORIENTED_EDGE('',*,*,#2973,.T.);
#1171=ORIENTED_EDGE('',*,*,#2597,.F.);
#1172=ORIENTED_EDGE('',*,*,#2977,.F.);
#1173=ORIENTED_EDGE('',*,*,#2978,.T.);
#1174=ORIENTED_EDGE('',*,*,#2975,.T.);
#1175=ORIENTED_EDGE('',*,*,#2596,.F.);
#1176=ORIENTED_EDGE('',*,*,#2979,.F.);
#1177=ORIENTED_EDGE('',*,*,#2980,.T.);
#1178=ORIENTED_EDGE('',*,*,#2977,.T.);
#1179=ORIENTED_EDGE('',*,*,#2595,.F.);
#1180=ORIENTED_EDGE('',*,*,#2981,.F.);
#1181=ORIENTED_EDGE('',*,*,#2982,.T.);
#1182=ORIENTED_EDGE('',*,*,#2979,.T.);
#1183=ORIENTED_EDGE('',*,*,#2594,.F.);
#1184=ORIENTED_EDGE('',*,*,#2983,.F.);
#1185=ORIENTED_EDGE('',*,*,#2984,.T.);
#1186=ORIENTED_EDGE('',*,*,#2981,.T.);
#1187=ORIENTED_EDGE('',*,*,#2593,.F.);
#1188=ORIENTED_EDGE('',*,*,#2960,.F.);
#1189=ORIENTED_EDGE('',*,*,#2985,.T.);
#1190=ORIENTED_EDGE('',*,*,#2983,.T.);
#1191=ORIENTED_EDGE('',*,*,#2592,.F.);
#1192=ORIENTED_EDGE('',*,*,#2959,.F.);
#1193=ORIENTED_EDGE('',*,*,#2962,.F.);
#1194=ORIENTED_EDGE('',*,*,#2964,.F.);
#1195=ORIENTED_EDGE('',*,*,#2966,.F.);
#1196=ORIENTED_EDGE('',*,*,#2968,.F.);
#1197=ORIENTED_EDGE('',*,*,#2970,.F.);
#1198=ORIENTED_EDGE('',*,*,#2972,.F.);
#1199=ORIENTED_EDGE('',*,*,#2974,.F.);
#1200=ORIENTED_EDGE('',*,*,#2976,.F.);
#1201=ORIENTED_EDGE('',*,*,#2978,.F.);
#1202=ORIENTED_EDGE('',*,*,#2980,.F.);
#1203=ORIENTED_EDGE('',*,*,#2982,.F.);
#1204=ORIENTED_EDGE('',*,*,#2984,.F.);
#1205=ORIENTED_EDGE('',*,*,#2985,.F.);
#1206=ORIENTED_EDGE('',*,*,#2986,.F.);
#1207=ORIENTED_EDGE('',*,*,#2987,.T.);
#1208=ORIENTED_EDGE('',*,*,#2988,.T.);
#1209=ORIENTED_EDGE('',*,*,#2605,.F.);
#1210=ORIENTED_EDGE('',*,*,#2989,.F.);
#1211=ORIENTED_EDGE('',*,*,#2990,.T.);
#1212=ORIENTED_EDGE('',*,*,#2986,.T.);
#1213=ORIENTED_EDGE('',*,*,#2604,.F.);
#1214=ORIENTED_EDGE('',*,*,#2991,.F.);
#1215=ORIENTED_EDGE('',*,*,#2992,.T.);
#1216=ORIENTED_EDGE('',*,*,#2989,.T.);
#1217=ORIENTED_EDGE('',*,*,#2618,.F.);
#1218=ORIENTED_EDGE('',*,*,#2993,.F.);
#1219=ORIENTED_EDGE('',*,*,#2994,.T.);
#1220=ORIENTED_EDGE('',*,*,#2991,.T.);
#1221=ORIENTED_EDGE('',*,*,#2617,.F.);
#1222=ORIENTED_EDGE('',*,*,#2995,.F.);
#1223=ORIENTED_EDGE('',*,*,#2996,.T.);
#1224=ORIENTED_EDGE('',*,*,#2993,.T.);
#1225=ORIENTED_EDGE('',*,*,#2616,.F.);
#1226=ORIENTED_EDGE('',*,*,#2997,.F.);
#1227=ORIENTED_EDGE('',*,*,#2998,.T.);
#1228=ORIENTED_EDGE('',*,*,#2995,.T.);
#1229=ORIENTED_EDGE('',*,*,#2615,.F.);
#1230=ORIENTED_EDGE('',*,*,#2999,.F.);
#1231=ORIENTED_EDGE('',*,*,#3000,.T.);
#1232=ORIENTED_EDGE('',*,*,#2997,.T.);
#1233=ORIENTED_EDGE('',*,*,#2614,.F.);
#1234=ORIENTED_EDGE('',*,*,#3001,.F.);
#1235=ORIENTED_EDGE('',*,*,#3002,.T.);
#1236=ORIENTED_EDGE('',*,*,#2999,.T.);
#1237=ORIENTED_EDGE('',*,*,#2613,.F.);
#1238=ORIENTED_EDGE('',*,*,#3003,.F.);
#1239=ORIENTED_EDGE('',*,*,#3004,.T.);
#1240=ORIENTED_EDGE('',*,*,#3001,.T.);
#1241=ORIENTED_EDGE('',*,*,#2612,.F.);
#1242=ORIENTED_EDGE('',*,*,#3005,.F.);
#1243=ORIENTED_EDGE('',*,*,#3006,.T.);
#1244=ORIENTED_EDGE('',*,*,#3003,.T.);
#1245=ORIENTED_EDGE('',*,*,#2611,.F.);
#1246=ORIENTED_EDGE('',*,*,#3007,.F.);
#1247=ORIENTED_EDGE('',*,*,#3008,.T.);
#1248=ORIENTED_EDGE('',*,*,#3005,.T.);
#1249=ORIENTED_EDGE('',*,*,#2610,.F.);
#1250=ORIENTED_EDGE('',*,*,#3009,.F.);
#1251=ORIENTED_EDGE('',*,*,#3010,.T.);
#1252=ORIENTED_EDGE('',*,*,#3007,.T.);
#1253=ORIENTED_EDGE('',*,*,#2609,.F.);
#1254=ORIENTED_EDGE('',*,*,#3011,.F.);
#1255=ORIENTED_EDGE('',*,*,#3012,.T.);
#1256=ORIENTED_EDGE('',*,*,#3009,.T.);
#1257=ORIENTED_EDGE('',*,*,#2608,.F.);
#1258=ORIENTED_EDGE('',*,*,#3013,.F.);
#1259=ORIENTED_EDGE('',*,*,#3014,.T.);
#1260=ORIENTED_EDGE('',*,*,#3011,.T.);
#1261=ORIENTED_EDGE('',*,*,#2607,.F.);
#1262=ORIENTED_EDGE('',*,*,#2988,.F.);
#1263=ORIENTED_EDGE('',*,*,#3015,.T.);
#1264=ORIENTED_EDGE('',*,*,#3013,.T.);
#1265=ORIENTED_EDGE('',*,*,#2606,.F.);
#1266=ORIENTED_EDGE('',*,*,#2987,.F.);
#1267=ORIENTED_EDGE('',*,*,#2990,.F.);
#1268=ORIENTED_EDGE('',*,*,#2992,.F.);
#1269=ORIENTED_EDGE('',*,*,#2994,.F.);
#1270=ORIENTED_EDGE('',*,*,#2996,.F.);
#1271=ORIENTED_EDGE('',*,*,#2998,.F.);
#1272=ORIENTED_EDGE('',*,*,#3000,.F.);
#1273=ORIENTED_EDGE('',*,*,#3002,.F.);
#1274=ORIENTED_EDGE('',*,*,#3004,.F.);
#1275=ORIENTED_EDGE('',*,*,#3006,.F.);
#1276=ORIENTED_EDGE('',*,*,#3008,.F.);
#1277=ORIENTED_EDGE('',*,*,#3010,.F.);
#1278=ORIENTED_EDGE('',*,*,#3012,.F.);
#1279=ORIENTED_EDGE('',*,*,#3014,.F.);
#1280=ORIENTED_EDGE('',*,*,#3015,.F.);
#1281=ORIENTED_EDGE('',*,*,#3016,.F.);
#1282=ORIENTED_EDGE('',*,*,#3017,.T.);
#1283=ORIENTED_EDGE('',*,*,#3018,.T.);
#1284=ORIENTED_EDGE('',*,*,#3019,.F.);
#1285=ORIENTED_EDGE('',*,*,#3020,.F.);
#1286=ORIENTED_EDGE('',*,*,#3021,.T.);
#1287=ORIENTED_EDGE('',*,*,#3016,.T.);
#1288=ORIENTED_EDGE('',*,*,#3022,.F.);
#1289=ORIENTED_EDGE('',*,*,#3023,.F.);
#1290=ORIENTED_EDGE('',*,*,#3024,.T.);
#1291=ORIENTED_EDGE('',*,*,#3020,.T.);
#1292=ORIENTED_EDGE('',*,*,#3025,.F.);
#1293=ORIENTED_EDGE('',*,*,#3026,.F.);
#1294=ORIENTED_EDGE('',*,*,#3027,.T.);
#1295=ORIENTED_EDGE('',*,*,#3023,.T.);
#1296=ORIENTED_EDGE('',*,*,#3028,.F.);
#1297=ORIENTED_EDGE('',*,*,#3029,.F.);
#1298=ORIENTED_EDGE('',*,*,#3030,.T.);
#1299=ORIENTED_EDGE('',*,*,#3026,.T.);
#1300=ORIENTED_EDGE('',*,*,#3031,.F.);
#1301=ORIENTED_EDGE('',*,*,#3032,.F.);
#1302=ORIENTED_EDGE('',*,*,#3033,.T.);
#1303=ORIENTED_EDGE('',*,*,#3029,.T.);
#1304=ORIENTED_EDGE('',*,*,#3034,.F.);
#1305=ORIENTED_EDGE('',*,*,#3035,.F.);
#1306=ORIENTED_EDGE('',*,*,#3036,.T.);
#1307=ORIENTED_EDGE('',*,*,#3037,.T.);
#1308=ORIENTED_EDGE('',*,*,#2555,.F.);
#1309=ORIENTED_EDGE('',*,*,#3038,.F.);
#1310=ORIENTED_EDGE('',*,*,#3039,.T.);
#1311=ORIENTED_EDGE('',*,*,#3035,.T.);
#1312=ORIENTED_EDGE('',*,*,#2554,.F.);
#1313=ORIENTED_EDGE('',*,*,#3040,.F.);
#1314=ORIENTED_EDGE('',*,*,#3041,.T.);
#1315=ORIENTED_EDGE('',*,*,#3038,.T.);
#1316=ORIENTED_EDGE('',*,*,#2571,.F.);
#1317=ORIENTED_EDGE('',*,*,#3042,.F.);
#1318=ORIENTED_EDGE('',*,*,#3043,.T.);
#1319=ORIENTED_EDGE('',*,*,#3040,.T.);
#1320=ORIENTED_EDGE('',*,*,#2570,.F.);
#1321=ORIENTED_EDGE('',*,*,#3044,.F.);
#1322=ORIENTED_EDGE('',*,*,#3045,.T.);
#1323=ORIENTED_EDGE('',*,*,#3042,.T.);
#1324=ORIENTED_EDGE('',*,*,#2569,.F.);
#1325=ORIENTED_EDGE('',*,*,#3046,.F.);
#1326=ORIENTED_EDGE('',*,*,#3047,.T.);
#1327=ORIENTED_EDGE('',*,*,#3044,.T.);
#1328=ORIENTED_EDGE('',*,*,#2568,.F.);
#1329=ORIENTED_EDGE('',*,*,#3048,.F.);
#1330=ORIENTED_EDGE('',*,*,#3049,.T.);
#1331=ORIENTED_EDGE('',*,*,#3046,.T.);
#1332=ORIENTED_EDGE('',*,*,#2567,.F.);
#1333=ORIENTED_EDGE('',*,*,#3050,.F.);
#1334=ORIENTED_EDGE('',*,*,#3051,.T.);
#1335=ORIENTED_EDGE('',*,*,#3048,.T.);
#1336=ORIENTED_EDGE('',*,*,#2566,.F.);
#1337=ORIENTED_EDGE('',*,*,#3052,.F.);
#1338=ORIENTED_EDGE('',*,*,#3053,.T.);
#1339=ORIENTED_EDGE('',*,*,#3050,.T.);
#1340=ORIENTED_EDGE('',*,*,#2565,.F.);
#1341=ORIENTED_EDGE('',*,*,#3054,.F.);
#1342=ORIENTED_EDGE('',*,*,#3055,.T.);
#1343=ORIENTED_EDGE('',*,*,#3052,.T.);
#1344=ORIENTED_EDGE('',*,*,#2564,.F.);
#1345=ORIENTED_EDGE('',*,*,#3056,.F.);
#1346=ORIENTED_EDGE('',*,*,#3057,.T.);
#1347=ORIENTED_EDGE('',*,*,#3054,.T.);
#1348=ORIENTED_EDGE('',*,*,#2563,.F.);
#1349=ORIENTED_EDGE('',*,*,#3058,.F.);
#1350=ORIENTED_EDGE('',*,*,#3059,.T.);
#1351=ORIENTED_EDGE('',*,*,#3056,.T.);
#1352=ORIENTED_EDGE('',*,*,#2562,.F.);
#1353=ORIENTED_EDGE('',*,*,#3060,.F.);
#1354=ORIENTED_EDGE('',*,*,#3061,.T.);
#1355=ORIENTED_EDGE('',*,*,#3058,.T.);
#1356=ORIENTED_EDGE('',*,*,#2561,.F.);
#1357=ORIENTED_EDGE('',*,*,#3062,.F.);
#1358=ORIENTED_EDGE('',*,*,#3063,.T.);
#1359=ORIENTED_EDGE('',*,*,#3060,.T.);
#1360=ORIENTED_EDGE('',*,*,#2560,.F.);
#1361=ORIENTED_EDGE('',*,*,#3064,.F.);
#1362=ORIENTED_EDGE('',*,*,#3065,.T.);
#1363=ORIENTED_EDGE('',*,*,#3062,.T.);
#1364=ORIENTED_EDGE('',*,*,#2559,.F.);
#1365=ORIENTED_EDGE('',*,*,#3066,.F.);
#1366=ORIENTED_EDGE('',*,*,#3067,.T.);
#1367=ORIENTED_EDGE('',*,*,#3064,.T.);
#1368=ORIENTED_EDGE('',*,*,#2558,.F.);
#1369=ORIENTED_EDGE('',*,*,#3068,.F.);
#1370=ORIENTED_EDGE('',*,*,#3069,.T.);
#1371=ORIENTED_EDGE('',*,*,#3066,.T.);
#1372=ORIENTED_EDGE('',*,*,#2557,.F.);
#1373=ORIENTED_EDGE('',*,*,#3037,.F.);
#1374=ORIENTED_EDGE('',*,*,#3070,.T.);
#1375=ORIENTED_EDGE('',*,*,#3068,.T.);
#1376=ORIENTED_EDGE('',*,*,#2556,.F.);
#1377=ORIENTED_EDGE('',*,*,#3018,.F.);
#1378=ORIENTED_EDGE('',*,*,#3071,.T.);
#1379=ORIENTED_EDGE('',*,*,#3032,.T.);
#1380=ORIENTED_EDGE('',*,*,#3072,.F.);
#1381=ORIENTED_EDGE('',*,*,#3036,.F.);
#1382=ORIENTED_EDGE('',*,*,#3039,.F.);
#1383=ORIENTED_EDGE('',*,*,#3041,.F.);
#1384=ORIENTED_EDGE('',*,*,#3043,.F.);
#1385=ORIENTED_EDGE('',*,*,#3045,.F.);
#1386=ORIENTED_EDGE('',*,*,#3047,.F.);
#1387=ORIENTED_EDGE('',*,*,#3049,.F.);
#1388=ORIENTED_EDGE('',*,*,#3051,.F.);
#1389=ORIENTED_EDGE('',*,*,#3053,.F.);
#1390=ORIENTED_EDGE('',*,*,#3055,.F.);
#1391=ORIENTED_EDGE('',*,*,#3057,.F.);
#1392=ORIENTED_EDGE('',*,*,#3059,.F.);
#1393=ORIENTED_EDGE('',*,*,#3061,.F.);
#1394=ORIENTED_EDGE('',*,*,#3063,.F.);
#1395=ORIENTED_EDGE('',*,*,#3065,.F.);
#1396=ORIENTED_EDGE('',*,*,#3067,.F.);
#1397=ORIENTED_EDGE('',*,*,#3069,.F.);
#1398=ORIENTED_EDGE('',*,*,#3070,.F.);
#1399=ORIENTED_EDGE('',*,*,#3017,.F.);
#1400=ORIENTED_EDGE('',*,*,#3021,.F.);
#1401=ORIENTED_EDGE('',*,*,#3024,.F.);
#1402=ORIENTED_EDGE('',*,*,#3027,.F.);
#1403=ORIENTED_EDGE('',*,*,#3030,.F.);
#1404=ORIENTED_EDGE('',*,*,#3033,.F.);
#1405=ORIENTED_EDGE('',*,*,#3071,.F.);
#1406=ORIENTED_EDGE('',*,*,#3073,.F.);
#1407=ORIENTED_EDGE('',*,*,#3074,.T.);
#1408=ORIENTED_EDGE('',*,*,#3075,.T.);
#1409=ORIENTED_EDGE('',*,*,#3076,.F.);
#1410=ORIENTED_EDGE('',*,*,#3077,.F.);
#1411=ORIENTED_EDGE('',*,*,#3078,.T.);
#1412=ORIENTED_EDGE('',*,*,#3073,.T.);
#1413=ORIENTED_EDGE('',*,*,#3079,.F.);
#1414=ORIENTED_EDGE('',*,*,#3080,.F.);
#1415=ORIENTED_EDGE('',*,*,#3081,.T.);
#1416=ORIENTED_EDGE('',*,*,#3077,.T.);
#1417=ORIENTED_EDGE('',*,*,#3082,.F.);
#1418=ORIENTED_EDGE('',*,*,#3083,.F.);
#1419=ORIENTED_EDGE('',*,*,#3084,.T.);
#1420=ORIENTED_EDGE('',*,*,#3080,.T.);
#1421=ORIENTED_EDGE('',*,*,#3085,.F.);
#1422=ORIENTED_EDGE('',*,*,#3086,.F.);
#1423=ORIENTED_EDGE('',*,*,#3087,.T.);
#1424=ORIENTED_EDGE('',*,*,#3083,.T.);
#1425=ORIENTED_EDGE('',*,*,#3088,.F.);
#1426=ORIENTED_EDGE('',*,*,#3089,.F.);
#1427=ORIENTED_EDGE('',*,*,#3090,.T.);
#1428=ORIENTED_EDGE('',*,*,#3086,.T.);
#1429=ORIENTED_EDGE('',*,*,#3091,.F.);
#1430=ORIENTED_EDGE('',*,*,#3092,.F.);
#1431=ORIENTED_EDGE('',*,*,#3093,.T.);
#1432=ORIENTED_EDGE('',*,*,#3089,.T.);
#1433=ORIENTED_EDGE('',*,*,#3094,.F.);
#1434=ORIENTED_EDGE('',*,*,#3095,.F.);
#1435=ORIENTED_EDGE('',*,*,#3096,.T.);
#1436=ORIENTED_EDGE('',*,*,#3097,.T.);
#1437=ORIENTED_EDGE('',*,*,#2620,.F.);
#1438=ORIENTED_EDGE('',*,*,#3098,.F.);
#1439=ORIENTED_EDGE('',*,*,#3099,.T.);
#1440=ORIENTED_EDGE('',*,*,#3095,.T.);
#1441=ORIENTED_EDGE('',*,*,#2619,.F.);
#1442=ORIENTED_EDGE('',*,*,#3100,.F.);
#1443=ORIENTED_EDGE('',*,*,#3101,.T.);
#1444=ORIENTED_EDGE('',*,*,#3098,.T.);
#1445=ORIENTED_EDGE('',*,*,#2633,.F.);
#1446=ORIENTED_EDGE('',*,*,#3102,.F.);
#1447=ORIENTED_EDGE('',*,*,#3103,.T.);
#1448=ORIENTED_EDGE('',*,*,#3100,.T.);
#1449=ORIENTED_EDGE('',*,*,#2632,.F.);
#1450=ORIENTED_EDGE('',*,*,#3104,.F.);
#1451=ORIENTED_EDGE('',*,*,#3105,.T.);
#1452=ORIENTED_EDGE('',*,*,#3102,.T.);
#1453=ORIENTED_EDGE('',*,*,#2631,.F.);
#1454=ORIENTED_EDGE('',*,*,#3106,.F.);
#1455=ORIENTED_EDGE('',*,*,#3107,.T.);
#1456=ORIENTED_EDGE('',*,*,#3104,.T.);
#1457=ORIENTED_EDGE('',*,*,#2630,.F.);
#1458=ORIENTED_EDGE('',*,*,#3108,.F.);
#1459=ORIENTED_EDGE('',*,*,#3109,.T.);
#1460=ORIENTED_EDGE('',*,*,#3106,.T.);
#1461=ORIENTED_EDGE('',*,*,#2629,.F.);
#1462=ORIENTED_EDGE('',*,*,#3110,.F.);
#1463=ORIENTED_EDGE('',*,*,#3111,.T.);
#1464=ORIENTED_EDGE('',*,*,#3108,.T.);
#1465=ORIENTED_EDGE('',*,*,#2628,.F.);
#1466=ORIENTED_EDGE('',*,*,#3112,.F.);
#1467=ORIENTED_EDGE('',*,*,#3113,.T.);
#1468=ORIENTED_EDGE('',*,*,#3110,.T.);
#1469=ORIENTED_EDGE('',*,*,#2627,.F.);
#1470=ORIENTED_EDGE('',*,*,#3114,.F.);
#1471=ORIENTED_EDGE('',*,*,#3115,.T.);
#1472=ORIENTED_EDGE('',*,*,#3112,.T.);
#1473=ORIENTED_EDGE('',*,*,#2626,.F.);
#1474=ORIENTED_EDGE('',*,*,#3116,.F.);
#1475=ORIENTED_EDGE('',*,*,#3117,.T.);
#1476=ORIENTED_EDGE('',*,*,#3114,.T.);
#1477=ORIENTED_EDGE('',*,*,#2625,.F.);
#1478=ORIENTED_EDGE('',*,*,#3118,.F.);
#1479=ORIENTED_EDGE('',*,*,#3119,.T.);
#1480=ORIENTED_EDGE('',*,*,#3116,.T.);
#1481=ORIENTED_EDGE('',*,*,#2624,.F.);
#1482=ORIENTED_EDGE('',*,*,#3120,.F.);
#1483=ORIENTED_EDGE('',*,*,#3121,.T.);
#1484=ORIENTED_EDGE('',*,*,#3118,.T.);
#1485=ORIENTED_EDGE('',*,*,#2623,.F.);
#1486=ORIENTED_EDGE('',*,*,#3122,.F.);
#1487=ORIENTED_EDGE('',*,*,#3123,.T.);
#1488=ORIENTED_EDGE('',*,*,#3120,.T.);
#1489=ORIENTED_EDGE('',*,*,#2622,.F.);
#1490=ORIENTED_EDGE('',*,*,#3097,.F.);
#1491=ORIENTED_EDGE('',*,*,#3124,.T.);
#1492=ORIENTED_EDGE('',*,*,#3122,.T.);
#1493=ORIENTED_EDGE('',*,*,#2621,.F.);
#1494=ORIENTED_EDGE('',*,*,#3075,.F.);
#1495=ORIENTED_EDGE('',*,*,#3125,.T.);
#1496=ORIENTED_EDGE('',*,*,#3092,.T.);
#1497=ORIENTED_EDGE('',*,*,#3126,.F.);
#1498=ORIENTED_EDGE('',*,*,#3096,.F.);
#1499=ORIENTED_EDGE('',*,*,#3099,.F.);
#1500=ORIENTED_EDGE('',*,*,#3101,.F.);
#1501=ORIENTED_EDGE('',*,*,#3103,.F.);
#1502=ORIENTED_EDGE('',*,*,#3105,.F.);
#1503=ORIENTED_EDGE('',*,*,#3107,.F.);
#1504=ORIENTED_EDGE('',*,*,#3109,.F.);
#1505=ORIENTED_EDGE('',*,*,#3111,.F.);
#1506=ORIENTED_EDGE('',*,*,#3113,.F.);
#1507=ORIENTED_EDGE('',*,*,#3115,.F.);
#1508=ORIENTED_EDGE('',*,*,#3117,.F.);
#1509=ORIENTED_EDGE('',*,*,#3119,.F.);
#1510=ORIENTED_EDGE('',*,*,#3121,.F.);
#1511=ORIENTED_EDGE('',*,*,#3123,.F.);
#1512=ORIENTED_EDGE('',*,*,#3124,.F.);
#1513=ORIENTED_EDGE('',*,*,#3074,.F.);
#1514=ORIENTED_EDGE('',*,*,#3078,.F.);
#1515=ORIENTED_EDGE('',*,*,#3081,.F.);
#1516=ORIENTED_EDGE('',*,*,#3084,.F.);
#1517=ORIENTED_EDGE('',*,*,#3087,.F.);
#1518=ORIENTED_EDGE('',*,*,#3090,.F.);
#1519=ORIENTED_EDGE('',*,*,#3093,.F.);
#1520=ORIENTED_EDGE('',*,*,#3125,.F.);
#1521=ORIENTED_EDGE('',*,*,#3127,.F.);
#1522=ORIENTED_EDGE('',*,*,#3128,.T.);
#1523=ORIENTED_EDGE('',*,*,#3129,.T.);
#1524=ORIENTED_EDGE('',*,*,#2635,.F.);
#1525=ORIENTED_EDGE('',*,*,#3130,.F.);
#1526=ORIENTED_EDGE('',*,*,#3131,.T.);
#1527=ORIENTED_EDGE('',*,*,#3127,.T.);
#1528=ORIENTED_EDGE('',*,*,#2634,.F.);
#1529=ORIENTED_EDGE('',*,*,#3132,.F.);
#1530=ORIENTED_EDGE('',*,*,#3133,.T.);
#1531=ORIENTED_EDGE('',*,*,#3130,.T.);
#1532=ORIENTED_EDGE('',*,*,#2650,.F.);
#1533=ORIENTED_EDGE('',*,*,#3134,.F.);
#1534=ORIENTED_EDGE('',*,*,#3135,.T.);
#1535=ORIENTED_EDGE('',*,*,#3132,.T.);
#1536=ORIENTED_EDGE('',*,*,#2649,.F.);
#1537=ORIENTED_EDGE('',*,*,#3136,.F.);
#1538=ORIENTED_EDGE('',*,*,#3137,.T.);
#1539=ORIENTED_EDGE('',*,*,#3134,.T.);
#1540=ORIENTED_EDGE('',*,*,#2648,.F.);
#1541=ORIENTED_EDGE('',*,*,#3138,.F.);
#1542=ORIENTED_EDGE('',*,*,#3139,.T.);
#1543=ORIENTED_EDGE('',*,*,#3136,.T.);
#1544=ORIENTED_EDGE('',*,*,#2647,.F.);
#1545=ORIENTED_EDGE('',*,*,#3140,.F.);
#1546=ORIENTED_EDGE('',*,*,#3141,.T.);
#1547=ORIENTED_EDGE('',*,*,#3138,.T.);
#1548=ORIENTED_EDGE('',*,*,#2646,.F.);
#1549=ORIENTED_EDGE('',*,*,#3142,.F.);
#1550=ORIENTED_EDGE('',*,*,#3143,.T.);
#1551=ORIENTED_EDGE('',*,*,#3140,.T.);
#1552=ORIENTED_EDGE('',*,*,#2645,.F.);
#1553=ORIENTED_EDGE('',*,*,#3144,.F.);
#1554=ORIENTED_EDGE('',*,*,#3145,.T.);
#1555=ORIENTED_EDGE('',*,*,#3142,.T.);
#1556=ORIENTED_EDGE('',*,*,#2644,.F.);
#1557=ORIENTED_EDGE('',*,*,#3146,.F.);
#1558=ORIENTED_EDGE('',*,*,#3147,.T.);
#1559=ORIENTED_EDGE('',*,*,#3144,.T.);
#1560=ORIENTED_EDGE('',*,*,#2643,.F.);
#1561=ORIENTED_EDGE('',*,*,#3148,.F.);
#1562=ORIENTED_EDGE('',*,*,#3149,.T.);
#1563=ORIENTED_EDGE('',*,*,#3146,.T.);
#1564=ORIENTED_EDGE('',*,*,#2642,.F.);
#1565=ORIENTED_EDGE('',*,*,#3150,.F.);
#1566=ORIENTED_EDGE('',*,*,#3151,.T.);
#1567=ORIENTED_EDGE('',*,*,#3148,.T.);
#1568=ORIENTED_EDGE('',*,*,#2641,.F.);
#1569=ORIENTED_EDGE('',*,*,#3152,.F.);
#1570=ORIENTED_EDGE('',*,*,#3153,.T.);
#1571=ORIENTED_EDGE('',*,*,#3150,.T.);
#1572=ORIENTED_EDGE('',*,*,#2640,.F.);
#1573=ORIENTED_EDGE('',*,*,#3154,.F.);
#1574=ORIENTED_EDGE('',*,*,#3155,.T.);
#1575=ORIENTED_EDGE('',*,*,#3152,.T.);
#1576=ORIENTED_EDGE('',*,*,#2639,.F.);
#1577=ORIENTED_EDGE('',*,*,#3156,.F.);
#1578=ORIENTED_EDGE('',*,*,#3157,.T.);
#1579=ORIENTED_EDGE('',*,*,#3154,.T.);
#1580=ORIENTED_EDGE('',*,*,#2638,.F.);
#1581=ORIENTED_EDGE('',*,*,#3158,.F.);
#1582=ORIENTED_EDGE('',*,*,#3159,.T.);
#1583=ORIENTED_EDGE('',*,*,#3156,.T.);
#1584=ORIENTED_EDGE('',*,*,#2637,.F.);
#1585=ORIENTED_EDGE('',*,*,#3129,.F.);
#1586=ORIENTED_EDGE('',*,*,#3160,.T.);
#1587=ORIENTED_EDGE('',*,*,#3158,.T.);
#1588=ORIENTED_EDGE('',*,*,#2636,.F.);
#1589=ORIENTED_EDGE('',*,*,#3128,.F.);
#1590=ORIENTED_EDGE('',*,*,#3131,.F.);
#1591=ORIENTED_EDGE('',*,*,#3133,.F.);
#1592=ORIENTED_EDGE('',*,*,#3135,.F.);
#1593=ORIENTED_EDGE('',*,*,#3137,.F.);
#1594=ORIENTED_EDGE('',*,*,#3139,.F.);
#1595=ORIENTED_EDGE('',*,*,#3141,.F.);
#1596=ORIENTED_EDGE('',*,*,#3143,.F.);
#1597=ORIENTED_EDGE('',*,*,#3145,.F.);
#1598=ORIENTED_EDGE('',*,*,#3147,.F.);
#1599=ORIENTED_EDGE('',*,*,#3149,.F.);
#1600=ORIENTED_EDGE('',*,*,#3151,.F.);
#1601=ORIENTED_EDGE('',*,*,#3153,.F.);
#1602=ORIENTED_EDGE('',*,*,#3155,.F.);
#1603=ORIENTED_EDGE('',*,*,#3157,.F.);
#1604=ORIENTED_EDGE('',*,*,#3159,.F.);
#1605=ORIENTED_EDGE('',*,*,#3160,.F.);
#1606=ORIENTED_EDGE('',*,*,#3161,.F.);
#1607=ORIENTED_EDGE('',*,*,#3162,.T.);
#1608=ORIENTED_EDGE('',*,*,#3163,.T.);
#1609=ORIENTED_EDGE('',*,*,#2652,.F.);
#1610=ORIENTED_EDGE('',*,*,#3164,.F.);
#1611=ORIENTED_EDGE('',*,*,#3165,.T.);
#1612=ORIENTED_EDGE('',*,*,#3161,.T.);
#1613=ORIENTED_EDGE('',*,*,#2651,.F.);
#1614=ORIENTED_EDGE('',*,*,#3166,.F.);
#1615=ORIENTED_EDGE('',*,*,#3167,.T.);
#1616=ORIENTED_EDGE('',*,*,#3164,.T.);
#1617=ORIENTED_EDGE('',*,*,#2668,.F.);
#1618=ORIENTED_EDGE('',*,*,#3168,.F.);
#1619=ORIENTED_EDGE('',*,*,#3169,.T.);
#1620=ORIENTED_EDGE('',*,*,#3166,.T.);
#1621=ORIENTED_EDGE('',*,*,#2667,.F.);
#1622=ORIENTED_EDGE('',*,*,#3170,.F.);
#1623=ORIENTED_EDGE('',*,*,#3171,.T.);
#1624=ORIENTED_EDGE('',*,*,#3168,.T.);
#1625=ORIENTED_EDGE('',*,*,#2666,.F.);
#1626=ORIENTED_EDGE('',*,*,#3172,.F.);
#1627=ORIENTED_EDGE('',*,*,#3173,.T.);
#1628=ORIENTED_EDGE('',*,*,#3170,.T.);
#1629=ORIENTED_EDGE('',*,*,#2665,.F.);
#1630=ORIENTED_EDGE('',*,*,#3174,.F.);
#1631=ORIENTED_EDGE('',*,*,#3175,.T.);
#1632=ORIENTED_EDGE('',*,*,#3172,.T.);
#1633=ORIENTED_EDGE('',*,*,#2664,.F.);
#1634=ORIENTED_EDGE('',*,*,#3176,.F.);
#1635=ORIENTED_EDGE('',*,*,#3177,.T.);
#1636=ORIENTED_EDGE('',*,*,#3174,.T.);
#1637=ORIENTED_EDGE('',*,*,#2663,.F.);
#1638=ORIENTED_EDGE('',*,*,#3178,.F.);
#1639=ORIENTED_EDGE('',*,*,#3179,.T.);
#1640=ORIENTED_EDGE('',*,*,#3176,.T.);
#1641=ORIENTED_EDGE('',*,*,#2662,.F.);
#1642=ORIENTED_EDGE('',*,*,#3180,.F.);
#1643=ORIENTED_EDGE('',*,*,#3181,.T.);
#1644=ORIENTED_EDGE('',*,*,#3178,.T.);
#1645=ORIENTED_EDGE('',*,*,#2661,.F.);
#1646=ORIENTED_EDGE('',*,*,#3182,.F.);
#1647=ORIENTED_EDGE('',*,*,#3183,.T.);
#1648=ORIENTED_EDGE('',*,*,#3180,.T.);
#1649=ORIENTED_EDGE('',*,*,#2660,.F.);
#1650=ORIENTED_EDGE('',*,*,#3184,.F.);
#1651=ORIENTED_EDGE('',*,*,#3185,.T.);
#1652=ORIENTED_EDGE('',*,*,#3182,.T.);
#1653=ORIENTED_EDGE('',*,*,#2659,.F.);
#1654=ORIENTED_EDGE('',*,*,#3186,.F.);
#1655=ORIENTED_EDGE('',*,*,#3187,.T.);
#1656=ORIENTED_EDGE('',*,*,#3184,.T.);
#1657=ORIENTED_EDGE('',*,*,#2658,.F.);
#1658=ORIENTED_EDGE('',*,*,#3188,.F.);
#1659=ORIENTED_EDGE('',*,*,#3189,.T.);
#1660=ORIENTED_EDGE('',*,*,#3186,.T.);
#1661=ORIENTED_EDGE('',*,*,#2657,.F.);
#1662=ORIENTED_EDGE('',*,*,#3190,.F.);
#1663=ORIENTED_EDGE('',*,*,#3191,.T.);
#1664=ORIENTED_EDGE('',*,*,#3188,.T.);
#1665=ORIENTED_EDGE('',*,*,#2656,.F.);
#1666=ORIENTED_EDGE('',*,*,#3192,.F.);
#1667=ORIENTED_EDGE('',*,*,#3193,.T.);
#1668=ORIENTED_EDGE('',*,*,#3190,.T.);
#1669=ORIENTED_EDGE('',*,*,#2655,.F.);
#1670=ORIENTED_EDGE('',*,*,#3194,.F.);
#1671=ORIENTED_EDGE('',*,*,#3195,.T.);
#1672=ORIENTED_EDGE('',*,*,#3192,.T.);
#1673=ORIENTED_EDGE('',*,*,#2654,.F.);
#1674=ORIENTED_EDGE('',*,*,#3163,.F.);
#1675=ORIENTED_EDGE('',*,*,#3196,.T.);
#1676=ORIENTED_EDGE('',*,*,#3194,.T.);
#1677=ORIENTED_EDGE('',*,*,#2653,.F.);
#1678=ORIENTED_EDGE('',*,*,#3162,.F.);
#1679=ORIENTED_EDGE('',*,*,#3165,.F.);
#1680=ORIENTED_EDGE('',*,*,#3167,.F.);
#1681=ORIENTED_EDGE('',*,*,#3169,.F.);
#1682=ORIENTED_EDGE('',*,*,#3171,.F.);
#1683=ORIENTED_EDGE('',*,*,#3173,.F.);
#1684=ORIENTED_EDGE('',*,*,#3175,.F.);
#1685=ORIENTED_EDGE('',*,*,#3177,.F.);
#1686=ORIENTED_EDGE('',*,*,#3179,.F.);
#1687=ORIENTED_EDGE('',*,*,#3181,.F.);
#1688=ORIENTED_EDGE('',*,*,#3183,.F.);
#1689=ORIENTED_EDGE('',*,*,#3185,.F.);
#1690=ORIENTED_EDGE('',*,*,#3187,.F.);
#1691=ORIENTED_EDGE('',*,*,#3189,.F.);
#1692=ORIENTED_EDGE('',*,*,#3191,.F.);
#1693=ORIENTED_EDGE('',*,*,#3193,.F.);
#1694=ORIENTED_EDGE('',*,*,#3195,.F.);
#1695=ORIENTED_EDGE('',*,*,#3196,.F.);
#1696=ORIENTED_EDGE('',*,*,#3197,.F.);
#1697=ORIENTED_EDGE('',*,*,#3198,.T.);
#1698=ORIENTED_EDGE('',*,*,#3199,.T.);
#1699=ORIENTED_EDGE('',*,*,#2670,.F.);
#1700=ORIENTED_EDGE('',*,*,#3200,.F.);
#1701=ORIENTED_EDGE('',*,*,#3201,.T.);
#1702=ORIENTED_EDGE('',*,*,#3197,.T.);
#1703=ORIENTED_EDGE('',*,*,#2669,.F.);
#1704=ORIENTED_EDGE('',*,*,#3202,.F.);
#1705=ORIENTED_EDGE('',*,*,#3203,.T.);
#1706=ORIENTED_EDGE('',*,*,#3200,.T.);
#1707=ORIENTED_EDGE('',*,*,#2694,.F.);
#1708=ORIENTED_EDGE('',*,*,#3204,.F.);
#1709=ORIENTED_EDGE('',*,*,#3205,.T.);
#1710=ORIENTED_EDGE('',*,*,#3202,.T.);
#1711=ORIENTED_EDGE('',*,*,#2693,.F.);
#1712=ORIENTED_EDGE('',*,*,#3206,.F.);
#1713=ORIENTED_EDGE('',*,*,#3207,.T.);
#1714=ORIENTED_EDGE('',*,*,#3204,.T.);
#1715=ORIENTED_EDGE('',*,*,#2692,.F.);
#1716=ORIENTED_EDGE('',*,*,#3208,.F.);
#1717=ORIENTED_EDGE('',*,*,#3209,.T.);
#1718=ORIENTED_EDGE('',*,*,#3206,.T.);
#1719=ORIENTED_EDGE('',*,*,#2691,.F.);
#1720=ORIENTED_EDGE('',*,*,#3210,.F.);
#1721=ORIENTED_EDGE('',*,*,#3211,.T.);
#1722=ORIENTED_EDGE('',*,*,#3208,.T.);
#1723=ORIENTED_EDGE('',*,*,#2690,.F.);
#1724=ORIENTED_EDGE('',*,*,#3212,.F.);
#1725=ORIENTED_EDGE('',*,*,#3213,.T.);
#1726=ORIENTED_EDGE('',*,*,#3210,.T.);
#1727=ORIENTED_EDGE('',*,*,#2689,.F.);
#1728=ORIENTED_EDGE('',*,*,#3214,.F.);
#1729=ORIENTED_EDGE('',*,*,#3215,.T.);
#1730=ORIENTED_EDGE('',*,*,#3212,.T.);
#1731=ORIENTED_EDGE('',*,*,#2688,.F.);
#1732=ORIENTED_EDGE('',*,*,#3216,.F.);
#1733=ORIENTED_EDGE('',*,*,#3217,.T.);
#1734=ORIENTED_EDGE('',*,*,#3214,.T.);
#1735=ORIENTED_EDGE('',*,*,#2687,.F.);
#1736=ORIENTED_EDGE('',*,*,#3218,.F.);
#1737=ORIENTED_EDGE('',*,*,#3219,.T.);
#1738=ORIENTED_EDGE('',*,*,#3216,.T.);
#1739=ORIENTED_EDGE('',*,*,#2686,.F.);
#1740=ORIENTED_EDGE('',*,*,#3220,.F.);
#1741=ORIENTED_EDGE('',*,*,#3221,.T.);
#1742=ORIENTED_EDGE('',*,*,#3218,.T.);
#1743=ORIENTED_EDGE('',*,*,#2685,.F.);
#1744=ORIENTED_EDGE('',*,*,#3222,.F.);
#1745=ORIENTED_EDGE('',*,*,#3223,.T.);
#1746=ORIENTED_EDGE('',*,*,#3220,.T.);
#1747=ORIENTED_EDGE('',*,*,#2684,.F.);
#1748=ORIENTED_EDGE('',*,*,#3224,.F.);
#1749=ORIENTED_EDGE('',*,*,#3225,.T.);
#1750=ORIENTED_EDGE('',*,*,#3222,.T.);
#1751=ORIENTED_EDGE('',*,*,#2683,.F.);
#1752=ORIENTED_EDGE('',*,*,#3226,.F.);
#1753=ORIENTED_EDGE('',*,*,#3227,.T.);
#1754=ORIENTED_EDGE('',*,*,#3224,.T.);
#1755=ORIENTED_EDGE('',*,*,#2682,.F.);
#1756=ORIENTED_EDGE('',*,*,#3228,.F.);
#1757=ORIENTED_EDGE('',*,*,#3229,.T.);
#1758=ORIENTED_EDGE('',*,*,#3226,.T.);
#1759=ORIENTED_EDGE('',*,*,#2681,.F.);
#1760=ORIENTED_EDGE('',*,*,#3230,.F.);
#1761=ORIENTED_EDGE('',*,*,#3231,.T.);
#1762=ORIENTED_EDGE('',*,*,#3228,.T.);
#1763=ORIENTED_EDGE('',*,*,#2680,.F.);
#1764=ORIENTED_EDGE('',*,*,#3232,.F.);
#1765=ORIENTED_EDGE('',*,*,#3233,.T.);
#1766=ORIENTED_EDGE('',*,*,#3230,.T.);
#1767=ORIENTED_EDGE('',*,*,#2679,.F.);
#1768=ORIENTED_EDGE('',*,*,#3234,.F.);
#1769=ORIENTED_EDGE('',*,*,#3235,.T.);
#1770=ORIENTED_EDGE('',*,*,#3232,.T.);
#1771=ORIENTED_EDGE('',*,*,#2678,.F.);
#1772=ORIENTED_EDGE('',*,*,#3236,.F.);
#1773=ORIENTED_EDGE('',*,*,#3237,.T.);
#1774=ORIENTED_EDGE('',*,*,#3234,.T.);
#1775=ORIENTED_EDGE('',*,*,#2677,.F.);
#1776=ORIENTED_EDGE('',*,*,#3238,.F.);
#1777=ORIENTED_EDGE('',*,*,#3239,.T.);
#1778=ORIENTED_EDGE('',*,*,#3236,.T.);
#1779=ORIENTED_EDGE('',*,*,#2676,.F.);
#1780=ORIENTED_EDGE('',*,*,#3240,.F.);
#1781=ORIENTED_EDGE('',*,*,#3241,.T.);
#1782=ORIENTED_EDGE('',*,*,#3238,.T.);
#1783=ORIENTED_EDGE('',*,*,#2675,.F.);
#1784=ORIENTED_EDGE('',*,*,#3242,.F.);
#1785=ORIENTED_EDGE('',*,*,#3243,.T.);
#1786=ORIENTED_EDGE('',*,*,#3240,.T.);
#1787=ORIENTED_EDGE('',*,*,#2674,.F.);
#1788=ORIENTED_EDGE('',*,*,#3244,.F.);
#1789=ORIENTED_EDGE('',*,*,#3245,.T.);
#1790=ORIENTED_EDGE('',*,*,#3242,.T.);
#1791=ORIENTED_EDGE('',*,*,#2673,.F.);
#1792=ORIENTED_EDGE('',*,*,#3246,.F.);
#1793=ORIENTED_EDGE('',*,*,#3247,.T.);
#1794=ORIENTED_EDGE('',*,*,#3244,.T.);
#1795=ORIENTED_EDGE('',*,*,#2672,.F.);
#1796=ORIENTED_EDGE('',*,*,#3199,.F.);
#1797=ORIENTED_EDGE('',*,*,#3248,.T.);
#1798=ORIENTED_EDGE('',*,*,#3246,.T.);
#1799=ORIENTED_EDGE('',*,*,#2671,.F.);
#1800=ORIENTED_EDGE('',*,*,#3198,.F.);
#1801=ORIENTED_EDGE('',*,*,#3201,.F.);
#1802=ORIENTED_EDGE('',*,*,#3203,.F.);
#1803=ORIENTED_EDGE('',*,*,#3205,.F.);
#1804=ORIENTED_EDGE('',*,*,#3207,.F.);
#1805=ORIENTED_EDGE('',*,*,#3209,.F.);
#1806=ORIENTED_EDGE('',*,*,#3211,.F.);
#1807=ORIENTED_EDGE('',*,*,#3213,.F.);
#1808=ORIENTED_EDGE('',*,*,#3215,.F.);
#1809=ORIENTED_EDGE('',*,*,#3217,.F.);
#1810=ORIENTED_EDGE('',*,*,#3219,.F.);
#1811=ORIENTED_EDGE('',*,*,#3221,.F.);
#1812=ORIENTED_EDGE('',*,*,#3223,.F.);
#1813=ORIENTED_EDGE('',*,*,#3225,.F.);
#1814=ORIENTED_EDGE('',*,*,#3227,.F.);
#1815=ORIENTED_EDGE('',*,*,#3229,.F.);
#1816=ORIENTED_EDGE('',*,*,#3231,.F.);
#1817=ORIENTED_EDGE('',*,*,#3233,.F.);
#1818=ORIENTED_EDGE('',*,*,#3235,.F.);
#1819=ORIENTED_EDGE('',*,*,#3237,.F.);
#1820=ORIENTED_EDGE('',*,*,#3239,.F.);
#1821=ORIENTED_EDGE('',*,*,#3241,.F.);
#1822=ORIENTED_EDGE('',*,*,#3243,.F.);
#1823=ORIENTED_EDGE('',*,*,#3245,.F.);
#1824=ORIENTED_EDGE('',*,*,#3247,.F.);
#1825=ORIENTED_EDGE('',*,*,#3248,.F.);
#1826=ORIENTED_EDGE('',*,*,#3249,.F.);
#1827=ORIENTED_EDGE('',*,*,#3250,.T.);
#1828=ORIENTED_EDGE('',*,*,#3251,.T.);
#1829=ORIENTED_EDGE('',*,*,#2696,.F.);
#1830=ORIENTED_EDGE('',*,*,#3252,.F.);
#1831=ORIENTED_EDGE('',*,*,#3253,.T.);
#1832=ORIENTED_EDGE('',*,*,#3249,.T.);
#1833=ORIENTED_EDGE('',*,*,#2695,.F.);
#1834=ORIENTED_EDGE('',*,*,#3254,.F.);
#1835=ORIENTED_EDGE('',*,*,#3255,.T.);
#1836=ORIENTED_EDGE('',*,*,#3252,.T.);
#1837=ORIENTED_EDGE('',*,*,#2707,.F.);
#1838=ORIENTED_EDGE('',*,*,#3256,.F.);
#1839=ORIENTED_EDGE('',*,*,#3257,.T.);
#1840=ORIENTED_EDGE('',*,*,#3254,.T.);
#1841=ORIENTED_EDGE('',*,*,#2706,.F.);
#1842=ORIENTED_EDGE('',*,*,#3258,.F.);
#1843=ORIENTED_EDGE('',*,*,#3259,.T.);
#1844=ORIENTED_EDGE('',*,*,#3256,.T.);
#1845=ORIENTED_EDGE('',*,*,#2705,.F.);
#1846=ORIENTED_EDGE('',*,*,#3260,.F.);
#1847=ORIENTED_EDGE('',*,*,#3261,.T.);
#1848=ORIENTED_EDGE('',*,*,#3258,.T.);
#1849=ORIENTED_EDGE('',*,*,#2704,.F.);
#1850=ORIENTED_EDGE('',*,*,#3262,.F.);
#1851=ORIENTED_EDGE('',*,*,#3263,.T.);
#1852=ORIENTED_EDGE('',*,*,#3260,.T.);
#1853=ORIENTED_EDGE('',*,*,#2703,.F.);
#1854=ORIENTED_EDGE('',*,*,#3264,.F.);
#1855=ORIENTED_EDGE('',*,*,#3265,.T.);
#1856=ORIENTED_EDGE('',*,*,#3262,.T.);
#1857=ORIENTED_EDGE('',*,*,#2702,.F.);
#1858=ORIENTED_EDGE('',*,*,#3266,.F.);
#1859=ORIENTED_EDGE('',*,*,#3267,.T.);
#1860=ORIENTED_EDGE('',*,*,#3264,.T.);
#1861=ORIENTED_EDGE('',*,*,#2701,.F.);
#1862=ORIENTED_EDGE('',*,*,#3268,.F.);
#1863=ORIENTED_EDGE('',*,*,#3269,.T.);
#1864=ORIENTED_EDGE('',*,*,#3266,.T.);
#1865=ORIENTED_EDGE('',*,*,#2700,.F.);
#1866=ORIENTED_EDGE('',*,*,#3270,.F.);
#1867=ORIENTED_EDGE('',*,*,#3271,.T.);
#1868=ORIENTED_EDGE('',*,*,#3268,.T.);
#1869=ORIENTED_EDGE('',*,*,#2699,.F.);
#1870=ORIENTED_EDGE('',*,*,#3272,.F.);
#1871=ORIENTED_EDGE('',*,*,#3273,.T.);
#1872=ORIENTED_EDGE('',*,*,#3270,.T.);
#1873=ORIENTED_EDGE('',*,*,#2698,.F.);
#1874=ORIENTED_EDGE('',*,*,#3251,.F.);
#1875=ORIENTED_EDGE('',*,*,#3274,.T.);
#1876=ORIENTED_EDGE('',*,*,#3272,.T.);
#1877=ORIENTED_EDGE('',*,*,#2697,.F.);
#1878=ORIENTED_EDGE('',*,*,#3250,.F.);
#1879=ORIENTED_EDGE('',*,*,#3253,.F.);
#1880=ORIENTED_EDGE('',*,*,#3255,.F.);
#1881=ORIENTED_EDGE('',*,*,#3257,.F.);
#1882=ORIENTED_EDGE('',*,*,#3259,.F.);
#1883=ORIENTED_EDGE('',*,*,#3261,.F.);
#1884=ORIENTED_EDGE('',*,*,#3263,.F.);
#1885=ORIENTED_EDGE('',*,*,#3265,.F.);
#1886=ORIENTED_EDGE('',*,*,#3267,.F.);
#1887=ORIENTED_EDGE('',*,*,#3269,.F.);
#1888=ORIENTED_EDGE('',*,*,#3271,.F.);
#1889=ORIENTED_EDGE('',*,*,#3273,.F.);
#1890=ORIENTED_EDGE('',*,*,#3274,.F.);
#1891=ORIENTED_EDGE('',*,*,#3275,.F.);
#1892=ORIENTED_EDGE('',*,*,#3276,.T.);
#1893=ORIENTED_EDGE('',*,*,#3277,.T.);
#1894=ORIENTED_EDGE('',*,*,#2709,.F.);
#1895=ORIENTED_EDGE('',*,*,#3278,.F.);
#1896=ORIENTED_EDGE('',*,*,#3279,.T.);
#1897=ORIENTED_EDGE('',*,*,#3275,.T.);
#1898=ORIENTED_EDGE('',*,*,#2708,.F.);
#1899=ORIENTED_EDGE('',*,*,#3280,.F.);
#1900=ORIENTED_EDGE('',*,*,#3281,.T.);
#1901=ORIENTED_EDGE('',*,*,#3278,.T.);
#1902=ORIENTED_EDGE('',*,*,#2711,.F.);
#1903=ORIENTED_EDGE('',*,*,#3277,.F.);
#1904=ORIENTED_EDGE('',*,*,#3282,.T.);
#1905=ORIENTED_EDGE('',*,*,#3280,.T.);
#1906=ORIENTED_EDGE('',*,*,#2710,.F.);
#1907=ORIENTED_EDGE('',*,*,#3276,.F.);
#1908=ORIENTED_EDGE('',*,*,#3279,.F.);
#1909=ORIENTED_EDGE('',*,*,#3281,.F.);
#1910=ORIENTED_EDGE('',*,*,#3282,.F.);
#1911=ORIENTED_EDGE('',*,*,#3283,.F.);
#1912=ORIENTED_EDGE('',*,*,#3284,.T.);
#1913=ORIENTED_EDGE('',*,*,#3285,.T.);
#1914=ORIENTED_EDGE('',*,*,#2713,.F.);
#1915=ORIENTED_EDGE('',*,*,#3286,.F.);
#1916=ORIENTED_EDGE('',*,*,#3287,.T.);
#1917=ORIENTED_EDGE('',*,*,#3283,.T.);
#1918=ORIENTED_EDGE('',*,*,#2712,.F.);
#1919=ORIENTED_EDGE('',*,*,#3288,.F.);
#1920=ORIENTED_EDGE('',*,*,#3289,.T.);
#1921=ORIENTED_EDGE('',*,*,#3286,.T.);
#1922=ORIENTED_EDGE('',*,*,#2716,.F.);
#1923=ORIENTED_EDGE('',*,*,#3290,.F.);
#1924=ORIENTED_EDGE('',*,*,#3291,.T.);
#1925=ORIENTED_EDGE('',*,*,#3288,.T.);
#1926=ORIENTED_EDGE('',*,*,#2715,.F.);
#1927=ORIENTED_EDGE('',*,*,#3285,.F.);
#1928=ORIENTED_EDGE('',*,*,#3292,.T.);
#1929=ORIENTED_EDGE('',*,*,#3290,.T.);
#1930=ORIENTED_EDGE('',*,*,#2714,.F.);
#1931=ORIENTED_EDGE('',*,*,#3284,.F.);
#1932=ORIENTED_EDGE('',*,*,#3287,.F.);
#1933=ORIENTED_EDGE('',*,*,#3289,.F.);
#1934=ORIENTED_EDGE('',*,*,#3291,.F.);
#1935=ORIENTED_EDGE('',*,*,#3292,.F.);
#1936=ORIENTED_EDGE('',*,*,#3293,.F.);
#1937=ORIENTED_EDGE('',*,*,#3294,.T.);
#1938=ORIENTED_EDGE('',*,*,#3295,.T.);
#1939=ORIENTED_EDGE('',*,*,#2718,.F.);
#1940=ORIENTED_EDGE('',*,*,#3296,.F.);
#1941=ORIENTED_EDGE('',*,*,#3297,.T.);
#1942=ORIENTED_EDGE('',*,*,#3293,.T.);
#1943=ORIENTED_EDGE('',*,*,#2717,.F.);
#1944=ORIENTED_EDGE('',*,*,#3298,.F.);
#1945=ORIENTED_EDGE('',*,*,#3299,.T.);
#1946=ORIENTED_EDGE('',*,*,#3296,.T.);
#1947=ORIENTED_EDGE('',*,*,#2734,.F.);
#1948=ORIENTED_EDGE('',*,*,#3300,.F.);
#1949=ORIENTED_EDGE('',*,*,#3301,.T.);
#1950=ORIENTED_EDGE('',*,*,#3298,.T.);
#1951=ORIENTED_EDGE('',*,*,#2733,.F.);
#1952=ORIENTED_EDGE('',*,*,#3302,.F.);
#1953=ORIENTED_EDGE('',*,*,#3303,.T.);
#1954=ORIENTED_EDGE('',*,*,#3300,.T.);
#1955=ORIENTED_EDGE('',*,*,#2732,.F.);
#1956=ORIENTED_EDGE('',*,*,#3304,.F.);
#1957=ORIENTED_EDGE('',*,*,#3305,.T.);
#1958=ORIENTED_EDGE('',*,*,#3302,.T.);
#1959=ORIENTED_EDGE('',*,*,#2731,.F.);
#1960=ORIENTED_EDGE('',*,*,#3306,.F.);
#1961=ORIENTED_EDGE('',*,*,#3307,.T.);
#1962=ORIENTED_EDGE('',*,*,#3304,.T.);
#1963=ORIENTED_EDGE('',*,*,#2730,.F.);
#1964=ORIENTED_EDGE('',*,*,#3308,.F.);
#1965=ORIENTED_EDGE('',*,*,#3309,.T.);
#1966=ORIENTED_EDGE('',*,*,#3306,.T.);
#1967=ORIENTED_EDGE('',*,*,#2729,.F.);
#1968=ORIENTED_EDGE('',*,*,#3310,.F.);
#1969=ORIENTED_EDGE('',*,*,#3311,.T.);
#1970=ORIENTED_EDGE('',*,*,#3308,.T.);
#1971=ORIENTED_EDGE('',*,*,#2728,.F.);
#1972=ORIENTED_EDGE('',*,*,#3312,.F.);
#1973=ORIENTED_EDGE('',*,*,#3313,.T.);
#1974=ORIENTED_EDGE('',*,*,#3310,.T.);
#1975=ORIENTED_EDGE('',*,*,#2727,.F.);
#1976=ORIENTED_EDGE('',*,*,#3314,.F.);
#1977=ORIENTED_EDGE('',*,*,#3315,.T.);
#1978=ORIENTED_EDGE('',*,*,#3312,.T.);
#1979=ORIENTED_EDGE('',*,*,#2726,.F.);
#1980=ORIENTED_EDGE('',*,*,#3316,.F.);
#1981=ORIENTED_EDGE('',*,*,#3317,.T.);
#1982=ORIENTED_EDGE('',*,*,#3314,.T.);
#1983=ORIENTED_EDGE('',*,*,#2725,.F.);
#1984=ORIENTED_EDGE('',*,*,#3318,.F.);
#1985=ORIENTED_EDGE('',*,*,#3319,.T.);
#1986=ORIENTED_EDGE('',*,*,#3316,.T.);
#1987=ORIENTED_EDGE('',*,*,#2724,.F.);
#1988=ORIENTED_EDGE('',*,*,#3320,.F.);
#1989=ORIENTED_EDGE('',*,*,#3321,.T.);
#1990=ORIENTED_EDGE('',*,*,#3318,.T.);
#1991=ORIENTED_EDGE('',*,*,#2723,.F.);
#1992=ORIENTED_EDGE('',*,*,#3322,.F.);
#1993=ORIENTED_EDGE('',*,*,#3323,.T.);
#1994=ORIENTED_EDGE('',*,*,#3320,.T.);
#1995=ORIENTED_EDGE('',*,*,#2722,.F.);
#1996=ORIENTED_EDGE('',*,*,#3324,.F.);
#1997=ORIENTED_EDGE('',*,*,#3325,.T.);
#1998=ORIENTED_EDGE('',*,*,#3322,.T.);
#1999=ORIENTED_EDGE('',*,*,#2721,.F.);
#2000=ORIENTED_EDGE('',*,*,#3326,.F.);
#2001=ORIENTED_EDGE('',*,*,#3327,.T.);
#2002=ORIENTED_EDGE('',*,*,#3324,.T.);
#2003=ORIENTED_EDGE('',*,*,#2720,.F.);
#2004=ORIENTED_EDGE('',*,*,#3295,.F.);
#2005=ORIENTED_EDGE('',*,*,#3328,.T.);
#2006=ORIENTED_EDGE('',*,*,#3326,.T.);
#2007=ORIENTED_EDGE('',*,*,#2719,.F.);
#2008=ORIENTED_EDGE('',*,*,#3294,.F.);
#2009=ORIENTED_EDGE('',*,*,#3297,.F.);
#2010=ORIENTED_EDGE('',*,*,#3299,.F.);
#2011=ORIENTED_EDGE('',*,*,#3301,.F.);
#2012=ORIENTED_EDGE('',*,*,#3303,.F.);
#2013=ORIENTED_EDGE('',*,*,#3305,.F.);
#2014=ORIENTED_EDGE('',*,*,#3307,.F.);
#2015=ORIENTED_EDGE('',*,*,#3309,.F.);
#2016=ORIENTED_EDGE('',*,*,#3311,.F.);
#2017=ORIENTED_EDGE('',*,*,#3313,.F.);
#2018=ORIENTED_EDGE('',*,*,#3315,.F.);
#2019=ORIENTED_EDGE('',*,*,#3317,.F.);
#2020=ORIENTED_EDGE('',*,*,#3319,.F.);
#2021=ORIENTED_EDGE('',*,*,#3321,.F.);
#2022=ORIENTED_EDGE('',*,*,#3323,.F.);
#2023=ORIENTED_EDGE('',*,*,#3325,.F.);
#2024=ORIENTED_EDGE('',*,*,#3327,.F.);
#2025=ORIENTED_EDGE('',*,*,#3328,.F.);
#2026=ORIENTED_EDGE('',*,*,#3329,.F.);
#2027=ORIENTED_EDGE('',*,*,#3330,.T.);
#2028=ORIENTED_EDGE('',*,*,#3331,.T.);
#2029=ORIENTED_EDGE('',*,*,#2736,.F.);
#2030=ORIENTED_EDGE('',*,*,#3332,.F.);
#2031=ORIENTED_EDGE('',*,*,#3333,.T.);
#2032=ORIENTED_EDGE('',*,*,#3329,.T.);
#2033=ORIENTED_EDGE('',*,*,#2735,.F.);
#2034=ORIENTED_EDGE('',*,*,#3334,.F.);
#2035=ORIENTED_EDGE('',*,*,#3335,.T.);
#2036=ORIENTED_EDGE('',*,*,#3332,.T.);
#2037=ORIENTED_EDGE('',*,*,#2751,.F.);
#2038=ORIENTED_EDGE('',*,*,#3336,.F.);
#2039=ORIENTED_EDGE('',*,*,#3337,.T.);
#2040=ORIENTED_EDGE('',*,*,#3334,.T.);
#2041=ORIENTED_EDGE('',*,*,#2750,.F.);
#2042=ORIENTED_EDGE('',*,*,#3338,.F.);
#2043=ORIENTED_EDGE('',*,*,#3339,.T.);
#2044=ORIENTED_EDGE('',*,*,#3336,.T.);
#2045=ORIENTED_EDGE('',*,*,#2749,.F.);
#2046=ORIENTED_EDGE('',*,*,#3340,.F.);
#2047=ORIENTED_EDGE('',*,*,#3341,.T.);
#2048=ORIENTED_EDGE('',*,*,#3338,.T.);
#2049=ORIENTED_EDGE('',*,*,#2748,.F.);
#2050=ORIENTED_EDGE('',*,*,#3342,.F.);
#2051=ORIENTED_EDGE('',*,*,#3343,.T.);
#2052=ORIENTED_EDGE('',*,*,#3340,.T.);
#2053=ORIENTED_EDGE('',*,*,#2747,.F.);
#2054=ORIENTED_EDGE('',*,*,#3344,.F.);
#2055=ORIENTED_EDGE('',*,*,#3345,.T.);
#2056=ORIENTED_EDGE('',*,*,#3342,.T.);
#2057=ORIENTED_EDGE('',*,*,#2746,.F.);
#2058=ORIENTED_EDGE('',*,*,#3346,.F.);
#2059=ORIENTED_EDGE('',*,*,#3347,.T.);
#2060=ORIENTED_EDGE('',*,*,#3344,.T.);
#2061=ORIENTED_EDGE('',*,*,#2745,.F.);
#2062=ORIENTED_EDGE('',*,*,#3348,.F.);
#2063=ORIENTED_EDGE('',*,*,#3349,.T.);
#2064=ORIENTED_EDGE('',*,*,#3346,.T.);
#2065=ORIENTED_EDGE('',*,*,#2744,.F.);
#2066=ORIENTED_EDGE('',*,*,#3350,.F.);
#2067=ORIENTED_EDGE('',*,*,#3351,.T.);
#2068=ORIENTED_EDGE('',*,*,#3348,.T.);
#2069=ORIENTED_EDGE('',*,*,#2743,.F.);
#2070=ORIENTED_EDGE('',*,*,#3352,.F.);
#2071=ORIENTED_EDGE('',*,*,#3353,.T.);
#2072=ORIENTED_EDGE('',*,*,#3350,.T.);
#2073=ORIENTED_EDGE('',*,*,#2742,.F.);
#2074=ORIENTED_EDGE('',*,*,#3354,.F.);
#2075=ORIENTED_EDGE('',*,*,#3355,.T.);
#2076=ORIENTED_EDGE('',*,*,#3352,.T.);
#2077=ORIENTED_EDGE('',*,*,#2741,.F.);
#2078=ORIENTED_EDGE('',*,*,#3356,.F.);
#2079=ORIENTED_EDGE('',*,*,#3357,.T.);
#2080=ORIENTED_EDGE('',*,*,#3354,.T.);
#2081=ORIENTED_EDGE('',*,*,#2740,.F.);
#2082=ORIENTED_EDGE('',*,*,#3358,.F.);
#2083=ORIENTED_EDGE('',*,*,#3359,.T.);
#2084=ORIENTED_EDGE('',*,*,#3356,.T.);
#2085=ORIENTED_EDGE('',*,*,#2739,.F.);
#2086=ORIENTED_EDGE('',*,*,#3360,.F.);
#2087=ORIENTED_EDGE('',*,*,#3361,.T.);
#2088=ORIENTED_EDGE('',*,*,#3358,.T.);
#2089=ORIENTED_EDGE('',*,*,#2738,.F.);
#2090=ORIENTED_EDGE('',*,*,#3331,.F.);
#2091=ORIENTED_EDGE('',*,*,#3362,.T.);
#2092=ORIENTED_EDGE('',*,*,#3360,.T.);
#2093=ORIENTED_EDGE('',*,*,#2737,.F.);
#2094=ORIENTED_EDGE('',*,*,#3330,.F.);
#2095=ORIENTED_EDGE('',*,*,#3333,.F.);
#2096=ORIENTED_EDGE('',*,*,#3335,.F.);
#2097=ORIENTED_EDGE('',*,*,#3337,.F.);
#2098=ORIENTED_EDGE('',*,*,#3339,.F.);
#2099=ORIENTED_EDGE('',*,*,#3341,.F.);
#2100=ORIENTED_EDGE('',*,*,#3343,.F.);
#2101=ORIENTED_EDGE('',*,*,#3345,.F.);
#2102=ORIENTED_EDGE('',*,*,#3347,.F.);
#2103=ORIENTED_EDGE('',*,*,#3349,.F.);
#2104=ORIENTED_EDGE('',*,*,#3351,.F.);
#2105=ORIENTED_EDGE('',*,*,#3353,.F.);
#2106=ORIENTED_EDGE('',*,*,#3355,.F.);
#2107=ORIENTED_EDGE('',*,*,#3357,.F.);
#2108=ORIENTED_EDGE('',*,*,#3359,.F.);
#2109=ORIENTED_EDGE('',*,*,#3361,.F.);
#2110=ORIENTED_EDGE('',*,*,#3362,.F.);
#2111=ORIENTED_EDGE('',*,*,#3363,.F.);
#2112=ORIENTED_EDGE('',*,*,#3364,.T.);
#2113=ORIENTED_EDGE('',*,*,#3365,.T.);
#2114=ORIENTED_EDGE('',*,*,#2769,.F.);
#2115=ORIENTED_EDGE('',*,*,#3366,.F.);
#2116=ORIENTED_EDGE('',*,*,#3367,.T.);
#2117=ORIENTED_EDGE('',*,*,#3363,.T.);
#2118=ORIENTED_EDGE('',*,*,#2768,.F.);
#2119=ORIENTED_EDGE('',*,*,#3368,.F.);
#2120=ORIENTED_EDGE('',*,*,#3369,.T.);
#2121=ORIENTED_EDGE('',*,*,#3366,.T.);
#2122=ORIENTED_EDGE('',*,*,#2767,.F.);
#2123=ORIENTED_EDGE('',*,*,#3370,.F.);
#2124=ORIENTED_EDGE('',*,*,#3371,.T.);
#2125=ORIENTED_EDGE('',*,*,#3368,.T.);
#2126=ORIENTED_EDGE('',*,*,#2766,.F.);
#2127=ORIENTED_EDGE('',*,*,#3372,.F.);
#2128=ORIENTED_EDGE('',*,*,#3373,.T.);
#2129=ORIENTED_EDGE('',*,*,#3370,.T.);
#2130=ORIENTED_EDGE('',*,*,#2765,.F.);
#2131=ORIENTED_EDGE('',*,*,#3374,.F.);
#2132=ORIENTED_EDGE('',*,*,#3375,.T.);
#2133=ORIENTED_EDGE('',*,*,#3372,.T.);
#2134=ORIENTED_EDGE('',*,*,#2764,.F.);
#2135=ORIENTED_EDGE('',*,*,#3376,.F.);
#2136=ORIENTED_EDGE('',*,*,#3377,.T.);
#2137=ORIENTED_EDGE('',*,*,#3374,.T.);
#2138=ORIENTED_EDGE('',*,*,#2763,.F.);
#2139=ORIENTED_EDGE('',*,*,#3378,.F.);
#2140=ORIENTED_EDGE('',*,*,#3379,.T.);
#2141=ORIENTED_EDGE('',*,*,#3376,.T.);
#2142=ORIENTED_EDGE('',*,*,#2762,.F.);
#2143=ORIENTED_EDGE('',*,*,#3380,.F.);
#2144=ORIENTED_EDGE('',*,*,#3381,.T.);
#2145=ORIENTED_EDGE('',*,*,#3378,.T.);
#2146=ORIENTED_EDGE('',*,*,#2761,.F.);
#2147=ORIENTED_EDGE('',*,*,#3382,.F.);
#2148=ORIENTED_EDGE('',*,*,#3383,.T.);
#2149=ORIENTED_EDGE('',*,*,#3380,.T.);
#2150=ORIENTED_EDGE('',*,*,#2760,.F.);
#2151=ORIENTED_EDGE('',*,*,#3384,.F.);
#2152=ORIENTED_EDGE('',*,*,#3385,.T.);
#2153=ORIENTED_EDGE('',*,*,#3382,.T.);
#2154=ORIENTED_EDGE('',*,*,#2759,.F.);
#2155=ORIENTED_EDGE('',*,*,#3386,.F.);
#2156=ORIENTED_EDGE('',*,*,#3387,.T.);
#2157=ORIENTED_EDGE('',*,*,#3384,.T.);
#2158=ORIENTED_EDGE('',*,*,#2758,.F.);
#2159=ORIENTED_EDGE('',*,*,#3388,.F.);
#2160=ORIENTED_EDGE('',*,*,#3389,.T.);
#2161=ORIENTED_EDGE('',*,*,#3386,.T.);
#2162=ORIENTED_EDGE('',*,*,#2757,.F.);
#2163=ORIENTED_EDGE('',*,*,#3390,.F.);
#2164=ORIENTED_EDGE('',*,*,#3391,.T.);
#2165=ORIENTED_EDGE('',*,*,#3388,.T.);
#2166=ORIENTED_EDGE('',*,*,#2756,.F.);
#2167=ORIENTED_EDGE('',*,*,#3392,.F.);
#2168=ORIENTED_EDGE('',*,*,#3393,.T.);
#2169=ORIENTED_EDGE('',*,*,#3390,.T.);
#2170=ORIENTED_EDGE('',*,*,#2755,.F.);
#2171=ORIENTED_EDGE('',*,*,#2754,.F.);
#2172=ORIENTED_EDGE('',*,*,#3394,.T.);
#2173=ORIENTED_EDGE('',*,*,#3395,.F.);
#2174=ORIENTED_EDGE('',*,*,#3396,.T.);
#2175=ORIENTED_EDGE('',*,*,#3392,.T.);
#2176=ORIENTED_EDGE('',*,*,#3395,.T.);
#2177=ORIENTED_EDGE('',*,*,#3397,.T.);
#2178=ORIENTED_EDGE('',*,*,#3398,.F.);
#2179=ORIENTED_EDGE('',*,*,#3399,.T.);
#2180=ORIENTED_EDGE('',*,*,#3398,.T.);
#2181=ORIENTED_EDGE('',*,*,#3400,.T.);
#2182=ORIENTED_EDGE('',*,*,#3401,.F.);
#2183=ORIENTED_EDGE('',*,*,#3402,.T.);
#2184=ORIENTED_EDGE('',*,*,#3401,.T.);
#2185=ORIENTED_EDGE('',*,*,#3403,.T.);
#2186=ORIENTED_EDGE('',*,*,#3404,.F.);
#2187=ORIENTED_EDGE('',*,*,#3405,.T.);
#2188=ORIENTED_EDGE('',*,*,#3404,.T.);
#2189=ORIENTED_EDGE('',*,*,#3406,.T.);
#2190=ORIENTED_EDGE('',*,*,#3407,.F.);
#2191=ORIENTED_EDGE('',*,*,#3408,.T.);
#2192=ORIENTED_EDGE('',*,*,#3407,.T.);
#2193=ORIENTED_EDGE('',*,*,#3409,.T.);
#2194=ORIENTED_EDGE('',*,*,#3410,.F.);
#2195=ORIENTED_EDGE('',*,*,#3411,.T.);
#2196=ORIENTED_EDGE('',*,*,#3410,.T.);
#2197=ORIENTED_EDGE('',*,*,#3412,.T.);
#2198=ORIENTED_EDGE('',*,*,#3413,.F.);
#2199=ORIENTED_EDGE('',*,*,#3414,.T.);
#2200=ORIENTED_EDGE('',*,*,#3413,.T.);
#2201=ORIENTED_EDGE('',*,*,#3415,.T.);
#2202=ORIENTED_EDGE('',*,*,#3416,.F.);
#2203=ORIENTED_EDGE('',*,*,#3417,.T.);
#2204=ORIENTED_EDGE('',*,*,#3416,.T.);
#2205=ORIENTED_EDGE('',*,*,#3418,.T.);
#2206=ORIENTED_EDGE('',*,*,#3419,.F.);
#2207=ORIENTED_EDGE('',*,*,#3420,.T.);
#2208=ORIENTED_EDGE('',*,*,#3419,.T.);
#2209=ORIENTED_EDGE('',*,*,#3421,.T.);
#2210=ORIENTED_EDGE('',*,*,#2773,.F.);
#2211=ORIENTED_EDGE('',*,*,#3422,.F.);
#2212=ORIENTED_EDGE('',*,*,#3423,.T.);
#2213=ORIENTED_EDGE('',*,*,#3424,.F.);
#2214=ORIENTED_EDGE('',*,*,#3425,.T.);
#2215=ORIENTED_EDGE('',*,*,#3422,.T.);
#2216=ORIENTED_EDGE('',*,*,#2772,.F.);
#2217=ORIENTED_EDGE('',*,*,#3426,.F.);
#2218=ORIENTED_EDGE('',*,*,#3427,.T.);
#2219=ORIENTED_EDGE('',*,*,#3424,.T.);
#2220=ORIENTED_EDGE('',*,*,#2771,.F.);
#2221=ORIENTED_EDGE('',*,*,#3365,.F.);
#2222=ORIENTED_EDGE('',*,*,#3428,.T.);
#2223=ORIENTED_EDGE('',*,*,#3426,.T.);
#2224=ORIENTED_EDGE('',*,*,#2770,.F.);
#2225=ORIENTED_EDGE('',*,*,#3364,.F.);
#2226=ORIENTED_EDGE('',*,*,#3367,.F.);
#2227=ORIENTED_EDGE('',*,*,#3369,.F.);
#2228=ORIENTED_EDGE('',*,*,#3371,.F.);
#2229=ORIENTED_EDGE('',*,*,#3373,.F.);
#2230=ORIENTED_EDGE('',*,*,#3375,.F.);
#2231=ORIENTED_EDGE('',*,*,#3377,.F.);
#2232=ORIENTED_EDGE('',*,*,#3379,.F.);
#2233=ORIENTED_EDGE('',*,*,#3381,.F.);
#2234=ORIENTED_EDGE('',*,*,#3383,.F.);
#2235=ORIENTED_EDGE('',*,*,#3385,.F.);
#2236=ORIENTED_EDGE('',*,*,#3387,.F.);
#2237=ORIENTED_EDGE('',*,*,#3389,.F.);
#2238=ORIENTED_EDGE('',*,*,#3391,.F.);
#2239=ORIENTED_EDGE('',*,*,#3393,.F.);
#2240=ORIENTED_EDGE('',*,*,#3396,.F.);
#2241=ORIENTED_EDGE('',*,*,#3399,.F.);
#2242=ORIENTED_EDGE('',*,*,#3402,.F.);
#2243=ORIENTED_EDGE('',*,*,#3405,.F.);
#2244=ORIENTED_EDGE('',*,*,#3408,.F.);
#2245=ORIENTED_EDGE('',*,*,#3411,.F.);
#2246=ORIENTED_EDGE('',*,*,#3414,.F.);
#2247=ORIENTED_EDGE('',*,*,#3417,.F.);
#2248=ORIENTED_EDGE('',*,*,#3420,.F.);
#2249=ORIENTED_EDGE('',*,*,#3423,.F.);
#2250=ORIENTED_EDGE('',*,*,#3425,.F.);
#2251=ORIENTED_EDGE('',*,*,#3427,.F.);
#2252=ORIENTED_EDGE('',*,*,#3428,.F.);
#2253=ORIENTED_EDGE('',*,*,#2842,.T.);
#2254=ORIENTED_EDGE('',*,*,#2839,.T.);
#2255=ORIENTED_EDGE('',*,*,#2900,.T.);
#2256=ORIENTED_EDGE('',*,*,#2860,.T.);
#2257=ORIENTED_EDGE('',*,*,#2857,.T.);
#2258=ORIENTED_EDGE('',*,*,#2854,.T.);
#2259=ORIENTED_EDGE('',*,*,#2851,.T.);
#2260=ORIENTED_EDGE('',*,*,#2848,.T.);
#2261=ORIENTED_EDGE('',*,*,#2845,.T.);
#2262=ORIENTED_EDGE('',*,*,#2907,.T.);
#2263=ORIENTED_EDGE('',*,*,#2904,.T.);
#2264=ORIENTED_EDGE('',*,*,#2957,.T.);
#2265=ORIENTED_EDGE('',*,*,#2919,.T.);
#2266=ORIENTED_EDGE('',*,*,#2916,.T.);
#2267=ORIENTED_EDGE('',*,*,#2913,.T.);
#2268=ORIENTED_EDGE('',*,*,#2910,.T.);
#2269=ORIENTED_EDGE('',*,*,#3022,.T.);
#2270=ORIENTED_EDGE('',*,*,#3019,.T.);
#2271=ORIENTED_EDGE('',*,*,#3072,.T.);
#2272=ORIENTED_EDGE('',*,*,#3034,.T.);
#2273=ORIENTED_EDGE('',*,*,#3031,.T.);
#2274=ORIENTED_EDGE('',*,*,#3028,.T.);
#2275=ORIENTED_EDGE('',*,*,#3025,.T.);
#2276=ORIENTED_EDGE('',*,*,#3079,.T.);
#2277=ORIENTED_EDGE('',*,*,#3076,.T.);
#2278=ORIENTED_EDGE('',*,*,#3126,.T.);
#2279=ORIENTED_EDGE('',*,*,#3094,.T.);
#2280=ORIENTED_EDGE('',*,*,#3091,.T.);
#2281=ORIENTED_EDGE('',*,*,#3088,.T.);
#2282=ORIENTED_EDGE('',*,*,#3085,.T.);
#2283=ORIENTED_EDGE('',*,*,#3082,.T.);
#2284=ORIENTED_EDGE('',*,*,#2828,.F.);
#2285=ORIENTED_EDGE('',*,*,#2789,.F.);
#2286=ORIENTED_EDGE('',*,*,#2812,.F.);
#2287=ORIENTED_EDGE('',*,*,#2793,.F.);
#2288=ORIENTED_EDGE('',*,*,#2829,.F.);
#2289=ORIENTED_EDGE('',*,*,#2795,.F.);
#2290=ORIENTED_EDGE('',*,*,#2815,.F.);
#2291=ORIENTED_EDGE('',*,*,#2797,.F.);
#2292=ORIENTED_EDGE('',*,*,#2832,.F.);
#2293=ORIENTED_EDGE('',*,*,#2799,.F.);
#2294=ORIENTED_EDGE('',*,*,#2814,.F.);
#2295=ORIENTED_EDGE('',*,*,#2774,.F.);
#2296=ORIENTED_EDGE('',*,*,#3421,.F.);
#2297=ORIENTED_EDGE('',*,*,#3418,.F.);
#2298=ORIENTED_EDGE('',*,*,#3415,.F.);
#2299=ORIENTED_EDGE('',*,*,#3412,.F.);
#2300=ORIENTED_EDGE('',*,*,#3409,.F.);
#2301=ORIENTED_EDGE('',*,*,#3406,.F.);
#2302=ORIENTED_EDGE('',*,*,#3403,.F.);
#2303=ORIENTED_EDGE('',*,*,#3400,.F.);
#2304=ORIENTED_EDGE('',*,*,#3397,.F.);
#2305=ORIENTED_EDGE('',*,*,#3394,.F.);
#2306=ORIENTED_EDGE('',*,*,#2753,.F.);
#2307=ORIENTED_EDGE('',*,*,#2864,.F.);
#2308=ORIENTED_EDGE('',*,*,#2776,.F.);
#2309=ORIENTED_EDGE('',*,*,#2813,.F.);
#2310=ORIENTED_EDGE('',*,*,#2791,.F.);
#2311=ORIENTED_EDGE('',*,*,#2833,.F.);
#2312=ORIENTED_EDGE('',*,*,#2783,.F.);
#2313=ORIENTED_EDGE('',*,*,#2891,.F.);
#2314=ORIENTED_EDGE('',*,*,#2888,.F.);
#2315=ORIENTED_EDGE('',*,*,#2885,.F.);
#2316=ORIENTED_EDGE('',*,*,#2882,.F.);
#2317=ORIENTED_EDGE('',*,*,#2879,.F.);
#2318=ORIENTED_EDGE('',*,*,#2876,.F.);
#2319=ORIENTED_EDGE('',*,*,#2873,.F.);
#2320=ORIENTED_EDGE('',*,*,#2870,.F.);
#2321=ORIENTED_EDGE('',*,*,#2867,.F.);
#2322=ORIENTED_EDGE('',*,*,#3429,.F.);
#2323=ORIENTED_EDGE('',*,*,#3430,.F.);
#2324=ORIENTED_EDGE('',*,*,#3431,.T.);
#2325=ORIENTED_EDGE('',*,*,#3432,.T.);
#2326=ORIENTED_EDGE('',*,*,#3433,.T.);
#2327=ORIENTED_EDGE('',*,*,#3434,.F.);
#2328=ORIENTED_EDGE('',*,*,#3435,.F.);
#2329=ORIENTED_EDGE('',*,*,#3430,.T.);
#2330=ORIENTED_EDGE('',*,*,#3436,.F.);
#2331=ORIENTED_EDGE('',*,*,#3437,.F.);
#2332=ORIENTED_EDGE('',*,*,#3438,.T.);
#2333=ORIENTED_EDGE('',*,*,#3434,.T.);
#2334=ORIENTED_EDGE('',*,*,#3439,.T.);
#2335=ORIENTED_EDGE('',*,*,#3440,.F.);
#2336=ORIENTED_EDGE('',*,*,#3441,.F.);
#2337=ORIENTED_EDGE('',*,*,#3437,.T.);
#2338=ORIENTED_EDGE('',*,*,#3442,.F.);
#2339=ORIENTED_EDGE('',*,*,#3443,.F.);
#2340=ORIENTED_EDGE('',*,*,#3444,.T.);
#2341=ORIENTED_EDGE('',*,*,#3440,.T.);
#2342=ORIENTED_EDGE('',*,*,#3445,.F.);
#2343=ORIENTED_EDGE('',*,*,#3446,.F.);
#2344=ORIENTED_EDGE('',*,*,#3447,.T.);
#2345=ORIENTED_EDGE('',*,*,#3443,.T.);
#2346=ORIENTED_EDGE('',*,*,#3448,.F.);
#2347=ORIENTED_EDGE('',*,*,#3449,.F.);
#2348=ORIENTED_EDGE('',*,*,#3450,.T.);
#2349=ORIENTED_EDGE('',*,*,#3446,.T.);
#2350=ORIENTED_EDGE('',*,*,#3451,.F.);
#2351=ORIENTED_EDGE('',*,*,#3452,.F.);
#2352=ORIENTED_EDGE('',*,*,#3453,.T.);
#2353=ORIENTED_EDGE('',*,*,#3454,.T.);
#2354=ORIENTED_EDGE('',*,*,#3455,.T.);
#2355=ORIENTED_EDGE('',*,*,#3456,.F.);
#2356=ORIENTED_EDGE('',*,*,#3457,.F.);
#2357=ORIENTED_EDGE('',*,*,#3452,.T.);
#2358=ORIENTED_EDGE('',*,*,#3458,.F.);
#2359=ORIENTED_EDGE('',*,*,#3459,.F.);
#2360=ORIENTED_EDGE('',*,*,#3460,.T.);
#2361=ORIENTED_EDGE('',*,*,#3456,.T.);
#2362=ORIENTED_EDGE('',*,*,#3461,.T.);
#2363=ORIENTED_EDGE('',*,*,#3462,.F.);
#2364=ORIENTED_EDGE('',*,*,#3463,.F.);
#2365=ORIENTED_EDGE('',*,*,#3459,.T.);
#2366=ORIENTED_EDGE('',*,*,#3464,.F.);
#2367=ORIENTED_EDGE('',*,*,#3465,.F.);
#2368=ORIENTED_EDGE('',*,*,#3466,.T.);
#2369=ORIENTED_EDGE('',*,*,#3462,.T.);
#2370=ORIENTED_EDGE('',*,*,#3467,.F.);
#2371=ORIENTED_EDGE('',*,*,#3468,.F.);
#2372=ORIENTED_EDGE('',*,*,#3469,.T.);
#2373=ORIENTED_EDGE('',*,*,#3465,.T.);
#2374=ORIENTED_EDGE('',*,*,#3470,.F.);
#2375=ORIENTED_EDGE('',*,*,#3471,.F.);
#2376=ORIENTED_EDGE('',*,*,#3472,.T.);
#2377=ORIENTED_EDGE('',*,*,#3468,.T.);
#2378=ORIENTED_EDGE('',*,*,#3473,.F.);
#2379=ORIENTED_EDGE('',*,*,#3474,.F.);
#2380=ORIENTED_EDGE('',*,*,#3475,.T.);
#2381=ORIENTED_EDGE('',*,*,#3476,.T.);
#2382=ORIENTED_EDGE('',*,*,#3477,.T.);
#2383=ORIENTED_EDGE('',*,*,#3478,.F.);
#2384=ORIENTED_EDGE('',*,*,#3479,.F.);
#2385=ORIENTED_EDGE('',*,*,#3474,.T.);
#2386=ORIENTED_EDGE('',*,*,#3480,.F.);
#2387=ORIENTED_EDGE('',*,*,#3481,.F.);
#2388=ORIENTED_EDGE('',*,*,#3482,.T.);
#2389=ORIENTED_EDGE('',*,*,#3478,.T.);
#2390=ORIENTED_EDGE('',*,*,#3483,.T.);
#2391=ORIENTED_EDGE('',*,*,#3484,.F.);
#2392=ORIENTED_EDGE('',*,*,#3485,.F.);
#2393=ORIENTED_EDGE('',*,*,#3481,.T.);
#2394=ORIENTED_EDGE('',*,*,#3486,.F.);
#2395=ORIENTED_EDGE('',*,*,#3487,.F.);
#2396=ORIENTED_EDGE('',*,*,#3488,.T.);
#2397=ORIENTED_EDGE('',*,*,#3484,.T.);
#2398=ORIENTED_EDGE('',*,*,#3489,.F.);
#2399=ORIENTED_EDGE('',*,*,#3490,.F.);
#2400=ORIENTED_EDGE('',*,*,#3491,.T.);
#2401=ORIENTED_EDGE('',*,*,#3487,.T.);
#2402=ORIENTED_EDGE('',*,*,#3492,.F.);
#2403=ORIENTED_EDGE('',*,*,#3493,.F.);
#2404=ORIENTED_EDGE('',*,*,#3494,.T.);
#2405=ORIENTED_EDGE('',*,*,#3490,.T.);
#2406=ORIENTED_EDGE('',*,*,#3495,.F.);
#2407=ORIENTED_EDGE('',*,*,#3496,.T.);
#2408=ORIENTED_EDGE('',*,*,#3497,.T.);
#2409=ORIENTED_EDGE('',*,*,#3498,.T.);
#2410=ORIENTED_EDGE('',*,*,#3499,.T.);
#2411=ORIENTED_EDGE('',*,*,#3500,.T.);
#2412=ORIENTED_EDGE('',*,*,#3501,.F.);
#2413=ORIENTED_EDGE('',*,*,#3502,.T.);
#2414=ORIENTED_EDGE('',*,*,#3503,.F.);
#2415=ORIENTED_EDGE('',*,*,#3504,.T.);
#2416=ORIENTED_EDGE('',*,*,#3505,.T.);
#2417=ORIENTED_EDGE('',*,*,#3506,.T.);
#2418=ORIENTED_EDGE('',*,*,#3507,.T.);
#2419=ORIENTED_EDGE('',*,*,#3508,.F.);
#2420=ORIENTED_EDGE('',*,*,#3509,.F.);
#2421=ORIENTED_EDGE('',*,*,#3510,.T.);
#2422=ORIENTED_EDGE('',*,*,#3511,.T.);
#2423=ORIENTED_EDGE('',*,*,#3512,.F.);
#2424=ORIENTED_EDGE('',*,*,#3513,.F.);
#2425=ORIENTED_EDGE('',*,*,#3508,.T.);
#2426=ORIENTED_EDGE('',*,*,#3514,.F.);
#2427=ORIENTED_EDGE('',*,*,#3515,.F.);
#2428=ORIENTED_EDGE('',*,*,#3516,.T.);
#2429=ORIENTED_EDGE('',*,*,#3512,.T.);
#2430=ORIENTED_EDGE('',*,*,#3517,.F.);
#2431=ORIENTED_EDGE('',*,*,#3454,.F.);
#2432=ORIENTED_EDGE('',*,*,#3518,.T.);
#2433=ORIENTED_EDGE('',*,*,#3471,.T.);
#2434=ORIENTED_EDGE('',*,*,#3519,.F.);
#2435=ORIENTED_EDGE('',*,*,#3476,.F.);
#2436=ORIENTED_EDGE('',*,*,#3520,.T.);
#2437=ORIENTED_EDGE('',*,*,#3493,.T.);
#2438=ORIENTED_EDGE('',*,*,#3521,.F.);
#2439=ORIENTED_EDGE('',*,*,#3522,.T.);
#2440=ORIENTED_EDGE('',*,*,#3523,.T.);
#2441=ORIENTED_EDGE('',*,*,#3524,.T.);
#2442=ORIENTED_EDGE('',*,*,#3525,.T.);
#2443=ORIENTED_EDGE('',*,*,#3526,.F.);
#2444=ORIENTED_EDGE('',*,*,#3527,.T.);
#2445=ORIENTED_EDGE('',*,*,#3528,.F.);
#2446=ORIENTED_EDGE('',*,*,#3529,.T.);
#2447=ORIENTED_EDGE('',*,*,#3530,.F.);
#2448=ORIENTED_EDGE('',*,*,#3531,.T.);
#2449=ORIENTED_EDGE('',*,*,#3532,.F.);
#2450=ORIENTED_EDGE('',*,*,#3533,.T.);
#2451=ORIENTED_EDGE('',*,*,#3510,.F.);
#2452=ORIENTED_EDGE('',*,*,#3534,.F.);
#2453=ORIENTED_EDGE('',*,*,#3515,.T.);
#2454=ORIENTED_EDGE('',*,*,#3535,.F.);
#2455=ORIENTED_EDGE('',*,*,#3432,.F.);
#2456=ORIENTED_EDGE('',*,*,#3536,.T.);
#2457=ORIENTED_EDGE('',*,*,#3449,.T.);
#2458=ORIENTED_EDGE('',*,*,#3509,.T.);
#2459=ORIENTED_EDGE('',*,*,#3513,.T.);
#2460=ORIENTED_EDGE('',*,*,#3516,.F.);
#2461=ORIENTED_EDGE('',*,*,#3534,.T.);
#2462=ORIENTED_EDGE('',*,*,#3531,.F.);
#2463=ORIENTED_EDGE('',*,*,#3529,.F.);
#2464=ORIENTED_EDGE('',*,*,#3527,.F.);
#2465=ORIENTED_EDGE('',*,*,#3525,.F.);
#2466=ORIENTED_EDGE('',*,*,#3501,.T.);
#2467=ORIENTED_EDGE('',*,*,#3537,.T.);
#2468=ORIENTED_EDGE('',*,*,#3503,.T.);
#2469=ORIENTED_EDGE('',*,*,#3538,.T.);
#2470=ORIENTED_EDGE('',*,*,#3523,.F.);
#2471=ORIENTED_EDGE('',*,*,#3539,.T.);
#2472=ORIENTED_EDGE('',*,*,#3497,.F.);
#2473=ORIENTED_EDGE('',*,*,#3540,.T.);
#2474=ORIENTED_EDGE('',*,*,#3475,.F.);
#2475=ORIENTED_EDGE('',*,*,#3479,.T.);
#2476=ORIENTED_EDGE('',*,*,#3482,.F.);
#2477=ORIENTED_EDGE('',*,*,#3485,.T.);
#2478=ORIENTED_EDGE('',*,*,#3488,.F.);
#2479=ORIENTED_EDGE('',*,*,#3491,.F.);
#2480=ORIENTED_EDGE('',*,*,#3494,.F.);
#2481=ORIENTED_EDGE('',*,*,#3520,.F.);
#2482=ORIENTED_EDGE('',*,*,#3453,.F.);
#2483=ORIENTED_EDGE('',*,*,#3457,.T.);
#2484=ORIENTED_EDGE('',*,*,#3460,.F.);
#2485=ORIENTED_EDGE('',*,*,#3463,.T.);
#2486=ORIENTED_EDGE('',*,*,#3466,.F.);
#2487=ORIENTED_EDGE('',*,*,#3469,.F.);
#2488=ORIENTED_EDGE('',*,*,#3472,.F.);
#2489=ORIENTED_EDGE('',*,*,#3518,.F.);
#2490=ORIENTED_EDGE('',*,*,#3431,.F.);
#2491=ORIENTED_EDGE('',*,*,#3435,.T.);
#2492=ORIENTED_EDGE('',*,*,#3438,.F.);
#2493=ORIENTED_EDGE('',*,*,#3441,.T.);
#2494=ORIENTED_EDGE('',*,*,#3444,.F.);
#2495=ORIENTED_EDGE('',*,*,#3447,.F.);
#2496=ORIENTED_EDGE('',*,*,#3450,.F.);
#2497=ORIENTED_EDGE('',*,*,#3536,.F.);
#2498=ORIENTED_EDGE('',*,*,#3507,.F.);
#2499=ORIENTED_EDGE('',*,*,#3533,.F.);
#2500=ORIENTED_EDGE('',*,*,#3514,.T.);
#2501=ORIENTED_EDGE('',*,*,#3511,.F.);
#2502=ORIENTED_EDGE('',*,*,#3532,.T.);
#2503=ORIENTED_EDGE('',*,*,#3530,.T.);
#2504=ORIENTED_EDGE('',*,*,#3528,.T.);
#2505=ORIENTED_EDGE('',*,*,#3526,.T.);
#2506=ORIENTED_EDGE('',*,*,#3505,.F.);
#2507=ORIENTED_EDGE('',*,*,#3541,.T.);
#2508=ORIENTED_EDGE('',*,*,#3499,.F.);
#2509=ORIENTED_EDGE('',*,*,#3542,.T.);
#2510=ORIENTED_EDGE('',*,*,#3495,.T.);
#2511=ORIENTED_EDGE('',*,*,#3543,.T.);
#2512=ORIENTED_EDGE('',*,*,#3521,.T.);
#2513=ORIENTED_EDGE('',*,*,#3544,.T.);
#2514=ORIENTED_EDGE('',*,*,#3473,.T.);
#2515=ORIENTED_EDGE('',*,*,#3519,.T.);
#2516=ORIENTED_EDGE('',*,*,#3492,.T.);
#2517=ORIENTED_EDGE('',*,*,#3489,.T.);
#2518=ORIENTED_EDGE('',*,*,#3486,.T.);
#2519=ORIENTED_EDGE('',*,*,#3483,.F.);
#2520=ORIENTED_EDGE('',*,*,#3480,.T.);
#2521=ORIENTED_EDGE('',*,*,#3477,.F.);
#2522=ORIENTED_EDGE('',*,*,#3451,.T.);
#2523=ORIENTED_EDGE('',*,*,#3517,.T.);
#2524=ORIENTED_EDGE('',*,*,#3470,.T.);
#2525=ORIENTED_EDGE('',*,*,#3467,.T.);
#2526=ORIENTED_EDGE('',*,*,#3464,.T.);
#2527=ORIENTED_EDGE('',*,*,#3461,.F.);
#2528=ORIENTED_EDGE('',*,*,#3458,.T.);
#2529=ORIENTED_EDGE('',*,*,#3455,.F.);
#2530=ORIENTED_EDGE('',*,*,#3429,.T.);
#2531=ORIENTED_EDGE('',*,*,#3535,.T.);
#2532=ORIENTED_EDGE('',*,*,#3448,.T.);
#2533=ORIENTED_EDGE('',*,*,#3445,.T.);
#2534=ORIENTED_EDGE('',*,*,#3442,.T.);
#2535=ORIENTED_EDGE('',*,*,#3439,.F.);
#2536=ORIENTED_EDGE('',*,*,#3436,.T.);
#2537=ORIENTED_EDGE('',*,*,#3433,.F.);
#2538=ORIENTED_EDGE('',*,*,#3537,.F.);
#2539=ORIENTED_EDGE('',*,*,#3500,.F.);
#2540=ORIENTED_EDGE('',*,*,#3541,.F.);
#2541=ORIENTED_EDGE('',*,*,#3504,.F.);
#2542=ORIENTED_EDGE('',*,*,#3540,.F.);
#2543=ORIENTED_EDGE('',*,*,#3496,.F.);
#2544=ORIENTED_EDGE('',*,*,#3542,.F.);
#2545=ORIENTED_EDGE('',*,*,#3502,.F.);
#2546=ORIENTED_EDGE('',*,*,#3539,.F.);
#2547=ORIENTED_EDGE('',*,*,#3522,.F.);
#2548=ORIENTED_EDGE('',*,*,#3543,.F.);
#2549=ORIENTED_EDGE('',*,*,#3498,.F.);
#2550=ORIENTED_EDGE('',*,*,#3538,.F.);
#2551=ORIENTED_EDGE('',*,*,#3506,.F.);
#2552=ORIENTED_EDGE('',*,*,#3544,.F.);
#2553=ORIENTED_EDGE('',*,*,#3524,.F.);
#2554=EDGE_CURVE('',#3545,#3546,#4211,.T.);
#2555=EDGE_CURVE('',#3546,#3547,#4212,.T.);
#2556=EDGE_CURVE('',#3547,#3548,#4213,.T.);
#2557=EDGE_CURVE('',#3548,#3549,#320,.T.);
#2558=EDGE_CURVE('',#3549,#3550,#321,.T.);
#2559=EDGE_CURVE('',#3550,#3551,#322,.T.);
#2560=EDGE_CURVE('',#3551,#3552,#323,.T.);
#2561=EDGE_CURVE('',#3552,#3553,#324,.T.);
#2562=EDGE_CURVE('',#3553,#3554,#325,.T.);
#2563=EDGE_CURVE('',#3554,#3555,#4214,.T.);
#2564=EDGE_CURVE('',#3555,#3556,#4215,.T.);
#2565=EDGE_CURVE('',#3556,#3557,#326,.T.);
#2566=EDGE_CURVE('',#3557,#3558,#327,.T.);
#2567=EDGE_CURVE('',#3558,#3559,#4216,.T.);
#2568=EDGE_CURVE('',#3559,#3560,#328,.T.);
#2569=EDGE_CURVE('',#3560,#3561,#329,.T.);
#2570=EDGE_CURVE('',#3561,#3562,#330,.T.);
#2571=EDGE_CURVE('',#3562,#3545,#4217,.T.);
#2572=EDGE_CURVE('',#3563,#3564,#4218,.T.);
#2573=EDGE_CURVE('',#3564,#3565,#4219,.T.);
#2574=EDGE_CURVE('',#3565,#3566,#4220,.T.);
#2575=EDGE_CURVE('',#3566,#3567,#331,.T.);
#2576=EDGE_CURVE('',#3567,#3568,#332,.T.);
#2577=EDGE_CURVE('',#3568,#3569,#333,.T.);
#2578=EDGE_CURVE('',#3569,#3570,#334,.T.);
#2579=EDGE_CURVE('',#3570,#3571,#335,.T.);
#2580=EDGE_CURVE('',#3571,#3572,#336,.T.);
#2581=EDGE_CURVE('',#3572,#3573,#4221,.T.);
#2582=EDGE_CURVE('',#3573,#3574,#4222,.T.);
#2583=EDGE_CURVE('',#3574,#3575,#337,.T.);
#2584=EDGE_CURVE('',#3575,#3576,#338,.T.);
#2585=EDGE_CURVE('',#3576,#3577,#4223,.T.);
#2586=EDGE_CURVE('',#3577,#3578,#339,.T.);
#2587=EDGE_CURVE('',#3578,#3579,#340,.T.);
#2588=EDGE_CURVE('',#3579,#3580,#341,.T.);
#2589=EDGE_CURVE('',#3580,#3563,#4224,.T.);
#2590=EDGE_CURVE('',#3581,#3582,#342,.T.);
#2591=EDGE_CURVE('',#3582,#3583,#343,.T.);
#2592=EDGE_CURVE('',#3583,#3584,#344,.T.);
#2593=EDGE_CURVE('',#3584,#3585,#345,.T.);
#2594=EDGE_CURVE('',#3585,#3586,#346,.T.);
#2595=EDGE_CURVE('',#3586,#3587,#4225,.T.);
#2596=EDGE_CURVE('',#3587,#3588,#203,.T.);
#2597=EDGE_CURVE('',#3588,#3589,#204,.T.);
#2598=EDGE_CURVE('',#3589,#3590,#347,.T.);
#2599=EDGE_CURVE('',#3590,#3591,#348,.T.);
#2600=EDGE_CURVE('',#3591,#3592,#205,.T.);
#2601=EDGE_CURVE('',#3592,#3593,#206,.T.);
#2602=EDGE_CURVE('',#3593,#3594,#4226,.T.);
#2603=EDGE_CURVE('',#3594,#3581,#207,.F.);
#2604=EDGE_CURVE('',#3595,#3596,#4227,.T.);
#2605=EDGE_CURVE('',#3596,#3597,#4228,.T.);
#2606=EDGE_CURVE('',#3597,#3598,#4229,.T.);
#2607=EDGE_CURVE('',#3598,#3599,#4230,.T.);
#2608=EDGE_CURVE('',#3599,#3600,#4231,.T.);
#2609=EDGE_CURVE('',#3600,#3601,#4232,.T.);
#2610=EDGE_CURVE('',#3601,#3602,#4233,.T.);
#2611=EDGE_CURVE('',#3602,#3603,#4234,.T.);
#2612=EDGE_CURVE('',#3603,#3604,#4235,.T.);
#2613=EDGE_CURVE('',#3604,#3605,#4236,.T.);
#2614=EDGE_CURVE('',#3605,#3606,#4237,.T.);
#2615=EDGE_CURVE('',#3606,#3607,#4238,.T.);
#2616=EDGE_CURVE('',#3607,#3608,#4239,.T.);
#2617=EDGE_CURVE('',#3608,#3609,#4240,.T.);
#2618=EDGE_CURVE('',#3609,#3595,#4241,.T.);
#2619=EDGE_CURVE('',#3610,#3611,#349,.T.);
#2620=EDGE_CURVE('',#3611,#3612,#350,.T.);
#2621=EDGE_CURVE('',#3612,#3613,#4242,.T.);
#2622=EDGE_CURVE('',#3613,#3614,#351,.T.);
#2623=EDGE_CURVE('',#3614,#3615,#4243,.T.);
#2624=EDGE_CURVE('',#3615,#3616,#4244,.T.);
#2625=EDGE_CURVE('',#3616,#3617,#4245,.T.);
#2626=EDGE_CURVE('',#3617,#3618,#4246,.T.);
#2627=EDGE_CURVE('',#3618,#3619,#4247,.T.);
#2628=EDGE_CURVE('',#3619,#3620,#4248,.T.);
#2629=EDGE_CURVE('',#3620,#3621,#352,.T.);
#2630=EDGE_CURVE('',#3621,#3622,#353,.T.);
#2631=EDGE_CURVE('',#3622,#3623,#354,.T.);
#2632=EDGE_CURVE('',#3623,#3624,#355,.T.);
#2633=EDGE_CURVE('',#3624,#3610,#356,.T.);
#2634=EDGE_CURVE('',#3625,#3626,#4249,.T.);
#2635=EDGE_CURVE('',#3626,#3627,#4250,.T.);
#2636=EDGE_CURVE('',#3627,#3628,#4251,.T.);
#2637=EDGE_CURVE('',#3628,#3629,#357,.T.);
#2638=EDGE_CURVE('',#3629,#3630,#358,.T.);
#2639=EDGE_CURVE('',#3630,#3631,#359,.T.);
#2640=EDGE_CURVE('',#3631,#3632,#4252,.T.);
#2641=EDGE_CURVE('',#3632,#3633,#4253,.T.);
#2642=EDGE_CURVE('',#3633,#3634,#4254,.T.);
#2643=EDGE_CURVE('',#3634,#3635,#4255,.T.);
#2644=EDGE_CURVE('',#3635,#3636,#4256,.T.);
#2645=EDGE_CURVE('',#3636,#3637,#208,.F.);
#2646=EDGE_CURVE('',#3637,#3638,#4257,.T.);
#2647=EDGE_CURVE('',#3638,#3639,#4258,.T.);
#2648=EDGE_CURVE('',#3639,#3640,#360,.T.);
#2649=EDGE_CURVE('',#3640,#3641,#361,.T.);
#2650=EDGE_CURVE('',#3641,#3625,#362,.T.);
#2651=EDGE_CURVE('',#3642,#3643,#363,.T.);
#2652=EDGE_CURVE('',#3643,#3644,#364,.T.);
#2653=EDGE_CURVE('',#3644,#3645,#4259,.T.);
#2654=EDGE_CURVE('',#3645,#3646,#365,.T.);
#2655=EDGE_CURVE('',#3646,#3647,#366,.T.);
#2656=EDGE_CURVE('',#3647,#3648,#367,.T.);
#2657=EDGE_CURVE('',#3648,#3649,#4260,.T.);
#2658=EDGE_CURVE('',#3649,#3650,#4261,.T.);
#2659=EDGE_CURVE('',#3650,#3651,#4262,.T.);
#2660=EDGE_CURVE('',#3651,#3652,#4263,.T.);
#2661=EDGE_CURVE('',#3652,#3653,#4264,.T.);
#2662=EDGE_CURVE('',#3653,#3654,#4265,.T.);
#2663=EDGE_CURVE('',#3654,#3655,#4266,.T.);
#2664=EDGE_CURVE('',#3655,#3656,#4267,.T.);
#2665=EDGE_CURVE('',#3656,#3657,#4268,.T.);
#2666=EDGE_CURVE('',#3657,#3658,#4269,.T.);
#2667=EDGE_CURVE('',#3658,#3659,#4270,.T.);
#2668=EDGE_CURVE('',#3659,#3642,#368,.T.);
#2669=EDGE_CURVE('',#3660,#3661,#369,.T.);
#2670=EDGE_CURVE('',#3661,#3662,#370,.T.);
#2671=EDGE_CURVE('',#3662,#3663,#371,.T.);
#2672=EDGE_CURVE('',#3663,#3664,#372,.T.);
#2673=EDGE_CURVE('',#3664,#3665,#209,.F.);
#2674=EDGE_CURVE('',#3665,#3666,#4271,.T.);
#2675=EDGE_CURVE('',#3666,#3667,#210,.T.);
#2676=EDGE_CURVE('',#3667,#3668,#373,.T.);
#2677=EDGE_CURVE('',#3668,#3669,#374,.T.);
#2678=EDGE_CURVE('',#3669,#3670,#211,.T.);
#2679=EDGE_CURVE('',#3670,#3671,#375,.T.);
#2680=EDGE_CURVE('',#3671,#3672,#212,.T.);
#2681=EDGE_CURVE('',#3672,#3673,#376,.T.);
#2682=EDGE_CURVE('',#3673,#3674,#213,.F.);
#2683=EDGE_CURVE('',#3674,#3675,#377,.T.);
#2684=EDGE_CURVE('',#3675,#3676,#378,.T.);
#2685=EDGE_CURVE('',#3676,#3677,#379,.T.);
#2686=EDGE_CURVE('',#3677,#3678,#214,.F.);
#2687=EDGE_CURVE('',#3678,#3679,#4272,.T.);
#2688=EDGE_CURVE('',#3679,#3680,#215,.T.);
#2689=EDGE_CURVE('',#3680,#3681,#216,.T.);
#2690=EDGE_CURVE('',#3681,#3682,#380,.T.);
#2691=EDGE_CURVE('',#3682,#3683,#381,.T.);
#2692=EDGE_CURVE('',#3683,#3684,#382,.T.);
#2693=EDGE_CURVE('',#3684,#3685,#383,.T.);
#2694=EDGE_CURVE('',#3685,#3660,#217,.F.);
#2695=EDGE_CURVE('',#3686,#3687,#218,.F.);
#2696=EDGE_CURVE('',#3687,#3688,#219,.F.);
#2697=EDGE_CURVE('',#3688,#3689,#4273,.T.);
#2698=EDGE_CURVE('',#3689,#3690,#220,.T.);
#2699=EDGE_CURVE('',#3690,#3691,#384,.T.);
#2700=EDGE_CURVE('',#3691,#3692,#385,.T.);
#2701=EDGE_CURVE('',#3692,#3693,#4274,.T.);
#2702=EDGE_CURVE('',#3693,#3694,#4275,.T.);
#2703=EDGE_CURVE('',#3694,#3695,#4276,.T.);
#2704=EDGE_CURVE('',#3695,#3696,#4277,.T.);
#2705=EDGE_CURVE('',#3696,#3697,#4278,.T.);
#2706=EDGE_CURVE('',#3697,#3698,#4279,.T.);
#2707=EDGE_CURVE('',#3698,#3686,#221,.F.);
#2708=EDGE_CURVE('',#3699,#3700,#4280,.T.);
#2709=EDGE_CURVE('',#3700,#3701,#4281,.T.);
#2710=EDGE_CURVE('',#3701,#3702,#4282,.T.);
#2711=EDGE_CURVE('',#3702,#3699,#4283,.T.);
#2712=EDGE_CURVE('',#3703,#3704,#386,.T.);
#2713=EDGE_CURVE('',#3704,#3705,#387,.T.);
#2714=EDGE_CURVE('',#3705,#3706,#388,.T.);
#2715=EDGE_CURVE('',#3706,#3707,#389,.T.);
#2716=EDGE_CURVE('',#3707,#3703,#390,.T.);
#2717=EDGE_CURVE('',#3708,#3709,#4284,.T.);
#2718=EDGE_CURVE('',#3709,#3710,#4285,.T.);
#2719=EDGE_CURVE('',#3710,#3711,#4286,.T.);
#2720=EDGE_CURVE('',#3711,#3712,#4287,.T.);
#2721=EDGE_CURVE('',#3712,#3713,#4288,.T.);
#2722=EDGE_CURVE('',#3713,#3714,#4289,.T.);
#2723=EDGE_CURVE('',#3714,#3715,#4290,.T.);
#2724=EDGE_CURVE('',#3715,#3716,#4291,.T.);
#2725=EDGE_CURVE('',#3716,#3717,#4292,.T.);
#2726=EDGE_CURVE('',#3717,#3718,#391,.T.);
#2727=EDGE_CURVE('',#3718,#3719,#392,.T.);
#2728=EDGE_CURVE('',#3719,#3720,#393,.T.);
#2729=EDGE_CURVE('',#3720,#3721,#4293,.T.);
#2730=EDGE_CURVE('',#3721,#3722,#222,.T.);
#2731=EDGE_CURVE('',#3722,#3723,#394,.T.);
#2732=EDGE_CURVE('',#3723,#3724,#395,.T.);
#2733=EDGE_CURVE('',#3724,#3725,#4294,.T.);
#2734=EDGE_CURVE('',#3725,#3708,#4295,.T.);
#2735=EDGE_CURVE('',#3726,#3727,#4296,.T.);
#2736=EDGE_CURVE('',#3727,#3728,#4297,.T.);
#2737=EDGE_CURVE('',#3728,#3729,#4298,.T.);
#2738=EDGE_CURVE('',#3729,#3730,#223,.F.);
#2739=EDGE_CURVE('',#3730,#3731,#4299,.T.);
#2740=EDGE_CURVE('',#3731,#3732,#224,.F.);
#2741=EDGE_CURVE('',#3732,#3733,#4300,.T.);
#2742=EDGE_CURVE('',#3733,#3734,#4301,.T.);
#2743=EDGE_CURVE('',#3734,#3735,#4302,.T.);
#2744=EDGE_CURVE('',#3735,#3736,#396,.T.);
#2745=EDGE_CURVE('',#3736,#3737,#397,.T.);
#2746=EDGE_CURVE('',#3737,#3738,#225,.F.);
#2747=EDGE_CURVE('',#3738,#3739,#4303,.T.);
#2748=EDGE_CURVE('',#3739,#3740,#226,.T.);
#2749=EDGE_CURVE('',#3740,#3741,#227,.T.);
#2750=EDGE_CURVE('',#3741,#3742,#398,.T.);
#2751=EDGE_CURVE('',#3742,#3726,#4304,.T.);
#2752=EDGE_CURVE('',#3743,#3744,#4305,.T.);
#2753=EDGE_CURVE('',#3744,#3745,#4306,.T.);
#2754=EDGE_CURVE('',#3745,#3746,#399,.T.);
#2755=EDGE_CURVE('',#3746,#3747,#400,.T.);
#2756=EDGE_CURVE('',#3747,#3748,#4307,.T.);
#2757=EDGE_CURVE('',#3748,#3749,#228,.F.);
#2758=EDGE_CURVE('',#3749,#3750,#401,.T.);
#2759=EDGE_CURVE('',#3750,#3751,#402,.T.);
#2760=EDGE_CURVE('',#3751,#3752,#403,.T.);
#2761=EDGE_CURVE('',#3752,#3753,#4308,.T.);
#2762=EDGE_CURVE('',#3753,#3754,#4309,.T.);
#2763=EDGE_CURVE('',#3754,#3755,#4310,.T.);
#2764=EDGE_CURVE('',#3755,#3756,#404,.T.);
#2765=EDGE_CURVE('',#3756,#3757,#405,.T.);
#2766=EDGE_CURVE('',#3757,#3758,#406,.T.);
#2767=EDGE_CURVE('',#3758,#3759,#407,.T.);
#2768=EDGE_CURVE('',#3759,#3760,#4311,.T.);
#2769=EDGE_CURVE('',#3760,#3761,#4312,.T.);
#2770=EDGE_CURVE('',#3761,#3762,#4313,.T.);
#2771=EDGE_CURVE('',#3762,#3763,#408,.T.);
#2772=EDGE_CURVE('',#3763,#3764,#409,.T.);
#2773=EDGE_CURVE('',#3764,#3765,#410,.T.);
#2774=EDGE_CURVE('',#3765,#3766,#4314,.T.);
#2775=EDGE_CURVE('',#3767,#3766,#4315,.T.);
#2776=EDGE_CURVE('',#3767,#3768,#4316,.F.);
#2777=EDGE_CURVE('',#3768,#3769,#411,.T.);
#2778=EDGE_CURVE('',#3769,#3770,#412,.T.);
#2779=EDGE_CURVE('',#3770,#3771,#413,.T.);
#2780=EDGE_CURVE('',#3771,#3772,#414,.T.);
#2781=EDGE_CURVE('',#3772,#3773,#415,.T.);
#2782=EDGE_CURVE('',#3773,#3774,#416,.T.);
#2783=EDGE_CURVE('',#3774,#3743,#4317,.F.);
#2784=EDGE_CURVE('',#3775,#3776,#4318,.T.);
#2785=EDGE_CURVE('',#3776,#3777,#4319,.T.);
#2786=EDGE_CURVE('',#3777,#3778,#4320,.T.);
#2787=EDGE_CURVE('',#3778,#3775,#4321,.T.);
#2788=EDGE_CURVE('',#3779,#3780,#4322,.T.);
#2789=EDGE_CURVE('',#3779,#3781,#4323,.F.);
#2790=EDGE_CURVE('',#3781,#3782,#4324,.T.);
#2791=EDGE_CURVE('',#3782,#3780,#4325,.T.);
#2792=EDGE_CURVE('',#3783,#3784,#4326,.T.);
#2793=EDGE_CURVE('',#3783,#3785,#4327,.T.);
#2794=EDGE_CURVE('',#3785,#3786,#4328,.T.);
#2795=EDGE_CURVE('',#3786,#3784,#4329,.F.);
#2796=EDGE_CURVE('',#3787,#3788,#4330,.T.);
#2797=EDGE_CURVE('',#3787,#3789,#4331,.T.);
#2798=EDGE_CURVE('',#3789,#3790,#4332,.T.);
#2799=EDGE_CURVE('',#3790,#3791,#4333,.F.);
#2800=EDGE_CURVE('',#3792,#3791,#4334,.T.);
#2801=EDGE_CURVE('',#3793,#3792,#4335,.T.);
#2802=EDGE_CURVE('',#3794,#3793,#4336,.T.);
#2803=EDGE_CURVE('',#3794,#3788,#4337,.T.);
#2804=EDGE_CURVE('',#3795,#3795,#229,.T.);
#2805=EDGE_CURVE('',#3796,#3796,#230,.T.);
#2806=EDGE_CURVE('',#3797,#3797,#231,.T.);
#2807=EDGE_CURVE('',#3798,#3798,#232,.T.);
#2808=EDGE_CURVE('',#3799,#3799,#233,.T.);
#2809=EDGE_CURVE('',#3800,#3800,#234,.T.);
#2810=EDGE_CURVE('',#3801,#3801,#235,.T.);
#2811=EDGE_CURVE('',#3802,#3802,#236,.T.);
#2812=EDGE_CURVE('',#3785,#3779,#237,.F.);
#2813=EDGE_CURVE('',#3780,#3767,#238,.F.);
#2814=EDGE_CURVE('',#3766,#3790,#239,.F.);
#2815=EDGE_CURVE('',#3789,#3786,#240,.F.);
#2816=EDGE_CURVE('',#3803,#3804,#4338,.T.);
#2817=EDGE_CURVE('',#3803,#3805,#4339,.T.);
#2818=EDGE_CURVE('',#3806,#3805,#4340,.T.);
#2819=EDGE_CURVE('',#3806,#3804,#4341,.T.);
#2820=EDGE_CURVE('',#3807,#3805,#4342,.T.);
#2821=EDGE_CURVE('',#3808,#3807,#4343,.T.);
#2822=EDGE_CURVE('',#3806,#3808,#4344,.T.);
#2823=EDGE_CURVE('',#3809,#3807,#4345,.T.);
#2824=EDGE_CURVE('',#3810,#3809,#4346,.T.);
#2825=EDGE_CURVE('',#3808,#3810,#4347,.T.);
#2826=EDGE_CURVE('',#3809,#3775,#4348,.T.);
#2827=EDGE_CURVE('',#3778,#3810,#4349,.T.);
#2828=EDGE_CURVE('',#3781,#3783,#241,.T.);
#2829=EDGE_CURVE('',#3784,#3787,#242,.T.);
#2830=EDGE_CURVE('',#3804,#3788,#4350,.T.);
#2831=EDGE_CURVE('',#3777,#3792,#4351,.T.);
#2832=EDGE_CURVE('',#3791,#3744,#243,.T.);
#2833=EDGE_CURVE('',#3743,#3782,#244,.T.);
#2834=EDGE_CURVE('',#3803,#3794,#4352,.T.);
#2835=EDGE_CURVE('',#3776,#3793,#4353,.T.);
#2836=EDGE_CURVE('',#3811,#3812,#4354,.T.);
#2837=EDGE_CURVE('',#3811,#3813,#417,.T.);
#2838=EDGE_CURVE('',#3813,#3814,#4355,.T.);
#2839=EDGE_CURVE('',#3812,#3814,#418,.T.);
#2840=EDGE_CURVE('',#3815,#3816,#4356,.T.);
#2841=EDGE_CURVE('',#3815,#3811,#419,.T.);
#2842=EDGE_CURVE('',#3816,#3812,#420,.T.);
#2843=EDGE_CURVE('',#3817,#3818,#4357,.T.);
#2844=EDGE_CURVE('',#3817,#3815,#421,.T.);
#2845=EDGE_CURVE('',#3818,#3816,#422,.T.);
#2846=EDGE_CURVE('',#3819,#3820,#4358,.T.);
#2847=EDGE_CURVE('',#3819,#3817,#423,.T.);
#2848=EDGE_CURVE('',#3820,#3818,#424,.T.);
#2849=EDGE_CURVE('',#3821,#3822,#4359,.T.);
#2850=EDGE_CURVE('',#3821,#3819,#425,.T.);
#2851=EDGE_CURVE('',#3822,#3820,#426,.T.);
#2852=EDGE_CURVE('',#3823,#3824,#4360,.T.);
#2853=EDGE_CURVE('',#3823,#3821,#427,.T.);
#2854=EDGE_CURVE('',#3824,#3822,#428,.T.);
#2855=EDGE_CURVE('',#3825,#3826,#4361,.T.);
#2856=EDGE_CURVE('',#3825,#3823,#429,.T.);
#2857=EDGE_CURVE('',#3826,#3824,#430,.T.);
#2858=EDGE_CURVE('',#3827,#3828,#4362,.T.);
#2859=EDGE_CURVE('',#3827,#3825,#4363,.T.);
#2860=EDGE_CURVE('',#3828,#3826,#4364,.T.);
#2861=EDGE_CURVE('',#3829,#3769,#4365,.T.);
#2862=EDGE_CURVE('',#3829,#3830,#431,.T.);
#2863=EDGE_CURVE('',#3830,#3770,#4366,.T.);
#2864=EDGE_CURVE('',#3768,#3831,#432,.T.);
#2865=EDGE_CURVE('',#3832,#3831,#4367,.T.);
#2866=EDGE_CURVE('',#3832,#3829,#433,.T.);
#2867=EDGE_CURVE('',#3831,#3833,#245,.T.);
#2868=EDGE_CURVE('',#3834,#3833,#4368,.T.);
#2869=EDGE_CURVE('',#3834,#3832,#4369,.T.);
#2870=EDGE_CURVE('',#3833,#3835,#22,.T.);
#2871=EDGE_CURVE('',#3836,#3835,#4370,.T.);
#2872=EDGE_CURVE('',#3836,#3834,#4371,.T.);
#2873=EDGE_CURVE('',#3835,#3837,#246,.T.);
#2874=EDGE_CURVE('',#3838,#3837,#4372,.T.);
#2875=EDGE_CURVE('',#3838,#3836,#4373,.T.);
#2876=EDGE_CURVE('',#3837,#3839,#4374,.F.);
#2877=EDGE_CURVE('',#3840,#3839,#4375,.T.);
#2878=EDGE_CURVE('',#3840,#3838,#4376,.T.);
#2879=EDGE_CURVE('',#3839,#3841,#247,.T.);
#2880=EDGE_CURVE('',#3842,#3841,#4377,.T.);
#2881=EDGE_CURVE('',#3842,#3840,#4378,.T.);
#2882=EDGE_CURVE('',#3841,#3843,#4379,.T.);
#2883=EDGE_CURVE('',#3844,#3843,#4380,.T.);
#2884=EDGE_CURVE('',#3844,#3842,#4381,.T.);
#2885=EDGE_CURVE('',#3843,#3845,#434,.T.);
#2886=EDGE_CURVE('',#3846,#3845,#4382,.T.);
#2887=EDGE_CURVE('',#3846,#3844,#248,.F.);
#2888=EDGE_CURVE('',#3845,#3847,#249,.T.);
#2889=EDGE_CURVE('',#3848,#3847,#4383,.T.);
#2890=EDGE_CURVE('',#3848,#3846,#4384,.T.);
#2891=EDGE_CURVE('',#3847,#3774,#435,.T.);
#2892=EDGE_CURVE('',#3849,#3773,#4385,.T.);
#2893=EDGE_CURVE('',#3849,#3848,#436,.T.);
#2894=EDGE_CURVE('',#3850,#3772,#4386,.T.);
#2895=EDGE_CURVE('',#3850,#3849,#437,.T.);
#2896=EDGE_CURVE('',#3851,#3771,#4387,.T.);
#2897=EDGE_CURVE('',#3851,#3850,#438,.T.);
#2898=EDGE_CURVE('',#3830,#3851,#439,.T.);
#2899=EDGE_CURVE('',#3813,#3827,#440,.T.);
#2900=EDGE_CURVE('',#3814,#3828,#441,.T.);
#2901=EDGE_CURVE('',#3852,#3853,#4388,.T.);
#2902=EDGE_CURVE('',#3852,#3854,#4389,.T.);
#2903=EDGE_CURVE('',#3854,#3855,#4390,.T.);
#2904=EDGE_CURVE('',#3853,#3855,#4391,.T.);
#2905=EDGE_CURVE('',#3856,#3857,#4392,.T.);
#2906=EDGE_CURVE('',#3856,#3852,#4393,.T.);
#2907=EDGE_CURVE('',#3857,#3853,#4394,.T.);
#2908=EDGE_CURVE('',#3858,#3859,#4395,.T.);
#2909=EDGE_CURVE('',#3858,#3856,#442,.T.);
#2910=EDGE_CURVE('',#3859,#3857,#443,.T.);
#2911=EDGE_CURVE('',#3860,#3861,#4396,.T.);
#2912=EDGE_CURVE('',#3860,#3858,#444,.T.);
#2913=EDGE_CURVE('',#3861,#3859,#445,.T.);
#2914=EDGE_CURVE('',#3862,#3863,#4397,.T.);
#2915=EDGE_CURVE('',#3862,#3860,#446,.T.);
#2916=EDGE_CURVE('',#3863,#3861,#447,.T.);
#2917=EDGE_CURVE('',#3864,#3865,#4398,.T.);
#2918=EDGE_CURVE('',#3864,#3862,#448,.T.);
#2919=EDGE_CURVE('',#3865,#3863,#449,.T.);
#2920=EDGE_CURVE('',#3866,#3564,#4399,.T.);
#2921=EDGE_CURVE('',#3866,#3867,#4400,.T.);
#2922=EDGE_CURVE('',#3867,#3565,#4401,.T.);
#2923=EDGE_CURVE('',#3868,#3563,#4402,.T.);
#2924=EDGE_CURVE('',#3868,#3866,#4403,.T.);
#2925=EDGE_CURVE('',#3869,#3580,#4404,.T.);
#2926=EDGE_CURVE('',#3869,#3868,#4405,.T.);
#2927=EDGE_CURVE('',#3870,#3579,#4406,.T.);
#2928=EDGE_CURVE('',#3870,#3869,#450,.T.);
#2929=EDGE_CURVE('',#3871,#3578,#4407,.T.);
#2930=EDGE_CURVE('',#3871,#3870,#451,.T.);
#2931=EDGE_CURVE('',#3872,#3577,#4408,.T.);
#2932=EDGE_CURVE('',#3872,#3871,#452,.T.);
#2933=EDGE_CURVE('',#3873,#3576,#4409,.T.);
#2934=EDGE_CURVE('',#3873,#3872,#4410,.T.);
#2935=EDGE_CURVE('',#3874,#3575,#4411,.T.);
#2936=EDGE_CURVE('',#3874,#3873,#453,.T.);
#2937=EDGE_CURVE('',#3875,#3574,#4412,.T.);
#2938=EDGE_CURVE('',#3875,#3874,#454,.T.);
#2939=EDGE_CURVE('',#3876,#3573,#4413,.T.);
#2940=EDGE_CURVE('',#3876,#3875,#4414,.T.);
#2941=EDGE_CURVE('',#3877,#3572,#4415,.T.);
#2942=EDGE_CURVE('',#3877,#3876,#4416,.T.);
#2943=EDGE_CURVE('',#3878,#3571,#4417,.T.);
#2944=EDGE_CURVE('',#3878,#3877,#455,.T.);
#2945=EDGE_CURVE('',#3879,#3570,#4418,.T.);
#2946=EDGE_CURVE('',#3879,#3878,#456,.T.);
#2947=EDGE_CURVE('',#3880,#3569,#4419,.T.);
#2948=EDGE_CURVE('',#3880,#3879,#457,.T.);
#2949=EDGE_CURVE('',#3881,#3568,#4420,.T.);
#2950=EDGE_CURVE('',#3881,#3880,#458,.T.);
#2951=EDGE_CURVE('',#3882,#3567,#4421,.T.);
#2952=EDGE_CURVE('',#3882,#3881,#459,.T.);
#2953=EDGE_CURVE('',#3883,#3566,#4422,.T.);
#2954=EDGE_CURVE('',#3883,#3882,#460,.T.);
#2955=EDGE_CURVE('',#3867,#3883,#4423,.T.);
#2956=EDGE_CURVE('',#3854,#3864,#461,.T.);
#2957=EDGE_CURVE('',#3855,#3865,#462,.T.);
#2958=EDGE_CURVE('',#3884,#3582,#4424,.T.);
#2959=EDGE_CURVE('',#3884,#3885,#463,.T.);
#2960=EDGE_CURVE('',#3885,#3583,#4425,.T.);
#2961=EDGE_CURVE('',#3886,#3581,#4426,.T.);
#2962=EDGE_CURVE('',#3886,#3884,#464,.T.);
#2963=EDGE_CURVE('',#3887,#3594,#4427,.T.);
#2964=EDGE_CURVE('',#3887,#3886,#250,.F.);
#2965=EDGE_CURVE('',#3888,#3593,#4428,.T.);
#2966=EDGE_CURVE('',#3888,#3887,#4429,.T.);
#2967=EDGE_CURVE('',#3889,#3592,#4430,.T.);
#2968=EDGE_CURVE('',#3889,#3888,#251,.T.);
#2969=EDGE_CURVE('',#3890,#3591,#4431,.T.);
#2970=EDGE_CURVE('',#3890,#3889,#252,.T.);
#2971=EDGE_CURVE('',#3891,#3590,#4432,.T.);
#2972=EDGE_CURVE('',#3891,#3890,#465,.T.);
#2973=EDGE_CURVE('',#3892,#3589,#4433,.T.);
#2974=EDGE_CURVE('',#3892,#3891,#466,.T.);
#2975=EDGE_CURVE('',#3893,#3588,#4434,.T.);
#2976=EDGE_CURVE('',#3893,#3892,#253,.T.);
#2977=EDGE_CURVE('',#3894,#3587,#4435,.T.);
#2978=EDGE_CURVE('',#3894,#3893,#254,.T.);
#2979=EDGE_CURVE('',#3895,#3586,#4436,.T.);
#2980=EDGE_CURVE('',#3895,#3894,#4437,.T.);
#2981=EDGE_CURVE('',#3896,#3585,#4438,.T.);
#2982=EDGE_CURVE('',#3896,#3895,#467,.T.);
#2983=EDGE_CURVE('',#3897,#3584,#4439,.T.);
#2984=EDGE_CURVE('',#3897,#3896,#468,.T.);
#2985=EDGE_CURVE('',#3885,#3897,#469,.T.);
#2986=EDGE_CURVE('',#3898,#3596,#4440,.T.);
#2987=EDGE_CURVE('',#3898,#3899,#4441,.T.);
#2988=EDGE_CURVE('',#3899,#3597,#4442,.T.);
#2989=EDGE_CURVE('',#3900,#3595,#4443,.T.);
#2990=EDGE_CURVE('',#3900,#3898,#4444,.T.);
#2991=EDGE_CURVE('',#3901,#3609,#4445,.T.);
#2992=EDGE_CURVE('',#3901,#3900,#4446,.T.);
#2993=EDGE_CURVE('',#3902,#3608,#4447,.T.);
#2994=EDGE_CURVE('',#3902,#3901,#4448,.T.);
#2995=EDGE_CURVE('',#3903,#3607,#4449,.T.);
#2996=EDGE_CURVE('',#3903,#3902,#4450,.T.);
#2997=EDGE_CURVE('',#3904,#3606,#4451,.T.);
#2998=EDGE_CURVE('',#3904,#3903,#4452,.T.);
#2999=EDGE_CURVE('',#3905,#3605,#4453,.T.);
#3000=EDGE_CURVE('',#3905,#3904,#4454,.T.);
#3001=EDGE_CURVE('',#3906,#3604,#4455,.T.);
#3002=EDGE_CURVE('',#3906,#3905,#4456,.T.);
#3003=EDGE_CURVE('',#3907,#3603,#4457,.T.);
#3004=EDGE_CURVE('',#3907,#3906,#4458,.T.);
#3005=EDGE_CURVE('',#3908,#3602,#4459,.T.);
#3006=EDGE_CURVE('',#3908,#3907,#4460,.T.);
#3007=EDGE_CURVE('',#3909,#3601,#4461,.T.);
#3008=EDGE_CURVE('',#3909,#3908,#4462,.T.);
#3009=EDGE_CURVE('',#3910,#3600,#4463,.T.);
#3010=EDGE_CURVE('',#3910,#3909,#4464,.T.);
#3011=EDGE_CURVE('',#3911,#3599,#4465,.T.);
#3012=EDGE_CURVE('',#3911,#3910,#4466,.T.);
#3013=EDGE_CURVE('',#3912,#3598,#4467,.T.);
#3014=EDGE_CURVE('',#3912,#3911,#4468,.T.);
#3015=EDGE_CURVE('',#3899,#3912,#4469,.T.);
#3016=EDGE_CURVE('',#3913,#3914,#4470,.T.);
#3017=EDGE_CURVE('',#3913,#3915,#4471,.T.);
#3018=EDGE_CURVE('',#3915,#3916,#4472,.T.);
#3019=EDGE_CURVE('',#3914,#3916,#4473,.T.);
#3020=EDGE_CURVE('',#3917,#3918,#4474,.T.);
#3021=EDGE_CURVE('',#3917,#3913,#4475,.T.);
#3022=EDGE_CURVE('',#3918,#3914,#4476,.T.);
#3023=EDGE_CURVE('',#3919,#3920,#4477,.T.);
#3024=EDGE_CURVE('',#3919,#3917,#470,.T.);
#3025=EDGE_CURVE('',#3920,#3918,#471,.T.);
#3026=EDGE_CURVE('',#3921,#3922,#4478,.T.);
#3027=EDGE_CURVE('',#3921,#3919,#472,.T.);
#3028=EDGE_CURVE('',#3922,#3920,#473,.T.);
#3029=EDGE_CURVE('',#3923,#3924,#4479,.T.);
#3030=EDGE_CURVE('',#3923,#3921,#474,.T.);
#3031=EDGE_CURVE('',#3924,#3922,#475,.T.);
#3032=EDGE_CURVE('',#3925,#3926,#4480,.T.);
#3033=EDGE_CURVE('',#3925,#3923,#476,.T.);
#3034=EDGE_CURVE('',#3926,#3924,#477,.T.);
#3035=EDGE_CURVE('',#3927,#3546,#4481,.T.);
#3036=EDGE_CURVE('',#3927,#3928,#4482,.T.);
#3037=EDGE_CURVE('',#3928,#3547,#4483,.T.);
#3038=EDGE_CURVE('',#3929,#3545,#4484,.T.);
#3039=EDGE_CURVE('',#3929,#3927,#4485,.T.);
#3040=EDGE_CURVE('',#3930,#3562,#4486,.T.);
#3041=EDGE_CURVE('',#3930,#3929,#4487,.T.);
#3042=EDGE_CURVE('',#3931,#3561,#4488,.T.);
#3043=EDGE_CURVE('',#3931,#3930,#478,.T.);
#3044=EDGE_CURVE('',#3932,#3560,#4489,.T.);
#3045=EDGE_CURVE('',#3932,#3931,#479,.T.);
#3046=EDGE_CURVE('',#3933,#3559,#4490,.T.);
#3047=EDGE_CURVE('',#3933,#3932,#480,.T.);
#3048=EDGE_CURVE('',#3934,#3558,#4491,.T.);
#3049=EDGE_CURVE('',#3934,#3933,#4492,.T.);
#3050=EDGE_CURVE('',#3935,#3557,#4493,.T.);
#3051=EDGE_CURVE('',#3935,#3934,#481,.T.);
#3052=EDGE_CURVE('',#3936,#3556,#4494,.T.);
#3053=EDGE_CURVE('',#3936,#3935,#482,.T.);
#3054=EDGE_CURVE('',#3937,#3555,#4495,.T.);
#3055=EDGE_CURVE('',#3937,#3936,#4496,.T.);
#3056=EDGE_CURVE('',#3938,#3554,#4497,.T.);
#3057=EDGE_CURVE('',#3938,#3937,#4498,.T.);
#3058=EDGE_CURVE('',#3939,#3553,#4499,.T.);
#3059=EDGE_CURVE('',#3939,#3938,#483,.T.);
#3060=EDGE_CURVE('',#3940,#3552,#4500,.T.);
#3061=EDGE_CURVE('',#3940,#3939,#484,.T.);
#3062=EDGE_CURVE('',#3941,#3551,#4501,.T.);
#3063=EDGE_CURVE('',#3941,#3940,#485,.T.);
#3064=EDGE_CURVE('',#3942,#3550,#4502,.T.);
#3065=EDGE_CURVE('',#3942,#3941,#486,.T.);
#3066=EDGE_CURVE('',#3943,#3549,#4503,.T.);
#3067=EDGE_CURVE('',#3943,#3942,#487,.T.);
#3068=EDGE_CURVE('',#3944,#3548,#4504,.T.);
#3069=EDGE_CURVE('',#3944,#3943,#488,.T.);
#3070=EDGE_CURVE('',#3928,#3944,#4505,.T.);
#3071=EDGE_CURVE('',#3915,#3925,#489,.T.);
#3072=EDGE_CURVE('',#3916,#3926,#490,.T.);
#3073=EDGE_CURVE('',#3945,#3946,#4506,.T.);
#3074=EDGE_CURVE('',#3945,#3947,#491,.T.);
#3075=EDGE_CURVE('',#3947,#3948,#4507,.T.);
#3076=EDGE_CURVE('',#3946,#3948,#492,.T.);
#3077=EDGE_CURVE('',#3949,#3950,#4508,.T.);
#3078=EDGE_CURVE('',#3949,#3945,#493,.T.);
#3079=EDGE_CURVE('',#3950,#3946,#494,.T.);
#3080=EDGE_CURVE('',#3951,#3952,#4509,.T.);
#3081=EDGE_CURVE('',#3951,#3949,#495,.T.);
#3082=EDGE_CURVE('',#3952,#3950,#496,.T.);
#3083=EDGE_CURVE('',#3953,#3954,#4510,.T.);
#3084=EDGE_CURVE('',#3953,#3951,#497,.T.);
#3085=EDGE_CURVE('',#3954,#3952,#498,.T.);
#3086=EDGE_CURVE('',#3955,#3956,#4511,.T.);
#3087=EDGE_CURVE('',#3955,#3953,#499,.T.);
#3088=EDGE_CURVE('',#3956,#3954,#500,.T.);
#3089=EDGE_CURVE('',#3957,#3958,#4512,.T.);
#3090=EDGE_CURVE('',#3957,#3955,#501,.T.);
#3091=EDGE_CURVE('',#3958,#3956,#502,.T.);
#3092=EDGE_CURVE('',#3959,#3960,#4513,.T.);
#3093=EDGE_CURVE('',#3959,#3957,#4514,.T.);
#3094=EDGE_CURVE('',#3960,#3958,#4515,.T.);
#3095=EDGE_CURVE('',#3961,#3611,#4516,.T.);
#3096=EDGE_CURVE('',#3961,#3962,#503,.T.);
#3097=EDGE_CURVE('',#3962,#3612,#4517,.T.);
#3098=EDGE_CURVE('',#3963,#3610,#4518,.T.);
#3099=EDGE_CURVE('',#3963,#3961,#504,.T.);
#3100=EDGE_CURVE('',#3964,#3624,#4519,.T.);
#3101=EDGE_CURVE('',#3964,#3963,#505,.T.);
#3102=EDGE_CURVE('',#3965,#3623,#4520,.T.);
#3103=EDGE_CURVE('',#3965,#3964,#506,.T.);
#3104=EDGE_CURVE('',#3966,#3622,#4521,.T.);
#3105=EDGE_CURVE('',#3966,#3965,#507,.T.);
#3106=EDGE_CURVE('',#3967,#3621,#4522,.T.);
#3107=EDGE_CURVE('',#3967,#3966,#508,.T.);
#3108=EDGE_CURVE('',#3968,#3620,#4523,.T.);
#3109=EDGE_CURVE('',#3968,#3967,#509,.T.);
#3110=EDGE_CURVE('',#3969,#3619,#4524,.T.);
#3111=EDGE_CURVE('',#3969,#3968,#4525,.T.);
#3112=EDGE_CURVE('',#3970,#3618,#4526,.T.);
#3113=EDGE_CURVE('',#3970,#3969,#4527,.T.);
#3114=EDGE_CURVE('',#3971,#3617,#4528,.T.);
#3115=EDGE_CURVE('',#3971,#3970,#4529,.T.);
#3116=EDGE_CURVE('',#3972,#3616,#4530,.T.);
#3117=EDGE_CURVE('',#3972,#3971,#4531,.T.);
#3118=EDGE_CURVE('',#3973,#3615,#4532,.T.);
#3119=EDGE_CURVE('',#3973,#3972,#4533,.T.);
#3120=EDGE_CURVE('',#3974,#3614,#4534,.T.);
#3121=EDGE_CURVE('',#3974,#3973,#4535,.T.);
#3122=EDGE_CURVE('',#3975,#3613,#4536,.T.);
#3123=EDGE_CURVE('',#3975,#3974,#510,.T.);
#3124=EDGE_CURVE('',#3962,#3975,#4537,.T.);
#3125=EDGE_CURVE('',#3947,#3959,#511,.T.);
#3126=EDGE_CURVE('',#3948,#3960,#512,.T.);
#3127=EDGE_CURVE('',#3976,#3626,#4538,.T.);
#3128=EDGE_CURVE('',#3976,#3977,#4539,.T.);
#3129=EDGE_CURVE('',#3977,#3627,#4540,.T.);
#3130=EDGE_CURVE('',#3978,#3625,#4541,.T.);
#3131=EDGE_CURVE('',#3978,#3976,#4542,.T.);
#3132=EDGE_CURVE('',#3979,#3641,#4543,.T.);
#3133=EDGE_CURVE('',#3979,#3978,#513,.T.);
#3134=EDGE_CURVE('',#3980,#3640,#4544,.T.);
#3135=EDGE_CURVE('',#3980,#3979,#514,.T.);
#3136=EDGE_CURVE('',#3981,#3639,#4545,.T.);
#3137=EDGE_CURVE('',#3981,#3980,#515,.T.);
#3138=EDGE_CURVE('',#3982,#3638,#4546,.T.);
#3139=EDGE_CURVE('',#3982,#3981,#4547,.T.);
#3140=EDGE_CURVE('',#3983,#3637,#4548,.T.);
#3141=EDGE_CURVE('',#3983,#3982,#4549,.T.);
#3142=EDGE_CURVE('',#3984,#3636,#4550,.T.);
#3143=EDGE_CURVE('',#3984,#3983,#255,.F.);
#3144=EDGE_CURVE('',#3985,#3635,#4551,.T.);
#3145=EDGE_CURVE('',#3985,#3984,#4552,.T.);
#3146=EDGE_CURVE('',#3986,#3634,#4553,.T.);
#3147=EDGE_CURVE('',#3986,#3985,#4554,.T.);
#3148=EDGE_CURVE('',#3987,#3633,#4555,.T.);
#3149=EDGE_CURVE('',#3987,#3986,#4556,.T.);
#3150=EDGE_CURVE('',#3988,#3632,#4557,.T.);
#3151=EDGE_CURVE('',#3988,#3987,#4558,.T.);
#3152=EDGE_CURVE('',#3989,#3631,#4559,.T.);
#3153=EDGE_CURVE('',#3989,#3988,#4560,.T.);
#3154=EDGE_CURVE('',#3990,#3630,#4561,.T.);
#3155=EDGE_CURVE('',#3990,#3989,#516,.T.);
#3156=EDGE_CURVE('',#3991,#3629,#4562,.T.);
#3157=EDGE_CURVE('',#3991,#3990,#517,.T.);
#3158=EDGE_CURVE('',#3992,#3628,#4563,.T.);
#3159=EDGE_CURVE('',#3992,#3991,#518,.T.);
#3160=EDGE_CURVE('',#3977,#3992,#4564,.T.);
#3161=EDGE_CURVE('',#3993,#3643,#4565,.T.);
#3162=EDGE_CURVE('',#3993,#3994,#519,.T.);
#3163=EDGE_CURVE('',#3994,#3644,#4566,.T.);
#3164=EDGE_CURVE('',#3995,#3642,#4567,.T.);
#3165=EDGE_CURVE('',#3995,#3993,#520,.T.);
#3166=EDGE_CURVE('',#3996,#3659,#4568,.T.);
#3167=EDGE_CURVE('',#3996,#3995,#521,.T.);
#3168=EDGE_CURVE('',#3997,#3658,#4569,.T.);
#3169=EDGE_CURVE('',#3997,#3996,#4570,.T.);
#3170=EDGE_CURVE('',#3998,#3657,#4571,.T.);
#3171=EDGE_CURVE('',#3998,#3997,#4572,.T.);
#3172=EDGE_CURVE('',#3999,#3656,#4573,.T.);
#3173=EDGE_CURVE('',#3999,#3998,#4574,.T.);
#3174=EDGE_CURVE('',#4000,#3655,#4575,.T.);
#3175=EDGE_CURVE('',#4000,#3999,#4576,.T.);
#3176=EDGE_CURVE('',#4001,#3654,#4577,.T.);
#3177=EDGE_CURVE('',#4001,#4000,#4578,.T.);
#3178=EDGE_CURVE('',#4002,#3653,#4579,.T.);
#3179=EDGE_CURVE('',#4002,#4001,#4580,.T.);
#3180=EDGE_CURVE('',#4003,#3652,#4581,.T.);
#3181=EDGE_CURVE('',#4003,#4002,#4582,.T.);
#3182=EDGE_CURVE('',#4004,#3651,#4583,.T.);
#3183=EDGE_CURVE('',#4004,#4003,#4584,.T.);
#3184=EDGE_CURVE('',#4005,#3650,#4585,.T.);
#3185=EDGE_CURVE('',#4005,#4004,#4586,.T.);
#3186=EDGE_CURVE('',#4006,#3649,#4587,.T.);
#3187=EDGE_CURVE('',#4006,#4005,#4588,.T.);
#3188=EDGE_CURVE('',#4007,#3648,#4589,.T.);
#3189=EDGE_CURVE('',#4007,#4006,#4590,.T.);
#3190=EDGE_CURVE('',#4008,#3647,#4591,.T.);
#3191=EDGE_CURVE('',#4008,#4007,#522,.T.);
#3192=EDGE_CURVE('',#4009,#3646,#4592,.T.);
#3193=EDGE_CURVE('',#4009,#4008,#523,.T.);
#3194=EDGE_CURVE('',#4010,#3645,#4593,.T.);
#3195=EDGE_CURVE('',#4010,#4009,#524,.T.);
#3196=EDGE_CURVE('',#3994,#4010,#4594,.T.);
#3197=EDGE_CURVE('',#4011,#3661,#4595,.T.);
#3198=EDGE_CURVE('',#4011,#4012,#525,.T.);
#3199=EDGE_CURVE('',#4012,#3662,#4596,.T.);
#3200=EDGE_CURVE('',#4013,#3660,#4597,.T.);
#3201=EDGE_CURVE('',#4013,#4011,#526,.T.);
#3202=EDGE_CURVE('',#4014,#3685,#4598,.T.);
#3203=EDGE_CURVE('',#4014,#4013,#256,.F.);
#3204=EDGE_CURVE('',#4015,#3684,#4599,.T.);
#3205=EDGE_CURVE('',#4015,#4014,#527,.T.);
#3206=EDGE_CURVE('',#4016,#3683,#4600,.T.);
#3207=EDGE_CURVE('',#4016,#4015,#528,.T.);
#3208=EDGE_CURVE('',#4017,#3682,#4601,.T.);
#3209=EDGE_CURVE('',#4017,#4016,#529,.T.);
#3210=EDGE_CURVE('',#4018,#3681,#4602,.T.);
#3211=EDGE_CURVE('',#4018,#4017,#530,.T.);
#3212=EDGE_CURVE('',#4019,#3680,#4603,.T.);
#3213=EDGE_CURVE('',#4019,#4018,#257,.T.);
#3214=EDGE_CURVE('',#4020,#3679,#4604,.T.);
#3215=EDGE_CURVE('',#4020,#4019,#258,.T.);
#3216=EDGE_CURVE('',#4021,#3678,#4605,.T.);
#3217=EDGE_CURVE('',#4021,#4020,#4606,.T.);
#3218=EDGE_CURVE('',#4022,#3677,#4607,.T.);
#3219=EDGE_CURVE('',#4022,#4021,#259,.F.);
#3220=EDGE_CURVE('',#4023,#3676,#4608,.T.);
#3221=EDGE_CURVE('',#4023,#4022,#531,.T.);
#3222=EDGE_CURVE('',#4024,#3675,#4609,.T.);
#3223=EDGE_CURVE('',#4024,#4023,#532,.T.);
#3224=EDGE_CURVE('',#4025,#3674,#4610,.T.);
#3225=EDGE_CURVE('',#4025,#4024,#533,.T.);
#3226=EDGE_CURVE('',#4026,#3673,#4611,.T.);
#3227=EDGE_CURVE('',#4026,#4025,#260,.F.);
#3228=EDGE_CURVE('',#4027,#3672,#4612,.T.);
#3229=EDGE_CURVE('',#4027,#4026,#534,.T.);
#3230=EDGE_CURVE('',#4028,#3671,#4613,.T.);
#3231=EDGE_CURVE('',#4028,#4027,#261,.T.);
#3232=EDGE_CURVE('',#4029,#3670,#4614,.T.);
#3233=EDGE_CURVE('',#4029,#4028,#535,.T.);
#3234=EDGE_CURVE('',#4030,#3669,#4615,.T.);
#3235=EDGE_CURVE('',#4030,#4029,#262,.T.);
#3236=EDGE_CURVE('',#4031,#3668,#4616,.T.);
#3237=EDGE_CURVE('',#4031,#4030,#536,.T.);
#3238=EDGE_CURVE('',#4032,#3667,#4617,.T.);
#3239=EDGE_CURVE('',#4032,#4031,#537,.T.);
#3240=EDGE_CURVE('',#4033,#3666,#4618,.T.);
#3241=EDGE_CURVE('',#4033,#4032,#263,.T.);
#3242=EDGE_CURVE('',#4034,#3665,#4619,.T.);
#3243=EDGE_CURVE('',#4034,#4033,#4620,.T.);
#3244=EDGE_CURVE('',#4035,#3664,#4621,.T.);
#3245=EDGE_CURVE('',#4035,#4034,#264,.F.);
#3246=EDGE_CURVE('',#4036,#3663,#4622,.T.);
#3247=EDGE_CURVE('',#4036,#4035,#538,.T.);
#3248=EDGE_CURVE('',#4012,#4036,#539,.T.);
#3249=EDGE_CURVE('',#4037,#3687,#4623,.T.);
#3250=EDGE_CURVE('',#4037,#4038,#265,.F.);
#3251=EDGE_CURVE('',#4038,#3688,#4624,.T.);
#3252=EDGE_CURVE('',#4039,#3686,#4625,.T.);
#3253=EDGE_CURVE('',#4039,#4037,#266,.F.);
#3254=EDGE_CURVE('',#4040,#3698,#4626,.T.);
#3255=EDGE_CURVE('',#4040,#4039,#267,.F.);
#3256=EDGE_CURVE('',#4041,#3697,#4627,.T.);
#3257=EDGE_CURVE('',#4041,#4040,#4628,.T.);
#3258=EDGE_CURVE('',#4042,#3696,#4629,.T.);
#3259=EDGE_CURVE('',#4042,#4041,#4630,.T.);
#3260=EDGE_CURVE('',#4043,#3695,#4631,.T.);
#3261=EDGE_CURVE('',#4043,#4042,#4632,.T.);
#3262=EDGE_CURVE('',#4044,#3694,#4633,.T.);
#3263=EDGE_CURVE('',#4044,#4043,#4634,.T.);
#3264=EDGE_CURVE('',#4045,#3693,#4635,.T.);
#3265=EDGE_CURVE('',#4045,#4044,#4636,.T.);
#3266=EDGE_CURVE('',#4046,#3692,#4637,.T.);
#3267=EDGE_CURVE('',#4046,#4045,#4638,.T.);
#3268=EDGE_CURVE('',#4047,#3691,#4639,.T.);
#3269=EDGE_CURVE('',#4047,#4046,#540,.T.);
#3270=EDGE_CURVE('',#4048,#3690,#4640,.T.);
#3271=EDGE_CURVE('',#4048,#4047,#541,.T.);
#3272=EDGE_CURVE('',#4049,#3689,#4641,.T.);
#3273=EDGE_CURVE('',#4049,#4048,#268,.T.);
#3274=EDGE_CURVE('',#4038,#4049,#4642,.T.);
#3275=EDGE_CURVE('',#4050,#3700,#4643,.T.);
#3276=EDGE_CURVE('',#4050,#4051,#4644,.T.);
#3277=EDGE_CURVE('',#4051,#3701,#4645,.T.);
#3278=EDGE_CURVE('',#4052,#3699,#4646,.T.);
#3279=EDGE_CURVE('',#4052,#4050,#4647,.T.);
#3280=EDGE_CURVE('',#4053,#3702,#4648,.T.);
#3281=EDGE_CURVE('',#4053,#4052,#4649,.T.);
#3282=EDGE_CURVE('',#4051,#4053,#4650,.T.);
#3283=EDGE_CURVE('',#4054,#3704,#4651,.T.);
#3284=EDGE_CURVE('',#4054,#4055,#542,.T.);
#3285=EDGE_CURVE('',#4055,#3705,#4652,.T.);
#3286=EDGE_CURVE('',#4056,#3703,#4653,.T.);
#3287=EDGE_CURVE('',#4056,#4054,#543,.T.);
#3288=EDGE_CURVE('',#4057,#3707,#4654,.T.);
#3289=EDGE_CURVE('',#4057,#4056,#544,.T.);
#3290=EDGE_CURVE('',#4058,#3706,#4655,.T.);
#3291=EDGE_CURVE('',#4058,#4057,#545,.T.);
#3292=EDGE_CURVE('',#4055,#4058,#546,.T.);
#3293=EDGE_CURVE('',#4059,#3709,#4656,.T.);
#3294=EDGE_CURVE('',#4059,#4060,#4657,.T.);
#3295=EDGE_CURVE('',#4060,#3710,#4658,.T.);
#3296=EDGE_CURVE('',#4061,#3708,#4659,.T.);
#3297=EDGE_CURVE('',#4061,#4059,#4660,.T.);
#3298=EDGE_CURVE('',#4062,#3725,#4661,.T.);
#3299=EDGE_CURVE('',#4062,#4061,#4662,.T.);
#3300=EDGE_CURVE('',#4063,#3724,#4663,.T.);
#3301=EDGE_CURVE('',#4063,#4062,#4664,.T.);
#3302=EDGE_CURVE('',#4064,#3723,#4665,.T.);
#3303=EDGE_CURVE('',#4064,#4063,#547,.T.);
#3304=EDGE_CURVE('',#4065,#3722,#4666,.T.);
#3305=EDGE_CURVE('',#4065,#4064,#548,.T.);
#3306=EDGE_CURVE('',#4066,#3721,#4667,.T.);
#3307=EDGE_CURVE('',#4066,#4065,#269,.T.);
#3308=EDGE_CURVE('',#4067,#3720,#4668,.T.);
#3309=EDGE_CURVE('',#4067,#4066,#4669,.T.);
#3310=EDGE_CURVE('',#4068,#3719,#4670,.T.);
#3311=EDGE_CURVE('',#4068,#4067,#549,.T.);
#3312=EDGE_CURVE('',#4069,#3718,#4671,.T.);
#3313=EDGE_CURVE('',#4069,#4068,#550,.T.);
#3314=EDGE_CURVE('',#4070,#3717,#4672,.T.);
#3315=EDGE_CURVE('',#4070,#4069,#551,.T.);
#3316=EDGE_CURVE('',#4071,#3716,#4673,.T.);
#3317=EDGE_CURVE('',#4071,#4070,#4674,.T.);
#3318=EDGE_CURVE('',#4072,#3715,#4675,.T.);
#3319=EDGE_CURVE('',#4072,#4071,#4676,.T.);
#3320=EDGE_CURVE('',#4073,#3714,#4677,.T.);
#3321=EDGE_CURVE('',#4073,#4072,#4678,.T.);
#3322=EDGE_CURVE('',#4074,#3713,#4679,.T.);
#3323=EDGE_CURVE('',#4074,#4073,#4680,.T.);
#3324=EDGE_CURVE('',#4075,#3712,#4681,.T.);
#3325=EDGE_CURVE('',#4075,#4074,#4682,.T.);
#3326=EDGE_CURVE('',#4076,#3711,#4683,.T.);
#3327=EDGE_CURVE('',#4076,#4075,#4684,.T.);
#3328=EDGE_CURVE('',#4060,#4076,#4685,.T.);
#3329=EDGE_CURVE('',#4077,#3727,#4686,.T.);
#3330=EDGE_CURVE('',#4077,#4078,#4687,.T.);
#3331=EDGE_CURVE('',#4078,#3728,#4688,.T.);
#3332=EDGE_CURVE('',#4079,#3726,#4689,.T.);
#3333=EDGE_CURVE('',#4079,#4077,#4690,.T.);
#3334=EDGE_CURVE('',#4080,#3742,#4691,.T.);
#3335=EDGE_CURVE('',#4080,#4079,#4692,.T.);
#3336=EDGE_CURVE('',#4081,#3741,#4693,.T.);
#3337=EDGE_CURVE('',#4081,#4080,#552,.T.);
#3338=EDGE_CURVE('',#4082,#3740,#4694,.T.);
#3339=EDGE_CURVE('',#4082,#4081,#270,.T.);
#3340=EDGE_CURVE('',#4083,#3739,#4695,.T.);
#3341=EDGE_CURVE('',#4083,#4082,#271,.T.);
#3342=EDGE_CURVE('',#4084,#3738,#4696,.T.);
#3343=EDGE_CURVE('',#4084,#4083,#4697,.T.);
#3344=EDGE_CURVE('',#4085,#3737,#4698,.T.);
#3345=EDGE_CURVE('',#4085,#4084,#272,.F.);
#3346=EDGE_CURVE('',#4086,#3736,#4699,.T.);
#3347=EDGE_CURVE('',#4086,#4085,#553,.T.);
#3348=EDGE_CURVE('',#4087,#3735,#4700,.T.);
#3349=EDGE_CURVE('',#4087,#4086,#554,.T.);
#3350=EDGE_CURVE('',#4088,#3734,#4701,.T.);
#3351=EDGE_CURVE('',#4088,#4087,#4702,.T.);
#3352=EDGE_CURVE('',#4089,#3733,#4703,.T.);
#3353=EDGE_CURVE('',#4089,#4088,#4704,.T.);
#3354=EDGE_CURVE('',#4090,#3732,#4705,.T.);
#3355=EDGE_CURVE('',#4090,#4089,#4706,.T.);
#3356=EDGE_CURVE('',#4091,#3731,#4707,.T.);
#3357=EDGE_CURVE('',#4091,#4090,#273,.F.);
#3358=EDGE_CURVE('',#4092,#3730,#4708,.T.);
#3359=EDGE_CURVE('',#4092,#4091,#4709,.T.);
#3360=EDGE_CURVE('',#4093,#3729,#4710,.T.);
#3361=EDGE_CURVE('',#4093,#4092,#274,.F.);
#3362=EDGE_CURVE('',#4078,#4093,#4711,.T.);
#3363=EDGE_CURVE('',#4094,#3760,#4712,.T.);
#3364=EDGE_CURVE('',#4094,#4095,#4713,.T.);
#3365=EDGE_CURVE('',#4095,#3761,#4714,.T.);
#3366=EDGE_CURVE('',#4096,#3759,#4715,.T.);
#3367=EDGE_CURVE('',#4096,#4094,#4716,.T.);
#3368=EDGE_CURVE('',#4097,#3758,#4717,.T.);
#3369=EDGE_CURVE('',#4097,#4096,#555,.T.);
#3370=EDGE_CURVE('',#4098,#3757,#4718,.T.);
#3371=EDGE_CURVE('',#4098,#4097,#556,.T.);
#3372=EDGE_CURVE('',#4099,#3756,#4719,.T.);
#3373=EDGE_CURVE('',#4099,#4098,#557,.T.);
#3374=EDGE_CURVE('',#4100,#3755,#4720,.T.);
#3375=EDGE_CURVE('',#4100,#4099,#558,.T.);
#3376=EDGE_CURVE('',#4101,#3754,#4721,.T.);
#3377=EDGE_CURVE('',#4101,#4100,#4722,.T.);
#3378=EDGE_CURVE('',#4102,#3753,#4723,.T.);
#3379=EDGE_CURVE('',#4102,#4101,#4724,.T.);
#3380=EDGE_CURVE('',#4103,#3752,#4725,.T.);
#3381=EDGE_CURVE('',#4103,#4102,#4726,.T.);
#3382=EDGE_CURVE('',#4104,#3751,#4727,.T.);
#3383=EDGE_CURVE('',#4104,#4103,#559,.T.);
#3384=EDGE_CURVE('',#4105,#3750,#4728,.T.);
#3385=EDGE_CURVE('',#4105,#4104,#560,.T.);
#3386=EDGE_CURVE('',#4106,#3749,#4729,.T.);
#3387=EDGE_CURVE('',#4106,#4105,#561,.T.);
#3388=EDGE_CURVE('',#4107,#3748,#4730,.T.);
#3389=EDGE_CURVE('',#4107,#4106,#275,.F.);
#3390=EDGE_CURVE('',#4108,#3747,#4731,.T.);
#3391=EDGE_CURVE('',#4108,#4107,#4732,.T.);
#3392=EDGE_CURVE('',#4109,#3746,#4733,.T.);
#3393=EDGE_CURVE('',#4109,#4108,#562,.T.);
#3394=EDGE_CURVE('',#3745,#4110,#563,.T.);
#3395=EDGE_CURVE('',#4111,#4110,#4734,.T.);
#3396=EDGE_CURVE('',#4111,#4109,#564,.T.);
#3397=EDGE_CURVE('',#4110,#4112,#565,.T.);
#3398=EDGE_CURVE('',#4113,#4112,#4735,.T.);
#3399=EDGE_CURVE('',#4113,#4111,#276,.F.);
#3400=EDGE_CURVE('',#4112,#4114,#277,.T.);
#3401=EDGE_CURVE('',#4115,#4114,#4736,.T.);
#3402=EDGE_CURVE('',#4115,#4113,#4737,.T.);
#3403=EDGE_CURVE('',#4114,#4116,#23,.T.);
#3404=EDGE_CURVE('',#4117,#4116,#4738,.T.);
#3405=EDGE_CURVE('',#4117,#4115,#4739,.T.);
#3406=EDGE_CURVE('',#4116,#4118,#278,.T.);
#3407=EDGE_CURVE('',#4119,#4118,#4740,.T.);
#3408=EDGE_CURVE('',#4119,#4117,#4741,.T.);
#3409=EDGE_CURVE('',#4118,#4120,#4742,.F.);
#3410=EDGE_CURVE('',#4121,#4120,#4743,.T.);
#3411=EDGE_CURVE('',#4121,#4119,#4744,.T.);
#3412=EDGE_CURVE('',#4120,#4122,#279,.T.);
#3413=EDGE_CURVE('',#4123,#4122,#4745,.T.);
#3414=EDGE_CURVE('',#4123,#4121,#4746,.T.);
#3415=EDGE_CURVE('',#4122,#4124,#4747,.T.);
#3416=EDGE_CURVE('',#4125,#4124,#4748,.T.);
#3417=EDGE_CURVE('',#4125,#4123,#4749,.T.);
#3418=EDGE_CURVE('',#4124,#4126,#566,.T.);
#3419=EDGE_CURVE('',#4127,#4126,#4750,.T.);
#3420=EDGE_CURVE('',#4127,#4125,#567,.T.);
#3421=EDGE_CURVE('',#4126,#3765,#568,.T.);
#3422=EDGE_CURVE('',#4128,#3764,#4751,.T.);
#3423=EDGE_CURVE('',#4128,#4127,#569,.T.);
#3424=EDGE_CURVE('',#4129,#3763,#4752,.T.);
#3425=EDGE_CURVE('',#4129,#4128,#570,.T.);
#3426=EDGE_CURVE('',#4130,#3762,#4753,.T.);
#3427=EDGE_CURVE('',#4130,#4129,#571,.T.);
#3428=EDGE_CURVE('',#4095,#4130,#4754,.T.);
#3429=EDGE_CURVE('',#4131,#4132,#280,.T.);
#3430=EDGE_CURVE('',#4133,#4131,#4755,.T.);
#3431=EDGE_CURVE('',#4133,#4134,#281,.T.);
#3432=EDGE_CURVE('',#4134,#4132,#4756,.T.);
#3433=EDGE_CURVE('',#4131,#4135,#4757,.T.);
#3434=EDGE_CURVE('',#4136,#4135,#4758,.T.);
#3435=EDGE_CURVE('',#4133,#4136,#4759,.T.);
#3436=EDGE_CURVE('',#4137,#4135,#282,.T.);
#3437=EDGE_CURVE('',#4138,#4137,#4760,.T.);
#3438=EDGE_CURVE('',#4138,#4136,#283,.T.);
#3439=EDGE_CURVE('',#4137,#4139,#4761,.T.);
#3440=EDGE_CURVE('',#4140,#4139,#4762,.T.);
#3441=EDGE_CURVE('',#4138,#4140,#4763,.T.);
#3442=EDGE_CURVE('',#4141,#4139,#284,.T.);
#3443=EDGE_CURVE('',#4142,#4141,#4764,.T.);
#3444=EDGE_CURVE('',#4142,#4140,#285,.T.);
#3445=EDGE_CURVE('',#4143,#4141,#4765,.T.);
#3446=EDGE_CURVE('',#4144,#4143,#4766,.T.);
#3447=EDGE_CURVE('',#4144,#4142,#4767,.T.);
#3448=EDGE_CURVE('',#4145,#4143,#286,.T.);
#3449=EDGE_CURVE('',#4146,#4145,#4768,.T.);
#3450=EDGE_CURVE('',#4146,#4144,#287,.T.);
#3451=EDGE_CURVE('',#4147,#4148,#288,.T.);
#3452=EDGE_CURVE('',#4149,#4147,#4769,.T.);
#3453=EDGE_CURVE('',#4149,#4150,#289,.T.);
#3454=EDGE_CURVE('',#4150,#4148,#4770,.T.);
#3455=EDGE_CURVE('',#4147,#4151,#4771,.T.);
#3456=EDGE_CURVE('',#4152,#4151,#4772,.T.);
#3457=EDGE_CURVE('',#4149,#4152,#4773,.T.);
#3458=EDGE_CURVE('',#4153,#4151,#290,.T.);
#3459=EDGE_CURVE('',#4154,#4153,#4774,.T.);
#3460=EDGE_CURVE('',#4154,#4152,#291,.T.);
#3461=EDGE_CURVE('',#4153,#4155,#4775,.T.);
#3462=EDGE_CURVE('',#4156,#4155,#4776,.T.);
#3463=EDGE_CURVE('',#4154,#4156,#4777,.T.);
#3464=EDGE_CURVE('',#4157,#4155,#292,.T.);
#3465=EDGE_CURVE('',#4158,#4157,#4778,.T.);
#3466=EDGE_CURVE('',#4158,#4156,#293,.T.);
#3467=EDGE_CURVE('',#4159,#4157,#4779,.T.);
#3468=EDGE_CURVE('',#4160,#4159,#4780,.T.);
#3469=EDGE_CURVE('',#4160,#4158,#4781,.T.);
#3470=EDGE_CURVE('',#4161,#4159,#294,.T.);
#3471=EDGE_CURVE('',#4162,#4161,#4782,.T.);
#3472=EDGE_CURVE('',#4162,#4160,#295,.T.);
#3473=EDGE_CURVE('',#4163,#4164,#296,.T.);
#3474=EDGE_CURVE('',#4165,#4163,#4783,.T.);
#3475=EDGE_CURVE('',#4165,#4166,#297,.T.);
#3476=EDGE_CURVE('',#4166,#4164,#4784,.T.);
#3477=EDGE_CURVE('',#4163,#4167,#4785,.T.);
#3478=EDGE_CURVE('',#4168,#4167,#4786,.T.);
#3479=EDGE_CURVE('',#4165,#4168,#4787,.T.);
#3480=EDGE_CURVE('',#4169,#4167,#298,.T.);
#3481=EDGE_CURVE('',#4170,#4169,#4788,.T.);
#3482=EDGE_CURVE('',#4170,#4168,#299,.T.);
#3483=EDGE_CURVE('',#4169,#4171,#4789,.T.);
#3484=EDGE_CURVE('',#4172,#4171,#4790,.T.);
#3485=EDGE_CURVE('',#4170,#4172,#4791,.T.);
#3486=EDGE_CURVE('',#4173,#4171,#300,.T.);
#3487=EDGE_CURVE('',#4174,#4173,#4792,.T.);
#3488=EDGE_CURVE('',#4174,#4172,#301,.T.);
#3489=EDGE_CURVE('',#4175,#4173,#4793,.T.);
#3490=EDGE_CURVE('',#4176,#4175,#4794,.T.);
#3491=EDGE_CURVE('',#4176,#4174,#4795,.T.);
#3492=EDGE_CURVE('',#4177,#4175,#302,.T.);
#3493=EDGE_CURVE('',#4178,#4177,#4796,.T.);
#3494=EDGE_CURVE('',#4178,#4176,#303,.T.);
#3495=EDGE_CURVE('',#4179,#4180,#4797,.T.);
#3496=EDGE_CURVE('',#4179,#4181,#4798,.F.);
#3497=EDGE_CURVE('',#4181,#4182,#4799,.T.);
#3498=EDGE_CURVE('',#4182,#4180,#4800,.T.);
#3499=EDGE_CURVE('',#4183,#4184,#4801,.T.);
#3500=EDGE_CURVE('',#4184,#4185,#4802,.F.);
#3501=EDGE_CURVE('',#4186,#4185,#4803,.T.);
#3502=EDGE_CURVE('',#4186,#4183,#4804,.T.);
#3503=EDGE_CURVE('',#4187,#4188,#4805,.T.);
#3504=EDGE_CURVE('',#4187,#4189,#4806,.T.);
#3505=EDGE_CURVE('',#4189,#4190,#4807,.T.);
#3506=EDGE_CURVE('',#4190,#4188,#4808,.F.);
#3507=EDGE_CURVE('',#4191,#4192,#4809,.T.);
#3508=EDGE_CURVE('',#4193,#4192,#4810,.T.);
#3509=EDGE_CURVE('',#4194,#4193,#4811,.T.);
#3510=EDGE_CURVE('',#4194,#4191,#4812,.T.);
#3511=EDGE_CURVE('',#4192,#4195,#4813,.T.);
#3512=EDGE_CURVE('',#4196,#4195,#4814,.T.);
#3513=EDGE_CURVE('',#4193,#4196,#4815,.T.);
#3514=EDGE_CURVE('',#4197,#4195,#4816,.T.);
#3515=EDGE_CURVE('',#4198,#4197,#4817,.T.);
#3516=EDGE_CURVE('',#4198,#4196,#4818,.T.);
#3517=EDGE_CURVE('',#4148,#4161,#4819,.T.);
#3518=EDGE_CURVE('',#4150,#4162,#4820,.T.);
#3519=EDGE_CURVE('',#4164,#4177,#4821,.T.);
#3520=EDGE_CURVE('',#4166,#4178,#4822,.T.);
#3521=EDGE_CURVE('',#4199,#4200,#4823,.T.);
#3522=EDGE_CURVE('',#4199,#4201,#4824,.F.);
#3523=EDGE_CURVE('',#4201,#4202,#4825,.T.);
#3524=EDGE_CURVE('',#4202,#4200,#4826,.T.);
#3525=EDGE_CURVE('',#4203,#4203,#304,.T.);
#3526=EDGE_CURVE('',#4204,#4204,#305,.T.);
#3527=EDGE_CURVE('',#4205,#4205,#306,.T.);
#3528=EDGE_CURVE('',#4206,#4206,#307,.T.);
#3529=EDGE_CURVE('',#4207,#4207,#308,.T.);
#3530=EDGE_CURVE('',#4208,#4208,#309,.T.);
#3531=EDGE_CURVE('',#4209,#4209,#310,.T.);
#3532=EDGE_CURVE('',#4210,#4210,#311,.T.);
#3533=EDGE_CURVE('',#4197,#4191,#4827,.T.);
#3534=EDGE_CURVE('',#4198,#4194,#4828,.T.);
#3535=EDGE_CURVE('',#4132,#4145,#4829,.T.);
#3536=EDGE_CURVE('',#4134,#4146,#4830,.T.);
#3537=EDGE_CURVE('',#4185,#4187,#312,.T.);
#3538=EDGE_CURVE('',#4188,#4202,#313,.T.);
#3539=EDGE_CURVE('',#4201,#4182,#314,.T.);
#3540=EDGE_CURVE('',#4181,#4186,#315,.T.);
#3541=EDGE_CURVE('',#4189,#4184,#316,.F.);
#3542=EDGE_CURVE('',#4183,#4179,#317,.F.);
#3543=EDGE_CURVE('',#4180,#4199,#318,.F.);
#3544=EDGE_CURVE('',#4200,#4190,#319,.F.);
#3545=VERTEX_POINT('',#8493);
#3546=VERTEX_POINT('',#8494);
#3547=VERTEX_POINT('',#8496);
#3548=VERTEX_POINT('',#8498);
#3549=VERTEX_POINT('',#8502);
#3550=VERTEX_POINT('',#8506);
#3551=VERTEX_POINT('',#8510);
#3552=VERTEX_POINT('',#8514);
#3553=VERTEX_POINT('',#8518);
#3554=VERTEX_POINT('',#8522);
#3555=VERTEX_POINT('',#8524);
#3556=VERTEX_POINT('',#8526);
#3557=VERTEX_POINT('',#8530);
#3558=VERTEX_POINT('',#8534);
#3559=VERTEX_POINT('',#8536);
#3560=VERTEX_POINT('',#8540);
#3561=VERTEX_POINT('',#8544);
#3562=VERTEX_POINT('',#8548);
#3563=VERTEX_POINT('',#8551);
#3564=VERTEX_POINT('',#8552);
#3565=VERTEX_POINT('',#8554);
#3566=VERTEX_POINT('',#8556);
#3567=VERTEX_POINT('',#8560);
#3568=VERTEX_POINT('',#8564);
#3569=VERTEX_POINT('',#8568);
#3570=VERTEX_POINT('',#8572);
#3571=VERTEX_POINT('',#8576);
#3572=VERTEX_POINT('',#8580);
#3573=VERTEX_POINT('',#8582);
#3574=VERTEX_POINT('',#8584);
#3575=VERTEX_POINT('',#8588);
#3576=VERTEX_POINT('',#8592);
#3577=VERTEX_POINT('',#8594);
#3578=VERTEX_POINT('',#8598);
#3579=VERTEX_POINT('',#8602);
#3580=VERTEX_POINT('',#8606);
#3581=VERTEX_POINT('',#8611);
#3582=VERTEX_POINT('',#8612);
#3583=VERTEX_POINT('',#8616);
#3584=VERTEX_POINT('',#8620);
#3585=VERTEX_POINT('',#8624);
#3586=VERTEX_POINT('',#8628);
#3587=VERTEX_POINT('',#8630);
#3588=VERTEX_POINT('',#8632);
#3589=VERTEX_POINT('',#8634);
#3590=VERTEX_POINT('',#8638);
#3591=VERTEX_POINT('',#8642);
#3592=VERTEX_POINT('',#8644);
#3593=VERTEX_POINT('',#8646);
#3594=VERTEX_POINT('',#8648);
#3595=VERTEX_POINT('',#8651);
#3596=VERTEX_POINT('',#8652);
#3597=VERTEX_POINT('',#8654);
#3598=VERTEX_POINT('',#8656);
#3599=VERTEX_POINT('',#8658);
#3600=VERTEX_POINT('',#8660);
#3601=VERTEX_POINT('',#8662);
#3602=VERTEX_POINT('',#8664);
#3603=VERTEX_POINT('',#8666);
#3604=VERTEX_POINT('',#8668);
#3605=VERTEX_POINT('',#8670);
#3606=VERTEX_POINT('',#8672);
#3607=VERTEX_POINT('',#8674);
#3608=VERTEX_POINT('',#8676);
#3609=VERTEX_POINT('',#8678);
#3610=VERTEX_POINT('',#8683);
#3611=VERTEX_POINT('',#8684);
#3612=VERTEX_POINT('',#8688);
#3613=VERTEX_POINT('',#8690);
#3614=VERTEX_POINT('',#8694);
#3615=VERTEX_POINT('',#8696);
#3616=VERTEX_POINT('',#8698);
#3617=VERTEX_POINT('',#8700);
#3618=VERTEX_POINT('',#8702);
#3619=VERTEX_POINT('',#8704);
#3620=VERTEX_POINT('',#8706);
#3621=VERTEX_POINT('',#8710);
#3622=VERTEX_POINT('',#8714);
#3623=VERTEX_POINT('',#8718);
#3624=VERTEX_POINT('',#8722);
#3625=VERTEX_POINT('',#8727);
#3626=VERTEX_POINT('',#8728);
#3627=VERTEX_POINT('',#8730);
#3628=VERTEX_POINT('',#8732);
#3629=VERTEX_POINT('',#8736);
#3630=VERTEX_POINT('',#8740);
#3631=VERTEX_POINT('',#8744);
#3632=VERTEX_POINT('',#8746);
#3633=VERTEX_POINT('',#8748);
#3634=VERTEX_POINT('',#8750);
#3635=VERTEX_POINT('',#8752);
#3636=VERTEX_POINT('',#8754);
#3637=VERTEX_POINT('',#8756);
#3638=VERTEX_POINT('',#8758);
#3639=VERTEX_POINT('',#8760);
#3640=VERTEX_POINT('',#8764);
#3641=VERTEX_POINT('',#8768);
#3642=VERTEX_POINT('',#8775);
#3643=VERTEX_POINT('',#8776);
#3644=VERTEX_POINT('',#8780);
#3645=VERTEX_POINT('',#8782);
#3646=VERTEX_POINT('',#8786);
#3647=VERTEX_POINT('',#8790);
#3648=VERTEX_POINT('',#8794);
#3649=VERTEX_POINT('',#8796);
#3650=VERTEX_POINT('',#8798);
#3651=VERTEX_POINT('',#8800);
#3652=VERTEX_POINT('',#8802);
#3653=VERTEX_POINT('',#8804);
#3654=VERTEX_POINT('',#8806);
#3655=VERTEX_POINT('',#8808);
#3656=VERTEX_POINT('',#8810);
#3657=VERTEX_POINT('',#8812);
#3658=VERTEX_POINT('',#8814);
#3659=VERTEX_POINT('',#8816);
#3660=VERTEX_POINT('',#8823);
#3661=VERTEX_POINT('',#8824);
#3662=VERTEX_POINT('',#8828);
#3663=VERTEX_POINT('',#8832);
#3664=VERTEX_POINT('',#8836);
#3665=VERTEX_POINT('',#8838);
#3666=VERTEX_POINT('',#8840);
#3667=VERTEX_POINT('',#8842);
#3668=VERTEX_POINT('',#8846);
#3669=VERTEX_POINT('',#8850);
#3670=VERTEX_POINT('',#8852);
#3671=VERTEX_POINT('',#8856);
#3672=VERTEX_POINT('',#8858);
#3673=VERTEX_POINT('',#8862);
#3674=VERTEX_POINT('',#8864);
#3675=VERTEX_POINT('',#8868);
#3676=VERTEX_POINT('',#8872);
#3677=VERTEX_POINT('',#8876);
#3678=VERTEX_POINT('',#8878);
#3679=VERTEX_POINT('',#8880);
#3680=VERTEX_POINT('',#8882);
#3681=VERTEX_POINT('',#8884);
#3682=VERTEX_POINT('',#8888);
#3683=VERTEX_POINT('',#8892);
#3684=VERTEX_POINT('',#8896);
#3685=VERTEX_POINT('',#8900);
#3686=VERTEX_POINT('',#8903);
#3687=VERTEX_POINT('',#8904);
#3688=VERTEX_POINT('',#8906);
#3689=VERTEX_POINT('',#8908);
#3690=VERTEX_POINT('',#8910);
#3691=VERTEX_POINT('',#8914);
#3692=VERTEX_POINT('',#8918);
#3693=VERTEX_POINT('',#8920);
#3694=VERTEX_POINT('',#8922);
#3695=VERTEX_POINT('',#8924);
#3696=VERTEX_POINT('',#8926);
#3697=VERTEX_POINT('',#8928);
#3698=VERTEX_POINT('',#8930);
#3699=VERTEX_POINT('',#8933);
#3700=VERTEX_POINT('',#8934);
#3701=VERTEX_POINT('',#8936);
#3702=VERTEX_POINT('',#8938);
#3703=VERTEX_POINT('',#8943);
#3704=VERTEX_POINT('',#8944);
#3705=VERTEX_POINT('',#8948);
#3706=VERTEX_POINT('',#8952);
#3707=VERTEX_POINT('',#8956);
#3708=VERTEX_POINT('',#8961);
#3709=VERTEX_POINT('',#8962);
#3710=VERTEX_POINT('',#8964);
#3711=VERTEX_POINT('',#8966);
#3712=VERTEX_POINT('',#8968);
#3713=VERTEX_POINT('',#8970);
#3714=VERTEX_POINT('',#8972);
#3715=VERTEX_POINT('',#8974);
#3716=VERTEX_POINT('',#8976);
#3717=VERTEX_POINT('',#8978);
#3718=VERTEX_POINT('',#8982);
#3719=VERTEX_POINT('',#8986);
#3720=VERTEX_POINT('',#8990);
#3721=VERTEX_POINT('',#8992);
#3722=VERTEX_POINT('',#8994);
#3723=VERTEX_POINT('',#8998);
#3724=VERTEX_POINT('',#9002);
#3725=VERTEX_POINT('',#9004);
#3726=VERTEX_POINT('',#9007);
#3727=VERTEX_POINT('',#9008);
#3728=VERTEX_POINT('',#9010);
#3729=VERTEX_POINT('',#9012);
#3730=VERTEX_POINT('',#9014);
#3731=VERTEX_POINT('',#9016);
#3732=VERTEX_POINT('',#9018);
#3733=VERTEX_POINT('',#9020);
#3734=VERTEX_POINT('',#9022);
#3735=VERTEX_POINT('',#9024);
#3736=VERTEX_POINT('',#9028);
#3737=VERTEX_POINT('',#9032);
#3738=VERTEX_POINT('',#9034);
#3739=VERTEX_POINT('',#9036);
#3740=VERTEX_POINT('',#9038);
#3741=VERTEX_POINT('',#9040);
#3742=VERTEX_POINT('',#9044);
#3743=VERTEX_POINT('',#9047);
#3744=VERTEX_POINT('',#9048);
#3745=VERTEX_POINT('',#9050);
#3746=VERTEX_POINT('',#9054);
#3747=VERTEX_POINT('',#9058);
#3748=VERTEX_POINT('',#9060);
#3749=VERTEX_POINT('',#9062);
#3750=VERTEX_POINT('',#9066);
#3751=VERTEX_POINT('',#9070);
#3752=VERTEX_POINT('',#9074);
#3753=VERTEX_POINT('',#9076);
#3754=VERTEX_POINT('',#9078);
#3755=VERTEX_POINT('',#9080);
#3756=VERTEX_POINT('',#9084);
#3757=VERTEX_POINT('',#9088);
#3758=VERTEX_POINT('',#9092);
#3759=VERTEX_POINT('',#9096);
#3760=VERTEX_POINT('',#9098);
#3761=VERTEX_POINT('',#9100);
#3762=VERTEX_POINT('',#9102);
#3763=VERTEX_POINT('',#9106);
#3764=VERTEX_POINT('',#9110);
#3765=VERTEX_POINT('',#9114);
#3766=VERTEX_POINT('',#9116);
#3767=VERTEX_POINT('',#9118);
#3768=VERTEX_POINT('',#9120);
#3769=VERTEX_POINT('',#9124);
#3770=VERTEX_POINT('',#9128);
#3771=VERTEX_POINT('',#9132);
#3772=VERTEX_POINT('',#9136);
#3773=VERTEX_POINT('',#9140);
#3774=VERTEX_POINT('',#9144);
#3775=VERTEX_POINT('',#9148);
#3776=VERTEX_POINT('',#9149);
#3777=VERTEX_POINT('',#9151);
#3778=VERTEX_POINT('',#9153);
#3779=VERTEX_POINT('',#9157);
#3780=VERTEX_POINT('',#9158);
#3781=VERTEX_POINT('',#9160);
#3782=VERTEX_POINT('',#9162);
#3783=VERTEX_POINT('',#9166);
#3784=VERTEX_POINT('',#9167);
#3785=VERTEX_POINT('',#9169);
#3786=VERTEX_POINT('',#9171);
#3787=VERTEX_POINT('',#9175);
#3788=VERTEX_POINT('',#9176);
#3789=VERTEX_POINT('',#9178);
#3790=VERTEX_POINT('',#9180);
#3791=VERTEX_POINT('',#9182);
#3792=VERTEX_POINT('',#9184);
#3793=VERTEX_POINT('',#9186);
#3794=VERTEX_POINT('',#9188);
#3795=VERTEX_POINT('',#9192);
#3796=VERTEX_POINT('',#9194);
#3797=VERTEX_POINT('',#9197);
#3798=VERTEX_POINT('',#9199);
#3799=VERTEX_POINT('',#9202);
#3800=VERTEX_POINT('',#9204);
#3801=VERTEX_POINT('',#9207);
#3802=VERTEX_POINT('',#9209);
#3803=VERTEX_POINT('',#9217);
#3804=VERTEX_POINT('',#9218);
#3805=VERTEX_POINT('',#9220);
#3806=VERTEX_POINT('',#9222);
#3807=VERTEX_POINT('',#9226);
#3808=VERTEX_POINT('',#9228);
#3809=VERTEX_POINT('',#9232);
#3810=VERTEX_POINT('',#9234);
#3811=VERTEX_POINT('',#9260);
#3812=VERTEX_POINT('',#9261);
#3813=VERTEX_POINT('',#9265);
#3814=VERTEX_POINT('',#9267);
#3815=VERTEX_POINT('',#9280);
#3816=VERTEX_POINT('',#9281);
#3817=VERTEX_POINT('',#9297);
#3818=VERTEX_POINT('',#9298);
#3819=VERTEX_POINT('',#9314);
#3820=VERTEX_POINT('',#9315);
#3821=VERTEX_POINT('',#9331);
#3822=VERTEX_POINT('',#9332);
#3823=VERTEX_POINT('',#9348);
#3824=VERTEX_POINT('',#9349);
#3825=VERTEX_POINT('',#9365);
#3826=VERTEX_POINT('',#9366);
#3827=VERTEX_POINT('',#9375);
#3828=VERTEX_POINT('',#9376);
#3829=VERTEX_POINT('',#9388);
#3830=VERTEX_POINT('',#9392);
#3831=VERTEX_POINT('',#9406);
#3832=VERTEX_POINT('',#9408);
#3833=VERTEX_POINT('',#9414);
#3834=VERTEX_POINT('',#9416);
#3835=VERTEX_POINT('',#9420);
#3836=VERTEX_POINT('',#9422);
#3837=VERTEX_POINT('',#9426);
#3838=VERTEX_POINT('',#9428);
#3839=VERTEX_POINT('',#9432);
#3840=VERTEX_POINT('',#9434);
#3841=VERTEX_POINT('',#9438);
#3842=VERTEX_POINT('',#9440);
#3843=VERTEX_POINT('',#9444);
#3844=VERTEX_POINT('',#9446);
#3845=VERTEX_POINT('',#9453);
#3846=VERTEX_POINT('',#9455);
#3847=VERTEX_POINT('',#9459);
#3848=VERTEX_POINT('',#9461);
#3849=VERTEX_POINT('',#9476);
#3850=VERTEX_POINT('',#9489);
#3851=VERTEX_POINT('',#9502);
#3852=VERTEX_POINT('',#9534);
#3853=VERTEX_POINT('',#9535);
#3854=VERTEX_POINT('',#9537);
#3855=VERTEX_POINT('',#9539);
#3856=VERTEX_POINT('',#9543);
#3857=VERTEX_POINT('',#9544);
#3858=VERTEX_POINT('',#9556);
#3859=VERTEX_POINT('',#9557);
#3860=VERTEX_POINT('',#9573);
#3861=VERTEX_POINT('',#9574);
#3862=VERTEX_POINT('',#9590);
#3863=VERTEX_POINT('',#9591);
#3864=VERTEX_POINT('',#9607);
#3865=VERTEX_POINT('',#9608);
#3866=VERTEX_POINT('',#9617);
#3867=VERTEX_POINT('',#9619);
#3868=VERTEX_POINT('',#9623);
#3869=VERTEX_POINT('',#9627);
#3870=VERTEX_POINT('',#9638);
#3871=VERTEX_POINT('',#9651);
#3872=VERTEX_POINT('',#9664);
#3873=VERTEX_POINT('',#9670);
#3874=VERTEX_POINT('',#9681);
#3875=VERTEX_POINT('',#9694);
#3876=VERTEX_POINT('',#9700);
#3877=VERTEX_POINT('',#9704);
#3878=VERTEX_POINT('',#9715);
#3879=VERTEX_POINT('',#9728);
#3880=VERTEX_POINT('',#9741);
#3881=VERTEX_POINT('',#9754);
#3882=VERTEX_POINT('',#9767);
#3883=VERTEX_POINT('',#9780);
#3884=VERTEX_POINT('',#9810);
#3885=VERTEX_POINT('',#9814);
#3886=VERTEX_POINT('',#9825);
#3887=VERTEX_POINT('',#9831);
#3888=VERTEX_POINT('',#9835);
#3889=VERTEX_POINT('',#9839);
#3890=VERTEX_POINT('',#9843);
#3891=VERTEX_POINT('',#9854);
#3892=VERTEX_POINT('',#9867);
#3893=VERTEX_POINT('',#9873);
#3894=VERTEX_POINT('',#9877);
#3895=VERTEX_POINT('',#9881);
#3896=VERTEX_POINT('',#9892);
#3897=VERTEX_POINT('',#9905);
#3898=VERTEX_POINT('',#9923);
#3899=VERTEX_POINT('',#9925);
#3900=VERTEX_POINT('',#9929);
#3901=VERTEX_POINT('',#9933);
#3902=VERTEX_POINT('',#9937);
#3903=VERTEX_POINT('',#9941);
#3904=VERTEX_POINT('',#9945);
#3905=VERTEX_POINT('',#9949);
#3906=VERTEX_POINT('',#9953);
#3907=VERTEX_POINT('',#9957);
#3908=VERTEX_POINT('',#9961);
#3909=VERTEX_POINT('',#9965);
#3910=VERTEX_POINT('',#9969);
#3911=VERTEX_POINT('',#9973);
#3912=VERTEX_POINT('',#9977);
#3913=VERTEX_POINT('',#9984);
#3914=VERTEX_POINT('',#9985);
#3915=VERTEX_POINT('',#9987);
#3916=VERTEX_POINT('',#9989);
#3917=VERTEX_POINT('',#9993);
#3918=VERTEX_POINT('',#9994);
#3919=VERTEX_POINT('',#10006);
#3920=VERTEX_POINT('',#10007);
#3921=VERTEX_POINT('',#10023);
#3922=VERTEX_POINT('',#10024);
#3923=VERTEX_POINT('',#10040);
#3924=VERTEX_POINT('',#10041);
#3925=VERTEX_POINT('',#10057);
#3926=VERTEX_POINT('',#10058);
#3927=VERTEX_POINT('',#10067);
#3928=VERTEX_POINT('',#10069);
#3929=VERTEX_POINT('',#10073);
#3930=VERTEX_POINT('',#10077);
#3931=VERTEX_POINT('',#10088);
#3932=VERTEX_POINT('',#10101);
#3933=VERTEX_POINT('',#10114);
#3934=VERTEX_POINT('',#10120);
#3935=VERTEX_POINT('',#10131);
#3936=VERTEX_POINT('',#10144);
#3937=VERTEX_POINT('',#10150);
#3938=VERTEX_POINT('',#10154);
#3939=VERTEX_POINT('',#10165);
#3940=VERTEX_POINT('',#10178);
#3941=VERTEX_POINT('',#10191);
#3942=VERTEX_POINT('',#10204);
#3943=VERTEX_POINT('',#10217);
#3944=VERTEX_POINT('',#10230);
#3945=VERTEX_POINT('',#10260);
#3946=VERTEX_POINT('',#10261);
#3947=VERTEX_POINT('',#10265);
#3948=VERTEX_POINT('',#10267);
#3949=VERTEX_POINT('',#10280);
#3950=VERTEX_POINT('',#10281);
#3951=VERTEX_POINT('',#10297);
#3952=VERTEX_POINT('',#10298);
#3953=VERTEX_POINT('',#10314);
#3954=VERTEX_POINT('',#10315);
#3955=VERTEX_POINT('',#10331);
#3956=VERTEX_POINT('',#10332);
#3957=VERTEX_POINT('',#10348);
#3958=VERTEX_POINT('',#10349);
#3959=VERTEX_POINT('',#10358);
#3960=VERTEX_POINT('',#10359);
#3961=VERTEX_POINT('',#10371);
#3962=VERTEX_POINT('',#10375);
#3963=VERTEX_POINT('',#10386);
#3964=VERTEX_POINT('',#10399);
#3965=VERTEX_POINT('',#10412);
#3966=VERTEX_POINT('',#10425);
#3967=VERTEX_POINT('',#10438);
#3968=VERTEX_POINT('',#10451);
#3969=VERTEX_POINT('',#10457);
#3970=VERTEX_POINT('',#10461);
#3971=VERTEX_POINT('',#10465);
#3972=VERTEX_POINT('',#10469);
#3973=VERTEX_POINT('',#10473);
#3974=VERTEX_POINT('',#10477);
#3975=VERTEX_POINT('',#10488);
#3976=VERTEX_POINT('',#10511);
#3977=VERTEX_POINT('',#10513);
#3978=VERTEX_POINT('',#10517);
#3979=VERTEX_POINT('',#10528);
#3980=VERTEX_POINT('',#10541);
#3981=VERTEX_POINT('',#10554);
#3982=VERTEX_POINT('',#10560);
#3983=VERTEX_POINT('',#10564);
#3984=VERTEX_POINT('',#10568);
#3985=VERTEX_POINT('',#10572);
#3986=VERTEX_POINT('',#10576);
#3987=VERTEX_POINT('',#10580);
#3988=VERTEX_POINT('',#10584);
#3989=VERTEX_POINT('',#10588);
#3990=VERTEX_POINT('',#10599);
#3991=VERTEX_POINT('',#10612);
#3992=VERTEX_POINT('',#10625);
#3993=VERTEX_POINT('',#10641);
#3994=VERTEX_POINT('',#10645);
#3995=VERTEX_POINT('',#10656);
#3996=VERTEX_POINT('',#10669);
#3997=VERTEX_POINT('',#10675);
#3998=VERTEX_POINT('',#10679);
#3999=VERTEX_POINT('',#10683);
#4000=VERTEX_POINT('',#10687);
#4001=VERTEX_POINT('',#10691);
#4002=VERTEX_POINT('',#10695);
#4003=VERTEX_POINT('',#10699);
#4004=VERTEX_POINT('',#10703);
#4005=VERTEX_POINT('',#10707);
#4006=VERTEX_POINT('',#10711);
#4007=VERTEX_POINT('',#10715);
#4008=VERTEX_POINT('',#10726);
#4009=VERTEX_POINT('',#10739);
#4010=VERTEX_POINT('',#10752);
#4011=VERTEX_POINT('',#10768);
#4012=VERTEX_POINT('',#10772);
#4013=VERTEX_POINT('',#10783);
#4014=VERTEX_POINT('',#10789);
#4015=VERTEX_POINT('',#10800);
#4016=VERTEX_POINT('',#10813);
#4017=VERTEX_POINT('',#10826);
#4018=VERTEX_POINT('',#10839);
#4019=VERTEX_POINT('',#10845);
#4020=VERTEX_POINT('',#10849);
#4021=VERTEX_POINT('',#10853);
#4022=VERTEX_POINT('',#10857);
#4023=VERTEX_POINT('',#10868);
#4024=VERTEX_POINT('',#10881);
#4025=VERTEX_POINT('',#10894);
#4026=VERTEX_POINT('',#10900);
#4027=VERTEX_POINT('',#10911);
#4028=VERTEX_POINT('',#10917);
#4029=VERTEX_POINT('',#10928);
#4030=VERTEX_POINT('',#10934);
#4031=VERTEX_POINT('',#10945);
#4032=VERTEX_POINT('',#10958);
#4033=VERTEX_POINT('',#10964);
#4034=VERTEX_POINT('',#10968);
#4035=VERTEX_POINT('',#10972);
#4036=VERTEX_POINT('',#10983);
#4037=VERTEX_POINT('',#11001);
#4038=VERTEX_POINT('',#11003);
#4039=VERTEX_POINT('',#11007);
#4040=VERTEX_POINT('',#11011);
#4041=VERTEX_POINT('',#11015);
#4042=VERTEX_POINT('',#11019);
#4043=VERTEX_POINT('',#11023);
#4044=VERTEX_POINT('',#11027);
#4045=VERTEX_POINT('',#11031);
#4046=VERTEX_POINT('',#11035);
#4047=VERTEX_POINT('',#11046);
#4048=VERTEX_POINT('',#11059);
#4049=VERTEX_POINT('',#11065);
#4050=VERTEX_POINT('',#11072);
#4051=VERTEX_POINT('',#11074);
#4052=VERTEX_POINT('',#11078);
#4053=VERTEX_POINT('',#11082);
#4054=VERTEX_POINT('',#11096);
#4055=VERTEX_POINT('',#11100);
#4056=VERTEX_POINT('',#11111);
#4057=VERTEX_POINT('',#11124);
#4058=VERTEX_POINT('',#11137);
#4059=VERTEX_POINT('',#11155);
#4060=VERTEX_POINT('',#11157);
#4061=VERTEX_POINT('',#11161);
#4062=VERTEX_POINT('',#11165);
#4063=VERTEX_POINT('',#11169);
#4064=VERTEX_POINT('',#11180);
#4065=VERTEX_POINT('',#11193);
#4066=VERTEX_POINT('',#11199);
#4067=VERTEX_POINT('',#11203);
#4068=VERTEX_POINT('',#11214);
#4069=VERTEX_POINT('',#11227);
#4070=VERTEX_POINT('',#11240);
#4071=VERTEX_POINT('',#11246);
#4072=VERTEX_POINT('',#11250);
#4073=VERTEX_POINT('',#11254);
#4074=VERTEX_POINT('',#11258);
#4075=VERTEX_POINT('',#11262);
#4076=VERTEX_POINT('',#11266);
#4077=VERTEX_POINT('',#11273);
#4078=VERTEX_POINT('',#11275);
#4079=VERTEX_POINT('',#11279);
#4080=VERTEX_POINT('',#11283);
#4081=VERTEX_POINT('',#11294);
#4082=VERTEX_POINT('',#11300);
#4083=VERTEX_POINT('',#11304);
#4084=VERTEX_POINT('',#11308);
#4085=VERTEX_POINT('',#11312);
#4086=VERTEX_POINT('',#11323);
#4087=VERTEX_POINT('',#11336);
#4088=VERTEX_POINT('',#11342);
#4089=VERTEX_POINT('',#11346);
#4090=VERTEX_POINT('',#11350);
#4091=VERTEX_POINT('',#11354);
#4092=VERTEX_POINT('',#11358);
#4093=VERTEX_POINT('',#11362);
#4094=VERTEX_POINT('',#11369);
#4095=VERTEX_POINT('',#11371);
#4096=VERTEX_POINT('',#11375);
#4097=VERTEX_POINT('',#11386);
#4098=VERTEX_POINT('',#11399);
#4099=VERTEX_POINT('',#11412);
#4100=VERTEX_POINT('',#11425);
#4101=VERTEX_POINT('',#11431);
#4102=VERTEX_POINT('',#11435);
#4103=VERTEX_POINT('',#11439);
#4104=VERTEX_POINT('',#11450);
#4105=VERTEX_POINT('',#11463);
#4106=VERTEX_POINT('',#11476);
#4107=VERTEX_POINT('',#11482);
#4108=VERTEX_POINT('',#11486);
#4109=VERTEX_POINT('',#11497);
#4110=VERTEX_POINT('',#11513);
#4111=VERTEX_POINT('',#11515);
#4112=VERTEX_POINT('',#11524);
#4113=VERTEX_POINT('',#11526);
#4114=VERTEX_POINT('',#11530);
#4115=VERTEX_POINT('',#11532);
#4116=VERTEX_POINT('',#11536);
#4117=VERTEX_POINT('',#11538);
#4118=VERTEX_POINT('',#11542);
#4119=VERTEX_POINT('',#11544);
#4120=VERTEX_POINT('',#11548);
#4121=VERTEX_POINT('',#11550);
#4122=VERTEX_POINT('',#11554);
#4123=VERTEX_POINT('',#11556);
#4124=VERTEX_POINT('',#11560);
#4125=VERTEX_POINT('',#11562);
#4126=VERTEX_POINT('',#11576);
#4127=VERTEX_POINT('',#11578);
#4128=VERTEX_POINT('',#11595);
#4129=VERTEX_POINT('',#11608);
#4130=VERTEX_POINT('',#11621);
#4131=VERTEX_POINT('',#11639);
#4132=VERTEX_POINT('',#11640);
#4133=VERTEX_POINT('',#11642);
#4134=VERTEX_POINT('',#11644);
#4135=VERTEX_POINT('',#11648);
#4136=VERTEX_POINT('',#11650);
#4137=VERTEX_POINT('',#11654);
#4138=VERTEX_POINT('',#11656);
#4139=VERTEX_POINT('',#11660);
#4140=VERTEX_POINT('',#11662);
#4141=VERTEX_POINT('',#11666);
#4142=VERTEX_POINT('',#11668);
#4143=VERTEX_POINT('',#11672);
#4144=VERTEX_POINT('',#11674);
#4145=VERTEX_POINT('',#11678);
#4146=VERTEX_POINT('',#11680);
#4147=VERTEX_POINT('',#11684);
#4148=VERTEX_POINT('',#11685);
#4149=VERTEX_POINT('',#11687);
#4150=VERTEX_POINT('',#11689);
#4151=VERTEX_POINT('',#11693);
#4152=VERTEX_POINT('',#11695);
#4153=VERTEX_POINT('',#11699);
#4154=VERTEX_POINT('',#11701);
#4155=VERTEX_POINT('',#11705);
#4156=VERTEX_POINT('',#11707);
#4157=VERTEX_POINT('',#11711);
#4158=VERTEX_POINT('',#11713);
#4159=VERTEX_POINT('',#11717);
#4160=VERTEX_POINT('',#11719);
#4161=VERTEX_POINT('',#11723);
#4162=VERTEX_POINT('',#11725);
#4163=VERTEX_POINT('',#11729);
#4164=VERTEX_POINT('',#11730);
#4165=VERTEX_POINT('',#11732);
#4166=VERTEX_POINT('',#11734);
#4167=VERTEX_POINT('',#11738);
#4168=VERTEX_POINT('',#11740);
#4169=VERTEX_POINT('',#11744);
#4170=VERTEX_POINT('',#11746);
#4171=VERTEX_POINT('',#11750);
#4172=VERTEX_POINT('',#11752);
#4173=VERTEX_POINT('',#11756);
#4174=VERTEX_POINT('',#11758);
#4175=VERTEX_POINT('',#11762);
#4176=VERTEX_POINT('',#11764);
#4177=VERTEX_POINT('',#11768);
#4178=VERTEX_POINT('',#11770);
#4179=VERTEX_POINT('',#11774);
#4180=VERTEX_POINT('',#11775);
#4181=VERTEX_POINT('',#11777);
#4182=VERTEX_POINT('',#11779);
#4183=VERTEX_POINT('',#11783);
#4184=VERTEX_POINT('',#11784);
#4185=VERTEX_POINT('',#11786);
#4186=VERTEX_POINT('',#11788);
#4187=VERTEX_POINT('',#11792);
#4188=VERTEX_POINT('',#11793);
#4189=VERTEX_POINT('',#11795);
#4190=VERTEX_POINT('',#11797);
#4191=VERTEX_POINT('',#11801);
#4192=VERTEX_POINT('',#11802);
#4193=VERTEX_POINT('',#11804);
#4194=VERTEX_POINT('',#11806);
#4195=VERTEX_POINT('',#11810);
#4196=VERTEX_POINT('',#11812);
#4197=VERTEX_POINT('',#11816);
#4198=VERTEX_POINT('',#11818);
#4199=VERTEX_POINT('',#11828);
#4200=VERTEX_POINT('',#11829);
#4201=VERTEX_POINT('',#11831);
#4202=VERTEX_POINT('',#11833);
#4203=VERTEX_POINT('',#11837);
#4204=VERTEX_POINT('',#11839);
#4205=VERTEX_POINT('',#11842);
#4206=VERTEX_POINT('',#11844);
#4207=VERTEX_POINT('',#11847);
#4208=VERTEX_POINT('',#11849);
#4209=VERTEX_POINT('',#11852);
#4210=VERTEX_POINT('',#11854);
#4211=LINE('',#8492,#4831);
#4212=LINE('',#8495,#4832);
#4213=LINE('',#8497,#4833);
#4214=LINE('',#8523,#4834);
#4215=LINE('',#8525,#4835);
#4216=LINE('',#8535,#4836);
#4217=LINE('',#8549,#4837);
#4218=LINE('',#8550,#4838);
#4219=LINE('',#8553,#4839);
#4220=LINE('',#8555,#4840);
#4221=LINE('',#8581,#4841);
#4222=LINE('',#8583,#4842);
#4223=LINE('',#8593,#4843);
#4224=LINE('',#8607,#4844);
#4225=LINE('',#8629,#4845);
#4226=LINE('',#8647,#4846);
#4227=LINE('',#8650,#4847);
#4228=LINE('',#8653,#4848);
#4229=LINE('',#8655,#4849);
#4230=LINE('',#8657,#4850);
#4231=LINE('',#8659,#4851);
#4232=LINE('',#8661,#4852);
#4233=LINE('',#8663,#4853);
#4234=LINE('',#8665,#4854);
#4235=LINE('',#8667,#4855);
#4236=LINE('',#8669,#4856);
#4237=LINE('',#8671,#4857);
#4238=LINE('',#8673,#4858);
#4239=LINE('',#8675,#4859);
#4240=LINE('',#8677,#4860);
#4241=LINE('',#8679,#4861);
#4242=LINE('',#8689,#4862);
#4243=LINE('',#8695,#4863);
#4244=LINE('',#8697,#4864);
#4245=LINE('',#8699,#4865);
#4246=LINE('',#8701,#4866);
#4247=LINE('',#8703,#4867);
#4248=LINE('',#8705,#4868);
#4249=LINE('',#8726,#4869);
#4250=LINE('',#8729,#4870);
#4251=LINE('',#8731,#4871);
#4252=LINE('',#8745,#4872);
#4253=LINE('',#8747,#4873);
#4254=LINE('',#8749,#4874);
#4255=LINE('',#8751,#4875);
#4256=LINE('',#8753,#4876);
#4257=LINE('',#8757,#4877);
#4258=LINE('',#8759,#4878);
#4259=LINE('',#8781,#4879);
#4260=LINE('',#8795,#4880);
#4261=LINE('',#8797,#4881);
#4262=LINE('',#8799,#4882);
#4263=LINE('',#8801,#4883);
#4264=LINE('',#8803,#4884);
#4265=LINE('',#8805,#4885);
#4266=LINE('',#8807,#4886);
#4267=LINE('',#8809,#4887);
#4268=LINE('',#8811,#4888);
#4269=LINE('',#8813,#4889);
#4270=LINE('',#8815,#4890);
#4271=LINE('',#8839,#4891);
#4272=LINE('',#8879,#4892);
#4273=LINE('',#8907,#4893);
#4274=LINE('',#8919,#4894);
#4275=LINE('',#8921,#4895);
#4276=LINE('',#8923,#4896);
#4277=LINE('',#8925,#4897);
#4278=LINE('',#8927,#4898);
#4279=LINE('',#8929,#4899);
#4280=LINE('',#8932,#4900);
#4281=LINE('',#8935,#4901);
#4282=LINE('',#8937,#4902);
#4283=LINE('',#8939,#4903);
#4284=LINE('',#8960,#4904);
#4285=LINE('',#8963,#4905);
#4286=LINE('',#8965,#4906);
#4287=LINE('',#8967,#4907);
#4288=LINE('',#8969,#4908);
#4289=LINE('',#8971,#4909);
#4290=LINE('',#8973,#4910);
#4291=LINE('',#8975,#4911);
#4292=LINE('',#8977,#4912);
#4293=LINE('',#8991,#4913);
#4294=LINE('',#9003,#4914);
#4295=LINE('',#9005,#4915);
#4296=LINE('',#9006,#4916);
#4297=LINE('',#9009,#4917);
#4298=LINE('',#9011,#4918);
#4299=LINE('',#9015,#4919);
#4300=LINE('',#9019,#4920);
#4301=LINE('',#9021,#4921);
#4302=LINE('',#9023,#4922);
#4303=LINE('',#9035,#4923);
#4304=LINE('',#9045,#4924);
#4305=LINE('',#9046,#4925);
#4306=LINE('',#9049,#4926);
#4307=LINE('',#9059,#4927);
#4308=LINE('',#9075,#4928);
#4309=LINE('',#9077,#4929);
#4310=LINE('',#9079,#4930);
#4311=LINE('',#9097,#4931);
#4312=LINE('',#9099,#4932);
#4313=LINE('',#9101,#4933);
#4314=LINE('',#9115,#4934);
#4315=LINE('',#9117,#4935);
#4316=LINE('',#9119,#4936);
#4317=LINE('',#9145,#4937);
#4318=LINE('',#9147,#4938);
#4319=LINE('',#9150,#4939);
#4320=LINE('',#9152,#4940);
#4321=LINE('',#9154,#4941);
#4322=LINE('',#9156,#4942);
#4323=LINE('',#9159,#4943);
#4324=LINE('',#9161,#4944);
#4325=LINE('',#9163,#4945);
#4326=LINE('',#9165,#4946);
#4327=LINE('',#9168,#4947);
#4328=LINE('',#9170,#4948);
#4329=LINE('',#9172,#4949);
#4330=LINE('',#9174,#4950);
#4331=LINE('',#9177,#4951);
#4332=LINE('',#9179,#4952);
#4333=LINE('',#9181,#4953);
#4334=LINE('',#9183,#4954);
#4335=LINE('',#9185,#4955);
#4336=LINE('',#9187,#4956);
#4337=LINE('',#9189,#4957);
#4338=LINE('',#9216,#4958);
#4339=LINE('',#9219,#4959);
#4340=LINE('',#9221,#4960);
#4341=LINE('',#9223,#4961);
#4342=LINE('',#9225,#4962);
#4343=LINE('',#9227,#4963);
#4344=LINE('',#9229,#4964);
#4345=LINE('',#9231,#4965);
#4346=LINE('',#9233,#4966);
#4347=LINE('',#9235,#4967);
#4348=LINE('',#9237,#4968);
#4349=LINE('',#9238,#4969);
#4350=LINE('',#9242,#4970);
#4351=LINE('',#9243,#4971);
#4352=LINE('',#9247,#4972);
#4353=LINE('',#9248,#4973);
#4354=LINE('',#9259,#4974);
#4355=LINE('',#9266,#4975);
#4356=LINE('',#9279,#4976);
#4357=LINE('',#9296,#4977);
#4358=LINE('',#9313,#4978);
#4359=LINE('',#9330,#4979);
#4360=LINE('',#9347,#4980);
#4361=LINE('',#9364,#4981);
#4362=LINE('',#9374,#4982);
#4363=LINE('',#9377,#4983);
#4364=LINE('',#9378,#4984);
#4365=LINE('',#9387,#4985);
#4366=LINE('',#9393,#4986);
#4367=LINE('',#9407,#4987);
#4368=LINE('',#9415,#4988);
#4369=LINE('',#9417,#4989);
#4370=LINE('',#9421,#4990);
#4371=LINE('',#9423,#4991);
#4372=LINE('',#9427,#4992);
#4373=LINE('',#9429,#4993);
#4374=LINE('',#9431,#4994);
#4375=LINE('',#9433,#4995);
#4376=LINE('',#9435,#4996);
#4377=LINE('',#9439,#4997);
#4378=LINE('',#9441,#4998);
#4379=LINE('',#9443,#4999);
#4380=LINE('',#9445,#5000);
#4381=LINE('',#9447,#5001);
#4382=LINE('',#9454,#5002);
#4383=LINE('',#9460,#5003);
#4384=LINE('',#9462,#5004);
#4385=LINE('',#9475,#5005);
#4386=LINE('',#9488,#5006);
#4387=LINE('',#9501,#5007);
#4388=LINE('',#9533,#5008);
#4389=LINE('',#9536,#5009);
#4390=LINE('',#9538,#5010);
#4391=LINE('',#9540,#5011);
#4392=LINE('',#9542,#5012);
#4393=LINE('',#9545,#5013);
#4394=LINE('',#9546,#5014);
#4395=LINE('',#9555,#5015);
#4396=LINE('',#9572,#5016);
#4397=LINE('',#9589,#5017);
#4398=LINE('',#9606,#5018);
#4399=LINE('',#9616,#5019);
#4400=LINE('',#9618,#5020);
#4401=LINE('',#9620,#5021);
#4402=LINE('',#9622,#5022);
#4403=LINE('',#9624,#5023);
#4404=LINE('',#9626,#5024);
#4405=LINE('',#9628,#5025);
#4406=LINE('',#9637,#5026);
#4407=LINE('',#9650,#5027);
#4408=LINE('',#9663,#5028);
#4409=LINE('',#9669,#5029);
#4410=LINE('',#9671,#5030);
#4411=LINE('',#9680,#5031);
#4412=LINE('',#9693,#5032);
#4413=LINE('',#9699,#5033);
#4414=LINE('',#9701,#5034);
#4415=LINE('',#9703,#5035);
#4416=LINE('',#9705,#5036);
#4417=LINE('',#9714,#5037);
#4418=LINE('',#9727,#5038);
#4419=LINE('',#9740,#5039);
#4420=LINE('',#9753,#5040);
#4421=LINE('',#9766,#5041);
#4422=LINE('',#9779,#5042);
#4423=LINE('',#9785,#5043);
#4424=LINE('',#9809,#5044);
#4425=LINE('',#9815,#5045);
#4426=LINE('',#9824,#5046);
#4427=LINE('',#9830,#5047);
#4428=LINE('',#9834,#5048);
#4429=LINE('',#9836,#5049);
#4430=LINE('',#9838,#5050);
#4431=LINE('',#9842,#5051);
#4432=LINE('',#9853,#5052);
#4433=LINE('',#9866,#5053);
#4434=LINE('',#9872,#5054);
#4435=LINE('',#9876,#5055);
#4436=LINE('',#9880,#5056);
#4437=LINE('',#9882,#5057);
#4438=LINE('',#9891,#5058);
#4439=LINE('',#9904,#5059);
#4440=LINE('',#9922,#5060);
#4441=LINE('',#9924,#5061);
#4442=LINE('',#9926,#5062);
#4443=LINE('',#9928,#5063);
#4444=LINE('',#9930,#5064);
#4445=LINE('',#9932,#5065);
#4446=LINE('',#9934,#5066);
#4447=LINE('',#9936,#5067);
#4448=LINE('',#9938,#5068);
#4449=LINE('',#9940,#5069);
#4450=LINE('',#9942,#5070);
#4451=LINE('',#9944,#5071);
#4452=LINE('',#9946,#5072);
#4453=LINE('',#9948,#5073);
#4454=LINE('',#9950,#5074);
#4455=LINE('',#9952,#5075);
#4456=LINE('',#9954,#5076);
#4457=LINE('',#9956,#5077);
#4458=LINE('',#9958,#5078);
#4459=LINE('',#9960,#5079);
#4460=LINE('',#9962,#5080);
#4461=LINE('',#9964,#5081);
#4462=LINE('',#9966,#5082);
#4463=LINE('',#9968,#5083);
#4464=LINE('',#9970,#5084);
#4465=LINE('',#9972,#5085);
#4466=LINE('',#9974,#5086);
#4467=LINE('',#9976,#5087);
#4468=LINE('',#9978,#5088);
#4469=LINE('',#9980,#5089);
#4470=LINE('',#9983,#5090);
#4471=LINE('',#9986,#5091);
#4472=LINE('',#9988,#5092);
#4473=LINE('',#9990,#5093);
#4474=LINE('',#9992,#5094);
#4475=LINE('',#9995,#5095);
#4476=LINE('',#9996,#5096);
#4477=LINE('',#10005,#5097);
#4478=LINE('',#10022,#5098);
#4479=LINE('',#10039,#5099);
#4480=LINE('',#10056,#5100);
#4481=LINE('',#10066,#5101);
#4482=LINE('',#10068,#5102);
#4483=LINE('',#10070,#5103);
#4484=LINE('',#10072,#5104);
#4485=LINE('',#10074,#5105);
#4486=LINE('',#10076,#5106);
#4487=LINE('',#10078,#5107);
#4488=LINE('',#10087,#5108);
#4489=LINE('',#10100,#5109);
#4490=LINE('',#10113,#5110);
#4491=LINE('',#10119,#5111);
#4492=LINE('',#10121,#5112);
#4493=LINE('',#10130,#5113);
#4494=LINE('',#10143,#5114);
#4495=LINE('',#10149,#5115);
#4496=LINE('',#10151,#5116);
#4497=LINE('',#10153,#5117);
#4498=LINE('',#10155,#5118);
#4499=LINE('',#10164,#5119);
#4500=LINE('',#10177,#5120);
#4501=LINE('',#10190,#5121);
#4502=LINE('',#10203,#5122);
#4503=LINE('',#10216,#5123);
#4504=LINE('',#10229,#5124);
#4505=LINE('',#10235,#5125);
#4506=LINE('',#10259,#5126);
#4507=LINE('',#10266,#5127);
#4508=LINE('',#10279,#5128);
#4509=LINE('',#10296,#5129);
#4510=LINE('',#10313,#5130);
#4511=LINE('',#10330,#5131);
#4512=LINE('',#10347,#5132);
#4513=LINE('',#10357,#5133);
#4514=LINE('',#10360,#5134);
#4515=LINE('',#10361,#5135);
#4516=LINE('',#10370,#5136);
#4517=LINE('',#10376,#5137);
#4518=LINE('',#10385,#5138);
#4519=LINE('',#10398,#5139);
#4520=LINE('',#10411,#5140);
#4521=LINE('',#10424,#5141);
#4522=LINE('',#10437,#5142);
#4523=LINE('',#10450,#5143);
#4524=LINE('',#10456,#5144);
#4525=LINE('',#10458,#5145);
#4526=LINE('',#10460,#5146);
#4527=LINE('',#10462,#5147);
#4528=LINE('',#10464,#5148);
#4529=LINE('',#10466,#5149);
#4530=LINE('',#10468,#5150);
#4531=LINE('',#10470,#5151);
#4532=LINE('',#10472,#5152);
#4533=LINE('',#10474,#5153);
#4534=LINE('',#10476,#5154);
#4535=LINE('',#10478,#5155);
#4536=LINE('',#10487,#5156);
#4537=LINE('',#10493,#5157);
#4538=LINE('',#10510,#5158);
#4539=LINE('',#10512,#5159);
#4540=LINE('',#10514,#5160);
#4541=LINE('',#10516,#5161);
#4542=LINE('',#10518,#5162);
#4543=LINE('',#10527,#5163);
#4544=LINE('',#10540,#5164);
#4545=LINE('',#10553,#5165);
#4546=LINE('',#10559,#5166);
#4547=LINE('',#10561,#5167);
#4548=LINE('',#10563,#5168);
#4549=LINE('',#10565,#5169);
#4550=LINE('',#10567,#5170);
#4551=LINE('',#10571,#5171);
#4552=LINE('',#10573,#5172);
#4553=LINE('',#10575,#5173);
#4554=LINE('',#10577,#5174);
#4555=LINE('',#10579,#5175);
#4556=LINE('',#10581,#5176);
#4557=LINE('',#10583,#5177);
#4558=LINE('',#10585,#5178);
#4559=LINE('',#10587,#5179);
#4560=LINE('',#10589,#5180);
#4561=LINE('',#10598,#5181);
#4562=LINE('',#10611,#5182);
#4563=LINE('',#10624,#5183);
#4564=LINE('',#10630,#5184);
#4565=LINE('',#10640,#5185);
#4566=LINE('',#10646,#5186);
#4567=LINE('',#10655,#5187);
#4568=LINE('',#10668,#5188);
#4569=LINE('',#10674,#5189);
#4570=LINE('',#10676,#5190);
#4571=LINE('',#10678,#5191);
#4572=LINE('',#10680,#5192);
#4573=LINE('',#10682,#5193);
#4574=LINE('',#10684,#5194);
#4575=LINE('',#10686,#5195);
#4576=LINE('',#10688,#5196);
#4577=LINE('',#10690,#5197);
#4578=LINE('',#10692,#5198);
#4579=LINE('',#10694,#5199);
#4580=LINE('',#10696,#5200);
#4581=LINE('',#10698,#5201);
#4582=LINE('',#10700,#5202);
#4583=LINE('',#10702,#5203);
#4584=LINE('',#10704,#5204);
#4585=LINE('',#10706,#5205);
#4586=LINE('',#10708,#5206);
#4587=LINE('',#10710,#5207);
#4588=LINE('',#10712,#5208);
#4589=LINE('',#10714,#5209);
#4590=LINE('',#10716,#5210);
#4591=LINE('',#10725,#5211);
#4592=LINE('',#10738,#5212);
#4593=LINE('',#10751,#5213);
#4594=LINE('',#10757,#5214);
#4595=LINE('',#10767,#5215);
#4596=LINE('',#10773,#5216);
#4597=LINE('',#10782,#5217);
#4598=LINE('',#10788,#5218);
#4599=LINE('',#10799,#5219);
#4600=LINE('',#10812,#5220);
#4601=LINE('',#10825,#5221);
#4602=LINE('',#10838,#5222);
#4603=LINE('',#10844,#5223);
#4604=LINE('',#10848,#5224);
#4605=LINE('',#10852,#5225);
#4606=LINE('',#10854,#5226);
#4607=LINE('',#10856,#5227);
#4608=LINE('',#10867,#5228);
#4609=LINE('',#10880,#5229);
#4610=LINE('',#10893,#5230);
#4611=LINE('',#10899,#5231);
#4612=LINE('',#10910,#5232);
#4613=LINE('',#10916,#5233);
#4614=LINE('',#10927,#5234);
#4615=LINE('',#10933,#5235);
#4616=LINE('',#10944,#5236);
#4617=LINE('',#10957,#5237);
#4618=LINE('',#10963,#5238);
#4619=LINE('',#10967,#5239);
#4620=LINE('',#10969,#5240);
#4621=LINE('',#10971,#5241);
#4622=LINE('',#10982,#5242);
#4623=LINE('',#11000,#5243);
#4624=LINE('',#11004,#5244);
#4625=LINE('',#11006,#5245);
#4626=LINE('',#11010,#5246);
#4627=LINE('',#11014,#5247);
#4628=LINE('',#11016,#5248);
#4629=LINE('',#11018,#5249);
#4630=LINE('',#11020,#5250);
#4631=LINE('',#11022,#5251);
#4632=LINE('',#11024,#5252);
#4633=LINE('',#11026,#5253);
#4634=LINE('',#11028,#5254);
#4635=LINE('',#11030,#5255);
#4636=LINE('',#11032,#5256);
#4637=LINE('',#11034,#5257);
#4638=LINE('',#11036,#5258);
#4639=LINE('',#11045,#5259);
#4640=LINE('',#11058,#5260);
#4641=LINE('',#11064,#5261);
#4642=LINE('',#11068,#5262);
#4643=LINE('',#11071,#5263);
#4644=LINE('',#11073,#5264);
#4645=LINE('',#11075,#5265);
#4646=LINE('',#11077,#5266);
#4647=LINE('',#11079,#5267);
#4648=LINE('',#11081,#5268);
#4649=LINE('',#11083,#5269);
#4650=LINE('',#11085,#5270);
#4651=LINE('',#11095,#5271);
#4652=LINE('',#11101,#5272);
#4653=LINE('',#11110,#5273);
#4654=LINE('',#11123,#5274);
#4655=LINE('',#11136,#5275);
#4656=LINE('',#11154,#5276);
#4657=LINE('',#11156,#5277);
#4658=LINE('',#11158,#5278);
#4659=LINE('',#11160,#5279);
#4660=LINE('',#11162,#5280);
#4661=LINE('',#11164,#5281);
#4662=LINE('',#11166,#5282);
#4663=LINE('',#11168,#5283);
#4664=LINE('',#11170,#5284);
#4665=LINE('',#11179,#5285);
#4666=LINE('',#11192,#5286);
#4667=LINE('',#11198,#5287);
#4668=LINE('',#11202,#5288);
#4669=LINE('',#11204,#5289);
#4670=LINE('',#11213,#5290);
#4671=LINE('',#11226,#5291);
#4672=LINE('',#11239,#5292);
#4673=LINE('',#11245,#5293);
#4674=LINE('',#11247,#5294);
#4675=LINE('',#11249,#5295);
#4676=LINE('',#11251,#5296);
#4677=LINE('',#11253,#5297);
#4678=LINE('',#11255,#5298);
#4679=LINE('',#11257,#5299);
#4680=LINE('',#11259,#5300);
#4681=LINE('',#11261,#5301);
#4682=LINE('',#11263,#5302);
#4683=LINE('',#11265,#5303);
#4684=LINE('',#11267,#5304);
#4685=LINE('',#11269,#5305);
#4686=LINE('',#11272,#5306);
#4687=LINE('',#11274,#5307);
#4688=LINE('',#11276,#5308);
#4689=LINE('',#11278,#5309);
#4690=LINE('',#11280,#5310);
#4691=LINE('',#11282,#5311);
#4692=LINE('',#11284,#5312);
#4693=LINE('',#11293,#5313);
#4694=LINE('',#11299,#5314);
#4695=LINE('',#11303,#5315);
#4696=LINE('',#11307,#5316);
#4697=LINE('',#11309,#5317);
#4698=LINE('',#11311,#5318);
#4699=LINE('',#11322,#5319);
#4700=LINE('',#11335,#5320);
#4701=LINE('',#11341,#5321);
#4702=LINE('',#11343,#5322);
#4703=LINE('',#11345,#5323);
#4704=LINE('',#11347,#5324);
#4705=LINE('',#11349,#5325);
#4706=LINE('',#11351,#5326);
#4707=LINE('',#11353,#5327);
#4708=LINE('',#11357,#5328);
#4709=LINE('',#11359,#5329);
#4710=LINE('',#11361,#5330);
#4711=LINE('',#11365,#5331);
#4712=LINE('',#11368,#5332);
#4713=LINE('',#11370,#5333);
#4714=LINE('',#11372,#5334);
#4715=LINE('',#11374,#5335);
#4716=LINE('',#11376,#5336);
#4717=LINE('',#11385,#5337);
#4718=LINE('',#11398,#5338);
#4719=LINE('',#11411,#5339);
#4720=LINE('',#11424,#5340);
#4721=LINE('',#11430,#5341);
#4722=LINE('',#11432,#5342);
#4723=LINE('',#11434,#5343);
#4724=LINE('',#11436,#5344);
#4725=LINE('',#11438,#5345);
#4726=LINE('',#11440,#5346);
#4727=LINE('',#11449,#5347);
#4728=LINE('',#11462,#5348);
#4729=LINE('',#11475,#5349);
#4730=LINE('',#11481,#5350);
#4731=LINE('',#11485,#5351);
#4732=LINE('',#11487,#5352);
#4733=LINE('',#11496,#5353);
#4734=LINE('',#11514,#5354);
#4735=LINE('',#11525,#5355);
#4736=LINE('',#11531,#5356);
#4737=LINE('',#11533,#5357);
#4738=LINE('',#11537,#5358);
#4739=LINE('',#11539,#5359);
#4740=LINE('',#11543,#5360);
#4741=LINE('',#11545,#5361);
#4742=LINE('',#11547,#5362);
#4743=LINE('',#11549,#5363);
#4744=LINE('',#11551,#5364);
#4745=LINE('',#11555,#5365);
#4746=LINE('',#11557,#5366);
#4747=LINE('',#11559,#5367);
#4748=LINE('',#11561,#5368);
#4749=LINE('',#11563,#5369);
#4750=LINE('',#11577,#5370);
#4751=LINE('',#11594,#5371);
#4752=LINE('',#11607,#5372);
#4753=LINE('',#11620,#5373);
#4754=LINE('',#11626,#5374);
#4755=LINE('',#11641,#5375);
#4756=LINE('',#11645,#5376);
#4757=LINE('',#11647,#5377);
#4758=LINE('',#11649,#5378);
#4759=LINE('',#11651,#5379);
#4760=LINE('',#11655,#5380);
#4761=LINE('',#11659,#5381);
#4762=LINE('',#11661,#5382);
#4763=LINE('',#11663,#5383);
#4764=LINE('',#11667,#5384);
#4765=LINE('',#11671,#5385);
#4766=LINE('',#11673,#5386);
#4767=LINE('',#11675,#5387);
#4768=LINE('',#11679,#5388);
#4769=LINE('',#11686,#5389);
#4770=LINE('',#11690,#5390);
#4771=LINE('',#11692,#5391);
#4772=LINE('',#11694,#5392);
#4773=LINE('',#11696,#5393);
#4774=LINE('',#11700,#5394);
#4775=LINE('',#11704,#5395);
#4776=LINE('',#11706,#5396);
#4777=LINE('',#11708,#5397);
#4778=LINE('',#11712,#5398);
#4779=LINE('',#11716,#5399);
#4780=LINE('',#11718,#5400);
#4781=LINE('',#11720,#5401);
#4782=LINE('',#11724,#5402);
#4783=LINE('',#11731,#5403);
#4784=LINE('',#11735,#5404);
#4785=LINE('',#11737,#5405);
#4786=LINE('',#11739,#5406);
#4787=LINE('',#11741,#5407);
#4788=LINE('',#11745,#5408);
#4789=LINE('',#11749,#5409);
#4790=LINE('',#11751,#5410);
#4791=LINE('',#11753,#5411);
#4792=LINE('',#11757,#5412);
#4793=LINE('',#11761,#5413);
#4794=LINE('',#11763,#5414);
#4795=LINE('',#11765,#5415);
#4796=LINE('',#11769,#5416);
#4797=LINE('',#11773,#5417);
#4798=LINE('',#11776,#5418);
#4799=LINE('',#11778,#5419);
#4800=LINE('',#11780,#5420);
#4801=LINE('',#11782,#5421);
#4802=LINE('',#11785,#5422);
#4803=LINE('',#11787,#5423);
#4804=LINE('',#11789,#5424);
#4805=LINE('',#11791,#5425);
#4806=LINE('',#11794,#5426);
#4807=LINE('',#11796,#5427);
#4808=LINE('',#11798,#5428);
#4809=LINE('',#11800,#5429);
#4810=LINE('',#11803,#5430);
#4811=LINE('',#11805,#5431);
#4812=LINE('',#11807,#5432);
#4813=LINE('',#11809,#5433);
#4814=LINE('',#11811,#5434);
#4815=LINE('',#11813,#5435);
#4816=LINE('',#11815,#5436);
#4817=LINE('',#11817,#5437);
#4818=LINE('',#11819,#5438);
#4819=LINE('',#11821,#5439);
#4820=LINE('',#11822,#5440);
#4821=LINE('',#11824,#5441);
#4822=LINE('',#11825,#5442);
#4823=LINE('',#11827,#5443);
#4824=LINE('',#11830,#5444);
#4825=LINE('',#11832,#5445);
#4826=LINE('',#11834,#5446);
#4827=LINE('',#11856,#5447);
#4828=LINE('',#11857,#5448);
#4829=LINE('',#11859,#5449);
#4830=LINE('',#11860,#5450);
#4831=VECTOR('',#7168,1.);
#4832=VECTOR('',#7169,1.);
#4833=VECTOR('',#7170,1.);
#4834=VECTOR('',#7171,1.);
#4835=VECTOR('',#7172,1.);
#4836=VECTOR('',#7173,1.);
#4837=VECTOR('',#7174,1.);
#4838=VECTOR('',#7175,1.);
#4839=VECTOR('',#7176,1.);
#4840=VECTOR('',#7177,1.);
#4841=VECTOR('',#7178,1.);
#4842=VECTOR('',#7179,1.);
#4843=VECTOR('',#7180,1.);
#4844=VECTOR('',#7181,1.);
#4845=VECTOR('',#7182,1.);
#4846=VECTOR('',#7191,1.);
#4847=VECTOR('',#7194,1.);
#4848=VECTOR('',#7195,1.);
#4849=VECTOR('',#7196,1.);
#4850=VECTOR('',#7197,1.);
#4851=VECTOR('',#7198,1.);
#4852=VECTOR('',#7199,1.);
#4853=VECTOR('',#7200,1.);
#4854=VECTOR('',#7201,1.);
#4855=VECTOR('',#7202,1.);
#4856=VECTOR('',#7203,1.);
#4857=VECTOR('',#7204,1.);
#4858=VECTOR('',#7205,1.);
#4859=VECTOR('',#7206,1.);
#4860=VECTOR('',#7207,1.);
#4861=VECTOR('',#7208,1.);
#4862=VECTOR('',#7209,1.);
#4863=VECTOR('',#7210,1.);
#4864=VECTOR('',#7211,1.);
#4865=VECTOR('',#7212,1.);
#4866=VECTOR('',#7213,1.);
#4867=VECTOR('',#7214,1.);
#4868=VECTOR('',#7215,1.);
#4869=VECTOR('',#7216,1.);
#4870=VECTOR('',#7217,1.);
#4871=VECTOR('',#7218,1.);
#4872=VECTOR('',#7219,1.);
#4873=VECTOR('',#7220,1.);
#4874=VECTOR('',#7221,1.);
#4875=VECTOR('',#7222,1.);
#4876=VECTOR('',#7223,1.);
#4877=VECTOR('',#7226,1.);
#4878=VECTOR('',#7227,1.);
#4879=VECTOR('',#7228,1.);
#4880=VECTOR('',#7229,1.);
#4881=VECTOR('',#7230,1.);
#4882=VECTOR('',#7231,1.);
#4883=VECTOR('',#7232,1.);
#4884=VECTOR('',#7233,1.);
#4885=VECTOR('',#7234,1.);
#4886=VECTOR('',#7235,1.);
#4887=VECTOR('',#7236,1.);
#4888=VECTOR('',#7237,1.);
#4889=VECTOR('',#7238,1.);
#4890=VECTOR('',#7239,1.);
#4891=VECTOR('',#7242,1.);
#4892=VECTOR('',#7253,1.);
#4893=VECTOR('',#7264,1.);
#4894=VECTOR('',#7267,1.);
#4895=VECTOR('',#7268,1.);
#4896=VECTOR('',#7269,1.);
#4897=VECTOR('',#7270,1.);
#4898=VECTOR('',#7271,1.);
#4899=VECTOR('',#7272,1.);
#4900=VECTOR('',#7275,1.);
#4901=VECTOR('',#7276,1.);
#4902=VECTOR('',#7277,1.);
#4903=VECTOR('',#7278,1.);
#4904=VECTOR('',#7279,1.);
#4905=VECTOR('',#7280,1.);
#4906=VECTOR('',#7281,1.);
#4907=VECTOR('',#7282,1.);
#4908=VECTOR('',#7283,1.);
#4909=VECTOR('',#7284,1.);
#4910=VECTOR('',#7285,1.);
#4911=VECTOR('',#7286,1.);
#4912=VECTOR('',#7287,1.);
#4913=VECTOR('',#7288,1.);
#4914=VECTOR('',#7291,1.);
#4915=VECTOR('',#7292,1.);
#4916=VECTOR('',#7293,1.);
#4917=VECTOR('',#7294,1.);
#4918=VECTOR('',#7295,1.);
#4919=VECTOR('',#7298,1.);
#4920=VECTOR('',#7301,1.);
#4921=VECTOR('',#7302,1.);
#4922=VECTOR('',#7303,1.);
#4923=VECTOR('',#7306,1.);
#4924=VECTOR('',#7311,1.);
#4925=VECTOR('',#7312,1.);
#4926=VECTOR('',#7313,1.);
#4927=VECTOR('',#7314,1.);
#4928=VECTOR('',#7317,1.);
#4929=VECTOR('',#7318,1.);
#4930=VECTOR('',#7319,1.);
#4931=VECTOR('',#7320,1.);
#4932=VECTOR('',#7321,1.);
#4933=VECTOR('',#7322,1.);
#4934=VECTOR('',#7323,1.);
#4935=VECTOR('',#7324,1.);
#4936=VECTOR('',#7325,1.);
#4937=VECTOR('',#7326,1.);
#4938=VECTOR('',#7329,1.);
#4939=VECTOR('',#7330,1.);
#4940=VECTOR('',#7331,1.);
#4941=VECTOR('',#7332,1.);
#4942=VECTOR('',#7335,1.);
#4943=VECTOR('',#7336,1.);
#4944=VECTOR('',#7337,1.);
#4945=VECTOR('',#7338,1.);
#4946=VECTOR('',#7341,1.);
#4947=VECTOR('',#7342,1.);
#4948=VECTOR('',#7343,1.);
#4949=VECTOR('',#7344,1.);
#4950=VECTOR('',#7347,1.);
#4951=VECTOR('',#7348,1.);
#4952=VECTOR('',#7349,1.);
#4953=VECTOR('',#7350,1.);
#4954=VECTOR('',#7351,1.);
#4955=VECTOR('',#7352,1.);
#4956=VECTOR('',#7353,1.);
#4957=VECTOR('',#7354,1.);
#4958=VECTOR('',#7391,1.);
#4959=VECTOR('',#7392,1.);
#4960=VECTOR('',#7393,1.);
#4961=VECTOR('',#7394,1.);
#4962=VECTOR('',#7397,1.);
#4963=VECTOR('',#7398,1.);
#4964=VECTOR('',#7399,1.);
#4965=VECTOR('',#7402,1.);
#4966=VECTOR('',#7403,1.);
#4967=VECTOR('',#7404,1.);
#4968=VECTOR('',#7407,1.);
#4969=VECTOR('',#7408,1.);
#4970=VECTOR('',#7415,1.);
#4971=VECTOR('',#7416,1.);
#4972=VECTOR('',#7423,1.);
#4973=VECTOR('',#7424,1.);
#4974=VECTOR('',#7429,1.);
#4975=VECTOR('',#7430,1.);
#4976=VECTOR('',#7431,1.);
#4977=VECTOR('',#7432,1.);
#4978=VECTOR('',#7433,1.);
#4979=VECTOR('',#7434,1.);
#4980=VECTOR('',#7435,1.);
#4981=VECTOR('',#7436,1.);
#4982=VECTOR('',#7439,1.);
#4983=VECTOR('',#7440,1.);
#4984=VECTOR('',#7441,1.);
#4985=VECTOR('',#7442,1.);
#4986=VECTOR('',#7443,1.);
#4987=VECTOR('',#7444,1.);
#4988=VECTOR('',#7449,1.);
#4989=VECTOR('',#7450,1.);
#4990=VECTOR('',#7455,1.);
#4991=VECTOR('',#7456,1.);
#4992=VECTOR('',#7461,1.);
#4993=VECTOR('',#7462,1.);
#4994=VECTOR('',#7465,1.);
#4995=VECTOR('',#7466,1.);
#4996=VECTOR('',#7467,1.);
#4997=VECTOR('',#7472,1.);
#4998=VECTOR('',#7473,1.);
#4999=VECTOR('',#7476,1.);
#5000=VECTOR('',#7477,1.);
#5001=VECTOR('',#7478,1.);
#5002=VECTOR('',#7481,1.);
#5003=VECTOR('',#7488,1.);
#5004=VECTOR('',#7489,1.);
#5005=VECTOR('',#7490,1.);
#5006=VECTOR('',#7491,1.);
#5007=VECTOR('',#7492,1.);
#5008=VECTOR('',#7497,1.);
#5009=VECTOR('',#7498,1.);
#5010=VECTOR('',#7499,1.);
#5011=VECTOR('',#7500,1.);
#5012=VECTOR('',#7503,1.);
#5013=VECTOR('',#7504,1.);
#5014=VECTOR('',#7505,1.);
#5015=VECTOR('',#7506,1.);
#5016=VECTOR('',#7507,1.);
#5017=VECTOR('',#7508,1.);
#5018=VECTOR('',#7509,1.);
#5019=VECTOR('',#7512,1.);
#5020=VECTOR('',#7513,1.);
#5021=VECTOR('',#7514,1.);
#5022=VECTOR('',#7517,1.);
#5023=VECTOR('',#7518,1.);
#5024=VECTOR('',#7521,1.);
#5025=VECTOR('',#7522,1.);
#5026=VECTOR('',#7523,1.);
#5027=VECTOR('',#7524,1.);
#5028=VECTOR('',#7525,1.);
#5029=VECTOR('',#7528,1.);
#5030=VECTOR('',#7529,1.);
#5031=VECTOR('',#7530,1.);
#5032=VECTOR('',#7531,1.);
#5033=VECTOR('',#7534,1.);
#5034=VECTOR('',#7535,1.);
#5035=VECTOR('',#7538,1.);
#5036=VECTOR('',#7539,1.);
#5037=VECTOR('',#7540,1.);
#5038=VECTOR('',#7541,1.);
#5039=VECTOR('',#7542,1.);
#5040=VECTOR('',#7543,1.);
#5041=VECTOR('',#7544,1.);
#5042=VECTOR('',#7545,1.);
#5043=VECTOR('',#7548,1.);
#5044=VECTOR('',#7551,1.);
#5045=VECTOR('',#7552,1.);
#5046=VECTOR('',#7553,1.);
#5047=VECTOR('',#7556,1.);
#5048=VECTOR('',#7561,1.);
#5049=VECTOR('',#7562,1.);
#5050=VECTOR('',#7565,1.);
#5051=VECTOR('',#7570,1.);
#5052=VECTOR('',#7573,1.);
#5053=VECTOR('',#7574,1.);
#5054=VECTOR('',#7577,1.);
#5055=VECTOR('',#7582,1.);
#5056=VECTOR('',#7587,1.);
#5057=VECTOR('',#7588,1.);
#5058=VECTOR('',#7589,1.);
#5059=VECTOR('',#7590,1.);
#5060=VECTOR('',#7595,1.);
#5061=VECTOR('',#7596,1.);
#5062=VECTOR('',#7597,1.);
#5063=VECTOR('',#7600,1.);
#5064=VECTOR('',#7601,1.);
#5065=VECTOR('',#7604,1.);
#5066=VECTOR('',#7605,1.);
#5067=VECTOR('',#7608,1.);
#5068=VECTOR('',#7609,1.);
#5069=VECTOR('',#7612,1.);
#5070=VECTOR('',#7613,1.);
#5071=VECTOR('',#7616,1.);
#5072=VECTOR('',#7617,1.);
#5073=VECTOR('',#7620,1.);
#5074=VECTOR('',#7621,1.);
#5075=VECTOR('',#7624,1.);
#5076=VECTOR('',#7625,1.);
#5077=VECTOR('',#7628,1.);
#5078=VECTOR('',#7629,1.);
#5079=VECTOR('',#7632,1.);
#5080=VECTOR('',#7633,1.);
#5081=VECTOR('',#7636,1.);
#5082=VECTOR('',#7637,1.);
#5083=VECTOR('',#7640,1.);
#5084=VECTOR('',#7641,1.);
#5085=VECTOR('',#7644,1.);
#5086=VECTOR('',#7645,1.);
#5087=VECTOR('',#7648,1.);
#5088=VECTOR('',#7649,1.);
#5089=VECTOR('',#7652,1.);
#5090=VECTOR('',#7657,1.);
#5091=VECTOR('',#7658,1.);
#5092=VECTOR('',#7659,1.);
#5093=VECTOR('',#7660,1.);
#5094=VECTOR('',#7663,1.);
#5095=VECTOR('',#7664,1.);
#5096=VECTOR('',#7665,1.);
#5097=VECTOR('',#7666,1.);
#5098=VECTOR('',#7667,1.);
#5099=VECTOR('',#7668,1.);
#5100=VECTOR('',#7669,1.);
#5101=VECTOR('',#7672,1.);
#5102=VECTOR('',#7673,1.);
#5103=VECTOR('',#7674,1.);
#5104=VECTOR('',#7677,1.);
#5105=VECTOR('',#7678,1.);
#5106=VECTOR('',#7681,1.);
#5107=VECTOR('',#7682,1.);
#5108=VECTOR('',#7683,1.);
#5109=VECTOR('',#7684,1.);
#5110=VECTOR('',#7685,1.);
#5111=VECTOR('',#7688,1.);
#5112=VECTOR('',#7689,1.);
#5113=VECTOR('',#7690,1.);
#5114=VECTOR('',#7691,1.);
#5115=VECTOR('',#7694,1.);
#5116=VECTOR('',#7695,1.);
#5117=VECTOR('',#7698,1.);
#5118=VECTOR('',#7699,1.);
#5119=VECTOR('',#7700,1.);
#5120=VECTOR('',#7701,1.);
#5121=VECTOR('',#7702,1.);
#5122=VECTOR('',#7703,1.);
#5123=VECTOR('',#7704,1.);
#5124=VECTOR('',#7705,1.);
#5125=VECTOR('',#7708,1.);
#5126=VECTOR('',#7711,1.);
#5127=VECTOR('',#7712,1.);
#5128=VECTOR('',#7713,1.);
#5129=VECTOR('',#7714,1.);
#5130=VECTOR('',#7715,1.);
#5131=VECTOR('',#7716,1.);
#5132=VECTOR('',#7717,1.);
#5133=VECTOR('',#7720,1.);
#5134=VECTOR('',#7721,1.);
#5135=VECTOR('',#7722,1.);
#5136=VECTOR('',#7723,1.);
#5137=VECTOR('',#7724,1.);
#5138=VECTOR('',#7725,1.);
#5139=VECTOR('',#7726,1.);
#5140=VECTOR('',#7727,1.);
#5141=VECTOR('',#7728,1.);
#5142=VECTOR('',#7729,1.);
#5143=VECTOR('',#7730,1.);
#5144=VECTOR('',#7733,1.);
#5145=VECTOR('',#7734,1.);
#5146=VECTOR('',#7737,1.);
#5147=VECTOR('',#7738,1.);
#5148=VECTOR('',#7741,1.);
#5149=VECTOR('',#7742,1.);
#5150=VECTOR('',#7745,1.);
#5151=VECTOR('',#7746,1.);
#5152=VECTOR('',#7749,1.);
#5153=VECTOR('',#7750,1.);
#5154=VECTOR('',#7753,1.);
#5155=VECTOR('',#7754,1.);
#5156=VECTOR('',#7755,1.);
#5157=VECTOR('',#7758,1.);
#5158=VECTOR('',#7763,1.);
#5159=VECTOR('',#7764,1.);
#5160=VECTOR('',#7765,1.);
#5161=VECTOR('',#7768,1.);
#5162=VECTOR('',#7769,1.);
#5163=VECTOR('',#7770,1.);
#5164=VECTOR('',#7771,1.);
#5165=VECTOR('',#7772,1.);
#5166=VECTOR('',#7775,1.);
#5167=VECTOR('',#7776,1.);
#5168=VECTOR('',#7779,1.);
#5169=VECTOR('',#7780,1.);
#5170=VECTOR('',#7783,1.);
#5171=VECTOR('',#7788,1.);
#5172=VECTOR('',#7789,1.);
#5173=VECTOR('',#7792,1.);
#5174=VECTOR('',#7793,1.);
#5175=VECTOR('',#7796,1.);
#5176=VECTOR('',#7797,1.);
#5177=VECTOR('',#7800,1.);
#5178=VECTOR('',#7801,1.);
#5179=VECTOR('',#7804,1.);
#5180=VECTOR('',#7805,1.);
#5181=VECTOR('',#7806,1.);
#5182=VECTOR('',#7807,1.);
#5183=VECTOR('',#7808,1.);
#5184=VECTOR('',#7811,1.);
#5185=VECTOR('',#7814,1.);
#5186=VECTOR('',#7815,1.);
#5187=VECTOR('',#7816,1.);
#5188=VECTOR('',#7817,1.);
#5189=VECTOR('',#7820,1.);
#5190=VECTOR('',#7821,1.);
#5191=VECTOR('',#7824,1.);
#5192=VECTOR('',#7825,1.);
#5193=VECTOR('',#7828,1.);
#5194=VECTOR('',#7829,1.);
#5195=VECTOR('',#7832,1.);
#5196=VECTOR('',#7833,1.);
#5197=VECTOR('',#7836,1.);
#5198=VECTOR('',#7837,1.);
#5199=VECTOR('',#7840,1.);
#5200=VECTOR('',#7841,1.);
#5201=VECTOR('',#7844,1.);
#5202=VECTOR('',#7845,1.);
#5203=VECTOR('',#7848,1.);
#5204=VECTOR('',#7849,1.);
#5205=VECTOR('',#7852,1.);
#5206=VECTOR('',#7853,1.);
#5207=VECTOR('',#7856,1.);
#5208=VECTOR('',#7857,1.);
#5209=VECTOR('',#7860,1.);
#5210=VECTOR('',#7861,1.);
#5211=VECTOR('',#7862,1.);
#5212=VECTOR('',#7863,1.);
#5213=VECTOR('',#7864,1.);
#5214=VECTOR('',#7867,1.);
#5215=VECTOR('',#7870,1.);
#5216=VECTOR('',#7871,1.);
#5217=VECTOR('',#7872,1.);
#5218=VECTOR('',#7875,1.);
#5219=VECTOR('',#7878,1.);
#5220=VECTOR('',#7879,1.);
#5221=VECTOR('',#7880,1.);
#5222=VECTOR('',#7881,1.);
#5223=VECTOR('',#7884,1.);
#5224=VECTOR('',#7889,1.);
#5225=VECTOR('',#7894,1.);
#5226=VECTOR('',#7895,1.);
#5227=VECTOR('',#7898,1.);
#5228=VECTOR('',#7901,1.);
#5229=VECTOR('',#7902,1.);
#5230=VECTOR('',#7903,1.);
#5231=VECTOR('',#7906,1.);
#5232=VECTOR('',#7909,1.);
#5233=VECTOR('',#7912,1.);
#5234=VECTOR('',#7915,1.);
#5235=VECTOR('',#7918,1.);
#5236=VECTOR('',#7921,1.);
#5237=VECTOR('',#7922,1.);
#5238=VECTOR('',#7925,1.);
#5239=VECTOR('',#7930,1.);
#5240=VECTOR('',#7931,1.);
#5241=VECTOR('',#7934,1.);
#5242=VECTOR('',#7937,1.);
#5243=VECTOR('',#7942,1.);
#5244=VECTOR('',#7945,1.);
#5245=VECTOR('',#7948,1.);
#5246=VECTOR('',#7953,1.);
#5247=VECTOR('',#7958,1.);
#5248=VECTOR('',#7959,1.);
#5249=VECTOR('',#7962,1.);
#5250=VECTOR('',#7963,1.);
#5251=VECTOR('',#7966,1.);
#5252=VECTOR('',#7967,1.);
#5253=VECTOR('',#7970,1.);
#5254=VECTOR('',#7971,1.);
#5255=VECTOR('',#7974,1.);
#5256=VECTOR('',#7975,1.);
#5257=VECTOR('',#7978,1.);
#5258=VECTOR('',#7979,1.);
#5259=VECTOR('',#7980,1.);
#5260=VECTOR('',#7981,1.);
#5261=VECTOR('',#7984,1.);
#5262=VECTOR('',#7989,1.);
#5263=VECTOR('',#7994,1.);
#5264=VECTOR('',#7995,1.);
#5265=VECTOR('',#7996,1.);
#5266=VECTOR('',#7999,1.);
#5267=VECTOR('',#8000,1.);
#5268=VECTOR('',#8003,1.);
#5269=VECTOR('',#8004,1.);
#5270=VECTOR('',#8007,1.);
#5271=VECTOR('',#8010,1.);
#5272=VECTOR('',#8011,1.);
#5273=VECTOR('',#8012,1.);
#5274=VECTOR('',#8013,1.);
#5275=VECTOR('',#8014,1.);
#5276=VECTOR('',#8019,1.);
#5277=VECTOR('',#8020,1.);
#5278=VECTOR('',#8021,1.);
#5279=VECTOR('',#8024,1.);
#5280=VECTOR('',#8025,1.);
#5281=VECTOR('',#8028,1.);
#5282=VECTOR('',#8029,1.);
#5283=VECTOR('',#8032,1.);
#5284=VECTOR('',#8033,1.);
#5285=VECTOR('',#8034,1.);
#5286=VECTOR('',#8035,1.);
#5287=VECTOR('',#8038,1.);
#5288=VECTOR('',#8043,1.);
#5289=VECTOR('',#8044,1.);
#5290=VECTOR('',#8045,1.);
#5291=VECTOR('',#8046,1.);
#5292=VECTOR('',#8047,1.);
#5293=VECTOR('',#8050,1.);
#5294=VECTOR('',#8051,1.);
#5295=VECTOR('',#8054,1.);
#5296=VECTOR('',#8055,1.);
#5297=VECTOR('',#8058,1.);
#5298=VECTOR('',#8059,1.);
#5299=VECTOR('',#8062,1.);
#5300=VECTOR('',#8063,1.);
#5301=VECTOR('',#8066,1.);
#5302=VECTOR('',#8067,1.);
#5303=VECTOR('',#8070,1.);
#5304=VECTOR('',#8071,1.);
#5305=VECTOR('',#8074,1.);
#5306=VECTOR('',#8079,1.);
#5307=VECTOR('',#8080,1.);
#5308=VECTOR('',#8081,1.);
#5309=VECTOR('',#8084,1.);
#5310=VECTOR('',#8085,1.);
#5311=VECTOR('',#8088,1.);
#5312=VECTOR('',#8089,1.);
#5313=VECTOR('',#8090,1.);
#5314=VECTOR('',#8093,1.);
#5315=VECTOR('',#8098,1.);
#5316=VECTOR('',#8103,1.);
#5317=VECTOR('',#8104,1.);
#5318=VECTOR('',#8107,1.);
#5319=VECTOR('',#8110,1.);
#5320=VECTOR('',#8111,1.);
#5321=VECTOR('',#8114,1.);
#5322=VECTOR('',#8115,1.);
#5323=VECTOR('',#8118,1.);
#5324=VECTOR('',#8119,1.);
#5325=VECTOR('',#8122,1.);
#5326=VECTOR('',#8123,1.);
#5327=VECTOR('',#8126,1.);
#5328=VECTOR('',#8131,1.);
#5329=VECTOR('',#8132,1.);
#5330=VECTOR('',#8135,1.);
#5331=VECTOR('',#8140,1.);
#5332=VECTOR('',#8145,1.);
#5333=VECTOR('',#8146,1.);
#5334=VECTOR('',#8147,1.);
#5335=VECTOR('',#8150,1.);
#5336=VECTOR('',#8151,1.);
#5337=VECTOR('',#8152,1.);
#5338=VECTOR('',#8153,1.);
#5339=VECTOR('',#8154,1.);
#5340=VECTOR('',#8155,1.);
#5341=VECTOR('',#8158,1.);
#5342=VECTOR('',#8159,1.);
#5343=VECTOR('',#8162,1.);
#5344=VECTOR('',#8163,1.);
#5345=VECTOR('',#8166,1.);
#5346=VECTOR('',#8167,1.);
#5347=VECTOR('',#8168,1.);
#5348=VECTOR('',#8169,1.);
#5349=VECTOR('',#8170,1.);
#5350=VECTOR('',#8173,1.);
#5351=VECTOR('',#8178,1.);
#5352=VECTOR('',#8179,1.);
#5353=VECTOR('',#8180,1.);
#5354=VECTOR('',#8181,1.);
#5355=VECTOR('',#8184,1.);
#5356=VECTOR('',#8191,1.);
#5357=VECTOR('',#8192,1.);
#5358=VECTOR('',#8197,1.);
#5359=VECTOR('',#8198,1.);
#5360=VECTOR('',#8203,1.);
#5361=VECTOR('',#8204,1.);
#5362=VECTOR('',#8207,1.);
#5363=VECTOR('',#8208,1.);
#5364=VECTOR('',#8209,1.);
#5365=VECTOR('',#8214,1.);
#5366=VECTOR('',#8215,1.);
#5367=VECTOR('',#8218,1.);
#5368=VECTOR('',#8219,1.);
#5369=VECTOR('',#8220,1.);
#5370=VECTOR('',#8221,1.);
#5371=VECTOR('',#8222,1.);
#5372=VECTOR('',#8223,1.);
#5373=VECTOR('',#8224,1.);
#5374=VECTOR('',#8227,1.);
#5375=VECTOR('',#8252,1.);
#5376=VECTOR('',#8255,1.);
#5377=VECTOR('',#8258,1.);
#5378=VECTOR('',#8259,1.);
#5379=VECTOR('',#8260,1.);
#5380=VECTOR('',#8265,1.);
#5381=VECTOR('',#8270,1.);
#5382=VECTOR('',#8271,1.);
#5383=VECTOR('',#8272,1.);
#5384=VECTOR('',#8277,1.);
#5385=VECTOR('',#8282,1.);
#5386=VECTOR('',#8283,1.);
#5387=VECTOR('',#8284,1.);
#5388=VECTOR('',#8289,1.);
#5389=VECTOR('',#8296,1.);
#5390=VECTOR('',#8299,1.);
#5391=VECTOR('',#8302,1.);
#5392=VECTOR('',#8303,1.);
#5393=VECTOR('',#8304,1.);
#5394=VECTOR('',#8309,1.);
#5395=VECTOR('',#8314,1.);
#5396=VECTOR('',#8315,1.);
#5397=VECTOR('',#8316,1.);
#5398=VECTOR('',#8321,1.);
#5399=VECTOR('',#8326,1.);
#5400=VECTOR('',#8327,1.);
#5401=VECTOR('',#8328,1.);
#5402=VECTOR('',#8333,1.);
#5403=VECTOR('',#8340,1.);
#5404=VECTOR('',#8343,1.);
#5405=VECTOR('',#8346,1.);
#5406=VECTOR('',#8347,1.);
#5407=VECTOR('',#8348,1.);
#5408=VECTOR('',#8353,1.);
#5409=VECTOR('',#8358,1.);
#5410=VECTOR('',#8359,1.);
#5411=VECTOR('',#8360,1.);
#5412=VECTOR('',#8365,1.);
#5413=VECTOR('',#8370,1.);
#5414=VECTOR('',#8371,1.);
#5415=VECTOR('',#8372,1.);
#5416=VECTOR('',#8377,1.);
#5417=VECTOR('',#8382,1.);
#5418=VECTOR('',#8383,1.);
#5419=VECTOR('',#8384,1.);
#5420=VECTOR('',#8385,1.);
#5421=VECTOR('',#8388,1.);
#5422=VECTOR('',#8389,1.);
#5423=VECTOR('',#8390,1.);
#5424=VECTOR('',#8391,1.);
#5425=VECTOR('',#8394,1.);
#5426=VECTOR('',#8395,1.);
#5427=VECTOR('',#8396,1.);
#5428=VECTOR('',#8397,1.);
#5429=VECTOR('',#8400,1.);
#5430=VECTOR('',#8401,1.);
#5431=VECTOR('',#8402,1.);
#5432=VECTOR('',#8403,1.);
#5433=VECTOR('',#8406,1.);
#5434=VECTOR('',#8407,1.);
#5435=VECTOR('',#8408,1.);
#5436=VECTOR('',#8411,1.);
#5437=VECTOR('',#8412,1.);
#5438=VECTOR('',#8413,1.);
#5439=VECTOR('',#8416,1.);
#5440=VECTOR('',#8417,1.);
#5441=VECTOR('',#8420,1.);
#5442=VECTOR('',#8421,1.);
#5443=VECTOR('',#8424,1.);
#5444=VECTOR('',#8425,1.);
#5445=VECTOR('',#8426,1.);
#5446=VECTOR('',#8427,1.);
#5447=VECTOR('',#8454,1.);
#5448=VECTOR('',#8455,1.);
#5449=VECTOR('',#8458,1.);
#5450=VECTOR('',#8459,1.);
#5451=EDGE_LOOP('',(#572,#573,#574,#575,#576,#577,#578,#579,#580,#581,#582,
#583,#584,#585,#586,#587,#588,#589));
#5452=EDGE_LOOP('',(#590,#591,#592,#593,#594,#595,#596,#597,#598,#599,#600,
#601,#602,#603,#604,#605,#606,#607));
#5453=EDGE_LOOP('',(#608,#609,#610,#611,#612,#613,#614,#615,#616,#617,#618,
#619,#620,#621));
#5454=EDGE_LOOP('',(#622,#623,#624,#625,#626,#627,#628,#629,#630,#631,#632,
#633,#634,#635,#636));
#5455=EDGE_LOOP('',(#637,#638,#639,#640,#641,#642,#643,#644,#645,#646,#647,
#648,#649,#650,#651));
#5456=EDGE_LOOP('',(#652,#653,#654,#655,#656,#657,#658,#659,#660,#661,#662,
#663,#664,#665,#666,#667,#668));
#5457=EDGE_LOOP('',(#669,#670,#671,#672,#673,#674,#675,#676,#677,#678,#679,
#680,#681,#682,#683,#684,#685,#686));
#5458=EDGE_LOOP('',(#687,#688,#689,#690,#691,#692,#693,#694,#695,#696,#697,
#698,#699,#700,#701,#702,#703,#704,#705,#706,#707,#708,#709,#710,#711,#712));
#5459=EDGE_LOOP('',(#713,#714,#715,#716,#717,#718,#719,#720,#721,#722,#723,
#724,#725));
#5460=EDGE_LOOP('',(#726,#727,#728,#729));
#5461=EDGE_LOOP('',(#730,#731,#732,#733,#734));
#5462=EDGE_LOOP('',(#735,#736,#737,#738,#739,#740,#741,#742,#743,#744,#745,
#746,#747,#748,#749,#750,#751,#752));
#5463=EDGE_LOOP('',(#753,#754,#755,#756,#757,#758,#759,#760,#761,#762,#763,
#764,#765,#766,#767,#768,#769));
#5464=EDGE_LOOP('',(#770,#771,#772,#773,#774,#775,#776,#777,#778,#779,#780,
#781,#782,#783,#784,#785,#786,#787,#788,#789,#790,#791,#792,#793,#794,#795,
#796,#797,#798,#799,#800,#801));
#5465=EDGE_LOOP('',(#802,#803,#804,#805));
#5466=EDGE_LOOP('',(#806,#807,#808,#809));
#5467=EDGE_LOOP('',(#810,#811,#812,#813));
#5468=EDGE_LOOP('',(#814,#815,#816,#817,#818,#819,#820,#821));
#5469=EDGE_LOOP('',(#822));
#5470=EDGE_LOOP('',(#823));
#5471=EDGE_LOOP('',(#824));
#5472=EDGE_LOOP('',(#825));
#5473=EDGE_LOOP('',(#826));
#5474=EDGE_LOOP('',(#827));
#5475=EDGE_LOOP('',(#828));
#5476=EDGE_LOOP('',(#829));
#5477=EDGE_LOOP('',(#830,#831,#832,#833,#834,#835,#836,#837));
#5478=EDGE_LOOP('',(#838));
#5479=EDGE_LOOP('',(#839));
#5480=EDGE_LOOP('',(#840));
#5481=EDGE_LOOP('',(#841));
#5482=EDGE_LOOP('',(#842,#843,#844,#845));
#5483=EDGE_LOOP('',(#846,#847,#848,#849));
#5484=EDGE_LOOP('',(#850,#851,#852,#853));
#5485=EDGE_LOOP('',(#854,#855,#856,#857));
#5486=EDGE_LOOP('',(#858,#859,#860,#861,#862,#863,#864,#865,#866,#867,#868,
#869,#870,#871,#872,#873));
#5487=EDGE_LOOP('',(#874));
#5488=EDGE_LOOP('',(#875));
#5489=EDGE_LOOP('',(#876));
#5490=EDGE_LOOP('',(#877));
#5491=EDGE_LOOP('',(#878,#879,#880,#881,#882,#883,#884,#885));
#5492=EDGE_LOOP('',(#886,#887,#888,#889));
#5493=EDGE_LOOP('',(#890,#891,#892,#893));
#5494=EDGE_LOOP('',(#894,#895,#896,#897));
#5495=EDGE_LOOP('',(#898,#899,#900,#901));
#5496=EDGE_LOOP('',(#902,#903,#904,#905));
#5497=EDGE_LOOP('',(#906,#907,#908,#909));
#5498=EDGE_LOOP('',(#910,#911,#912,#913));
#5499=EDGE_LOOP('',(#914,#915,#916,#917));
#5500=EDGE_LOOP('',(#918,#919,#920,#921));
#5501=EDGE_LOOP('',(#922,#923,#924,#925));
#5502=EDGE_LOOP('',(#926,#927,#928,#929));
#5503=EDGE_LOOP('',(#930,#931,#932,#933,#934));
#5504=EDGE_LOOP('',(#935,#936,#937,#938));
#5505=EDGE_LOOP('',(#939,#940,#941,#942));
#5506=EDGE_LOOP('',(#943,#944,#945,#946));
#5507=EDGE_LOOP('',(#947,#948,#949,#950));
#5508=EDGE_LOOP('',(#951,#952,#953,#954));
#5509=EDGE_LOOP('',(#955,#956,#957,#958));
#5510=EDGE_LOOP('',(#959,#960,#961,#962));
#5511=EDGE_LOOP('',(#963,#964,#965,#966));
#5512=EDGE_LOOP('',(#967,#968,#969,#970,#971));
#5513=EDGE_LOOP('',(#972,#973,#974,#975));
#5514=EDGE_LOOP('',(#976,#977,#978,#979));
#5515=EDGE_LOOP('',(#980,#981,#982,#983));
#5516=EDGE_LOOP('',(#984,#985,#986,#987));
#5517=EDGE_LOOP('',(#988,#989,#990,#991,#992,#993,#994,#995,#996,#997,#998,
#999,#1000,#1001));
#5518=EDGE_LOOP('',(#1002,#1003,#1004,#1005,#1006,#1007,#1008,#1009,#1010));
#5519=EDGE_LOOP('',(#1011,#1012,#1013,#1014));
#5520=EDGE_LOOP('',(#1015,#1016,#1017,#1018));
#5521=EDGE_LOOP('',(#1019,#1020,#1021,#1022));
#5522=EDGE_LOOP('',(#1023,#1024,#1025,#1026));
#5523=EDGE_LOOP('',(#1027,#1028,#1029,#1030));
#5524=EDGE_LOOP('',(#1031,#1032,#1033,#1034));
#5525=EDGE_LOOP('',(#1035,#1036,#1037,#1038));
#5526=EDGE_LOOP('',(#1039,#1040,#1041,#1042));
#5527=EDGE_LOOP('',(#1043,#1044,#1045,#1046));
#5528=EDGE_LOOP('',(#1047,#1048,#1049,#1050));
#5529=EDGE_LOOP('',(#1051,#1052,#1053,#1054));
#5530=EDGE_LOOP('',(#1055,#1056,#1057,#1058));
#5531=EDGE_LOOP('',(#1059,#1060,#1061,#1062));
#5532=EDGE_LOOP('',(#1063,#1064,#1065,#1066));
#5533=EDGE_LOOP('',(#1067,#1068,#1069,#1070));
#5534=EDGE_LOOP('',(#1071,#1072,#1073,#1074));
#5535=EDGE_LOOP('',(#1075,#1076,#1077,#1078));
#5536=EDGE_LOOP('',(#1079,#1080,#1081,#1082));
#5537=EDGE_LOOP('',(#1083,#1084,#1085,#1086));
#5538=EDGE_LOOP('',(#1087,#1088,#1089,#1090));
#5539=EDGE_LOOP('',(#1091,#1092,#1093,#1094));
#5540=EDGE_LOOP('',(#1095,#1096,#1097,#1098));
#5541=EDGE_LOOP('',(#1099,#1100,#1101,#1102));
#5542=EDGE_LOOP('',(#1103,#1104,#1105,#1106));
#5543=EDGE_LOOP('',(#1107,#1108,#1109,#1110));
#5544=EDGE_LOOP('',(#1111,#1112,#1113,#1114,#1115,#1116,#1117,#1118,#1119,
#1120,#1121,#1122,#1123,#1124,#1125,#1126,#1127,#1128));
#5545=EDGE_LOOP('',(#1129,#1130,#1131,#1132,#1133,#1134,#1135));
#5546=EDGE_LOOP('',(#1136,#1137,#1138,#1139));
#5547=EDGE_LOOP('',(#1140,#1141,#1142,#1143));
#5548=EDGE_LOOP('',(#1144,#1145,#1146,#1147));
#5549=EDGE_LOOP('',(#1148,#1149,#1150,#1151));
#5550=EDGE_LOOP('',(#1152,#1153,#1154,#1155));
#5551=EDGE_LOOP('',(#1156,#1157,#1158,#1159));
#5552=EDGE_LOOP('',(#1160,#1161,#1162,#1163));
#5553=EDGE_LOOP('',(#1164,#1165,#1166,#1167));
#5554=EDGE_LOOP('',(#1168,#1169,#1170,#1171));
#5555=EDGE_LOOP('',(#1172,#1173,#1174,#1175));
#5556=EDGE_LOOP('',(#1176,#1177,#1178,#1179));
#5557=EDGE_LOOP('',(#1180,#1181,#1182,#1183));
#5558=EDGE_LOOP('',(#1184,#1185,#1186,#1187));
#5559=EDGE_LOOP('',(#1188,#1189,#1190,#1191));
#5560=EDGE_LOOP('',(#1192,#1193,#1194,#1195,#1196,#1197,#1198,#1199,#1200,
#1201,#1202,#1203,#1204,#1205));
#5561=EDGE_LOOP('',(#1206,#1207,#1208,#1209));
#5562=EDGE_LOOP('',(#1210,#1211,#1212,#1213));
#5563=EDGE_LOOP('',(#1214,#1215,#1216,#1217));
#5564=EDGE_LOOP('',(#1218,#1219,#1220,#1221));
#5565=EDGE_LOOP('',(#1222,#1223,#1224,#1225));
#5566=EDGE_LOOP('',(#1226,#1227,#1228,#1229));
#5567=EDGE_LOOP('',(#1230,#1231,#1232,#1233));
#5568=EDGE_LOOP('',(#1234,#1235,#1236,#1237));
#5569=EDGE_LOOP('',(#1238,#1239,#1240,#1241));
#5570=EDGE_LOOP('',(#1242,#1243,#1244,#1245));
#5571=EDGE_LOOP('',(#1246,#1247,#1248,#1249));
#5572=EDGE_LOOP('',(#1250,#1251,#1252,#1253));
#5573=EDGE_LOOP('',(#1254,#1255,#1256,#1257));
#5574=EDGE_LOOP('',(#1258,#1259,#1260,#1261));
#5575=EDGE_LOOP('',(#1262,#1263,#1264,#1265));
#5576=EDGE_LOOP('',(#1266,#1267,#1268,#1269,#1270,#1271,#1272,#1273,#1274,
#1275,#1276,#1277,#1278,#1279,#1280));
#5577=EDGE_LOOP('',(#1281,#1282,#1283,#1284));
#5578=EDGE_LOOP('',(#1285,#1286,#1287,#1288));
#5579=EDGE_LOOP('',(#1289,#1290,#1291,#1292));
#5580=EDGE_LOOP('',(#1293,#1294,#1295,#1296));
#5581=EDGE_LOOP('',(#1297,#1298,#1299,#1300));
#5582=EDGE_LOOP('',(#1301,#1302,#1303,#1304));
#5583=EDGE_LOOP('',(#1305,#1306,#1307,#1308));
#5584=EDGE_LOOP('',(#1309,#1310,#1311,#1312));
#5585=EDGE_LOOP('',(#1313,#1314,#1315,#1316));
#5586=EDGE_LOOP('',(#1317,#1318,#1319,#1320));
#5587=EDGE_LOOP('',(#1321,#1322,#1323,#1324));
#5588=EDGE_LOOP('',(#1325,#1326,#1327,#1328));
#5589=EDGE_LOOP('',(#1329,#1330,#1331,#1332));
#5590=EDGE_LOOP('',(#1333,#1334,#1335,#1336));
#5591=EDGE_LOOP('',(#1337,#1338,#1339,#1340));
#5592=EDGE_LOOP('',(#1341,#1342,#1343,#1344));
#5593=EDGE_LOOP('',(#1345,#1346,#1347,#1348));
#5594=EDGE_LOOP('',(#1349,#1350,#1351,#1352));
#5595=EDGE_LOOP('',(#1353,#1354,#1355,#1356));
#5596=EDGE_LOOP('',(#1357,#1358,#1359,#1360));
#5597=EDGE_LOOP('',(#1361,#1362,#1363,#1364));
#5598=EDGE_LOOP('',(#1365,#1366,#1367,#1368));
#5599=EDGE_LOOP('',(#1369,#1370,#1371,#1372));
#5600=EDGE_LOOP('',(#1373,#1374,#1375,#1376));
#5601=EDGE_LOOP('',(#1377,#1378,#1379,#1380));
#5602=EDGE_LOOP('',(#1381,#1382,#1383,#1384,#1385,#1386,#1387,#1388,#1389,
#1390,#1391,#1392,#1393,#1394,#1395,#1396,#1397,#1398));
#5603=EDGE_LOOP('',(#1399,#1400,#1401,#1402,#1403,#1404,#1405));
#5604=EDGE_LOOP('',(#1406,#1407,#1408,#1409));
#5605=EDGE_LOOP('',(#1410,#1411,#1412,#1413));
#5606=EDGE_LOOP('',(#1414,#1415,#1416,#1417));
#5607=EDGE_LOOP('',(#1418,#1419,#1420,#1421));
#5608=EDGE_LOOP('',(#1422,#1423,#1424,#1425));
#5609=EDGE_LOOP('',(#1426,#1427,#1428,#1429));
#5610=EDGE_LOOP('',(#1430,#1431,#1432,#1433));
#5611=EDGE_LOOP('',(#1434,#1435,#1436,#1437));
#5612=EDGE_LOOP('',(#1438,#1439,#1440,#1441));
#5613=EDGE_LOOP('',(#1442,#1443,#1444,#1445));
#5614=EDGE_LOOP('',(#1446,#1447,#1448,#1449));
#5615=EDGE_LOOP('',(#1450,#1451,#1452,#1453));
#5616=EDGE_LOOP('',(#1454,#1455,#1456,#1457));
#5617=EDGE_LOOP('',(#1458,#1459,#1460,#1461));
#5618=EDGE_LOOP('',(#1462,#1463,#1464,#1465));
#5619=EDGE_LOOP('',(#1466,#1467,#1468,#1469));
#5620=EDGE_LOOP('',(#1470,#1471,#1472,#1473));
#5621=EDGE_LOOP('',(#1474,#1475,#1476,#1477));
#5622=EDGE_LOOP('',(#1478,#1479,#1480,#1481));
#5623=EDGE_LOOP('',(#1482,#1483,#1484,#1485));
#5624=EDGE_LOOP('',(#1486,#1487,#1488,#1489));
#5625=EDGE_LOOP('',(#1490,#1491,#1492,#1493));
#5626=EDGE_LOOP('',(#1494,#1495,#1496,#1497));
#5627=EDGE_LOOP('',(#1498,#1499,#1500,#1501,#1502,#1503,#1504,#1505,#1506,
#1507,#1508,#1509,#1510,#1511,#1512));
#5628=EDGE_LOOP('',(#1513,#1514,#1515,#1516,#1517,#1518,#1519,#1520));
#5629=EDGE_LOOP('',(#1521,#1522,#1523,#1524));
#5630=EDGE_LOOP('',(#1525,#1526,#1527,#1528));
#5631=EDGE_LOOP('',(#1529,#1530,#1531,#1532));
#5632=EDGE_LOOP('',(#1533,#1534,#1535,#1536));
#5633=EDGE_LOOP('',(#1537,#1538,#1539,#1540));
#5634=EDGE_LOOP('',(#1541,#1542,#1543,#1544));
#5635=EDGE_LOOP('',(#1545,#1546,#1547,#1548));
#5636=EDGE_LOOP('',(#1549,#1550,#1551,#1552));
#5637=EDGE_LOOP('',(#1553,#1554,#1555,#1556));
#5638=EDGE_LOOP('',(#1557,#1558,#1559,#1560));
#5639=EDGE_LOOP('',(#1561,#1562,#1563,#1564));
#5640=EDGE_LOOP('',(#1565,#1566,#1567,#1568));
#5641=EDGE_LOOP('',(#1569,#1570,#1571,#1572));
#5642=EDGE_LOOP('',(#1573,#1574,#1575,#1576));
#5643=EDGE_LOOP('',(#1577,#1578,#1579,#1580));
#5644=EDGE_LOOP('',(#1581,#1582,#1583,#1584));
#5645=EDGE_LOOP('',(#1585,#1586,#1587,#1588));
#5646=EDGE_LOOP('',(#1589,#1590,#1591,#1592,#1593,#1594,#1595,#1596,#1597,
#1598,#1599,#1600,#1601,#1602,#1603,#1604,#1605));
#5647=EDGE_LOOP('',(#1606,#1607,#1608,#1609));
#5648=EDGE_LOOP('',(#1610,#1611,#1612,#1613));
#5649=EDGE_LOOP('',(#1614,#1615,#1616,#1617));
#5650=EDGE_LOOP('',(#1618,#1619,#1620,#1621));
#5651=EDGE_LOOP('',(#1622,#1623,#1624,#1625));
#5652=EDGE_LOOP('',(#1626,#1627,#1628,#1629));
#5653=EDGE_LOOP('',(#1630,#1631,#1632,#1633));
#5654=EDGE_LOOP('',(#1634,#1635,#1636,#1637));
#5655=EDGE_LOOP('',(#1638,#1639,#1640,#1641));
#5656=EDGE_LOOP('',(#1642,#1643,#1644,#1645));
#5657=EDGE_LOOP('',(#1646,#1647,#1648,#1649));
#5658=EDGE_LOOP('',(#1650,#1651,#1652,#1653));
#5659=EDGE_LOOP('',(#1654,#1655,#1656,#1657));
#5660=EDGE_LOOP('',(#1658,#1659,#1660,#1661));
#5661=EDGE_LOOP('',(#1662,#1663,#1664,#1665));
#5662=EDGE_LOOP('',(#1666,#1667,#1668,#1669));
#5663=EDGE_LOOP('',(#1670,#1671,#1672,#1673));
#5664=EDGE_LOOP('',(#1674,#1675,#1676,#1677));
#5665=EDGE_LOOP('',(#1678,#1679,#1680,#1681,#1682,#1683,#1684,#1685,#1686,
#1687,#1688,#1689,#1690,#1691,#1692,#1693,#1694,#1695));
#5666=EDGE_LOOP('',(#1696,#1697,#1698,#1699));
#5667=EDGE_LOOP('',(#1700,#1701,#1702,#1703));
#5668=EDGE_LOOP('',(#1704,#1705,#1706,#1707));
#5669=EDGE_LOOP('',(#1708,#1709,#1710,#1711));
#5670=EDGE_LOOP('',(#1712,#1713,#1714,#1715));
#5671=EDGE_LOOP('',(#1716,#1717,#1718,#1719));
#5672=EDGE_LOOP('',(#1720,#1721,#1722,#1723));
#5673=EDGE_LOOP('',(#1724,#1725,#1726,#1727));
#5674=EDGE_LOOP('',(#1728,#1729,#1730,#1731));
#5675=EDGE_LOOP('',(#1732,#1733,#1734,#1735));
#5676=EDGE_LOOP('',(#1736,#1737,#1738,#1739));
#5677=EDGE_LOOP('',(#1740,#1741,#1742,#1743));
#5678=EDGE_LOOP('',(#1744,#1745,#1746,#1747));
#5679=EDGE_LOOP('',(#1748,#1749,#1750,#1751));
#5680=EDGE_LOOP('',(#1752,#1753,#1754,#1755));
#5681=EDGE_LOOP('',(#1756,#1757,#1758,#1759));
#5682=EDGE_LOOP('',(#1760,#1761,#1762,#1763));
#5683=EDGE_LOOP('',(#1764,#1765,#1766,#1767));
#5684=EDGE_LOOP('',(#1768,#1769,#1770,#1771));
#5685=EDGE_LOOP('',(#1772,#1773,#1774,#1775));
#5686=EDGE_LOOP('',(#1776,#1777,#1778,#1779));
#5687=EDGE_LOOP('',(#1780,#1781,#1782,#1783));
#5688=EDGE_LOOP('',(#1784,#1785,#1786,#1787));
#5689=EDGE_LOOP('',(#1788,#1789,#1790,#1791));
#5690=EDGE_LOOP('',(#1792,#1793,#1794,#1795));
#5691=EDGE_LOOP('',(#1796,#1797,#1798,#1799));
#5692=EDGE_LOOP('',(#1800,#1801,#1802,#1803,#1804,#1805,#1806,#1807,#1808,
#1809,#1810,#1811,#1812,#1813,#1814,#1815,#1816,#1817,#1818,#1819,#1820,
#1821,#1822,#1823,#1824,#1825));
#5693=EDGE_LOOP('',(#1826,#1827,#1828,#1829));
#5694=EDGE_LOOP('',(#1830,#1831,#1832,#1833));
#5695=EDGE_LOOP('',(#1834,#1835,#1836,#1837));
#5696=EDGE_LOOP('',(#1838,#1839,#1840,#1841));
#5697=EDGE_LOOP('',(#1842,#1843,#1844,#1845));
#5698=EDGE_LOOP('',(#1846,#1847,#1848,#1849));
#5699=EDGE_LOOP('',(#1850,#1851,#1852,#1853));
#5700=EDGE_LOOP('',(#1854,#1855,#1856,#1857));
#5701=EDGE_LOOP('',(#1858,#1859,#1860,#1861));
#5702=EDGE_LOOP('',(#1862,#1863,#1864,#1865));
#5703=EDGE_LOOP('',(#1866,#1867,#1868,#1869));
#5704=EDGE_LOOP('',(#1870,#1871,#1872,#1873));
#5705=EDGE_LOOP('',(#1874,#1875,#1876,#1877));
#5706=EDGE_LOOP('',(#1878,#1879,#1880,#1881,#1882,#1883,#1884,#1885,#1886,
#1887,#1888,#1889,#1890));
#5707=EDGE_LOOP('',(#1891,#1892,#1893,#1894));
#5708=EDGE_LOOP('',(#1895,#1896,#1897,#1898));
#5709=EDGE_LOOP('',(#1899,#1900,#1901,#1902));
#5710=EDGE_LOOP('',(#1903,#1904,#1905,#1906));
#5711=EDGE_LOOP('',(#1907,#1908,#1909,#1910));
#5712=EDGE_LOOP('',(#1911,#1912,#1913,#1914));
#5713=EDGE_LOOP('',(#1915,#1916,#1917,#1918));
#5714=EDGE_LOOP('',(#1919,#1920,#1921,#1922));
#5715=EDGE_LOOP('',(#1923,#1924,#1925,#1926));
#5716=EDGE_LOOP('',(#1927,#1928,#1929,#1930));
#5717=EDGE_LOOP('',(#1931,#1932,#1933,#1934,#1935));
#5718=EDGE_LOOP('',(#1936,#1937,#1938,#1939));
#5719=EDGE_LOOP('',(#1940,#1941,#1942,#1943));
#5720=EDGE_LOOP('',(#1944,#1945,#1946,#1947));
#5721=EDGE_LOOP('',(#1948,#1949,#1950,#1951));
#5722=EDGE_LOOP('',(#1952,#1953,#1954,#1955));
#5723=EDGE_LOOP('',(#1956,#1957,#1958,#1959));
#5724=EDGE_LOOP('',(#1960,#1961,#1962,#1963));
#5725=EDGE_LOOP('',(#1964,#1965,#1966,#1967));
#5726=EDGE_LOOP('',(#1968,#1969,#1970,#1971));
#5727=EDGE_LOOP('',(#1972,#1973,#1974,#1975));
#5728=EDGE_LOOP('',(#1976,#1977,#1978,#1979));
#5729=EDGE_LOOP('',(#1980,#1981,#1982,#1983));
#5730=EDGE_LOOP('',(#1984,#1985,#1986,#1987));
#5731=EDGE_LOOP('',(#1988,#1989,#1990,#1991));
#5732=EDGE_LOOP('',(#1992,#1993,#1994,#1995));
#5733=EDGE_LOOP('',(#1996,#1997,#1998,#1999));
#5734=EDGE_LOOP('',(#2000,#2001,#2002,#2003));
#5735=EDGE_LOOP('',(#2004,#2005,#2006,#2007));
#5736=EDGE_LOOP('',(#2008,#2009,#2010,#2011,#2012,#2013,#2014,#2015,#2016,
#2017,#2018,#2019,#2020,#2021,#2022,#2023,#2024,#2025));
#5737=EDGE_LOOP('',(#2026,#2027,#2028,#2029));
#5738=EDGE_LOOP('',(#2030,#2031,#2032,#2033));
#5739=EDGE_LOOP('',(#2034,#2035,#2036,#2037));
#5740=EDGE_LOOP('',(#2038,#2039,#2040,#2041));
#5741=EDGE_LOOP('',(#2042,#2043,#2044,#2045));
#5742=EDGE_LOOP('',(#2046,#2047,#2048,#2049));
#5743=EDGE_LOOP('',(#2050,#2051,#2052,#2053));
#5744=EDGE_LOOP('',(#2054,#2055,#2056,#2057));
#5745=EDGE_LOOP('',(#2058,#2059,#2060,#2061));
#5746=EDGE_LOOP('',(#2062,#2063,#2064,#2065));
#5747=EDGE_LOOP('',(#2066,#2067,#2068,#2069));
#5748=EDGE_LOOP('',(#2070,#2071,#2072,#2073));
#5749=EDGE_LOOP('',(#2074,#2075,#2076,#2077));
#5750=EDGE_LOOP('',(#2078,#2079,#2080,#2081));
#5751=EDGE_LOOP('',(#2082,#2083,#2084,#2085));
#5752=EDGE_LOOP('',(#2086,#2087,#2088,#2089));
#5753=EDGE_LOOP('',(#2090,#2091,#2092,#2093));
#5754=EDGE_LOOP('',(#2094,#2095,#2096,#2097,#2098,#2099,#2100,#2101,#2102,
#2103,#2104,#2105,#2106,#2107,#2108,#2109,#2110));
#5755=EDGE_LOOP('',(#2111,#2112,#2113,#2114));
#5756=EDGE_LOOP('',(#2115,#2116,#2117,#2118));
#5757=EDGE_LOOP('',(#2119,#2120,#2121,#2122));
#5758=EDGE_LOOP('',(#2123,#2124,#2125,#2126));
#5759=EDGE_LOOP('',(#2127,#2128,#2129,#2130));
#5760=EDGE_LOOP('',(#2131,#2132,#2133,#2134));
#5761=EDGE_LOOP('',(#2135,#2136,#2137,#2138));
#5762=EDGE_LOOP('',(#2139,#2140,#2141,#2142));
#5763=EDGE_LOOP('',(#2143,#2144,#2145,#2146));
#5764=EDGE_LOOP('',(#2147,#2148,#2149,#2150));
#5765=EDGE_LOOP('',(#2151,#2152,#2153,#2154));
#5766=EDGE_LOOP('',(#2155,#2156,#2157,#2158));
#5767=EDGE_LOOP('',(#2159,#2160,#2161,#2162));
#5768=EDGE_LOOP('',(#2163,#2164,#2165,#2166));
#5769=EDGE_LOOP('',(#2167,#2168,#2169,#2170));
#5770=EDGE_LOOP('',(#2171,#2172,#2173,#2174,#2175));
#5771=EDGE_LOOP('',(#2176,#2177,#2178,#2179));
#5772=EDGE_LOOP('',(#2180,#2181,#2182,#2183));
#5773=EDGE_LOOP('',(#2184,#2185,#2186,#2187));
#5774=EDGE_LOOP('',(#2188,#2189,#2190,#2191));
#5775=EDGE_LOOP('',(#2192,#2193,#2194,#2195));
#5776=EDGE_LOOP('',(#2196,#2197,#2198,#2199));
#5777=EDGE_LOOP('',(#2200,#2201,#2202,#2203));
#5778=EDGE_LOOP('',(#2204,#2205,#2206,#2207));
#5779=EDGE_LOOP('',(#2208,#2209,#2210,#2211,#2212));
#5780=EDGE_LOOP('',(#2213,#2214,#2215,#2216));
#5781=EDGE_LOOP('',(#2217,#2218,#2219,#2220));
#5782=EDGE_LOOP('',(#2221,#2222,#2223,#2224));
#5783=EDGE_LOOP('',(#2225,#2226,#2227,#2228,#2229,#2230,#2231,#2232,#2233,
#2234,#2235,#2236,#2237,#2238,#2239,#2240,#2241,#2242,#2243,#2244,#2245,
#2246,#2247,#2248,#2249,#2250,#2251,#2252));
#5784=EDGE_LOOP('',(#2253,#2254,#2255,#2256,#2257,#2258,#2259,#2260,#2261));
#5785=EDGE_LOOP('',(#2262,#2263,#2264,#2265,#2266,#2267,#2268));
#5786=EDGE_LOOP('',(#2269,#2270,#2271,#2272,#2273,#2274,#2275));
#5787=EDGE_LOOP('',(#2276,#2277,#2278,#2279,#2280,#2281,#2282,#2283));
#5788=EDGE_LOOP('',(#2284,#2285,#2286,#2287));
#5789=EDGE_LOOP('',(#2288,#2289,#2290,#2291));
#5790=EDGE_LOOP('',(#2292,#2293,#2294,#2295,#2296,#2297,#2298,#2299,#2300,
#2301,#2302,#2303,#2304,#2305,#2306));
#5791=EDGE_LOOP('',(#2307,#2308,#2309,#2310,#2311,#2312,#2313,#2314,#2315,
#2316,#2317,#2318,#2319,#2320,#2321));
#5792=EDGE_LOOP('',(#2322,#2323,#2324,#2325));
#5793=EDGE_LOOP('',(#2326,#2327,#2328,#2329));
#5794=EDGE_LOOP('',(#2330,#2331,#2332,#2333));
#5795=EDGE_LOOP('',(#2334,#2335,#2336,#2337));
#5796=EDGE_LOOP('',(#2338,#2339,#2340,#2341));
#5797=EDGE_LOOP('',(#2342,#2343,#2344,#2345));
#5798=EDGE_LOOP('',(#2346,#2347,#2348,#2349));
#5799=EDGE_LOOP('',(#2350,#2351,#2352,#2353));
#5800=EDGE_LOOP('',(#2354,#2355,#2356,#2357));
#5801=EDGE_LOOP('',(#2358,#2359,#2360,#2361));
#5802=EDGE_LOOP('',(#2362,#2363,#2364,#2365));
#5803=EDGE_LOOP('',(#2366,#2367,#2368,#2369));
#5804=EDGE_LOOP('',(#2370,#2371,#2372,#2373));
#5805=EDGE_LOOP('',(#2374,#2375,#2376,#2377));
#5806=EDGE_LOOP('',(#2378,#2379,#2380,#2381));
#5807=EDGE_LOOP('',(#2382,#2383,#2384,#2385));
#5808=EDGE_LOOP('',(#2386,#2387,#2388,#2389));
#5809=EDGE_LOOP('',(#2390,#2391,#2392,#2393));
#5810=EDGE_LOOP('',(#2394,#2395,#2396,#2397));
#5811=EDGE_LOOP('',(#2398,#2399,#2400,#2401));
#5812=EDGE_LOOP('',(#2402,#2403,#2404,#2405));
#5813=EDGE_LOOP('',(#2406,#2407,#2408,#2409));
#5814=EDGE_LOOP('',(#2410,#2411,#2412,#2413));
#5815=EDGE_LOOP('',(#2414,#2415,#2416,#2417));
#5816=EDGE_LOOP('',(#2418,#2419,#2420,#2421));
#5817=EDGE_LOOP('',(#2422,#2423,#2424,#2425));
#5818=EDGE_LOOP('',(#2426,#2427,#2428,#2429));
#5819=EDGE_LOOP('',(#2430,#2431,#2432,#2433));
#5820=EDGE_LOOP('',(#2434,#2435,#2436,#2437));
#5821=EDGE_LOOP('',(#2438,#2439,#2440,#2441));
#5822=EDGE_LOOP('',(#2442));
#5823=EDGE_LOOP('',(#2443));
#5824=EDGE_LOOP('',(#2444));
#5825=EDGE_LOOP('',(#2445));
#5826=EDGE_LOOP('',(#2446));
#5827=EDGE_LOOP('',(#2447));
#5828=EDGE_LOOP('',(#2448));
#5829=EDGE_LOOP('',(#2449));
#5830=EDGE_LOOP('',(#2450,#2451,#2452,#2453));
#5831=EDGE_LOOP('',(#2454,#2455,#2456,#2457));
#5832=EDGE_LOOP('',(#2458,#2459,#2460,#2461));
#5833=EDGE_LOOP('',(#2462));
#5834=EDGE_LOOP('',(#2463));
#5835=EDGE_LOOP('',(#2464));
#5836=EDGE_LOOP('',(#2465));
#5837=EDGE_LOOP('',(#2466,#2467,#2468,#2469,#2470,#2471,#2472,#2473));
#5838=EDGE_LOOP('',(#2474,#2475,#2476,#2477,#2478,#2479,#2480,#2481));
#5839=EDGE_LOOP('',(#2482,#2483,#2484,#2485,#2486,#2487,#2488,#2489));
#5840=EDGE_LOOP('',(#2490,#2491,#2492,#2493,#2494,#2495,#2496,#2497));
#5841=EDGE_LOOP('',(#2498,#2499,#2500,#2501));
#5842=EDGE_LOOP('',(#2502));
#5843=EDGE_LOOP('',(#2503));
#5844=EDGE_LOOP('',(#2504));
#5845=EDGE_LOOP('',(#2505));
#5846=EDGE_LOOP('',(#2506,#2507,#2508,#2509,#2510,#2511,#2512,#2513));
#5847=EDGE_LOOP('',(#2514,#2515,#2516,#2517,#2518,#2519,#2520,#2521));
#5848=EDGE_LOOP('',(#2522,#2523,#2524,#2525,#2526,#2527,#2528,#2529));
#5849=EDGE_LOOP('',(#2530,#2531,#2532,#2533,#2534,#2535,#2536,#2537));
#5850=EDGE_LOOP('',(#2538,#2539,#2540,#2541));
#5851=EDGE_LOOP('',(#2542,#2543,#2544,#2545));
#5852=EDGE_LOOP('',(#2546,#2547,#2548,#2549));
#5853=EDGE_LOOP('',(#2550,#2551,#2552,#2553));
#5854=FACE_BOUND('',#5451,.T.);
#5855=FACE_BOUND('',#5452,.T.);
#5856=FACE_BOUND('',#5453,.T.);
#5857=FACE_BOUND('',#5454,.T.);
#5858=FACE_BOUND('',#5455,.T.);
#5859=FACE_BOUND('',#5456,.T.);
#5860=FACE_BOUND('',#5457,.T.);
#5861=FACE_BOUND('',#5458,.T.);
#5862=FACE_BOUND('',#5459,.T.);
#5863=FACE_BOUND('',#5460,.T.);
#5864=FACE_BOUND('',#5461,.T.);
#5865=FACE_BOUND('',#5462,.T.);
#5866=FACE_BOUND('',#5463,.T.);
#5867=FACE_BOUND('',#5464,.T.);
#5868=FACE_BOUND('',#5465,.T.);
#5869=FACE_BOUND('',#5466,.T.);
#5870=FACE_BOUND('',#5467,.T.);
#5871=FACE_BOUND('',#5468,.T.);
#5872=FACE_BOUND('',#5469,.T.);
#5873=FACE_BOUND('',#5470,.T.);
#5874=FACE_BOUND('',#5471,.T.);
#5875=FACE_BOUND('',#5472,.T.);
#5876=FACE_BOUND('',#5473,.T.);
#5877=FACE_BOUND('',#5474,.T.);
#5878=FACE_BOUND('',#5475,.T.);
#5879=FACE_BOUND('',#5476,.T.);
#5880=FACE_BOUND('',#5477,.T.);
#5881=FACE_BOUND('',#5478,.T.);
#5882=FACE_BOUND('',#5479,.T.);
#5883=FACE_BOUND('',#5480,.T.);
#5884=FACE_BOUND('',#5481,.T.);
#5885=FACE_BOUND('',#5482,.T.);
#5886=FACE_BOUND('',#5483,.T.);
#5887=FACE_BOUND('',#5484,.T.);
#5888=FACE_BOUND('',#5485,.T.);
#5889=FACE_BOUND('',#5486,.T.);
#5890=FACE_BOUND('',#5487,.T.);
#5891=FACE_BOUND('',#5488,.T.);
#5892=FACE_BOUND('',#5489,.T.);
#5893=FACE_BOUND('',#5490,.T.);
#5894=FACE_BOUND('',#5491,.T.);
#5895=FACE_BOUND('',#5492,.T.);
#5896=FACE_BOUND('',#5493,.T.);
#5897=FACE_BOUND('',#5494,.T.);
#5898=FACE_BOUND('',#5495,.T.);
#5899=FACE_BOUND('',#5496,.T.);
#5900=FACE_BOUND('',#5497,.T.);
#5901=FACE_BOUND('',#5498,.T.);
#5902=FACE_BOUND('',#5499,.T.);
#5903=FACE_BOUND('',#5500,.T.);
#5904=FACE_BOUND('',#5501,.T.);
#5905=FACE_BOUND('',#5502,.T.);
#5906=FACE_BOUND('',#5503,.T.);
#5907=FACE_BOUND('',#5504,.T.);
#5908=FACE_BOUND('',#5505,.T.);
#5909=FACE_BOUND('',#5506,.T.);
#5910=FACE_BOUND('',#5507,.T.);
#5911=FACE_BOUND('',#5508,.T.);
#5912=FACE_BOUND('',#5509,.T.);
#5913=FACE_BOUND('',#5510,.T.);
#5914=FACE_BOUND('',#5511,.T.);
#5915=FACE_BOUND('',#5512,.T.);
#5916=FACE_BOUND('',#5513,.T.);
#5917=FACE_BOUND('',#5514,.T.);
#5918=FACE_BOUND('',#5515,.T.);
#5919=FACE_BOUND('',#5516,.T.);
#5920=FACE_BOUND('',#5517,.T.);
#5921=FACE_BOUND('',#5518,.T.);
#5922=FACE_BOUND('',#5519,.T.);
#5923=FACE_BOUND('',#5520,.T.);
#5924=FACE_BOUND('',#5521,.T.);
#5925=FACE_BOUND('',#5522,.T.);
#5926=FACE_BOUND('',#5523,.T.);
#5927=FACE_BOUND('',#5524,.T.);
#5928=FACE_BOUND('',#5525,.T.);
#5929=FACE_BOUND('',#5526,.T.);
#5930=FACE_BOUND('',#5527,.T.);
#5931=FACE_BOUND('',#5528,.T.);
#5932=FACE_BOUND('',#5529,.T.);
#5933=FACE_BOUND('',#5530,.T.);
#5934=FACE_BOUND('',#5531,.T.);
#5935=FACE_BOUND('',#5532,.T.);
#5936=FACE_BOUND('',#5533,.T.);
#5937=FACE_BOUND('',#5534,.T.);
#5938=FACE_BOUND('',#5535,.T.);
#5939=FACE_BOUND('',#5536,.T.);
#5940=FACE_BOUND('',#5537,.T.);
#5941=FACE_BOUND('',#5538,.T.);
#5942=FACE_BOUND('',#5539,.T.);
#5943=FACE_BOUND('',#5540,.T.);
#5944=FACE_BOUND('',#5541,.T.);
#5945=FACE_BOUND('',#5542,.T.);
#5946=FACE_BOUND('',#5543,.T.);
#5947=FACE_BOUND('',#5544,.T.);
#5948=FACE_BOUND('',#5545,.T.);
#5949=FACE_BOUND('',#5546,.T.);
#5950=FACE_BOUND('',#5547,.T.);
#5951=FACE_BOUND('',#5548,.T.);
#5952=FACE_BOUND('',#5549,.T.);
#5953=FACE_BOUND('',#5550,.T.);
#5954=FACE_BOUND('',#5551,.T.);
#5955=FACE_BOUND('',#5552,.T.);
#5956=FACE_BOUND('',#5553,.T.);
#5957=FACE_BOUND('',#5554,.T.);
#5958=FACE_BOUND('',#5555,.T.);
#5959=FACE_BOUND('',#5556,.T.);
#5960=FACE_BOUND('',#5557,.T.);
#5961=FACE_BOUND('',#5558,.T.);
#5962=FACE_BOUND('',#5559,.T.);
#5963=FACE_BOUND('',#5560,.T.);
#5964=FACE_BOUND('',#5561,.T.);
#5965=FACE_BOUND('',#5562,.T.);
#5966=FACE_BOUND('',#5563,.T.);
#5967=FACE_BOUND('',#5564,.T.);
#5968=FACE_BOUND('',#5565,.T.);
#5969=FACE_BOUND('',#5566,.T.);
#5970=FACE_BOUND('',#5567,.T.);
#5971=FACE_BOUND('',#5568,.T.);
#5972=FACE_BOUND('',#5569,.T.);
#5973=FACE_BOUND('',#5570,.T.);
#5974=FACE_BOUND('',#5571,.T.);
#5975=FACE_BOUND('',#5572,.T.);
#5976=FACE_BOUND('',#5573,.T.);
#5977=FACE_BOUND('',#5574,.T.);
#5978=FACE_BOUND('',#5575,.T.);
#5979=FACE_BOUND('',#5576,.T.);
#5980=FACE_BOUND('',#5577,.T.);
#5981=FACE_BOUND('',#5578,.T.);
#5982=FACE_BOUND('',#5579,.T.);
#5983=FACE_BOUND('',#5580,.T.);
#5984=FACE_BOUND('',#5581,.T.);
#5985=FACE_BOUND('',#5582,.T.);
#5986=FACE_BOUND('',#5583,.T.);
#5987=FACE_BOUND('',#5584,.T.);
#5988=FACE_BOUND('',#5585,.T.);
#5989=FACE_BOUND('',#5586,.T.);
#5990=FACE_BOUND('',#5587,.T.);
#5991=FACE_BOUND('',#5588,.T.);
#5992=FACE_BOUND('',#5589,.T.);
#5993=FACE_BOUND('',#5590,.T.);
#5994=FACE_BOUND('',#5591,.T.);
#5995=FACE_BOUND('',#5592,.T.);
#5996=FACE_BOUND('',#5593,.T.);
#5997=FACE_BOUND('',#5594,.T.);
#5998=FACE_BOUND('',#5595,.T.);
#5999=FACE_BOUND('',#5596,.T.);
#6000=FACE_BOUND('',#5597,.T.);
#6001=FACE_BOUND('',#5598,.T.);
#6002=FACE_BOUND('',#5599,.T.);
#6003=FACE_BOUND('',#5600,.T.);
#6004=FACE_BOUND('',#5601,.T.);
#6005=FACE_BOUND('',#5602,.T.);
#6006=FACE_BOUND('',#5603,.T.);
#6007=FACE_BOUND('',#5604,.T.);
#6008=FACE_BOUND('',#5605,.T.);
#6009=FACE_BOUND('',#5606,.T.);
#6010=FACE_BOUND('',#5607,.T.);
#6011=FACE_BOUND('',#5608,.T.);
#6012=FACE_BOUND('',#5609,.T.);
#6013=FACE_BOUND('',#5610,.T.);
#6014=FACE_BOUND('',#5611,.T.);
#6015=FACE_BOUND('',#5612,.T.);
#6016=FACE_BOUND('',#5613,.T.);
#6017=FACE_BOUND('',#5614,.T.);
#6018=FACE_BOUND('',#5615,.T.);
#6019=FACE_BOUND('',#5616,.T.);
#6020=FACE_BOUND('',#5617,.T.);
#6021=FACE_BOUND('',#5618,.T.);
#6022=FACE_BOUND('',#5619,.T.);
#6023=FACE_BOUND('',#5620,.T.);
#6024=FACE_BOUND('',#5621,.T.);
#6025=FACE_BOUND('',#5622,.T.);
#6026=FACE_BOUND('',#5623,.T.);
#6027=FACE_BOUND('',#5624,.T.);
#6028=FACE_BOUND('',#5625,.T.);
#6029=FACE_BOUND('',#5626,.T.);
#6030=FACE_BOUND('',#5627,.T.);
#6031=FACE_BOUND('',#5628,.T.);
#6032=FACE_BOUND('',#5629,.T.);
#6033=FACE_BOUND('',#5630,.T.);
#6034=FACE_BOUND('',#5631,.T.);
#6035=FACE_BOUND('',#5632,.T.);
#6036=FACE_BOUND('',#5633,.T.);
#6037=FACE_BOUND('',#5634,.T.);
#6038=FACE_BOUND('',#5635,.T.);
#6039=FACE_BOUND('',#5636,.T.);
#6040=FACE_BOUND('',#5637,.T.);
#6041=FACE_BOUND('',#5638,.T.);
#6042=FACE_BOUND('',#5639,.T.);
#6043=FACE_BOUND('',#5640,.T.);
#6044=FACE_BOUND('',#5641,.T.);
#6045=FACE_BOUND('',#5642,.T.);
#6046=FACE_BOUND('',#5643,.T.);
#6047=FACE_BOUND('',#5644,.T.);
#6048=FACE_BOUND('',#5645,.T.);
#6049=FACE_BOUND('',#5646,.T.);
#6050=FACE_BOUND('',#5647,.T.);
#6051=FACE_BOUND('',#5648,.T.);
#6052=FACE_BOUND('',#5649,.T.);
#6053=FACE_BOUND('',#5650,.T.);
#6054=FACE_BOUND('',#5651,.T.);
#6055=FACE_BOUND('',#5652,.T.);
#6056=FACE_BOUND('',#5653,.T.);
#6057=FACE_BOUND('',#5654,.T.);
#6058=FACE_BOUND('',#5655,.T.);
#6059=FACE_BOUND('',#5656,.T.);
#6060=FACE_BOUND('',#5657,.T.);
#6061=FACE_BOUND('',#5658,.T.);
#6062=FACE_BOUND('',#5659,.T.);
#6063=FACE_BOUND('',#5660,.T.);
#6064=FACE_BOUND('',#5661,.T.);
#6065=FACE_BOUND('',#5662,.T.);
#6066=FACE_BOUND('',#5663,.T.);
#6067=FACE_BOUND('',#5664,.T.);
#6068=FACE_BOUND('',#5665,.T.);
#6069=FACE_BOUND('',#5666,.T.);
#6070=FACE_BOUND('',#5667,.T.);
#6071=FACE_BOUND('',#5668,.T.);
#6072=FACE_BOUND('',#5669,.T.);
#6073=FACE_BOUND('',#5670,.T.);
#6074=FACE_BOUND('',#5671,.T.);
#6075=FACE_BOUND('',#5672,.T.);
#6076=FACE_BOUND('',#5673,.T.);
#6077=FACE_BOUND('',#5674,.T.);
#6078=FACE_BOUND('',#5675,.T.);
#6079=FACE_BOUND('',#5676,.T.);
#6080=FACE_BOUND('',#5677,.T.);
#6081=FACE_BOUND('',#5678,.T.);
#6082=FACE_BOUND('',#5679,.T.);
#6083=FACE_BOUND('',#5680,.T.);
#6084=FACE_BOUND('',#5681,.T.);
#6085=FACE_BOUND('',#5682,.T.);
#6086=FACE_BOUND('',#5683,.T.);
#6087=FACE_BOUND('',#5684,.T.);
#6088=FACE_BOUND('',#5685,.T.);
#6089=FACE_BOUND('',#5686,.T.);
#6090=FACE_BOUND('',#5687,.T.);
#6091=FACE_BOUND('',#5688,.T.);
#6092=FACE_BOUND('',#5689,.T.);
#6093=FACE_BOUND('',#5690,.T.);
#6094=FACE_BOUND('',#5691,.T.);
#6095=FACE_BOUND('',#5692,.T.);
#6096=FACE_BOUND('',#5693,.T.);
#6097=FACE_BOUND('',#5694,.T.);
#6098=FACE_BOUND('',#5695,.T.);
#6099=FACE_BOUND('',#5696,.T.);
#6100=FACE_BOUND('',#5697,.T.);
#6101=FACE_BOUND('',#5698,.T.);
#6102=FACE_BOUND('',#5699,.T.);
#6103=FACE_BOUND('',#5700,.T.);
#6104=FACE_BOUND('',#5701,.T.);
#6105=FACE_BOUND('',#5702,.T.);
#6106=FACE_BOUND('',#5703,.T.);
#6107=FACE_BOUND('',#5704,.T.);
#6108=FACE_BOUND('',#5705,.T.);
#6109=FACE_BOUND('',#5706,.T.);
#6110=FACE_BOUND('',#5707,.T.);
#6111=FACE_BOUND('',#5708,.T.);
#6112=FACE_BOUND('',#5709,.T.);
#6113=FACE_BOUND('',#5710,.T.);
#6114=FACE_BOUND('',#5711,.T.);
#6115=FACE_BOUND('',#5712,.T.);
#6116=FACE_BOUND('',#5713,.T.);
#6117=FACE_BOUND('',#5714,.T.);
#6118=FACE_BOUND('',#5715,.T.);
#6119=FACE_BOUND('',#5716,.T.);
#6120=FACE_BOUND('',#5717,.T.);
#6121=FACE_BOUND('',#5718,.T.);
#6122=FACE_BOUND('',#5719,.T.);
#6123=FACE_BOUND('',#5720,.T.);
#6124=FACE_BOUND('',#5721,.T.);
#6125=FACE_BOUND('',#5722,.T.);
#6126=FACE_BOUND('',#5723,.T.);
#6127=FACE_BOUND('',#5724,.T.);
#6128=FACE_BOUND('',#5725,.T.);
#6129=FACE_BOUND('',#5726,.T.);
#6130=FACE_BOUND('',#5727,.T.);
#6131=FACE_BOUND('',#5728,.T.);
#6132=FACE_BOUND('',#5729,.T.);
#6133=FACE_BOUND('',#5730,.T.);
#6134=FACE_BOUND('',#5731,.T.);
#6135=FACE_BOUND('',#5732,.T.);
#6136=FACE_BOUND('',#5733,.T.);
#6137=FACE_BOUND('',#5734,.T.);
#6138=FACE_BOUND('',#5735,.T.);
#6139=FACE_BOUND('',#5736,.T.);
#6140=FACE_BOUND('',#5737,.T.);
#6141=FACE_BOUND('',#5738,.T.);
#6142=FACE_BOUND('',#5739,.T.);
#6143=FACE_BOUND('',#5740,.T.);
#6144=FACE_BOUND('',#5741,.T.);
#6145=FACE_BOUND('',#5742,.T.);
#6146=FACE_BOUND('',#5743,.T.);
#6147=FACE_BOUND('',#5744,.T.);
#6148=FACE_BOUND('',#5745,.T.);
#6149=FACE_BOUND('',#5746,.T.);
#6150=FACE_BOUND('',#5747,.T.);
#6151=FACE_BOUND('',#5748,.T.);
#6152=FACE_BOUND('',#5749,.T.);
#6153=FACE_BOUND('',#5750,.T.);
#6154=FACE_BOUND('',#5751,.T.);
#6155=FACE_BOUND('',#5752,.T.);
#6156=FACE_BOUND('',#5753,.T.);
#6157=FACE_BOUND('',#5754,.T.);
#6158=FACE_BOUND('',#5755,.T.);
#6159=FACE_BOUND('',#5756,.T.);
#6160=FACE_BOUND('',#5757,.T.);
#6161=FACE_BOUND('',#5758,.T.);
#6162=FACE_BOUND('',#5759,.T.);
#6163=FACE_BOUND('',#5760,.T.);
#6164=FACE_BOUND('',#5761,.T.);
#6165=FACE_BOUND('',#5762,.T.);
#6166=FACE_BOUND('',#5763,.T.);
#6167=FACE_BOUND('',#5764,.T.);
#6168=FACE_BOUND('',#5765,.T.);
#6169=FACE_BOUND('',#5766,.T.);
#6170=FACE_BOUND('',#5767,.T.);
#6171=FACE_BOUND('',#5768,.T.);
#6172=FACE_BOUND('',#5769,.T.);
#6173=FACE_BOUND('',#5770,.T.);
#6174=FACE_BOUND('',#5771,.T.);
#6175=FACE_BOUND('',#5772,.T.);
#6176=FACE_BOUND('',#5773,.T.);
#6177=FACE_BOUND('',#5774,.T.);
#6178=FACE_BOUND('',#5775,.T.);
#6179=FACE_BOUND('',#5776,.T.);
#6180=FACE_BOUND('',#5777,.T.);
#6181=FACE_BOUND('',#5778,.T.);
#6182=FACE_BOUND('',#5779,.T.);
#6183=FACE_BOUND('',#5780,.T.);
#6184=FACE_BOUND('',#5781,.T.);
#6185=FACE_BOUND('',#5782,.T.);
#6186=FACE_BOUND('',#5783,.T.);
#6187=FACE_BOUND('',#5784,.T.);
#6188=FACE_BOUND('',#5785,.T.);
#6189=FACE_BOUND('',#5786,.T.);
#6190=FACE_BOUND('',#5787,.T.);
#6191=FACE_BOUND('',#5788,.T.);
#6192=FACE_BOUND('',#5789,.T.);
#6193=FACE_BOUND('',#5790,.T.);
#6194=FACE_BOUND('',#5791,.T.);
#6195=FACE_BOUND('',#5792,.T.);
#6196=FACE_BOUND('',#5793,.T.);
#6197=FACE_BOUND('',#5794,.T.);
#6198=FACE_BOUND('',#5795,.T.);
#6199=FACE_BOUND('',#5796,.T.);
#6200=FACE_BOUND('',#5797,.T.);
#6201=FACE_BOUND('',#5798,.T.);
#6202=FACE_BOUND('',#5799,.T.);
#6203=FACE_BOUND('',#5800,.T.);
#6204=FACE_BOUND('',#5801,.T.);
#6205=FACE_BOUND('',#5802,.T.);
#6206=FACE_BOUND('',#5803,.T.);
#6207=FACE_BOUND('',#5804,.T.);
#6208=FACE_BOUND('',#5805,.T.);
#6209=FACE_BOUND('',#5806,.T.);
#6210=FACE_BOUND('',#5807,.T.);
#6211=FACE_BOUND('',#5808,.T.);
#6212=FACE_BOUND('',#5809,.T.);
#6213=FACE_BOUND('',#5810,.T.);
#6214=FACE_BOUND('',#5811,.T.);
#6215=FACE_BOUND('',#5812,.T.);
#6216=FACE_BOUND('',#5813,.T.);
#6217=FACE_BOUND('',#5814,.T.);
#6218=FACE_BOUND('',#5815,.T.);
#6219=FACE_BOUND('',#5816,.T.);
#6220=FACE_BOUND('',#5817,.T.);
#6221=FACE_BOUND('',#5818,.T.);
#6222=FACE_BOUND('',#5819,.T.);
#6223=FACE_BOUND('',#5820,.T.);
#6224=FACE_BOUND('',#5821,.T.);
#6225=FACE_BOUND('',#5822,.T.);
#6226=FACE_BOUND('',#5823,.T.);
#6227=FACE_BOUND('',#5824,.T.);
#6228=FACE_BOUND('',#5825,.T.);
#6229=FACE_BOUND('',#5826,.T.);
#6230=FACE_BOUND('',#5827,.T.);
#6231=FACE_BOUND('',#5828,.T.);
#6232=FACE_BOUND('',#5829,.T.);
#6233=FACE_BOUND('',#5830,.T.);
#6234=FACE_BOUND('',#5831,.T.);
#6235=FACE_BOUND('',#5832,.T.);
#6236=FACE_BOUND('',#5833,.T.);
#6237=FACE_BOUND('',#5834,.T.);
#6238=FACE_BOUND('',#5835,.T.);
#6239=FACE_BOUND('',#5836,.T.);
#6240=FACE_BOUND('',#5837,.T.);
#6241=FACE_BOUND('',#5838,.T.);
#6242=FACE_BOUND('',#5839,.T.);
#6243=FACE_BOUND('',#5840,.T.);
#6244=FACE_BOUND('',#5841,.T.);
#6245=FACE_BOUND('',#5842,.T.);
#6246=FACE_BOUND('',#5843,.T.);
#6247=FACE_BOUND('',#5844,.T.);
#6248=FACE_BOUND('',#5845,.T.);
#6249=FACE_BOUND('',#5846,.T.);
#6250=FACE_BOUND('',#5847,.T.);
#6251=FACE_BOUND('',#5848,.T.);
#6252=FACE_BOUND('',#5849,.T.);
#6253=FACE_BOUND('',#5850,.T.);
#6254=FACE_BOUND('',#5851,.T.);
#6255=FACE_BOUND('',#5852,.T.);
#6256=FACE_BOUND('',#5853,.T.);
#6257=PLANE('',#6812);
#6258=PLANE('',#6839);
#6259=PLANE('',#6840);
#6260=PLANE('',#6841);
#6261=PLANE('',#6842);
#6262=PLANE('',#6855);
#6263=PLANE('',#6860);
#6264=PLANE('',#6861);
#6265=PLANE('',#6862);
#6266=PLANE('',#6863);
#6267=PLANE('',#6864);
#6268=PLANE('',#6869);
#6269=PLANE('',#6870);
#6270=PLANE('',#6871);
#6271=PLANE('',#6872);
#6272=PLANE('',#6873);
#6273=PLANE('',#6875);
#6274=PLANE('',#6877);
#6275=PLANE('',#6879);
#6276=PLANE('',#6880);
#6277=PLANE('',#6882);
#6278=PLANE('',#6885);
#6279=PLANE('',#6887);
#6280=PLANE('',#6888);
#6281=PLANE('',#6889);
#6282=PLANE('',#6890);
#6283=PLANE('',#6891);
#6284=PLANE('',#6892);
#6285=PLANE('',#6893);
#6286=PLANE('',#6894);
#6287=PLANE('',#6895);
#6288=PLANE('',#6896);
#6289=PLANE('',#6897);
#6290=PLANE('',#6900);
#6291=PLANE('',#6909);
#6292=PLANE('',#6910);
#6293=PLANE('',#6911);
#6294=PLANE('',#6912);
#6295=PLANE('',#6913);
#6296=PLANE('',#6914);
#6297=PLANE('',#6915);
#6298=PLANE('',#6916);
#6299=PLANE('',#6917);
#6300=PLANE('',#6918);
#6301=PLANE('',#6919);
#6302=PLANE('',#6920);
#6303=PLANE('',#6921);
#6304=PLANE('',#6922);
#6305=PLANE('',#6923);
#6306=PLANE('',#6924);
#6307=PLANE('',#6925);
#6308=PLANE('',#6926);
#6309=PLANE('',#6927);
#6310=PLANE('',#6928);
#6311=PLANE('',#6929);
#6312=PLANE('',#6930);
#6313=PLANE('',#6931);
#6314=PLANE('',#6932);
#6315=PLANE('',#6933);
#6316=PLANE('',#6934);
#6317=PLANE('',#6935);
#6318=PLANE('',#6936);
#6319=PLANE('',#6937);
#6320=PLANE('',#6938);
#6321=PLANE('',#6939);
#6322=PLANE('',#6940);
#6323=PLANE('',#6941);
#6324=PLANE('',#6942);
#6325=PLANE('',#6943);
#6326=PLANE('',#6944);
#6327=PLANE('',#6945);
#6328=PLANE('',#6946);
#6329=PLANE('',#6947);
#6330=PLANE('',#6948);
#6331=PLANE('',#6949);
#6332=PLANE('',#6952);
#6333=PLANE('',#6953);
#6334=PLANE('',#6954);
#6335=PLANE('',#6955);
#6336=PLANE('',#6956);
#6337=PLANE('',#6957);
#6338=PLANE('',#6958);
#6339=PLANE('',#6959);
#6340=PLANE('',#6960);
#6341=PLANE('',#6961);
#6342=PLANE('',#6962);
#6343=PLANE('',#6963);
#6344=PLANE('',#6964);
#6345=PLANE('',#6965);
#6346=PLANE('',#6966);
#6347=PLANE('',#6967);
#6348=PLANE('',#6968);
#6349=PLANE('',#6969);
#6350=PLANE('',#6970);
#6351=PLANE('',#6971);
#6352=PLANE('',#6978);
#6353=PLANE('',#6989);
#6354=PLANE('',#6992);
#6355=PLANE('',#6999);
#6356=PLANE('',#7000);
#6357=PLANE('',#7001);
#6358=PLANE('',#7002);
#6359=PLANE('',#7003);
#6360=PLANE('',#7004);
#6361=PLANE('',#7007);
#6362=PLANE('',#7008);
#6363=PLANE('',#7009);
#6364=PLANE('',#7010);
#6365=PLANE('',#7011);
#6366=PLANE('',#7012);
#6367=PLANE('',#7013);
#6368=PLANE('',#7014);
#6369=PLANE('',#7015);
#6370=PLANE('',#7016);
#6371=PLANE('',#7017);
#6372=PLANE('',#7018);
#6373=PLANE('',#7021);
#6374=PLANE('',#7022);
#6375=PLANE('',#7023);
#6376=PLANE('',#7024);
#6377=PLANE('',#7025);
#6378=PLANE('',#7026);
#6379=PLANE('',#7027);
#6380=PLANE('',#7028);
#6381=PLANE('',#7029);
#6382=PLANE('',#7030);
#6383=PLANE('',#7031);
#6384=PLANE('',#7032);
#6385=PLANE('',#7037);
#6386=PLANE('',#7040);
#6387=PLANE('',#7041);
#6388=PLANE('',#7042);
#6389=PLANE('',#7045);
#6390=PLANE('',#7048);
#6391=PLANE('',#7049);
#6392=PLANE('',#7050);
#6393=PLANE('',#7051);
#6394=PLANE('',#7052);
#6395=PLANE('',#7053);
#6396=PLANE('',#7054);
#6397=PLANE('',#7057);
#6398=PLANE('',#7060);
#6399=PLANE('',#7062);
#6400=PLANE('',#7064);
#6401=PLANE('',#7066);
#6402=PLANE('',#7067);
#6403=PLANE('',#7069);
#6404=PLANE('',#7070);
#6405=PLANE('',#7071);
#6406=PLANE('',#7072);
#6407=PLANE('',#7073);
#6408=PLANE('',#7074);
#6409=PLANE('',#7075);
#6410=PLANE('',#7084);
#6411=PLANE('',#7088);
#6412=PLANE('',#7092);
#6413=PLANE('',#7099);
#6414=PLANE('',#7103);
#6415=PLANE('',#7107);
#6416=PLANE('',#7114);
#6417=PLANE('',#7118);
#6418=PLANE('',#7122);
#6419=PLANE('',#7126);
#6420=PLANE('',#7127);
#6421=PLANE('',#7128);
#6422=PLANE('',#7129);
#6423=PLANE('',#7130);
#6424=PLANE('',#7131);
#6425=PLANE('',#7132);
#6426=PLANE('',#7133);
#6427=PLANE('',#7134);
#6428=PLANE('',#7147);
#6429=PLANE('',#7148);
#6430=PLANE('',#7149);
#6431=PLANE('',#7154);
#6432=ADVANCED_FACE('',(#5854,#5855,#5856,#5857,#5858,#5859,#5860,#5861,
#5862,#5863,#5864,#5865,#5866,#5867),#6257,.T.);
#6433=ADVANCED_FACE('',(#5868),#6258,.T.);
#6434=ADVANCED_FACE('',(#5869),#6259,.T.);
#6435=ADVANCED_FACE('',(#5870),#6260,.F.);
#6436=ADVANCED_FACE('',(#5871),#6261,.F.);
#6437=ADVANCED_FACE('',(#5872,#5873),#147,.F.);
#6438=ADVANCED_FACE('',(#5874,#5875),#148,.F.);
#6439=ADVANCED_FACE('',(#5876,#5877),#149,.F.);
#6440=ADVANCED_FACE('',(#5878,#5879),#150,.F.);
#6441=ADVANCED_FACE('',(#5880,#5881,#5882,#5883,#5884),#6262,.F.);
#6442=ADVANCED_FACE('',(#5885),#6263,.T.);
#6443=ADVANCED_FACE('',(#5886),#6264,.F.);
#6444=ADVANCED_FACE('',(#5887),#6265,.F.);
#6445=ADVANCED_FACE('',(#5888),#6266,.T.);
#6446=ADVANCED_FACE('',(#5889,#5890,#5891,#5892,#5893),#6267,.T.);
#6447=ADVANCED_FACE('',(#5894),#6268,.T.);
#6448=ADVANCED_FACE('',(#5895),#6269,.F.);
#6449=ADVANCED_FACE('',(#5896),#6270,.T.);
#6450=ADVANCED_FACE('',(#5897),#24,.T.);
#6451=ADVANCED_FACE('',(#5898),#25,.T.);
#6452=ADVANCED_FACE('',(#5899),#26,.T.);
#6453=ADVANCED_FACE('',(#5900),#27,.T.);
#6454=ADVANCED_FACE('',(#5901),#28,.T.);
#6455=ADVANCED_FACE('',(#5902),#29,.T.);
#6456=ADVANCED_FACE('',(#5903),#30,.T.);
#6457=ADVANCED_FACE('',(#5904),#6271,.T.);
#6458=ADVANCED_FACE('',(#5905),#31,.T.);
#6459=ADVANCED_FACE('',(#5906),#32,.T.);
#6460=ADVANCED_FACE('',(#5907),#6272,.T.);
#6461=ADVANCED_FACE('',(#5908),#6273,.T.);
#6462=ADVANCED_FACE('',(#5909),#6274,.T.);
#6463=ADVANCED_FACE('',(#5910),#6275,.T.);
#6464=ADVANCED_FACE('',(#5911),#6276,.T.);
#6465=ADVANCED_FACE('',(#5912),#6277,.T.);
#6466=ADVANCED_FACE('',(#5913),#151,.F.);
#6467=ADVANCED_FACE('',(#5914),#6278,.T.);
#6468=ADVANCED_FACE('',(#5915),#33,.T.);
#6469=ADVANCED_FACE('',(#5916),#34,.T.);
#6470=ADVANCED_FACE('',(#5917),#35,.T.);
#6471=ADVANCED_FACE('',(#5918),#36,.T.);
#6472=ADVANCED_FACE('',(#5919),#37,.T.);
#6473=ADVANCED_FACE('',(#5920,#5921),#6279,.T.);
#6474=ADVANCED_FACE('',(#5922),#6280,.T.);
#6475=ADVANCED_FACE('',(#5923),#6281,.T.);
#6476=ADVANCED_FACE('',(#5924),#38,.T.);
#6477=ADVANCED_FACE('',(#5925),#39,.T.);
#6478=ADVANCED_FACE('',(#5926),#40,.T.);
#6479=ADVANCED_FACE('',(#5927),#41,.T.);
#6480=ADVANCED_FACE('',(#5928),#6282,.T.);
#6481=ADVANCED_FACE('',(#5929),#6283,.T.);
#6482=ADVANCED_FACE('',(#5930),#6284,.T.);
#6483=ADVANCED_FACE('',(#5931),#42,.T.);
#6484=ADVANCED_FACE('',(#5932),#43,.T.);
#6485=ADVANCED_FACE('',(#5933),#44,.T.);
#6486=ADVANCED_FACE('',(#5934),#6285,.T.);
#6487=ADVANCED_FACE('',(#5935),#45,.T.);
#6488=ADVANCED_FACE('',(#5936),#46,.T.);
#6489=ADVANCED_FACE('',(#5937),#6286,.T.);
#6490=ADVANCED_FACE('',(#5938),#6287,.T.);
#6491=ADVANCED_FACE('',(#5939),#47,.T.);
#6492=ADVANCED_FACE('',(#5940),#48,.T.);
#6493=ADVANCED_FACE('',(#5941),#49,.T.);
#6494=ADVANCED_FACE('',(#5942),#50,.T.);
#6495=ADVANCED_FACE('',(#5943),#51,.T.);
#6496=ADVANCED_FACE('',(#5944),#52,.T.);
#6497=ADVANCED_FACE('',(#5945),#6288,.T.);
#6498=ADVANCED_FACE('',(#5946),#53,.T.);
#6499=ADVANCED_FACE('',(#5947,#5948),#6289,.T.);
#6500=ADVANCED_FACE('',(#5949),#54,.T.);
#6501=ADVANCED_FACE('',(#5950),#55,.T.);
#6502=ADVANCED_FACE('',(#5951),#152,.F.);
#6503=ADVANCED_FACE('',(#5952),#6290,.T.);
#6504=ADVANCED_FACE('',(#5953),#153,.T.);
#6505=ADVANCED_FACE('',(#5954),#154,.T.);
#6506=ADVANCED_FACE('',(#5955),#56,.T.);
#6507=ADVANCED_FACE('',(#5956),#57,.T.);
#6508=ADVANCED_FACE('',(#5957),#155,.T.);
#6509=ADVANCED_FACE('',(#5958),#156,.T.);
#6510=ADVANCED_FACE('',(#5959),#6291,.T.);
#6511=ADVANCED_FACE('',(#5960),#58,.T.);
#6512=ADVANCED_FACE('',(#5961),#59,.T.);
#6513=ADVANCED_FACE('',(#5962),#60,.T.);
#6514=ADVANCED_FACE('',(#5963),#6292,.T.);
#6515=ADVANCED_FACE('',(#5964),#6293,.T.);
#6516=ADVANCED_FACE('',(#5965),#6294,.T.);
#6517=ADVANCED_FACE('',(#5966),#6295,.T.);
#6518=ADVANCED_FACE('',(#5967),#6296,.T.);
#6519=ADVANCED_FACE('',(#5968),#6297,.T.);
#6520=ADVANCED_FACE('',(#5969),#6298,.T.);
#6521=ADVANCED_FACE('',(#5970),#6299,.T.);
#6522=ADVANCED_FACE('',(#5971),#6300,.T.);
#6523=ADVANCED_FACE('',(#5972),#6301,.T.);
#6524=ADVANCED_FACE('',(#5973),#6302,.T.);
#6525=ADVANCED_FACE('',(#5974),#6303,.T.);
#6526=ADVANCED_FACE('',(#5975),#6304,.T.);
#6527=ADVANCED_FACE('',(#5976),#6305,.T.);
#6528=ADVANCED_FACE('',(#5977),#6306,.T.);
#6529=ADVANCED_FACE('',(#5978),#6307,.T.);
#6530=ADVANCED_FACE('',(#5979),#6308,.T.);
#6531=ADVANCED_FACE('',(#5980),#6309,.T.);
#6532=ADVANCED_FACE('',(#5981),#6310,.T.);
#6533=ADVANCED_FACE('',(#5982),#61,.T.);
#6534=ADVANCED_FACE('',(#5983),#62,.T.);
#6535=ADVANCED_FACE('',(#5984),#63,.T.);
#6536=ADVANCED_FACE('',(#5985),#64,.T.);
#6537=ADVANCED_FACE('',(#5986),#6311,.T.);
#6538=ADVANCED_FACE('',(#5987),#6312,.T.);
#6539=ADVANCED_FACE('',(#5988),#6313,.T.);
#6540=ADVANCED_FACE('',(#5989),#65,.T.);
#6541=ADVANCED_FACE('',(#5990),#66,.T.);
#6542=ADVANCED_FACE('',(#5991),#67,.T.);
#6543=ADVANCED_FACE('',(#5992),#6314,.T.);
#6544=ADVANCED_FACE('',(#5993),#68,.T.);
#6545=ADVANCED_FACE('',(#5994),#69,.T.);
#6546=ADVANCED_FACE('',(#5995),#6315,.T.);
#6547=ADVANCED_FACE('',(#5996),#6316,.T.);
#6548=ADVANCED_FACE('',(#5997),#70,.T.);
#6549=ADVANCED_FACE('',(#5998),#71,.T.);
#6550=ADVANCED_FACE('',(#5999),#72,.T.);
#6551=ADVANCED_FACE('',(#6000),#73,.T.);
#6552=ADVANCED_FACE('',(#6001),#74,.T.);
#6553=ADVANCED_FACE('',(#6002),#75,.T.);
#6554=ADVANCED_FACE('',(#6003),#6317,.T.);
#6555=ADVANCED_FACE('',(#6004),#76,.T.);
#6556=ADVANCED_FACE('',(#6005,#6006),#6318,.T.);
#6557=ADVANCED_FACE('',(#6007),#77,.T.);
#6558=ADVANCED_FACE('',(#6008),#78,.T.);
#6559=ADVANCED_FACE('',(#6009),#79,.T.);
#6560=ADVANCED_FACE('',(#6010),#80,.T.);
#6561=ADVANCED_FACE('',(#6011),#81,.T.);
#6562=ADVANCED_FACE('',(#6012),#82,.T.);
#6563=ADVANCED_FACE('',(#6013),#6319,.T.);
#6564=ADVANCED_FACE('',(#6014),#83,.T.);
#6565=ADVANCED_FACE('',(#6015),#84,.T.);
#6566=ADVANCED_FACE('',(#6016),#85,.T.);
#6567=ADVANCED_FACE('',(#6017),#86,.T.);
#6568=ADVANCED_FACE('',(#6018),#87,.T.);
#6569=ADVANCED_FACE('',(#6019),#88,.T.);
#6570=ADVANCED_FACE('',(#6020),#89,.T.);
#6571=ADVANCED_FACE('',(#6021),#6320,.T.);
#6572=ADVANCED_FACE('',(#6022),#6321,.T.);
#6573=ADVANCED_FACE('',(#6023),#6322,.T.);
#6574=ADVANCED_FACE('',(#6024),#6323,.T.);
#6575=ADVANCED_FACE('',(#6025),#6324,.T.);
#6576=ADVANCED_FACE('',(#6026),#6325,.T.);
#6577=ADVANCED_FACE('',(#6027),#90,.T.);
#6578=ADVANCED_FACE('',(#6028),#6326,.T.);
#6579=ADVANCED_FACE('',(#6029),#91,.T.);
#6580=ADVANCED_FACE('',(#6030,#6031),#6327,.T.);
#6581=ADVANCED_FACE('',(#6032),#6328,.T.);
#6582=ADVANCED_FACE('',(#6033),#6329,.T.);
#6583=ADVANCED_FACE('',(#6034),#92,.T.);
#6584=ADVANCED_FACE('',(#6035),#93,.T.);
#6585=ADVANCED_FACE('',(#6036),#94,.T.);
#6586=ADVANCED_FACE('',(#6037),#6330,.T.);
#6587=ADVANCED_FACE('',(#6038),#6331,.T.);
#6588=ADVANCED_FACE('',(#6039),#157,.F.);
#6589=ADVANCED_FACE('',(#6040),#6332,.T.);
#6590=ADVANCED_FACE('',(#6041),#6333,.T.);
#6591=ADVANCED_FACE('',(#6042),#6334,.T.);
#6592=ADVANCED_FACE('',(#6043),#6335,.T.);
#6593=ADVANCED_FACE('',(#6044),#6336,.T.);
#6594=ADVANCED_FACE('',(#6045),#95,.T.);
#6595=ADVANCED_FACE('',(#6046),#96,.T.);
#6596=ADVANCED_FACE('',(#6047),#97,.T.);
#6597=ADVANCED_FACE('',(#6048),#6337,.T.);
#6598=ADVANCED_FACE('',(#6049),#6338,.T.);
#6599=ADVANCED_FACE('',(#6050),#98,.T.);
#6600=ADVANCED_FACE('',(#6051),#99,.T.);
#6601=ADVANCED_FACE('',(#6052),#100,.T.);
#6602=ADVANCED_FACE('',(#6053),#6339,.T.);
#6603=ADVANCED_FACE('',(#6054),#6340,.T.);
#6604=ADVANCED_FACE('',(#6055),#6341,.T.);
#6605=ADVANCED_FACE('',(#6056),#6342,.T.);
#6606=ADVANCED_FACE('',(#6057),#6343,.T.);
#6607=ADVANCED_FACE('',(#6058),#6344,.T.);
#6608=ADVANCED_FACE('',(#6059),#6345,.T.);
#6609=ADVANCED_FACE('',(#6060),#6346,.T.);
#6610=ADVANCED_FACE('',(#6061),#6347,.T.);
#6611=ADVANCED_FACE('',(#6062),#6348,.T.);
#6612=ADVANCED_FACE('',(#6063),#6349,.T.);
#6613=ADVANCED_FACE('',(#6064),#101,.T.);
#6614=ADVANCED_FACE('',(#6065),#102,.T.);
#6615=ADVANCED_FACE('',(#6066),#103,.T.);
#6616=ADVANCED_FACE('',(#6067),#6350,.T.);
#6617=ADVANCED_FACE('',(#6068),#6351,.T.);
#6618=ADVANCED_FACE('',(#6069),#104,.T.);
#6619=ADVANCED_FACE('',(#6070),#105,.T.);
#6620=ADVANCED_FACE('',(#6071),#158,.F.);
#6621=ADVANCED_FACE('',(#6072),#106,.T.);
#6622=ADVANCED_FACE('',(#6073),#107,.T.);
#6623=ADVANCED_FACE('',(#6074),#108,.T.);
#6624=ADVANCED_FACE('',(#6075),#109,.T.);
#6625=ADVANCED_FACE('',(#6076),#159,.T.);
#6626=ADVANCED_FACE('',(#6077),#160,.T.);
#6627=ADVANCED_FACE('',(#6078),#6352,.T.);
#6628=ADVANCED_FACE('',(#6079),#161,.F.);
#6629=ADVANCED_FACE('',(#6080),#110,.T.);
#6630=ADVANCED_FACE('',(#6081),#111,.T.);
#6631=ADVANCED_FACE('',(#6082),#112,.T.);
#6632=ADVANCED_FACE('',(#6083),#162,.F.);
#6633=ADVANCED_FACE('',(#6084),#113,.T.);
#6634=ADVANCED_FACE('',(#6085),#163,.T.);
#6635=ADVANCED_FACE('',(#6086),#114,.T.);
#6636=ADVANCED_FACE('',(#6087),#164,.T.);
#6637=ADVANCED_FACE('',(#6088),#115,.T.);
#6638=ADVANCED_FACE('',(#6089),#116,.T.);
#6639=ADVANCED_FACE('',(#6090),#165,.T.);
#6640=ADVANCED_FACE('',(#6091),#6353,.T.);
#6641=ADVANCED_FACE('',(#6092),#166,.F.);
#6642=ADVANCED_FACE('',(#6093),#117,.T.);
#6643=ADVANCED_FACE('',(#6094),#118,.T.);
#6644=ADVANCED_FACE('',(#6095),#6354,.T.);
#6645=ADVANCED_FACE('',(#6096),#167,.F.);
#6646=ADVANCED_FACE('',(#6097),#168,.F.);
#6647=ADVANCED_FACE('',(#6098),#169,.F.);
#6648=ADVANCED_FACE('',(#6099),#6355,.T.);
#6649=ADVANCED_FACE('',(#6100),#6356,.T.);
#6650=ADVANCED_FACE('',(#6101),#6357,.T.);
#6651=ADVANCED_FACE('',(#6102),#6358,.T.);
#6652=ADVANCED_FACE('',(#6103),#6359,.T.);
#6653=ADVANCED_FACE('',(#6104),#6360,.T.);
#6654=ADVANCED_FACE('',(#6105),#119,.T.);
#6655=ADVANCED_FACE('',(#6106),#120,.T.);
#6656=ADVANCED_FACE('',(#6107),#170,.T.);
#6657=ADVANCED_FACE('',(#6108),#6361,.T.);
#6658=ADVANCED_FACE('',(#6109),#6362,.T.);
#6659=ADVANCED_FACE('',(#6110),#6363,.T.);
#6660=ADVANCED_FACE('',(#6111),#6364,.T.);
#6661=ADVANCED_FACE('',(#6112),#6365,.T.);
#6662=ADVANCED_FACE('',(#6113),#6366,.T.);
#6663=ADVANCED_FACE('',(#6114),#6367,.T.);
#6664=ADVANCED_FACE('',(#6115),#121,.T.);
#6665=ADVANCED_FACE('',(#6116),#122,.T.);
#6666=ADVANCED_FACE('',(#6117),#123,.T.);
#6667=ADVANCED_FACE('',(#6118),#124,.T.);
#6668=ADVANCED_FACE('',(#6119),#125,.T.);
#6669=ADVANCED_FACE('',(#6120),#6368,.T.);
#6670=ADVANCED_FACE('',(#6121),#6369,.T.);
#6671=ADVANCED_FACE('',(#6122),#6370,.T.);
#6672=ADVANCED_FACE('',(#6123),#6371,.T.);
#6673=ADVANCED_FACE('',(#6124),#6372,.T.);
#6674=ADVANCED_FACE('',(#6125),#126,.T.);
#6675=ADVANCED_FACE('',(#6126),#127,.T.);
#6676=ADVANCED_FACE('',(#6127),#171,.T.);
#6677=ADVANCED_FACE('',(#6128),#6373,.T.);
#6678=ADVANCED_FACE('',(#6129),#128,.T.);
#6679=ADVANCED_FACE('',(#6130),#129,.T.);
#6680=ADVANCED_FACE('',(#6131),#130,.T.);
#6681=ADVANCED_FACE('',(#6132),#6374,.T.);
#6682=ADVANCED_FACE('',(#6133),#6375,.T.);
#6683=ADVANCED_FACE('',(#6134),#6376,.T.);
#6684=ADVANCED_FACE('',(#6135),#6377,.T.);
#6685=ADVANCED_FACE('',(#6136),#6378,.T.);
#6686=ADVANCED_FACE('',(#6137),#6379,.T.);
#6687=ADVANCED_FACE('',(#6138),#6380,.T.);
#6688=ADVANCED_FACE('',(#6139),#6381,.T.);
#6689=ADVANCED_FACE('',(#6140),#6382,.T.);
#6690=ADVANCED_FACE('',(#6141),#6383,.T.);
#6691=ADVANCED_FACE('',(#6142),#6384,.T.);
#6692=ADVANCED_FACE('',(#6143),#131,.T.);
#6693=ADVANCED_FACE('',(#6144),#172,.T.);
#6694=ADVANCED_FACE('',(#6145),#173,.T.);
#6695=ADVANCED_FACE('',(#6146),#6385,.T.);
#6696=ADVANCED_FACE('',(#6147),#174,.F.);
#6697=ADVANCED_FACE('',(#6148),#132,.T.);
#6698=ADVANCED_FACE('',(#6149),#133,.T.);
#6699=ADVANCED_FACE('',(#6150),#6386,.T.);
#6700=ADVANCED_FACE('',(#6151),#6387,.T.);
#6701=ADVANCED_FACE('',(#6152),#6388,.T.);
#6702=ADVANCED_FACE('',(#6153),#175,.F.);
#6703=ADVANCED_FACE('',(#6154),#6389,.T.);
#6704=ADVANCED_FACE('',(#6155),#176,.F.);
#6705=ADVANCED_FACE('',(#6156),#6390,.T.);
#6706=ADVANCED_FACE('',(#6157),#6391,.T.);
#6707=ADVANCED_FACE('',(#6158),#6392,.T.);
#6708=ADVANCED_FACE('',(#6159),#6393,.T.);
#6709=ADVANCED_FACE('',(#6160),#134,.T.);
#6710=ADVANCED_FACE('',(#6161),#135,.T.);
#6711=ADVANCED_FACE('',(#6162),#136,.T.);
#6712=ADVANCED_FACE('',(#6163),#137,.T.);
#6713=ADVANCED_FACE('',(#6164),#6394,.T.);
#6714=ADVANCED_FACE('',(#6165),#6395,.T.);
#6715=ADVANCED_FACE('',(#6166),#6396,.T.);
#6716=ADVANCED_FACE('',(#6167),#138,.T.);
#6717=ADVANCED_FACE('',(#6168),#139,.T.);
#6718=ADVANCED_FACE('',(#6169),#140,.T.);
#6719=ADVANCED_FACE('',(#6170),#177,.F.);
#6720=ADVANCED_FACE('',(#6171),#6397,.T.);
#6721=ADVANCED_FACE('',(#6172),#141,.T.);
#6722=ADVANCED_FACE('',(#6173),#142,.T.);
#6723=ADVANCED_FACE('',(#6174),#178,.F.);
#6724=ADVANCED_FACE('',(#6175),#6398,.T.);
#6725=ADVANCED_FACE('',(#6176),#6399,.T.);
#6726=ADVANCED_FACE('',(#6177),#6400,.T.);
#6727=ADVANCED_FACE('',(#6178),#6401,.T.);
#6728=ADVANCED_FACE('',(#6179),#6402,.T.);
#6729=ADVANCED_FACE('',(#6180),#6403,.T.);
#6730=ADVANCED_FACE('',(#6181),#143,.T.);
#6731=ADVANCED_FACE('',(#6182),#144,.T.);
#6732=ADVANCED_FACE('',(#6183),#145,.T.);
#6733=ADVANCED_FACE('',(#6184),#146,.T.);
#6734=ADVANCED_FACE('',(#6185),#6404,.T.);
#6735=ADVANCED_FACE('',(#6186),#6405,.T.);
#6736=ADVANCED_FACE('',(#6187),#6406,.T.);
#6737=ADVANCED_FACE('',(#6188),#6407,.T.);
#6738=ADVANCED_FACE('',(#6189),#6408,.T.);
#6739=ADVANCED_FACE('',(#6190),#6409,.T.);
#6740=ADVANCED_FACE('',(#6191),#179,.T.);
#6741=ADVANCED_FACE('',(#6192),#180,.T.);
#6742=ADVANCED_FACE('',(#6193),#181,.T.);
#6743=ADVANCED_FACE('',(#6194),#182,.T.);
#6744=ADVANCED_FACE('',(#6195),#183,.F.);
#6745=ADVANCED_FACE('',(#6196),#6410,.F.);
#6746=ADVANCED_FACE('',(#6197),#184,.F.);
#6747=ADVANCED_FACE('',(#6198),#6411,.F.);
#6748=ADVANCED_FACE('',(#6199),#185,.F.);
#6749=ADVANCED_FACE('',(#6200),#6412,.T.);
#6750=ADVANCED_FACE('',(#6201),#186,.F.);
#6751=ADVANCED_FACE('',(#6202),#187,.F.);
#6752=ADVANCED_FACE('',(#6203),#6413,.F.);
#6753=ADVANCED_FACE('',(#6204),#188,.F.);
#6754=ADVANCED_FACE('',(#6205),#6414,.F.);
#6755=ADVANCED_FACE('',(#6206),#189,.F.);
#6756=ADVANCED_FACE('',(#6207),#6415,.T.);
#6757=ADVANCED_FACE('',(#6208),#190,.F.);
#6758=ADVANCED_FACE('',(#6209),#191,.F.);
#6759=ADVANCED_FACE('',(#6210),#6416,.F.);
#6760=ADVANCED_FACE('',(#6211),#192,.F.);
#6761=ADVANCED_FACE('',(#6212),#6417,.F.);
#6762=ADVANCED_FACE('',(#6213),#193,.F.);
#6763=ADVANCED_FACE('',(#6214),#6418,.T.);
#6764=ADVANCED_FACE('',(#6215),#194,.F.);
#6765=ADVANCED_FACE('',(#6216),#6419,.T.);
#6766=ADVANCED_FACE('',(#6217),#6420,.F.);
#6767=ADVANCED_FACE('',(#6218),#6421,.F.);
#6768=ADVANCED_FACE('',(#6219),#6422,.F.);
#6769=ADVANCED_FACE('',(#6220),#6423,.F.);
#6770=ADVANCED_FACE('',(#6221),#6424,.T.);
#6771=ADVANCED_FACE('',(#6222),#6425,.T.);
#6772=ADVANCED_FACE('',(#6223),#6426,.T.);
#6773=ADVANCED_FACE('',(#6224),#6427,.T.);
#6774=ADVANCED_FACE('',(#6225,#6226),#195,.F.);
#6775=ADVANCED_FACE('',(#6227,#6228),#196,.F.);
#6776=ADVANCED_FACE('',(#6229,#6230),#197,.F.);
#6777=ADVANCED_FACE('',(#6231,#6232),#198,.F.);
#6778=ADVANCED_FACE('',(#6233),#6428,.F.);
#6779=ADVANCED_FACE('',(#6234),#6429,.T.);
#6780=ADVANCED_FACE('',(#6235,#6236,#6237,#6238,#6239,#6240,#6241,#6242,
#6243),#6430,.T.);
#6781=ADVANCED_FACE('',(#6244,#6245,#6246,#6247,#6248,#6249,#6250,#6251,
#6252),#6431,.F.);
#6782=ADVANCED_FACE('',(#6253),#199,.T.);
#6783=ADVANCED_FACE('',(#6254),#200,.T.);
#6784=ADVANCED_FACE('',(#6255),#201,.T.);
#6785=ADVANCED_FACE('',(#6256),#202,.T.);
#6786=CLOSED_SHELL('',(#6432,#6433,#6434,#6435,#6436,#6437,#6438,#6439,
#6440,#6441,#6442,#6443,#6444,#6445,#6446,#6447,#6448,#6449,#6450,#6451,
#6452,#6453,#6454,#6455,#6456,#6457,#6458,#6459,#6460,#6461,#6462,#6463,
#6464,#6465,#6466,#6467,#6468,#6469,#6470,#6471,#6472,#6473,#6474,#6475,
#6476,#6477,#6478,#6479,#6480,#6481,#6482,#6483,#6484,#6485,#6486,#6487,
#6488,#6489,#6490,#6491,#6492,#6493,#6494,#6495,#6496,#6497,#6498,#6499,
#6500,#6501,#6502,#6503,#6504,#6505,#6506,#6507,#6508,#6509,#6510,#6511,
#6512,#6513,#6514,#6515,#6516,#6517,#6518,#6519,#6520,#6521,#6522,#6523,
#6524,#6525,#6526,#6527,#6528,#6529,#6530,#6531,#6532,#6533,#6534,#6535,
#6536,#6537,#6538,#6539,#6540,#6541,#6542,#6543,#6544,#6545,#6546,#6547,
#6548,#6549,#6550,#6551,#6552,#6553,#6554,#6555,#6556,#6557,#6558,#6559,
#6560,#6561,#6562,#6563,#6564,#6565,#6566,#6567,#6568,#6569,#6570,#6571,
#6572,#6573,#6574,#6575,#6576,#6577,#6578,#6579,#6580,#6581,#6582,#6583,
#6584,#6585,#6586,#6587,#6588,#6589,#6590,#6591,#6592,#6593,#6594,#6595,
#6596,#6597,#6598,#6599,#6600,#6601,#6602,#6603,#6604,#6605,#6606,#6607,
#6608,#6609,#6610,#6611,#6612,#6613,#6614,#6615,#6616,#6617,#6618,#6619,
#6620,#6621,#6622,#6623,#6624,#6625,#6626,#6627,#6628,#6629,#6630,#6631,
#6632,#6633,#6634,#6635,#6636,#6637,#6638,#6639,#6640,#6641,#6642,#6643,
#6644,#6645,#6646,#6647,#6648,#6649,#6650,#6651,#6652,#6653,#6654,#6655,
#6656,#6657,#6658,#6659,#6660,#6661,#6662,#6663,#6664,#6665,#6666,#6667,
#6668,#6669,#6670,#6671,#6672,#6673,#6674,#6675,#6676,#6677,#6678,#6679,
#6680,#6681,#6682,#6683,#6684,#6685,#6686,#6687,#6688,#6689,#6690,#6691,
#6692,#6693,#6694,#6695,#6696,#6697,#6698,#6699,#6700,#6701,#6702,#6703,
#6704,#6705,#6706,#6707,#6708,#6709,#6710,#6711,#6712,#6713,#6714,#6715,
#6716,#6717,#6718,#6719,#6720,#6721,#6722,#6723,#6724,#6725,#6726,#6727,
#6728,#6729,#6730,#6731,#6732,#6733,#6734,#6735,#6736,#6737,#6738,#6739,
#6740,#6741,#6742,#6743));
#6787=CLOSED_SHELL('',(#6744,#6745,#6746,#6747,#6748,#6749,#6750,#6751,
#6752,#6753,#6754,#6755,#6756,#6757,#6758,#6759,#6760,#6761,#6762,#6763,
#6764,#6765,#6766,#6767,#6768,#6769,#6770,#6771,#6772,#6773,#6774,#6775,
#6776,#6777,#6778,#6779,#6780,#6781,#6782,#6783,#6784,#6785));
#6788=STYLED_ITEM('',(#6790),#6803);
#6789=STYLED_ITEM('',(#6791),#6804);
#6790=PRESENTATION_STYLE_ASSIGNMENT((#6792));
#6791=PRESENTATION_STYLE_ASSIGNMENT((#6793));
#6792=SURFACE_STYLE_USAGE(.BOTH.,#6794);
#6793=SURFACE_STYLE_USAGE(.BOTH.,#6795);
#6794=SURFACE_SIDE_STYLE('',(#6796));
#6795=SURFACE_SIDE_STYLE('',(#6797));
#6796=SURFACE_STYLE_FILL_AREA(#6798);
#6797=SURFACE_STYLE_FILL_AREA(#6799);
#6798=FILL_AREA_STYLE('',(#6800));
#6799=FILL_AREA_STYLE('',(#6801));
#6800=FILL_AREA_STYLE_COLOUR('',#6802);
#6801=FILL_AREA_STYLE_COLOUR('',#6802);
#6802=COLOUR_RGB('',0.615686274509804,0.811764705882353,0.929411764705882);
#6803=MANIFOLD_SOLID_BREP('Part 1',#6786);
#6804=MANIFOLD_SOLID_BREP('Part 1',#6787);
#6805=SHAPE_DEFINITION_REPRESENTATION(#11886,#6808);
#6806=SHAPE_DEFINITION_REPRESENTATION(#11887,#6809);
#6807=SHAPE_DEFINITION_REPRESENTATION(#11889,#6810);
#6808=SHAPE_REPRESENTATION('Assembly 2',(#6811,#7080,#7163),#11877);
#6809=SHAPE_REPRESENTATION('Part 1',(#6811),#11878);
#6810=SHAPE_REPRESENTATION('Part 1',(#6811),#11879);
#6811=AXIS2_PLACEMENT_3D('',#8490,#7164,#7165);
#6812=AXIS2_PLACEMENT_3D('',#8491,#7166,#7167);
#6813=AXIS2_PLACEMENT_3D('',#8631,#7183,#7184);
#6814=AXIS2_PLACEMENT_3D('',#8633,#7185,#7186);
#6815=AXIS2_PLACEMENT_3D('',#8643,#7187,#7188);
#6816=AXIS2_PLACEMENT_3D('',#8645,#7189,#7190);
#6817=AXIS2_PLACEMENT_3D('',#8649,#7192,#7193);
#6818=AXIS2_PLACEMENT_3D('',#8755,#7224,#7225);
#6819=AXIS2_PLACEMENT_3D('',#8837,#7240,#7241);
#6820=AXIS2_PLACEMENT_3D('',#8841,#7243,#7244);
#6821=AXIS2_PLACEMENT_3D('',#8851,#7245,#7246);
#6822=AXIS2_PLACEMENT_3D('',#8857,#7247,#7248);
#6823=AXIS2_PLACEMENT_3D('',#8863,#7249,#7250);
#6824=AXIS2_PLACEMENT_3D('',#8877,#7251,#7252);
#6825=AXIS2_PLACEMENT_3D('',#8881,#7254,#7255);
#6826=AXIS2_PLACEMENT_3D('',#8883,#7256,#7257);
#6827=AXIS2_PLACEMENT_3D('',#8901,#7258,#7259);
#6828=AXIS2_PLACEMENT_3D('',#8902,#7260,#7261);
#6829=AXIS2_PLACEMENT_3D('',#8905,#7262,#7263);
#6830=AXIS2_PLACEMENT_3D('',#8909,#7265,#7266);
#6831=AXIS2_PLACEMENT_3D('',#8931,#7273,#7274);
#6832=AXIS2_PLACEMENT_3D('',#8993,#7289,#7290);
#6833=AXIS2_PLACEMENT_3D('',#9013,#7296,#7297);
#6834=AXIS2_PLACEMENT_3D('',#9017,#7299,#7300);
#6835=AXIS2_PLACEMENT_3D('',#9033,#7304,#7305);
#6836=AXIS2_PLACEMENT_3D('',#9037,#7307,#7308);
#6837=AXIS2_PLACEMENT_3D('',#9039,#7309,#7310);
#6838=AXIS2_PLACEMENT_3D('',#9061,#7315,#7316);
#6839=AXIS2_PLACEMENT_3D('',#9146,#7327,#7328);
#6840=AXIS2_PLACEMENT_3D('',#9155,#7333,#7334);
#6841=AXIS2_PLACEMENT_3D('',#9164,#7339,#7340);
#6842=AXIS2_PLACEMENT_3D('',#9173,#7345,#7346);
#6843=AXIS2_PLACEMENT_3D('',#9190,#7355,#7356);
#6844=AXIS2_PLACEMENT_3D('',#9191,#7357,#7358);
#6845=AXIS2_PLACEMENT_3D('',#9193,#7359,#7360);
#6846=AXIS2_PLACEMENT_3D('',#9195,#7361,#7362);
#6847=AXIS2_PLACEMENT_3D('',#9196,#7363,#7364);
#6848=AXIS2_PLACEMENT_3D('',#9198,#7365,#7366);
#6849=AXIS2_PLACEMENT_3D('',#9200,#7367,#7368);
#6850=AXIS2_PLACEMENT_3D('',#9201,#7369,#7370);
#6851=AXIS2_PLACEMENT_3D('',#9203,#7371,#7372);
#6852=AXIS2_PLACEMENT_3D('',#9205,#7373,#7374);
#6853=AXIS2_PLACEMENT_3D('',#9206,#7375,#7376);
#6854=AXIS2_PLACEMENT_3D('',#9208,#7377,#7378);
#6855=AXIS2_PLACEMENT_3D('',#9210,#7379,#7380);
#6856=AXIS2_PLACEMENT_3D('',#9211,#7381,#7382);
#6857=AXIS2_PLACEMENT_3D('',#9212,#7383,#7384);
#6858=AXIS2_PLACEMENT_3D('',#9213,#7385,#7386);
#6859=AXIS2_PLACEMENT_3D('',#9214,#7387,#7388);
#6860=AXIS2_PLACEMENT_3D('',#9215,#7389,#7390);
#6861=AXIS2_PLACEMENT_3D('',#9224,#7395,#7396);
#6862=AXIS2_PLACEMENT_3D('',#9230,#7400,#7401);
#6863=AXIS2_PLACEMENT_3D('',#9236,#7405,#7406);
#6864=AXIS2_PLACEMENT_3D('',#9239,#7409,#7410);
#6865=AXIS2_PLACEMENT_3D('',#9240,#7411,#7412);
#6866=AXIS2_PLACEMENT_3D('',#9241,#7413,#7414);
#6867=AXIS2_PLACEMENT_3D('',#9244,#7417,#7418);
#6868=AXIS2_PLACEMENT_3D('',#9245,#7419,#7420);
#6869=AXIS2_PLACEMENT_3D('',#9246,#7421,#7422);
#6870=AXIS2_PLACEMENT_3D('',#9249,#7425,#7426);
#6871=AXIS2_PLACEMENT_3D('',#9250,#7427,#7428);
#6872=AXIS2_PLACEMENT_3D('',#9373,#7437,#7438);
#6873=AXIS2_PLACEMENT_3D('',#9412,#7445,#7446);
#6874=AXIS2_PLACEMENT_3D('',#9413,#7447,#7448);
#6875=AXIS2_PLACEMENT_3D('',#9418,#7451,#7452);
#6876=AXIS2_PLACEMENT_3D('',#9419,#7453,#7454);
#6877=AXIS2_PLACEMENT_3D('',#9424,#7457,#7458);
#6878=AXIS2_PLACEMENT_3D('',#9425,#7459,#7460);
#6879=AXIS2_PLACEMENT_3D('',#9430,#7463,#7464);
#6880=AXIS2_PLACEMENT_3D('',#9436,#7468,#7469);
#6881=AXIS2_PLACEMENT_3D('',#9437,#7470,#7471);
#6882=AXIS2_PLACEMENT_3D('',#9442,#7474,#7475);
#6883=AXIS2_PLACEMENT_3D('',#9448,#7479,#7480);
#6884=AXIS2_PLACEMENT_3D('',#9456,#7482,#7483);
#6885=AXIS2_PLACEMENT_3D('',#9457,#7484,#7485);
#6886=AXIS2_PLACEMENT_3D('',#9458,#7486,#7487);
#6887=AXIS2_PLACEMENT_3D('',#9531,#7493,#7494);
#6888=AXIS2_PLACEMENT_3D('',#9532,#7495,#7496);
#6889=AXIS2_PLACEMENT_3D('',#9541,#7501,#7502);
#6890=AXIS2_PLACEMENT_3D('',#9615,#7510,#7511);
#6891=AXIS2_PLACEMENT_3D('',#9621,#7515,#7516);
#6892=AXIS2_PLACEMENT_3D('',#9625,#7519,#7520);
#6893=AXIS2_PLACEMENT_3D('',#9668,#7526,#7527);
#6894=AXIS2_PLACEMENT_3D('',#9698,#7532,#7533);
#6895=AXIS2_PLACEMENT_3D('',#9702,#7536,#7537);
#6896=AXIS2_PLACEMENT_3D('',#9784,#7546,#7547);
#6897=AXIS2_PLACEMENT_3D('',#9800,#7549,#7550);
#6898=AXIS2_PLACEMENT_3D('',#9829,#7554,#7555);
#6899=AXIS2_PLACEMENT_3D('',#9832,#7557,#7558);
#6900=AXIS2_PLACEMENT_3D('',#9833,#7559,#7560);
#6901=AXIS2_PLACEMENT_3D('',#9837,#7563,#7564);
#6902=AXIS2_PLACEMENT_3D('',#9840,#7566,#7567);
#6903=AXIS2_PLACEMENT_3D('',#9841,#7568,#7569);
#6904=AXIS2_PLACEMENT_3D('',#9844,#7571,#7572);
#6905=AXIS2_PLACEMENT_3D('',#9871,#7575,#7576);
#6906=AXIS2_PLACEMENT_3D('',#9874,#7578,#7579);
#6907=AXIS2_PLACEMENT_3D('',#9875,#7580,#7581);
#6908=AXIS2_PLACEMENT_3D('',#9878,#7583,#7584);
#6909=AXIS2_PLACEMENT_3D('',#9879,#7585,#7586);
#6910=AXIS2_PLACEMENT_3D('',#9920,#7591,#7592);
#6911=AXIS2_PLACEMENT_3D('',#9921,#7593,#7594);
#6912=AXIS2_PLACEMENT_3D('',#9927,#7598,#7599);
#6913=AXIS2_PLACEMENT_3D('',#9931,#7602,#7603);
#6914=AXIS2_PLACEMENT_3D('',#9935,#7606,#7607);
#6915=AXIS2_PLACEMENT_3D('',#9939,#7610,#7611);
#6916=AXIS2_PLACEMENT_3D('',#9943,#7614,#7615);
#6917=AXIS2_PLACEMENT_3D('',#9947,#7618,#7619);
#6918=AXIS2_PLACEMENT_3D('',#9951,#7622,#7623);
#6919=AXIS2_PLACEMENT_3D('',#9955,#7626,#7627);
#6920=AXIS2_PLACEMENT_3D('',#9959,#7630,#7631);
#6921=AXIS2_PLACEMENT_3D('',#9963,#7634,#7635);
#6922=AXIS2_PLACEMENT_3D('',#9967,#7638,#7639);
#6923=AXIS2_PLACEMENT_3D('',#9971,#7642,#7643);
#6924=AXIS2_PLACEMENT_3D('',#9975,#7646,#7647);
#6925=AXIS2_PLACEMENT_3D('',#9979,#7650,#7651);
#6926=AXIS2_PLACEMENT_3D('',#9981,#7653,#7654);
#6927=AXIS2_PLACEMENT_3D('',#9982,#7655,#7656);
#6928=AXIS2_PLACEMENT_3D('',#9991,#7661,#7662);
#6929=AXIS2_PLACEMENT_3D('',#10065,#7670,#7671);
#6930=AXIS2_PLACEMENT_3D('',#10071,#7675,#7676);
#6931=AXIS2_PLACEMENT_3D('',#10075,#7679,#7680);
#6932=AXIS2_PLACEMENT_3D('',#10118,#7686,#7687);
#6933=AXIS2_PLACEMENT_3D('',#10148,#7692,#7693);
#6934=AXIS2_PLACEMENT_3D('',#10152,#7696,#7697);
#6935=AXIS2_PLACEMENT_3D('',#10234,#7706,#7707);
#6936=AXIS2_PLACEMENT_3D('',#10250,#7709,#7710);
#6937=AXIS2_PLACEMENT_3D('',#10356,#7718,#7719);
#6938=AXIS2_PLACEMENT_3D('',#10455,#7731,#7732);
#6939=AXIS2_PLACEMENT_3D('',#10459,#7735,#7736);
#6940=AXIS2_PLACEMENT_3D('',#10463,#7739,#7740);
#6941=AXIS2_PLACEMENT_3D('',#10467,#7743,#7744);
#6942=AXIS2_PLACEMENT_3D('',#10471,#7747,#7748);
#6943=AXIS2_PLACEMENT_3D('',#10475,#7751,#7752);
#6944=AXIS2_PLACEMENT_3D('',#10492,#7756,#7757);
#6945=AXIS2_PLACEMENT_3D('',#10508,#7759,#7760);
#6946=AXIS2_PLACEMENT_3D('',#10509,#7761,#7762);
#6947=AXIS2_PLACEMENT_3D('',#10515,#7766,#7767);
#6948=AXIS2_PLACEMENT_3D('',#10558,#7773,#7774);
#6949=AXIS2_PLACEMENT_3D('',#10562,#7777,#7778);
#6950=AXIS2_PLACEMENT_3D('',#10566,#7781,#7782);
#6951=AXIS2_PLACEMENT_3D('',#10569,#7784,#7785);
#6952=AXIS2_PLACEMENT_3D('',#10570,#7786,#7787);
#6953=AXIS2_PLACEMENT_3D('',#10574,#7790,#7791);
#6954=AXIS2_PLACEMENT_3D('',#10578,#7794,#7795);
#6955=AXIS2_PLACEMENT_3D('',#10582,#7798,#7799);
#6956=AXIS2_PLACEMENT_3D('',#10586,#7802,#7803);
#6957=AXIS2_PLACEMENT_3D('',#10629,#7809,#7810);
#6958=AXIS2_PLACEMENT_3D('',#10631,#7812,#7813);
#6959=AXIS2_PLACEMENT_3D('',#10673,#7818,#7819);
#6960=AXIS2_PLACEMENT_3D('',#10677,#7822,#7823);
#6961=AXIS2_PLACEMENT_3D('',#10681,#7826,#7827);
#6962=AXIS2_PLACEMENT_3D('',#10685,#7830,#7831);
#6963=AXIS2_PLACEMENT_3D('',#10689,#7834,#7835);
#6964=AXIS2_PLACEMENT_3D('',#10693,#7838,#7839);
#6965=AXIS2_PLACEMENT_3D('',#10697,#7842,#7843);
#6966=AXIS2_PLACEMENT_3D('',#10701,#7846,#7847);
#6967=AXIS2_PLACEMENT_3D('',#10705,#7850,#7851);
#6968=AXIS2_PLACEMENT_3D('',#10709,#7854,#7855);
#6969=AXIS2_PLACEMENT_3D('',#10713,#7858,#7859);
#6970=AXIS2_PLACEMENT_3D('',#10756,#7865,#7866);
#6971=AXIS2_PLACEMENT_3D('',#10758,#7868,#7869);
#6972=AXIS2_PLACEMENT_3D('',#10787,#7873,#7874);
#6973=AXIS2_PLACEMENT_3D('',#10790,#7876,#7877);
#6974=AXIS2_PLACEMENT_3D('',#10843,#7882,#7883);
#6975=AXIS2_PLACEMENT_3D('',#10846,#7885,#7886);
#6976=AXIS2_PLACEMENT_3D('',#10847,#7887,#7888);
#6977=AXIS2_PLACEMENT_3D('',#10850,#7890,#7891);
#6978=AXIS2_PLACEMENT_3D('',#10851,#7892,#7893);
#6979=AXIS2_PLACEMENT_3D('',#10855,#7896,#7897);
#6980=AXIS2_PLACEMENT_3D('',#10858,#7899,#7900);
#6981=AXIS2_PLACEMENT_3D('',#10898,#7904,#7905);
#6982=AXIS2_PLACEMENT_3D('',#10901,#7907,#7908);
#6983=AXIS2_PLACEMENT_3D('',#10915,#7910,#7911);
#6984=AXIS2_PLACEMENT_3D('',#10918,#7913,#7914);
#6985=AXIS2_PLACEMENT_3D('',#10932,#7916,#7917);
#6986=AXIS2_PLACEMENT_3D('',#10935,#7919,#7920);
#6987=AXIS2_PLACEMENT_3D('',#10962,#7923,#7924);
#6988=AXIS2_PLACEMENT_3D('',#10965,#7926,#7927);
#6989=AXIS2_PLACEMENT_3D('',#10966,#7928,#7929);
#6990=AXIS2_PLACEMENT_3D('',#10970,#7932,#7933);
#6991=AXIS2_PLACEMENT_3D('',#10973,#7935,#7936);
#6992=AXIS2_PLACEMENT_3D('',#10998,#7938,#7939);
#6993=AXIS2_PLACEMENT_3D('',#10999,#7940,#7941);
#6994=AXIS2_PLACEMENT_3D('',#11002,#7943,#7944);
#6995=AXIS2_PLACEMENT_3D('',#11005,#7946,#7947);
#6996=AXIS2_PLACEMENT_3D('',#11008,#7949,#7950);
#6997=AXIS2_PLACEMENT_3D('',#11009,#7951,#7952);
#6998=AXIS2_PLACEMENT_3D('',#11012,#7954,#7955);
#6999=AXIS2_PLACEMENT_3D('',#11013,#7956,#7957);
#7000=AXIS2_PLACEMENT_3D('',#11017,#7960,#7961);
#7001=AXIS2_PLACEMENT_3D('',#11021,#7964,#7965);
#7002=AXIS2_PLACEMENT_3D('',#11025,#7968,#7969);
#7003=AXIS2_PLACEMENT_3D('',#11029,#7972,#7973);
#7004=AXIS2_PLACEMENT_3D('',#11033,#7976,#7977);
#7005=AXIS2_PLACEMENT_3D('',#11063,#7982,#7983);
#7006=AXIS2_PLACEMENT_3D('',#11066,#7985,#7986);
#7007=AXIS2_PLACEMENT_3D('',#11067,#7987,#7988);
#7008=AXIS2_PLACEMENT_3D('',#11069,#7990,#7991);
#7009=AXIS2_PLACEMENT_3D('',#11070,#7992,#7993);
#7010=AXIS2_PLACEMENT_3D('',#11076,#7997,#7998);
#7011=AXIS2_PLACEMENT_3D('',#11080,#8001,#8002);
#7012=AXIS2_PLACEMENT_3D('',#11084,#8005,#8006);
#7013=AXIS2_PLACEMENT_3D('',#11086,#8008,#8009);
#7014=AXIS2_PLACEMENT_3D('',#11152,#8015,#8016);
#7015=AXIS2_PLACEMENT_3D('',#11153,#8017,#8018);
#7016=AXIS2_PLACEMENT_3D('',#11159,#8022,#8023);
#7017=AXIS2_PLACEMENT_3D('',#11163,#8026,#8027);
#7018=AXIS2_PLACEMENT_3D('',#11167,#8030,#8031);
#7019=AXIS2_PLACEMENT_3D('',#11197,#8036,#8037);
#7020=AXIS2_PLACEMENT_3D('',#11200,#8039,#8040);
#7021=AXIS2_PLACEMENT_3D('',#11201,#8041,#8042);
#7022=AXIS2_PLACEMENT_3D('',#11244,#8048,#8049);
#7023=AXIS2_PLACEMENT_3D('',#11248,#8052,#8053);
#7024=AXIS2_PLACEMENT_3D('',#11252,#8056,#8057);
#7025=AXIS2_PLACEMENT_3D('',#11256,#8060,#8061);
#7026=AXIS2_PLACEMENT_3D('',#11260,#8064,#8065);
#7027=AXIS2_PLACEMENT_3D('',#11264,#8068,#8069);
#7028=AXIS2_PLACEMENT_3D('',#11268,#8072,#8073);
#7029=AXIS2_PLACEMENT_3D('',#11270,#8075,#8076);
#7030=AXIS2_PLACEMENT_3D('',#11271,#8077,#8078);
#7031=AXIS2_PLACEMENT_3D('',#11277,#8082,#8083);
#7032=AXIS2_PLACEMENT_3D('',#11281,#8086,#8087);
#7033=AXIS2_PLACEMENT_3D('',#11298,#8091,#8092);
#7034=AXIS2_PLACEMENT_3D('',#11301,#8094,#8095);
#7035=AXIS2_PLACEMENT_3D('',#11302,#8096,#8097);
#7036=AXIS2_PLACEMENT_3D('',#11305,#8099,#8100);
#7037=AXIS2_PLACEMENT_3D('',#11306,#8101,#8102);
#7038=AXIS2_PLACEMENT_3D('',#11310,#8105,#8106);
#7039=AXIS2_PLACEMENT_3D('',#11313,#8108,#8109);
#7040=AXIS2_PLACEMENT_3D('',#11340,#8112,#8113);
#7041=AXIS2_PLACEMENT_3D('',#11344,#8116,#8117);
#7042=AXIS2_PLACEMENT_3D('',#11348,#8120,#8121);
#7043=AXIS2_PLACEMENT_3D('',#11352,#8124,#8125);
#7044=AXIS2_PLACEMENT_3D('',#11355,#8127,#8128);
#7045=AXIS2_PLACEMENT_3D('',#11356,#8129,#8130);
#7046=AXIS2_PLACEMENT_3D('',#11360,#8133,#8134);
#7047=AXIS2_PLACEMENT_3D('',#11363,#8136,#8137);
#7048=AXIS2_PLACEMENT_3D('',#11364,#8138,#8139);
#7049=AXIS2_PLACEMENT_3D('',#11366,#8141,#8142);
#7050=AXIS2_PLACEMENT_3D('',#11367,#8143,#8144);
#7051=AXIS2_PLACEMENT_3D('',#11373,#8148,#8149);
#7052=AXIS2_PLACEMENT_3D('',#11429,#8156,#8157);
#7053=AXIS2_PLACEMENT_3D('',#11433,#8160,#8161);
#7054=AXIS2_PLACEMENT_3D('',#11437,#8164,#8165);
#7055=AXIS2_PLACEMENT_3D('',#11480,#8171,#8172);
#7056=AXIS2_PLACEMENT_3D('',#11483,#8174,#8175);
#7057=AXIS2_PLACEMENT_3D('',#11484,#8176,#8177);
#7058=AXIS2_PLACEMENT_3D('',#11519,#8182,#8183);
#7059=AXIS2_PLACEMENT_3D('',#11527,#8185,#8186);
#7060=AXIS2_PLACEMENT_3D('',#11528,#8187,#8188);
#7061=AXIS2_PLACEMENT_3D('',#11529,#8189,#8190);
#7062=AXIS2_PLACEMENT_3D('',#11534,#8193,#8194);
#7063=AXIS2_PLACEMENT_3D('',#11535,#8195,#8196);
#7064=AXIS2_PLACEMENT_3D('',#11540,#8199,#8200);
#7065=AXIS2_PLACEMENT_3D('',#11541,#8201,#8202);
#7066=AXIS2_PLACEMENT_3D('',#11546,#8205,#8206);
#7067=AXIS2_PLACEMENT_3D('',#11552,#8210,#8211);
#7068=AXIS2_PLACEMENT_3D('',#11553,#8212,#8213);
#7069=AXIS2_PLACEMENT_3D('',#11558,#8216,#8217);
#7070=AXIS2_PLACEMENT_3D('',#11625,#8225,#8226);
#7071=AXIS2_PLACEMENT_3D('',#11627,#8228,#8229);
#7072=AXIS2_PLACEMENT_3D('',#11628,#8230,#8231);
#7073=AXIS2_PLACEMENT_3D('',#11629,#8232,#8233);
#7074=AXIS2_PLACEMENT_3D('',#11630,#8234,#8235);
#7075=AXIS2_PLACEMENT_3D('',#11631,#8236,#8237);
#7076=AXIS2_PLACEMENT_3D('',#11632,#8238,#8239);
#7077=AXIS2_PLACEMENT_3D('',#11633,#8240,#8241);
#7078=AXIS2_PLACEMENT_3D('',#11634,#8242,#8243);
#7079=AXIS2_PLACEMENT_3D('',#11635,#8244,#8245);
#7080=AXIS2_PLACEMENT_3D('',#11636,#8246,#8247);
#7081=AXIS2_PLACEMENT_3D('',#11637,#8248,#8249);
#7082=AXIS2_PLACEMENT_3D('',#11638,#8250,#8251);
#7083=AXIS2_PLACEMENT_3D('',#11643,#8253,#8254);
#7084=AXIS2_PLACEMENT_3D('',#11646,#8256,#8257);
#7085=AXIS2_PLACEMENT_3D('',#11652,#8261,#8262);
#7086=AXIS2_PLACEMENT_3D('',#11653,#8263,#8264);
#7087=AXIS2_PLACEMENT_3D('',#11657,#8266,#8267);
#7088=AXIS2_PLACEMENT_3D('',#11658,#8268,#8269);
#7089=AXIS2_PLACEMENT_3D('',#11664,#8273,#8274);
#7090=AXIS2_PLACEMENT_3D('',#11665,#8275,#8276);
#7091=AXIS2_PLACEMENT_3D('',#11669,#8278,#8279);
#7092=AXIS2_PLACEMENT_3D('',#11670,#8280,#8281);
#7093=AXIS2_PLACEMENT_3D('',#11676,#8285,#8286);
#7094=AXIS2_PLACEMENT_3D('',#11677,#8287,#8288);
#7095=AXIS2_PLACEMENT_3D('',#11681,#8290,#8291);
#7096=AXIS2_PLACEMENT_3D('',#11682,#8292,#8293);
#7097=AXIS2_PLACEMENT_3D('',#11683,#8294,#8295);
#7098=AXIS2_PLACEMENT_3D('',#11688,#8297,#8298);
#7099=AXIS2_PLACEMENT_3D('',#11691,#8300,#8301);
#7100=AXIS2_PLACEMENT_3D('',#11697,#8305,#8306);
#7101=AXIS2_PLACEMENT_3D('',#11698,#8307,#8308);
#7102=AXIS2_PLACEMENT_3D('',#11702,#8310,#8311);
#7103=AXIS2_PLACEMENT_3D('',#11703,#8312,#8313);
#7104=AXIS2_PLACEMENT_3D('',#11709,#8317,#8318);
#7105=AXIS2_PLACEMENT_3D('',#11710,#8319,#8320);
#7106=AXIS2_PLACEMENT_3D('',#11714,#8322,#8323);
#7107=AXIS2_PLACEMENT_3D('',#11715,#8324,#8325);
#7108=AXIS2_PLACEMENT_3D('',#11721,#8329,#8330);
#7109=AXIS2_PLACEMENT_3D('',#11722,#8331,#8332);
#7110=AXIS2_PLACEMENT_3D('',#11726,#8334,#8335);
#7111=AXIS2_PLACEMENT_3D('',#11727,#8336,#8337);
#7112=AXIS2_PLACEMENT_3D('',#11728,#8338,#8339);
#7113=AXIS2_PLACEMENT_3D('',#11733,#8341,#8342);
#7114=AXIS2_PLACEMENT_3D('',#11736,#8344,#8345);
#7115=AXIS2_PLACEMENT_3D('',#11742,#8349,#8350);
#7116=AXIS2_PLACEMENT_3D('',#11743,#8351,#8352);
#7117=AXIS2_PLACEMENT_3D('',#11747,#8354,#8355);
#7118=AXIS2_PLACEMENT_3D('',#11748,#8356,#8357);
#7119=AXIS2_PLACEMENT_3D('',#11754,#8361,#8362);
#7120=AXIS2_PLACEMENT_3D('',#11755,#8363,#8364);
#7121=AXIS2_PLACEMENT_3D('',#11759,#8366,#8367);
#7122=AXIS2_PLACEMENT_3D('',#11760,#8368,#8369);
#7123=AXIS2_PLACEMENT_3D('',#11766,#8373,#8374);
#7124=AXIS2_PLACEMENT_3D('',#11767,#8375,#8376);
#7125=AXIS2_PLACEMENT_3D('',#11771,#8378,#8379);
#7126=AXIS2_PLACEMENT_3D('',#11772,#8380,#8381);
#7127=AXIS2_PLACEMENT_3D('',#11781,#8386,#8387);
#7128=AXIS2_PLACEMENT_3D('',#11790,#8392,#8393);
#7129=AXIS2_PLACEMENT_3D('',#11799,#8398,#8399);
#7130=AXIS2_PLACEMENT_3D('',#11808,#8404,#8405);
#7131=AXIS2_PLACEMENT_3D('',#11814,#8409,#8410);
#7132=AXIS2_PLACEMENT_3D('',#11820,#8414,#8415);
#7133=AXIS2_PLACEMENT_3D('',#11823,#8418,#8419);
#7134=AXIS2_PLACEMENT_3D('',#11826,#8422,#8423);
#7135=AXIS2_PLACEMENT_3D('',#11835,#8428,#8429);
#7136=AXIS2_PLACEMENT_3D('',#11836,#8430,#8431);
#7137=AXIS2_PLACEMENT_3D('',#11838,#8432,#8433);
#7138=AXIS2_PLACEMENT_3D('',#11840,#8434,#8435);
#7139=AXIS2_PLACEMENT_3D('',#11841,#8436,#8437);
#7140=AXIS2_PLACEMENT_3D('',#11843,#8438,#8439);
#7141=AXIS2_PLACEMENT_3D('',#11845,#8440,#8441);
#7142=AXIS2_PLACEMENT_3D('',#11846,#8442,#8443);
#7143=AXIS2_PLACEMENT_3D('',#11848,#8444,#8445);
#7144=AXIS2_PLACEMENT_3D('',#11850,#8446,#8447);
#7145=AXIS2_PLACEMENT_3D('',#11851,#8448,#8449);
#7146=AXIS2_PLACEMENT_3D('',#11853,#8450,#8451);
#7147=AXIS2_PLACEMENT_3D('',#11855,#8452,#8453);
#7148=AXIS2_PLACEMENT_3D('',#11858,#8456,#8457);
#7149=AXIS2_PLACEMENT_3D('',#11861,#8460,#8461);
#7150=AXIS2_PLACEMENT_3D('',#11862,#8462,#8463);
#7151=AXIS2_PLACEMENT_3D('',#11863,#8464,#8465);
#7152=AXIS2_PLACEMENT_3D('',#11864,#8466,#8467);
#7153=AXIS2_PLACEMENT_3D('',#11865,#8468,#8469);
#7154=AXIS2_PLACEMENT_3D('',#11866,#8470,#8471);
#7155=AXIS2_PLACEMENT_3D('',#11867,#8472,#8473);
#7156=AXIS2_PLACEMENT_3D('',#11868,#8474,#8475);
#7157=AXIS2_PLACEMENT_3D('',#11869,#8476,#8477);
#7158=AXIS2_PLACEMENT_3D('',#11870,#8478,#8479);
#7159=AXIS2_PLACEMENT_3D('',#11871,#8480,#8481);
#7160=AXIS2_PLACEMENT_3D('',#11872,#8482,#8483);
#7161=AXIS2_PLACEMENT_3D('',#11873,#8484,#8485);
#7162=AXIS2_PLACEMENT_3D('',#11874,#8486,#8487);
#7163=AXIS2_PLACEMENT_3D('',#11875,#8488,#8489);
#7164=DIRECTION('',(0.,0.,1.));
#7165=DIRECTION('',(1.,0.,0.));
#7166=DIRECTION('',(1.,3.18297885500331E-16,0.));
#7167=DIRECTION('',(-3.18297885500331E-16,1.,0.));
#7168=DIRECTION('',(3.18297885500331E-16,-1.,0.));
#7169=DIRECTION('',(1.15516526467311E-16,-0.362919553441993,0.931820475053787));
#7170=DIRECTION('',(3.18297885500331E-16,-1.,0.));
#7171=DIRECTION('',(-3.18142068591214E-16,0.999510468287049,0.031286159633368));
#7172=DIRECTION('',(0.,0.,1.));
#7173=DIRECTION('',(1.39855395140111E-16,-0.439385247314077,0.898298727842107));
#7174=DIRECTION('',(0.,0.,-1.));
#7175=DIRECTION('',(3.18297885500331E-16,-1.,0.));
#7176=DIRECTION('',(1.15516526467311E-16,-0.362919553441993,0.931820475053787));
#7177=DIRECTION('',(3.18297885500331E-16,-1.,0.));
#7178=DIRECTION('',(-3.18142068591214E-16,0.999510468287049,0.031286159633368));
#7179=DIRECTION('',(0.,0.,1.));
#7180=DIRECTION('',(1.39855395140111E-16,-0.439385247314077,0.898298727842107));
#7181=DIRECTION('',(0.,0.,-1.));
#7182=DIRECTION('',(1.13614068512498E-16,-0.356942580167973,-0.934126326822572));
#7183=DIRECTION('',(1.,0.,0.));
#7184=DIRECTION('',(0.,0.,-1.));
#7185=DIRECTION('',(1.,0.,0.));
#7186=DIRECTION('',(0.,0.,-1.));
#7187=DIRECTION('',(1.,0.,0.));
#7188=DIRECTION('',(0.,0.,-1.));
#7189=DIRECTION('',(1.,0.,0.));
#7190=DIRECTION('',(0.,0.,-1.));
#7191=DIRECTION('',(0.,0.,-1.));
#7192=DIRECTION('',(1.,0.,0.));
#7193=DIRECTION('',(0.,0.,-1.));
#7194=DIRECTION('',(-3.18297885500331E-16,1.,0.));
#7195=DIRECTION('',(-1.96004019959446E-16,0.61578800516173,0.78791188130332));
#7196=DIRECTION('',(-2.15510435873462E-16,0.677071528561057,0.735917213558695));
#7197=DIRECTION('',(-3.18297885500331E-16,1.,0.));
#7198=DIRECTION('',(2.14857151806978E-16,-0.675019098757897,-0.73780025502305));
#7199=DIRECTION('',(-1.90027265495547E-16,0.597010769320204,-0.802233221274025));
#7200=DIRECTION('',(3.18297885500331E-16,-1.,0.));
#7201=DIRECTION('',(1.84347587126921E-16,-0.579166860744758,0.815209020690438));
#7202=DIRECTION('',(2.48548890898878E-16,-0.78086880944303,-0.624695047554425));
#7203=DIRECTION('',(0.,0.,-1.));
#7204=DIRECTION('',(3.18297885500331E-16,-1.,0.));
#7205=DIRECTION('',(0.,0.,1.));
#7206=DIRECTION('',(-3.18297885500331E-16,1.,0.));
#7207=DIRECTION('',(0.,0.,-1.));
#7208=DIRECTION('',(2.00043230261942E-17,-0.0628478037004531,-0.99802312276321));
#7209=DIRECTION('',(3.18297885500331E-16,-1.,0.));
#7210=DIRECTION('',(0.,0.,-1.));
#7211=DIRECTION('',(3.18297885500331E-16,-1.,0.));
#7212=DIRECTION('',(0.,0.,1.));
#7213=DIRECTION('',(-3.18297885500331E-16,1.,0.));
#7214=DIRECTION('',(-9.02870597735107E-17,0.283655857881646,-0.95892614642079));
#7215=DIRECTION('',(-3.18297885500331E-16,1.,0.));
#7216=DIRECTION('',(0.,0.,-1.));
#7217=DIRECTION('',(3.18297885500331E-16,-1.,0.));
#7218=DIRECTION('',(0.,0.,1.));
#7219=DIRECTION('',(0.,0.,-1.));
#7220=DIRECTION('',(3.18297885500331E-16,-1.,0.));
#7221=DIRECTION('',(0.,0.,1.));
#7222=DIRECTION('',(-3.18297885500331E-16,1.,0.));
#7223=DIRECTION('',(0.,0.,-1.));
#7224=DIRECTION('',(1.,0.,0.));
#7225=DIRECTION('',(0.,0.,-1.));
#7226=DIRECTION('',(2.48440931940699E-17,-0.078052963358577,-0.996949213807276));
#7227=DIRECTION('',(-3.18297885500331E-16,1.,0.));
#7228=DIRECTION('',(0.,0.,-1.));
#7229=DIRECTION('',(0.,0.,1.));
#7230=DIRECTION('',(3.18297885500331E-16,-1.,0.));
#7231=DIRECTION('',(0.,0.,1.));
#7232=DIRECTION('',(-2.72019579211368E-16,0.85460693144028,0.519275449770378));
#7233=DIRECTION('',(-1.11141539747639E-16,0.349174609102214,0.937057678245217));
#7234=DIRECTION('',(-3.18297885500331E-16,1.,0.));
#7235=DIRECTION('',(0.,0.,-1.));
#7236=DIRECTION('',(-3.18297885500331E-16,1.,0.));
#7237=DIRECTION('',(0.,0.,-1.));
#7238=DIRECTION('',(3.18297885500331E-16,-1.,0.));
#7239=DIRECTION('',(0.,0.,-1.));
#7240=DIRECTION('',(1.,0.,0.));
#7241=DIRECTION('',(0.,0.,-1.));
#7242=DIRECTION('',(0.,0.,1.));
#7243=DIRECTION('',(1.,0.,0.));
#7244=DIRECTION('',(0.,0.,-1.));
#7245=DIRECTION('',(1.,0.,0.));
#7246=DIRECTION('',(0.,0.,-1.));
#7247=DIRECTION('',(1.,0.,0.));
#7248=DIRECTION('',(0.,0.,-1.));
#7249=DIRECTION('',(1.,0.,0.));
#7250=DIRECTION('',(0.,0.,-1.));
#7251=DIRECTION('',(1.,0.,0.));
#7252=DIRECTION('',(0.,0.,-1.));
#7253=DIRECTION('',(1.22695412481186E-16,-0.385473539317806,-0.922718890283386));
#7254=DIRECTION('',(1.,0.,0.));
#7255=DIRECTION('',(0.,0.,-1.));
#7256=DIRECTION('',(1.,0.,0.));
#7257=DIRECTION('',(0.,0.,-1.));
#7258=DIRECTION('',(1.,0.,0.));
#7259=DIRECTION('',(0.,0.,-1.));
#7260=DIRECTION('',(1.,0.,0.));
#7261=DIRECTION('',(0.,0.,-1.));
#7262=DIRECTION('',(1.,0.,0.));
#7263=DIRECTION('',(0.,0.,-1.));
#7264=DIRECTION('',(2.55804243209176E-17,-0.0803663030331096,-0.996765397341215));
#7265=DIRECTION('',(1.,0.,0.));
#7266=DIRECTION('',(0.,0.,-1.));
#7267=DIRECTION('',(0.,0.,-1.));
#7268=DIRECTION('',(3.18297885500331E-16,-1.,0.));
#7269=DIRECTION('',(0.,0.,1.));
#7270=DIRECTION('',(-3.18297885500331E-16,1.,0.));
#7271=DIRECTION('',(-7.42223882468787E-17,0.233185301027711,-0.972432319179395));
#7272=DIRECTION('',(-3.18297885500331E-16,1.,0.));
#7273=DIRECTION('',(1.,0.,0.));
#7274=DIRECTION('',(0.,0.,-1.));
#7275=DIRECTION('',(0.,0.,-1.));
#7276=DIRECTION('',(3.18297885500331E-16,-1.,0.));
#7277=DIRECTION('',(0.,0.,1.));
#7278=DIRECTION('',(-3.18297885500331E-16,1.,0.));
#7279=DIRECTION('',(0.,0.,-1.));
#7280=DIRECTION('',(3.18297885500331E-16,-1.,0.));
#7281=DIRECTION('',(0.,0.,-1.));
#7282=DIRECTION('',(3.18297885500331E-16,-1.,0.));
#7283=DIRECTION('',(0.,0.,1.));
#7284=DIRECTION('',(3.18297885500331E-16,-1.,0.));
#7285=DIRECTION('',(0.,0.,1.));
#7286=DIRECTION('',(-2.86097041997701E-16,0.898834252536695,0.438288702189322));
#7287=DIRECTION('',(0.,0.,1.));
#7288=DIRECTION('',(1.04767240677371E-16,-0.329148402958089,-0.944278205207629));
#7289=DIRECTION('',(1.,0.,0.));
#7290=DIRECTION('',(0.,0.,-1.));
#7291=DIRECTION('',(0.,0.,-1.));
#7292=DIRECTION('',(-3.18297885500331E-16,1.,0.));
#7293=DIRECTION('',(1.18242241888927E-16,-0.371482963837671,0.928439770571241));
#7294=DIRECTION('',(-3.18297885500331E-16,1.,0.));
#7295=DIRECTION('',(-1.01161060459183E-16,0.317818826537816,-0.948151461264563));
#7296=DIRECTION('',(1.,0.,0.));
#7297=DIRECTION('',(0.,0.,-1.));
#7298=DIRECTION('',(-3.18297885500331E-16,1.,0.));
#7299=DIRECTION('',(1.,0.,0.));
#7300=DIRECTION('',(0.,0.,-1.));
#7301=DIRECTION('',(-9.95004890053467E-17,0.312601790768865,0.94988426684944));
#7302=DIRECTION('',(-3.18297885500331E-16,1.,0.));
#7303=DIRECTION('',(1.11770136367268E-16,-0.351149478079559,-0.936319413471949));
#7304=DIRECTION('',(1.,0.,0.));
#7305=DIRECTION('',(0.,0.,-1.));
#7306=DIRECTION('',(0.,0.,1.));
#7307=DIRECTION('',(1.,0.,0.));
#7308=DIRECTION('',(0.,0.,-1.));
#7309=DIRECTION('',(1.,0.,0.));
#7310=DIRECTION('',(0.,0.,-1.));
#7311=DIRECTION('',(-1.00127489191602E-16,0.314571644213758,0.949233733416935));
#7312=DIRECTION('',(3.18297885500331E-16,-1.,0.));
#7313=DIRECTION('',(0.,0.,-1.));
#7314=DIRECTION('',(-3.18297885500331E-16,1.,0.));
#7315=DIRECTION('',(1.,0.,0.));
#7316=DIRECTION('',(0.,0.,-1.));
#7317=DIRECTION('',(0.,0.,-1.));
#7318=DIRECTION('',(3.18297885500331E-16,-1.,0.));
#7319=DIRECTION('',(0.,0.,1.));
#7320=DIRECTION('',(0.,0.,-1.));
#7321=DIRECTION('',(3.18297885500331E-16,-1.,0.));
#7322=DIRECTION('',(0.,0.,1.));
#7323=DIRECTION('',(0.,0.,-1.));
#7324=DIRECTION('',(3.18297885500331E-16,-1.,0.));
#7325=DIRECTION('',(0.,0.,-1.));
#7326=DIRECTION('',(0.,0.,-1.));
#7327=DIRECTION('',(0.,1.,0.));
#7328=DIRECTION('',(0.,0.,1.));
#7329=DIRECTION('',(-1.,0.,0.));
#7330=DIRECTION('',(0.,0.,1.));
#7331=DIRECTION('',(1.,0.,0.));
#7332=DIRECTION('',(0.,0.,-1.));
#7333=DIRECTION('',(0.,1.,0.));
#7334=DIRECTION('',(0.,0.,1.));
#7335=DIRECTION('',(1.,0.,0.));
#7336=DIRECTION('',(0.,0.,-1.));
#7337=DIRECTION('',(1.,0.,0.));
#7338=DIRECTION('',(0.,0.,-1.));
#7339=DIRECTION('',(1.,1.06099295166777E-16,0.));
#7340=DIRECTION('',(-1.06099295166777E-16,1.,0.));
#7341=DIRECTION('',(1.06099295166777E-16,-1.,0.));
#7342=DIRECTION('',(0.,0.,-1.));
#7343=DIRECTION('',(1.06099295166777E-16,-1.,0.));
#7344=DIRECTION('',(0.,0.,-1.));
#7345=DIRECTION('',(0.,1.,0.));
#7346=DIRECTION('',(0.,0.,1.));
#7347=DIRECTION('',(1.,0.,0.));
#7348=DIRECTION('',(0.,0.,-1.));
#7349=DIRECTION('',(1.,0.,0.));
#7350=DIRECTION('',(0.,0.,-1.));
#7351=DIRECTION('',(1.,0.,0.));
#7352=DIRECTION('',(0.,0.,1.));
#7353=DIRECTION('',(1.,0.,0.));
#7354=DIRECTION('',(0.,0.,1.));
#7355=DIRECTION('',(0.,0.,-1.));
#7356=DIRECTION('',(-1.,0.,0.));
#7357=DIRECTION('',(0.,0.,1.));
#7358=DIRECTION('',(1.,0.,0.));
#7359=DIRECTION('',(0.,0.,1.));
#7360=DIRECTION('',(1.,0.,0.));
#7361=DIRECTION('',(0.,0.,-1.));
#7362=DIRECTION('',(-1.,0.,0.));
#7363=DIRECTION('',(0.,0.,1.));
#7364=DIRECTION('',(1.,0.,0.));
#7365=DIRECTION('',(0.,0.,1.));
#7366=DIRECTION('',(1.,0.,0.));
#7367=DIRECTION('',(0.,0.,-1.));
#7368=DIRECTION('',(-1.,0.,0.));
#7369=DIRECTION('',(0.,0.,1.));
#7370=DIRECTION('',(1.,0.,0.));
#7371=DIRECTION('',(0.,0.,1.));
#7372=DIRECTION('',(1.,0.,0.));
#7373=DIRECTION('',(0.,0.,-1.));
#7374=DIRECTION('',(-1.,0.,0.));
#7375=DIRECTION('',(0.,0.,1.));
#7376=DIRECTION('',(1.,0.,0.));
#7377=DIRECTION('',(0.,0.,1.));
#7378=DIRECTION('',(1.,0.,0.));
#7379=DIRECTION('',(0.,0.,1.));
#7380=DIRECTION('',(1.,0.,0.));
#7381=DIRECTION('',(0.,0.,1.));
#7382=DIRECTION('',(1.,0.,0.));
#7383=DIRECTION('',(0.,0.,1.));
#7384=DIRECTION('',(1.,0.,0.));
#7385=DIRECTION('',(0.,0.,1.));
#7386=DIRECTION('',(1.,0.,0.));
#7387=DIRECTION('',(0.,0.,1.));
#7388=DIRECTION('',(1.,0.,0.));
#7389=DIRECTION('',(0.,1.,0.));
#7390=DIRECTION('',(0.,0.,1.));
#7391=DIRECTION('',(0.,0.,1.));
#7392=DIRECTION('',(-1.,0.,0.));
#7393=DIRECTION('',(0.,0.,-1.));
#7394=DIRECTION('',(1.,0.,0.));
#7395=DIRECTION('',(-1.,-1.52839072773287E-16,0.));
#7396=DIRECTION('',(1.52839072773287E-16,-1.,0.));
#7397=DIRECTION('',(1.52839072773287E-16,-1.,0.));
#7398=DIRECTION('',(0.,0.,-1.));
#7399=DIRECTION('',(-1.52839072773287E-16,1.,0.));
#7400=DIRECTION('',(0.,1.,0.));
#7401=DIRECTION('',(0.,0.,1.));
#7402=DIRECTION('',(-1.,0.,0.));
#7403=DIRECTION('',(0.,0.,-1.));
#7404=DIRECTION('',(1.,0.,0.));
#7405=DIRECTION('',(-1.,-1.52839072773287E-16,0.));
#7406=DIRECTION('',(1.52839072773287E-16,-1.,0.));
#7407=DIRECTION('',(1.52839072773287E-16,-1.,0.));
#7408=DIRECTION('',(-1.52839072773287E-16,1.,0.));
#7409=DIRECTION('',(0.,0.,1.));
#7410=DIRECTION('',(1.,0.,0.));
#7411=DIRECTION('',(0.,0.,1.));
#7412=DIRECTION('',(1.,0.,0.));
#7413=DIRECTION('',(0.,0.,1.));
#7414=DIRECTION('',(1.,0.,0.));
#7415=DIRECTION('',(0.,-1.,0.));
#7416=DIRECTION('',(0.,-1.,0.));
#7417=DIRECTION('',(0.,0.,1.));
#7418=DIRECTION('',(1.,0.,0.));
#7419=DIRECTION('',(0.,0.,1.));
#7420=DIRECTION('',(1.,0.,0.));
#7421=DIRECTION('',(0.,0.,1.));
#7422=DIRECTION('',(1.,0.,0.));
#7423=DIRECTION('',(0.,-1.,0.));
#7424=DIRECTION('',(0.,-1.,0.));
#7425=DIRECTION('',(-1.,0.,0.));
#7426=DIRECTION('',(0.,0.,1.));
#7427=DIRECTION('',(-1.,0.,0.));
#7428=DIRECTION('',(0.,0.,1.));
#7429=DIRECTION('',(1.,0.,0.));
#7430=DIRECTION('',(1.,0.,0.));
#7431=DIRECTION('',(1.,0.,0.));
#7432=DIRECTION('',(1.,0.,0.));
#7433=DIRECTION('',(1.,0.,0.));
#7434=DIRECTION('',(1.,0.,0.));
#7435=DIRECTION('',(1.,0.,0.));
#7436=DIRECTION('',(1.,0.,0.));
#7437=DIRECTION('',(0.,1.,0.));
#7438=DIRECTION('',(0.,0.,1.));
#7439=DIRECTION('',(1.,0.,0.));
#7440=DIRECTION('',(0.,0.,1.));
#7441=DIRECTION('',(0.,0.,1.));
#7442=DIRECTION('',(1.,0.,0.));
#7443=DIRECTION('',(1.,0.,0.));
#7444=DIRECTION('',(1.,0.,0.));
#7445=DIRECTION('',(0.,0.,1.));
#7446=DIRECTION('',(1.,0.,0.));
#7447=DIRECTION('',(0.,0.,1.));
#7448=DIRECTION('',(1.,0.,0.));
#7449=DIRECTION('',(1.,0.,0.));
#7450=DIRECTION('',(0.,-1.,0.));
#7451=DIRECTION('',(0.,0.926488862154077,0.376322186835221));
#7452=DIRECTION('',(0.,-0.376322186835221,0.926488862154078));
#7453=DIRECTION('',(0.,0.926488862154077,0.376322186835221));
#7454=DIRECTION('',(0.,0.376322186835221,-0.926488862154078));
#7455=DIRECTION('',(1.,0.,0.));
#7456=DIRECTION('',(0.,-0.376322186835221,0.926488862154077));
#7457=DIRECTION('',(0.,0.,1.));
#7458=DIRECTION('',(1.,0.,0.));
#7459=DIRECTION('',(0.,0.,1.));
#7460=DIRECTION('',(1.,0.,0.));
#7461=DIRECTION('',(1.,0.,0.));
#7462=DIRECTION('',(0.,-1.,0.));
#7463=DIRECTION('',(0.,-1.,0.));
#7464=DIRECTION('',(0.,0.,-1.));
#7465=DIRECTION('',(0.,0.,-1.));
#7466=DIRECTION('',(1.,0.,0.));
#7467=DIRECTION('',(0.,0.,-1.));
#7468=DIRECTION('',(0.,0.,-1.));
#7469=DIRECTION('',(-1.,0.,0.));
#7470=DIRECTION('',(0.,0.,-1.));
#7471=DIRECTION('',(-1.,0.,0.));
#7472=DIRECTION('',(1.,0.,0.));
#7473=DIRECTION('',(0.,1.,0.));
#7474=DIRECTION('',(0.,1.,0.));
#7475=DIRECTION('',(0.,0.,1.));
#7476=DIRECTION('',(0.,0.,-1.));
#7477=DIRECTION('',(1.,0.,0.));
#7478=DIRECTION('',(0.,0.,1.));
#7479=DIRECTION('',(1.,0.,0.));
#7480=DIRECTION('',(0.,-0.995096917669537,-0.098904622968726));
#7481=DIRECTION('',(1.,0.,0.));
#7482=DIRECTION('',(1.,0.,0.));
#7483=DIRECTION('',(0.,0.,-1.));
#7484=DIRECTION('',(0.,0.,-1.));
#7485=DIRECTION('',(-1.,0.,0.));
#7486=DIRECTION('',(0.,0.,-1.));
#7487=DIRECTION('',(-1.,0.,0.));
#7488=DIRECTION('',(1.,0.,0.));
#7489=DIRECTION('',(0.,1.,0.));
#7490=DIRECTION('',(1.,0.,0.));
#7491=DIRECTION('',(1.,0.,0.));
#7492=DIRECTION('',(1.,0.,0.));
#7493=DIRECTION('',(1.,0.,0.));
#7494=DIRECTION('',(0.,1.,0.));
#7495=DIRECTION('',(0.,-0.0352085090706876,0.999379988237217));
#7496=DIRECTION('',(0.,-0.999379988237217,-0.0352085090706876));
#7497=DIRECTION('',(1.,0.,0.));
#7498=DIRECTION('',(0.,-0.999379988237217,-0.0352085090706876));
#7499=DIRECTION('',(1.,0.,0.));
#7500=DIRECTION('',(3.18100537067253E-16,-0.999379988237217,-0.0352085090706876));
#7501=DIRECTION('',(0.,1.,0.));
#7502=DIRECTION('',(0.,0.,1.));
#7503=DIRECTION('',(1.,0.,0.));
#7504=DIRECTION('',(0.,0.,1.));
#7505=DIRECTION('',(0.,0.,1.));
#7506=DIRECTION('',(1.,0.,0.));
#7507=DIRECTION('',(1.,0.,0.));
#7508=DIRECTION('',(1.,0.,0.));
#7509=DIRECTION('',(1.,0.,0.));
#7510=DIRECTION('',(0.,0.931820475053786,0.362919553441993));
#7511=DIRECTION('',(0.,-0.362919553441993,0.931820475053787));
#7512=DIRECTION('',(1.,0.,0.));
#7513=DIRECTION('',(0.,-0.362919553441994,0.931820475053787));
#7514=DIRECTION('',(1.,0.,0.));
#7515=DIRECTION('',(0.,0.,1.));
#7516=DIRECTION('',(1.,0.,0.));
#7517=DIRECTION('',(1.,0.,0.));
#7518=DIRECTION('',(0.,-1.,0.));
#7519=DIRECTION('',(0.,-1.,0.));
#7520=DIRECTION('',(0.,0.,-1.));
#7521=DIRECTION('',(1.,0.,0.));
#7522=DIRECTION('',(0.,0.,-1.));
#7523=DIRECTION('',(1.,0.,0.));
#7524=DIRECTION('',(1.,0.,0.));
#7525=DIRECTION('',(1.,0.,0.));
#7526=DIRECTION('',(0.,0.898298727842107,0.439385247314077));
#7527=DIRECTION('',(0.,-0.439385247314077,0.898298727842107));
#7528=DIRECTION('',(1.,0.,0.));
#7529=DIRECTION('',(0.,-0.439385247314077,0.898298727842107));
#7530=DIRECTION('',(1.,0.,0.));
#7531=DIRECTION('',(1.,0.,0.));
#7532=DIRECTION('',(0.,1.,0.));
#7533=DIRECTION('',(0.,0.,1.));
#7534=DIRECTION('',(1.,0.,0.));
#7535=DIRECTION('',(0.,0.,1.));
#7536=DIRECTION('',(0.,0.031286159633368,-0.999510468287049));
#7537=DIRECTION('',(0.,0.999510468287049,0.031286159633368));
#7538=DIRECTION('',(1.,0.,0.));
#7539=DIRECTION('',(0.,0.999510468287049,0.031286159633368));
#7540=DIRECTION('',(1.,0.,0.));
#7541=DIRECTION('',(1.,0.,0.));
#7542=DIRECTION('',(1.,0.,0.));
#7543=DIRECTION('',(1.,0.,0.));
#7544=DIRECTION('',(1.,0.,0.));
#7545=DIRECTION('',(1.,0.,0.));
#7546=DIRECTION('',(0.,0.,1.));
#7547=DIRECTION('',(1.,0.,0.));
#7548=DIRECTION('',(0.,-1.,0.));
#7549=DIRECTION('',(1.,0.,0.));
#7550=DIRECTION('',(0.,1.,0.));
#7551=DIRECTION('',(1.,0.,0.));
#7552=DIRECTION('',(1.,0.,0.));
#7553=DIRECTION('',(1.,0.,0.));
#7554=DIRECTION('',(1.,0.,0.));
#7555=DIRECTION('',(0.,0.396369248047622,-0.918091182400835));
#7556=DIRECTION('',(1.,0.,0.));
#7557=DIRECTION('',(1.,0.,0.));
#7558=DIRECTION('',(0.,0.,-1.));
#7559=DIRECTION('',(0.,-1.,0.));
#7560=DIRECTION('',(0.,0.,-1.));
#7561=DIRECTION('',(1.,0.,0.));
#7562=DIRECTION('',(0.,0.,-1.));
#7563=DIRECTION('',(1.,0.,0.));
#7564=DIRECTION('',(0.,0.438498068523568,-0.898732131338977));
#7565=DIRECTION('',(1.,0.,0.));
#7566=DIRECTION('',(1.,0.,0.));
#7567=DIRECTION('',(0.,0.,-1.));
#7568=DIRECTION('',(1.,0.,0.));
#7569=DIRECTION('',(0.,0.145630804293765,-0.989339006024099));
#7570=DIRECTION('',(1.,0.,0.));
#7571=DIRECTION('',(1.,0.,0.));
#7572=DIRECTION('',(0.,0.,-1.));
#7573=DIRECTION('',(1.,0.,0.));
#7574=DIRECTION('',(1.,0.,0.));
#7575=DIRECTION('',(1.,0.,0.));
#7576=DIRECTION('',(0.,0.147044105912487,0.989129936315951));
#7577=DIRECTION('',(1.,0.,0.));
#7578=DIRECTION('',(1.,0.,0.));
#7579=DIRECTION('',(0.,0.,-1.));
#7580=DIRECTION('',(1.,0.,0.));
#7581=DIRECTION('',(0.,0.334093205538973,0.94254004159648));
#7582=DIRECTION('',(1.,0.,0.));
#7583=DIRECTION('',(1.,0.,0.));
#7584=DIRECTION('',(0.,0.,-1.));
#7585=DIRECTION('',(0.,-0.934126326822572,0.356942580167973));
#7586=DIRECTION('',(0.,-0.356942580167973,-0.934126326822572));
#7587=DIRECTION('',(1.,0.,0.));
#7588=DIRECTION('',(0.,-0.356942580167973,-0.934126326822572));
#7589=DIRECTION('',(1.,0.,0.));
#7590=DIRECTION('',(1.,0.,0.));
#7591=DIRECTION('',(1.,0.,0.));
#7592=DIRECTION('',(0.,1.,0.));
#7593=DIRECTION('',(0.,0.78791188130332,-0.61578800516173));
#7594=DIRECTION('',(0.,0.61578800516173,0.78791188130332));
#7595=DIRECTION('',(1.,0.,0.));
#7596=DIRECTION('',(0.,0.61578800516173,0.78791188130332));
#7597=DIRECTION('',(1.,0.,0.));
#7598=DIRECTION('',(0.,0.,-1.));
#7599=DIRECTION('',(-1.,0.,0.));
#7600=DIRECTION('',(1.,0.,0.));
#7601=DIRECTION('',(0.,1.,0.));
#7602=DIRECTION('',(0.,-0.99802312276321,0.0628478037004531));
#7603=DIRECTION('',(0.,-0.0628478037004531,-0.99802312276321));
#7604=DIRECTION('',(1.,0.,0.));
#7605=DIRECTION('',(0.,-0.0628478037004531,-0.99802312276321));
#7606=DIRECTION('',(0.,-1.,0.));
#7607=DIRECTION('',(0.,0.,-1.));
#7608=DIRECTION('',(1.,0.,0.));
#7609=DIRECTION('',(0.,0.,-1.));
#7610=DIRECTION('',(0.,0.,-1.));
#7611=DIRECTION('',(-1.,0.,0.));
#7612=DIRECTION('',(1.,0.,0.));
#7613=DIRECTION('',(0.,1.,0.));
#7614=DIRECTION('',(0.,1.,0.));
#7615=DIRECTION('',(0.,0.,1.));
#7616=DIRECTION('',(1.,0.,0.));
#7617=DIRECTION('',(0.,0.,1.));
#7618=DIRECTION('',(0.,0.,1.));
#7619=DIRECTION('',(1.,0.,0.));
#7620=DIRECTION('',(1.,0.,0.));
#7621=DIRECTION('',(0.,-1.,0.));
#7622=DIRECTION('',(0.,-1.,0.));
#7623=DIRECTION('',(0.,0.,-1.));
#7624=DIRECTION('',(1.,0.,0.));
#7625=DIRECTION('',(0.,0.,-1.));
#7626=DIRECTION('',(0.,-0.624695047554425,0.78086880944303));
#7627=DIRECTION('',(0.,-0.78086880944303,-0.624695047554425));
#7628=DIRECTION('',(1.,0.,0.));
#7629=DIRECTION('',(0.,-0.78086880944303,-0.624695047554425));
#7630=DIRECTION('',(0.,0.815209020690437,0.579166860744758));
#7631=DIRECTION('',(0.,-0.579166860744758,0.815209020690438));
#7632=DIRECTION('',(1.,0.,0.));
#7633=DIRECTION('',(0.,-0.579166860744758,0.815209020690438));
#7634=DIRECTION('',(0.,0.,1.));
#7635=DIRECTION('',(1.,0.,0.));
#7636=DIRECTION('',(1.,0.,0.));
#7637=DIRECTION('',(0.,-1.,0.));
#7638=DIRECTION('',(0.,-0.802233221274024,-0.597010769320204));
#7639=DIRECTION('',(0.,0.597010769320204,-0.802233221274025));
#7640=DIRECTION('',(1.,0.,0.));
#7641=DIRECTION('',(0.,0.597010769320204,-0.802233221274025));
#7642=DIRECTION('',(0.,-0.73780025502305,0.675019098757897));
#7643=DIRECTION('',(0.,-0.675019098757897,-0.73780025502305));
#7644=DIRECTION('',(1.,0.,0.));
#7645=DIRECTION('',(0.,-0.675019098757897,-0.73780025502305));
#7646=DIRECTION('',(0.,0.,-1.));
#7647=DIRECTION('',(-1.,0.,0.));
#7648=DIRECTION('',(1.,0.,0.));
#7649=DIRECTION('',(0.,1.,0.));
#7650=DIRECTION('',(0.,0.735917213558695,-0.677071528561057));
#7651=DIRECTION('',(0.,0.677071528561057,0.735917213558695));
#7652=DIRECTION('',(0.,0.677071528561057,0.735917213558695));
#7653=DIRECTION('',(1.,0.,0.));
#7654=DIRECTION('',(0.,1.,0.));
#7655=DIRECTION('',(0.,-0.0352085090706876,0.999379988237217));
#7656=DIRECTION('',(0.,-0.999379988237217,-0.0352085090706876));
#7657=DIRECTION('',(1.,0.,0.));
#7658=DIRECTION('',(0.,-0.999379988237217,-0.0352085090706876));
#7659=DIRECTION('',(1.,0.,0.));
#7660=DIRECTION('',(3.18100537067253E-16,-0.999379988237217,-0.0352085090706876));
#7661=DIRECTION('',(0.,1.,0.));
#7662=DIRECTION('',(0.,0.,1.));
#7663=DIRECTION('',(1.,0.,0.));
#7664=DIRECTION('',(0.,0.,1.));
#7665=DIRECTION('',(0.,0.,1.));
#7666=DIRECTION('',(1.,0.,0.));
#7667=DIRECTION('',(1.,0.,0.));
#7668=DIRECTION('',(1.,0.,0.));
#7669=DIRECTION('',(1.,0.,0.));
#7670=DIRECTION('',(0.,0.931820475053786,0.362919553441993));
#7671=DIRECTION('',(0.,-0.362919553441993,0.931820475053787));
#7672=DIRECTION('',(1.,0.,0.));
#7673=DIRECTION('',(0.,-0.362919553441994,0.931820475053787));
#7674=DIRECTION('',(1.,0.,0.));
#7675=DIRECTION('',(0.,0.,1.));
#7676=DIRECTION('',(1.,0.,0.));
#7677=DIRECTION('',(1.,0.,0.));
#7678=DIRECTION('',(0.,-1.,0.));
#7679=DIRECTION('',(0.,-1.,0.));
#7680=DIRECTION('',(0.,0.,-1.));
#7681=DIRECTION('',(1.,0.,0.));
#7682=DIRECTION('',(0.,0.,-1.));
#7683=DIRECTION('',(1.,0.,0.));
#7684=DIRECTION('',(1.,0.,0.));
#7685=DIRECTION('',(1.,0.,0.));
#7686=DIRECTION('',(0.,0.898298727842107,0.439385247314077));
#7687=DIRECTION('',(0.,-0.439385247314077,0.898298727842107));
#7688=DIRECTION('',(1.,0.,0.));
#7689=DIRECTION('',(0.,-0.439385247314077,0.898298727842107));
#7690=DIRECTION('',(1.,0.,0.));
#7691=DIRECTION('',(1.,0.,0.));
#7692=DIRECTION('',(0.,1.,0.));
#7693=DIRECTION('',(0.,0.,1.));
#7694=DIRECTION('',(1.,0.,0.));
#7695=DIRECTION('',(0.,0.,1.));
#7696=DIRECTION('',(0.,0.031286159633368,-0.999510468287049));
#7697=DIRECTION('',(0.,0.999510468287049,0.031286159633368));
#7698=DIRECTION('',(1.,0.,0.));
#7699=DIRECTION('',(0.,0.999510468287049,0.031286159633368));
#7700=DIRECTION('',(1.,0.,0.));
#7701=DIRECTION('',(1.,0.,0.));
#7702=DIRECTION('',(1.,0.,0.));
#7703=DIRECTION('',(1.,0.,0.));
#7704=DIRECTION('',(1.,0.,0.));
#7705=DIRECTION('',(1.,0.,0.));
#7706=DIRECTION('',(0.,0.,1.));
#7707=DIRECTION('',(1.,0.,0.));
#7708=DIRECTION('',(0.,-1.,0.));
#7709=DIRECTION('',(1.,0.,0.));
#7710=DIRECTION('',(0.,1.,0.));
#7711=DIRECTION('',(1.,0.,0.));
#7712=DIRECTION('',(1.,0.,0.));
#7713=DIRECTION('',(1.,0.,0.));
#7714=DIRECTION('',(1.,0.,0.));
#7715=DIRECTION('',(1.,0.,0.));
#7716=DIRECTION('',(1.,0.,0.));
#7717=DIRECTION('',(1.,0.,0.));
#7718=DIRECTION('',(0.,-1.,0.));
#7719=DIRECTION('',(0.,0.,-1.));
#7720=DIRECTION('',(1.,0.,0.));
#7721=DIRECTION('',(0.,0.,-1.));
#7722=DIRECTION('',(0.,0.,-1.));
#7723=DIRECTION('',(1.,0.,0.));
#7724=DIRECTION('',(1.,0.,0.));
#7725=DIRECTION('',(1.,0.,0.));
#7726=DIRECTION('',(1.,0.,0.));
#7727=DIRECTION('',(1.,0.,0.));
#7728=DIRECTION('',(1.,0.,0.));
#7729=DIRECTION('',(1.,0.,0.));
#7730=DIRECTION('',(1.,0.,0.));
#7731=DIRECTION('',(0.,0.,-1.));
#7732=DIRECTION('',(-1.,0.,0.));
#7733=DIRECTION('',(1.,0.,0.));
#7734=DIRECTION('',(0.,1.,0.));
#7735=DIRECTION('',(0.,-0.95892614642079,-0.283655857881646));
#7736=DIRECTION('',(0.,0.283655857881646,-0.95892614642079));
#7737=DIRECTION('',(1.,0.,0.));
#7738=DIRECTION('',(0.,0.283655857881646,-0.95892614642079));
#7739=DIRECTION('',(0.,0.,-1.));
#7740=DIRECTION('',(-1.,0.,0.));
#7741=DIRECTION('',(1.,0.,0.));
#7742=DIRECTION('',(0.,1.,0.));
#7743=DIRECTION('',(0.,1.,0.));
#7744=DIRECTION('',(0.,0.,1.));
#7745=DIRECTION('',(1.,0.,0.));
#7746=DIRECTION('',(0.,0.,1.));
#7747=DIRECTION('',(0.,0.,1.));
#7748=DIRECTION('',(1.,0.,0.));
#7749=DIRECTION('',(1.,0.,0.));
#7750=DIRECTION('',(0.,-1.,0.));
#7751=DIRECTION('',(0.,-1.,0.));
#7752=DIRECTION('',(0.,0.,-1.));
#7753=DIRECTION('',(1.,0.,0.));
#7754=DIRECTION('',(0.,0.,-1.));
#7755=DIRECTION('',(1.,0.,0.));
#7756=DIRECTION('',(0.,0.,1.));
#7757=DIRECTION('',(1.,0.,0.));
#7758=DIRECTION('',(0.,-1.,0.));
#7759=DIRECTION('',(1.,0.,0.));
#7760=DIRECTION('',(0.,1.,0.));
#7761=DIRECTION('',(0.,0.,1.));
#7762=DIRECTION('',(1.,0.,0.));
#7763=DIRECTION('',(1.,0.,0.));
#7764=DIRECTION('',(0.,-1.,0.));
#7765=DIRECTION('',(1.,0.,0.));
#7766=DIRECTION('',(0.,-1.,0.));
#7767=DIRECTION('',(0.,0.,-1.));
#7768=DIRECTION('',(1.,0.,0.));
#7769=DIRECTION('',(0.,0.,-1.));
#7770=DIRECTION('',(1.,0.,0.));
#7771=DIRECTION('',(1.,0.,0.));
#7772=DIRECTION('',(1.,0.,0.));
#7773=DIRECTION('',(0.,0.,-1.));
#7774=DIRECTION('',(-1.,0.,0.));
#7775=DIRECTION('',(1.,0.,0.));
#7776=DIRECTION('',(0.,1.,0.));
#7777=DIRECTION('',(0.,-0.996949213807275,0.0780529633585769));
#7778=DIRECTION('',(0.,-0.078052963358577,-0.996949213807276));
#7779=DIRECTION('',(1.,0.,0.));
#7780=DIRECTION('',(0.,-0.078052963358577,-0.996949213807276));
#7781=DIRECTION('',(1.,0.,0.));
#7782=DIRECTION('',(0.,0.999299986932908,-0.0374103744419954));
#7783=DIRECTION('',(1.,0.,0.));
#7784=DIRECTION('',(1.,0.,0.));
#7785=DIRECTION('',(0.,0.,-1.));
#7786=DIRECTION('',(0.,-1.,0.));
#7787=DIRECTION('',(0.,0.,-1.));
#7788=DIRECTION('',(1.,0.,0.));
#7789=DIRECTION('',(0.,0.,-1.));
#7790=DIRECTION('',(0.,0.,-1.));
#7791=DIRECTION('',(-1.,0.,0.));
#7792=DIRECTION('',(1.,0.,0.));
#7793=DIRECTION('',(0.,1.,0.));
#7794=DIRECTION('',(0.,1.,0.));
#7795=DIRECTION('',(0.,0.,1.));
#7796=DIRECTION('',(1.,0.,0.));
#7797=DIRECTION('',(0.,0.,1.));
#7798=DIRECTION('',(0.,0.,1.));
#7799=DIRECTION('',(1.,0.,0.));
#7800=DIRECTION('',(1.,0.,0.));
#7801=DIRECTION('',(0.,-1.,0.));
#7802=DIRECTION('',(0.,-1.,0.));
#7803=DIRECTION('',(0.,0.,-1.));
#7804=DIRECTION('',(1.,0.,0.));
#7805=DIRECTION('',(0.,0.,-1.));
#7806=DIRECTION('',(1.,0.,0.));
#7807=DIRECTION('',(1.,0.,0.));
#7808=DIRECTION('',(1.,0.,0.));
#7809=DIRECTION('',(0.,1.,0.));
#7810=DIRECTION('',(0.,0.,1.));
#7811=DIRECTION('',(0.,0.,1.));
#7812=DIRECTION('',(1.,0.,0.));
#7813=DIRECTION('',(0.,1.,0.));
#7814=DIRECTION('',(1.,0.,0.));
#7815=DIRECTION('',(1.,0.,0.));
#7816=DIRECTION('',(1.,0.,0.));
#7817=DIRECTION('',(1.,0.,0.));
#7818=DIRECTION('',(0.,-1.,0.));
#7819=DIRECTION('',(0.,0.,-1.));
#7820=DIRECTION('',(1.,0.,0.));
#7821=DIRECTION('',(0.,0.,-1.));
#7822=DIRECTION('',(0.,0.,1.));
#7823=DIRECTION('',(1.,0.,0.));
#7824=DIRECTION('',(1.,0.,0.));
#7825=DIRECTION('',(0.,-1.,0.));
#7826=DIRECTION('',(0.,-1.,0.));
#7827=DIRECTION('',(0.,0.,-1.));
#7828=DIRECTION('',(1.,0.,0.));
#7829=DIRECTION('',(0.,0.,-1.));
#7830=DIRECTION('',(0.,0.,-1.));
#7831=DIRECTION('',(-1.,0.,0.));
#7832=DIRECTION('',(1.,0.,0.));
#7833=DIRECTION('',(0.,1.,0.));
#7834=DIRECTION('',(0.,-1.,0.));
#7835=DIRECTION('',(0.,0.,-1.));
#7836=DIRECTION('',(1.,0.,0.));
#7837=DIRECTION('',(0.,0.,-1.));
#7838=DIRECTION('',(0.,0.,-1.));
#7839=DIRECTION('',(-1.,0.,0.));
#7840=DIRECTION('',(1.,0.,0.));
#7841=DIRECTION('',(0.,1.,0.));
#7842=DIRECTION('',(0.,0.937057678245217,-0.349174609102214));
#7843=DIRECTION('',(0.,0.349174609102214,0.937057678245217));
#7844=DIRECTION('',(1.,0.,0.));
#7845=DIRECTION('',(0.,0.349174609102214,0.937057678245217));
#7846=DIRECTION('',(0.,0.519275449770378,-0.85460693144028));
#7847=DIRECTION('',(0.,0.85460693144028,0.519275449770378));
#7848=DIRECTION('',(1.,0.,0.));
#7849=DIRECTION('',(0.,0.85460693144028,0.519275449770378));
#7850=DIRECTION('',(0.,1.,0.));
#7851=DIRECTION('',(0.,0.,1.));
#7852=DIRECTION('',(1.,0.,0.));
#7853=DIRECTION('',(0.,0.,1.));
#7854=DIRECTION('',(0.,0.,1.));
#7855=DIRECTION('',(1.,0.,0.));
#7856=DIRECTION('',(1.,0.,0.));
#7857=DIRECTION('',(0.,-1.,0.));
#7858=DIRECTION('',(0.,1.,0.));
#7859=DIRECTION('',(0.,0.,1.));
#7860=DIRECTION('',(1.,0.,0.));
#7861=DIRECTION('',(0.,0.,1.));
#7862=DIRECTION('',(1.,0.,0.));
#7863=DIRECTION('',(1.,0.,0.));
#7864=DIRECTION('',(1.,0.,0.));
#7865=DIRECTION('',(0.,-1.,0.));
#7866=DIRECTION('',(0.,0.,-1.));
#7867=DIRECTION('',(0.,0.,-1.));
#7868=DIRECTION('',(1.,0.,0.));
#7869=DIRECTION('',(0.,1.,0.));
#7870=DIRECTION('',(1.,0.,0.));
#7871=DIRECTION('',(1.,0.,0.));
#7872=DIRECTION('',(1.,0.,0.));
#7873=DIRECTION('',(1.,0.,0.));
#7874=DIRECTION('',(0.,0.765363541208965,0.643598205239941));
#7875=DIRECTION('',(1.,0.,0.));
#7876=DIRECTION('',(1.,0.,0.));
#7877=DIRECTION('',(0.,0.,-1.));
#7878=DIRECTION('',(1.,0.,0.));
#7879=DIRECTION('',(1.,0.,0.));
#7880=DIRECTION('',(1.,0.,0.));
#7881=DIRECTION('',(1.,0.,0.));
#7882=DIRECTION('',(1.,0.,0.));
#7883=DIRECTION('',(0.,0.152576620659165,0.988291644621277));
#7884=DIRECTION('',(1.,0.,0.));
#7885=DIRECTION('',(1.,0.,0.));
#7886=DIRECTION('',(0.,0.,-1.));
#7887=DIRECTION('',(1.,0.,0.));
#7888=DIRECTION('',(0.,0.349590995847745,0.936902415207786));
#7889=DIRECTION('',(1.,0.,0.));
#7890=DIRECTION('',(1.,0.,0.));
#7891=DIRECTION('',(0.,0.,-1.));
#7892=DIRECTION('',(0.,-0.922718890283386,0.385473539317806));
#7893=DIRECTION('',(0.,-0.385473539317806,-0.922718890283386));
#7894=DIRECTION('',(1.,0.,0.));
#7895=DIRECTION('',(0.,-0.385473539317806,-0.922718890283386));
#7896=DIRECTION('',(1.,0.,0.));
#7897=DIRECTION('',(0.,0.217033971477963,0.976164051389162));
#7898=DIRECTION('',(1.,0.,0.));
#7899=DIRECTION('',(1.,0.,0.));
#7900=DIRECTION('',(0.,0.,-1.));
#7901=DIRECTION('',(1.,0.,0.));
#7902=DIRECTION('',(1.,0.,0.));
#7903=DIRECTION('',(1.,0.,0.));
#7904=DIRECTION('',(1.,0.,0.));
#7905=DIRECTION('',(0.,-0.772339755572483,-0.635209651975028));
#7906=DIRECTION('',(1.,0.,0.));
#7907=DIRECTION('',(1.,0.,0.));
#7908=DIRECTION('',(0.,0.,-1.));
#7909=DIRECTION('',(1.,0.,0.));
#7910=DIRECTION('',(1.,0.,0.));
#7911=DIRECTION('',(0.,0.421150680414232,0.906990685942601));
#7912=DIRECTION('',(1.,0.,0.));
#7913=DIRECTION('',(1.,0.,0.));
#7914=DIRECTION('',(0.,0.,-1.));
#7915=DIRECTION('',(1.,0.,0.));
#7916=DIRECTION('',(1.,0.,0.));
#7917=DIRECTION('',(0.,0.932380946436474,0.36147720636608));
#7918=DIRECTION('',(1.,0.,0.));
#7919=DIRECTION('',(1.,0.,0.));
#7920=DIRECTION('',(0.,0.,-1.));
#7921=DIRECTION('',(1.,0.,0.));
#7922=DIRECTION('',(1.,0.,0.));
#7923=DIRECTION('',(1.,0.,0.));
#7924=DIRECTION('',(0.,-0.333016511374028,-0.942920995180547));
#7925=DIRECTION('',(1.,0.,0.));
#7926=DIRECTION('',(1.,0.,0.));
#7927=DIRECTION('',(0.,0.,-1.));
#7928=DIRECTION('',(0.,1.,0.));
#7929=DIRECTION('',(0.,0.,1.));
#7930=DIRECTION('',(1.,0.,0.));
#7931=DIRECTION('',(0.,0.,1.));
#7932=DIRECTION('',(1.,0.,0.));
#7933=DIRECTION('',(0.,-0.290524160370185,-0.956867656596877));
#7934=DIRECTION('',(1.,0.,0.));
#7935=DIRECTION('',(1.,0.,0.));
#7936=DIRECTION('',(0.,0.,-1.));
#7937=DIRECTION('',(1.,0.,0.));
#7938=DIRECTION('',(1.,0.,0.));
#7939=DIRECTION('',(0.,1.,0.));
#7940=DIRECTION('',(1.,0.,0.));
#7941=DIRECTION('',(0.,0.0932563574353858,0.995642130385152));
#7942=DIRECTION('',(1.,0.,0.));
#7943=DIRECTION('',(1.,0.,0.));
#7944=DIRECTION('',(0.,0.,-1.));
#7945=DIRECTION('',(1.,0.,0.));
#7946=DIRECTION('',(1.,0.,0.));
#7947=DIRECTION('',(0.,-0.285248522819487,0.958453587936996));
#7948=DIRECTION('',(1.,0.,0.));
#7949=DIRECTION('',(1.,0.,0.));
#7950=DIRECTION('',(0.,0.,-1.));
#7951=DIRECTION('',(1.,0.,0.));
#7952=DIRECTION('',(0.,-0.732357566087538,0.680920256266722));
#7953=DIRECTION('',(1.,0.,0.));
#7954=DIRECTION('',(1.,0.,0.));
#7955=DIRECTION('',(0.,0.,-1.));
#7956=DIRECTION('',(0.,0.,-1.));
#7957=DIRECTION('',(-1.,0.,0.));
#7958=DIRECTION('',(1.,0.,0.));
#7959=DIRECTION('',(0.,1.,0.));
#7960=DIRECTION('',(0.,-0.972432319179394,-0.233185301027711));
#7961=DIRECTION('',(0.,0.233185301027711,-0.972432319179395));
#7962=DIRECTION('',(1.,0.,0.));
#7963=DIRECTION('',(0.,0.233185301027711,-0.972432319179395));
#7964=DIRECTION('',(0.,0.,-1.));
#7965=DIRECTION('',(-1.,0.,0.));
#7966=DIRECTION('',(1.,0.,0.));
#7967=DIRECTION('',(0.,1.,0.));
#7968=DIRECTION('',(0.,1.,0.));
#7969=DIRECTION('',(0.,0.,1.));
#7970=DIRECTION('',(1.,0.,0.));
#7971=DIRECTION('',(0.,0.,1.));
#7972=DIRECTION('',(0.,0.,1.));
#7973=DIRECTION('',(1.,0.,0.));
#7974=DIRECTION('',(1.,0.,0.));
#7975=DIRECTION('',(0.,-1.,0.));
#7976=DIRECTION('',(0.,-1.,0.));
#7977=DIRECTION('',(0.,0.,-1.));
#7978=DIRECTION('',(1.,0.,0.));
#7979=DIRECTION('',(0.,0.,-1.));
#7980=DIRECTION('',(1.,0.,0.));
#7981=DIRECTION('',(1.,0.,0.));
#7982=DIRECTION('',(1.,0.,0.));
#7983=DIRECTION('',(0.,0.116323043273696,0.993211432477268));
#7984=DIRECTION('',(1.,0.,0.));
#7985=DIRECTION('',(1.,0.,0.));
#7986=DIRECTION('',(0.,0.,-1.));
#7987=DIRECTION('',(0.,-0.996765397341215,0.0803663030331096));
#7988=DIRECTION('',(0.,-0.0803663030331096,-0.996765397341215));
#7989=DIRECTION('',(0.,-0.0803663030331096,-0.996765397341215));
#7990=DIRECTION('',(1.,0.,0.));
#7991=DIRECTION('',(0.,1.,0.));
#7992=DIRECTION('',(0.,0.,1.));
#7993=DIRECTION('',(1.,0.,0.));
#7994=DIRECTION('',(1.,0.,0.));
#7995=DIRECTION('',(0.,-1.,0.));
#7996=DIRECTION('',(1.,0.,0.));
#7997=DIRECTION('',(0.,-1.,0.));
#7998=DIRECTION('',(0.,0.,-1.));
#7999=DIRECTION('',(1.,0.,0.));
#8000=DIRECTION('',(0.,0.,-1.));
#8001=DIRECTION('',(0.,0.,-1.));
#8002=DIRECTION('',(-1.,0.,0.));
#8003=DIRECTION('',(1.,0.,0.));
#8004=DIRECTION('',(0.,1.,0.));
#8005=DIRECTION('',(0.,1.,0.));
#8006=DIRECTION('',(0.,0.,1.));
#8007=DIRECTION('',(0.,0.,1.));
#8008=DIRECTION('',(1.,0.,0.));
#8009=DIRECTION('',(0.,1.,0.));
#8010=DIRECTION('',(1.,0.,0.));
#8011=DIRECTION('',(1.,0.,0.));
#8012=DIRECTION('',(1.,0.,0.));
#8013=DIRECTION('',(1.,0.,0.));
#8014=DIRECTION('',(1.,0.,0.));
#8015=DIRECTION('',(1.,0.,0.));
#8016=DIRECTION('',(0.,1.,0.));
#8017=DIRECTION('',(0.,0.,1.));
#8018=DIRECTION('',(1.,0.,0.));
#8019=DIRECTION('',(1.,0.,0.));
#8020=DIRECTION('',(0.,-1.,0.));
#8021=DIRECTION('',(1.,0.,0.));
#8022=DIRECTION('',(0.,-1.,0.));
#8023=DIRECTION('',(0.,0.,-1.));
#8024=DIRECTION('',(1.,0.,0.));
#8025=DIRECTION('',(0.,0.,-1.));
#8026=DIRECTION('',(0.,0.,-1.));
#8027=DIRECTION('',(-1.,0.,0.));
#8028=DIRECTION('',(1.,0.,0.));
#8029=DIRECTION('',(0.,1.,0.));
#8030=DIRECTION('',(0.,-1.,0.));
#8031=DIRECTION('',(0.,0.,-1.));
#8032=DIRECTION('',(1.,0.,0.));
#8033=DIRECTION('',(0.,0.,-1.));
#8034=DIRECTION('',(1.,0.,0.));
#8035=DIRECTION('',(1.,0.,0.));
#8036=DIRECTION('',(1.,0.,0.));
#8037=DIRECTION('',(0.,0.16345353814287,0.986551033078663));
#8038=DIRECTION('',(1.,0.,0.));
#8039=DIRECTION('',(1.,0.,0.));
#8040=DIRECTION('',(0.,0.,-1.));
#8041=DIRECTION('',(0.,-0.944278205207628,0.329148402958089));
#8042=DIRECTION('',(0.,-0.329148402958089,-0.944278205207629));
#8043=DIRECTION('',(1.,0.,0.));
#8044=DIRECTION('',(0.,-0.329148402958089,-0.944278205207628));
#8045=DIRECTION('',(1.,0.,0.));
#8046=DIRECTION('',(1.,0.,0.));
#8047=DIRECTION('',(1.,0.,0.));
#8048=DIRECTION('',(0.,1.,0.));
#8049=DIRECTION('',(0.,0.,1.));
#8050=DIRECTION('',(1.,0.,0.));
#8051=DIRECTION('',(0.,0.,1.));
#8052=DIRECTION('',(0.,0.438288702189322,-0.898834252536695));
#8053=DIRECTION('',(0.,0.898834252536695,0.438288702189322));
#8054=DIRECTION('',(1.,0.,0.));
#8055=DIRECTION('',(0.,0.898834252536695,0.438288702189322));
#8056=DIRECTION('',(0.,1.,0.));
#8057=DIRECTION('',(0.,0.,1.));
#8058=DIRECTION('',(1.,0.,0.));
#8059=DIRECTION('',(0.,0.,1.));
#8060=DIRECTION('',(0.,0.,1.));
#8061=DIRECTION('',(1.,0.,0.));
#8062=DIRECTION('',(1.,0.,0.));
#8063=DIRECTION('',(0.,-1.,0.));
#8064=DIRECTION('',(0.,1.,0.));
#8065=DIRECTION('',(0.,0.,1.));
#8066=DIRECTION('',(1.,0.,0.));
#8067=DIRECTION('',(0.,0.,1.));
#8068=DIRECTION('',(0.,0.,1.));
#8069=DIRECTION('',(1.,0.,0.));
#8070=DIRECTION('',(1.,0.,0.));
#8071=DIRECTION('',(0.,-1.,0.));
#8072=DIRECTION('',(0.,-1.,0.));
#8073=DIRECTION('',(0.,0.,-1.));
#8074=DIRECTION('',(0.,0.,-1.));
#8075=DIRECTION('',(1.,0.,0.));
#8076=DIRECTION('',(0.,1.,0.));
#8077=DIRECTION('',(0.,0.,-1.));
#8078=DIRECTION('',(-1.,0.,0.));
#8079=DIRECTION('',(1.,0.,0.));
#8080=DIRECTION('',(0.,1.,0.));
#8081=DIRECTION('',(1.,0.,0.));
#8082=DIRECTION('',(0.,0.928439770571241,0.371482963837671));
#8083=DIRECTION('',(0.,-0.371482963837671,0.928439770571241));
#8084=DIRECTION('',(1.,0.,0.));
#8085=DIRECTION('',(0.,-0.371482963837671,0.928439770571241));
#8086=DIRECTION('',(0.,0.949233733416935,-0.314571644213758));
#8087=DIRECTION('',(0.,0.314571644213758,0.949233733416935));
#8088=DIRECTION('',(1.,0.,0.));
#8089=DIRECTION('',(0.,0.314571644213758,0.949233733416935));
#8090=DIRECTION('',(1.,0.,0.));
#8091=DIRECTION('',(1.,0.,0.));
#8092=DIRECTION('',(0.,0.333022540508376,-0.942918865816856));
#8093=DIRECTION('',(1.,0.,0.));
#8094=DIRECTION('',(1.,0.,0.));
#8095=DIRECTION('',(0.,0.,-1.));
#8096=DIRECTION('',(1.,0.,0.));
#8097=DIRECTION('',(0.,-0.111358702155751,-0.99378027725156));
#8098=DIRECTION('',(1.,0.,0.));
#8099=DIRECTION('',(1.,0.,0.));
#8100=DIRECTION('',(0.,0.,-1.));
#8101=DIRECTION('',(0.,1.,0.));
#8102=DIRECTION('',(0.,0.,1.));
#8103=DIRECTION('',(1.,0.,0.));
#8104=DIRECTION('',(0.,0.,1.));
#8105=DIRECTION('',(1.,0.,0.));
#8106=DIRECTION('',(0.,-0.111181028992765,-0.993800170452848));
#8107=DIRECTION('',(1.,0.,0.));
#8108=DIRECTION('',(1.,0.,0.));
#8109=DIRECTION('',(0.,0.,-1.));
#8110=DIRECTION('',(1.,0.,0.));
#8111=DIRECTION('',(1.,0.,0.));
#8112=DIRECTION('',(0.,-0.936319413471948,0.351149478079559));
#8113=DIRECTION('',(0.,-0.351149478079559,-0.936319413471949));
#8114=DIRECTION('',(1.,0.,0.));
#8115=DIRECTION('',(0.,-0.351149478079559,-0.936319413471949));
#8116=DIRECTION('',(0.,0.,-1.));
#8117=DIRECTION('',(-1.,0.,0.));
#8118=DIRECTION('',(1.,0.,0.));
#8119=DIRECTION('',(0.,1.,0.));
#8120=DIRECTION('',(0.,0.94988426684944,-0.312601790768865));
#8121=DIRECTION('',(0.,0.312601790768865,0.94988426684944));
#8122=DIRECTION('',(1.,0.,0.));
#8123=DIRECTION('',(0.,0.312601790768865,0.94988426684944));
#8124=DIRECTION('',(1.,0.,0.));
#8125=DIRECTION('',(0.,-0.976106555636393,0.217292411380742));
#8126=DIRECTION('',(1.,0.,0.));
#8127=DIRECTION('',(1.,0.,0.));
#8128=DIRECTION('',(0.,0.,-1.));
#8129=DIRECTION('',(0.,0.,-1.));
#8130=DIRECTION('',(-1.,0.,0.));
#8131=DIRECTION('',(1.,0.,0.));
#8132=DIRECTION('',(0.,1.,0.));
#8133=DIRECTION('',(1.,0.,0.));
#8134=DIRECTION('',(0.,0.981214331654214,0.192920800735365));
#8135=DIRECTION('',(1.,0.,0.));
#8136=DIRECTION('',(1.,0.,0.));
#8137=DIRECTION('',(0.,0.,-1.));
#8138=DIRECTION('',(0.,-0.948151461264563,-0.317818826537816));
#8139=DIRECTION('',(0.,0.317818826537816,-0.948151461264563));
#8140=DIRECTION('',(0.,0.317818826537816,-0.948151461264563));
#8141=DIRECTION('',(1.,0.,0.));
#8142=DIRECTION('',(0.,1.,0.));
#8143=DIRECTION('',(0.,0.,1.));
#8144=DIRECTION('',(1.,0.,0.));
#8145=DIRECTION('',(1.,0.,0.));
#8146=DIRECTION('',(0.,-1.,0.));
#8147=DIRECTION('',(1.,0.,0.));
#8148=DIRECTION('',(0.,-1.,0.));
#8149=DIRECTION('',(0.,0.,-1.));
#8150=DIRECTION('',(1.,0.,0.));
#8151=DIRECTION('',(0.,0.,-1.));
#8152=DIRECTION('',(1.,0.,0.));
#8153=DIRECTION('',(1.,0.,0.));
#8154=DIRECTION('',(1.,0.,0.));
#8155=DIRECTION('',(1.,0.,0.));
#8156=DIRECTION('',(0.,1.,0.));
#8157=DIRECTION('',(0.,0.,1.));
#8158=DIRECTION('',(1.,0.,0.));
#8159=DIRECTION('',(0.,0.,1.));
#8160=DIRECTION('',(0.,0.,1.));
#8161=DIRECTION('',(1.,0.,0.));
#8162=DIRECTION('',(1.,0.,0.));
#8163=DIRECTION('',(0.,-1.,0.));
#8164=DIRECTION('',(0.,-1.,0.));
#8165=DIRECTION('',(0.,0.,-1.));
#8166=DIRECTION('',(1.,0.,0.));
#8167=DIRECTION('',(0.,0.,-1.));
#8168=DIRECTION('',(1.,0.,0.));
#8169=DIRECTION('',(1.,0.,0.));
#8170=DIRECTION('',(1.,0.,0.));
#8171=DIRECTION('',(1.,0.,0.));
#8172=DIRECTION('',(0.,-0.677278305256589,0.735726917564365));
#8173=DIRECTION('',(1.,0.,0.));
#8174=DIRECTION('',(1.,0.,0.));
#8175=DIRECTION('',(0.,0.,-1.));
#8176=DIRECTION('',(0.,0.,-1.));
#8177=DIRECTION('',(-1.,0.,0.));
#8178=DIRECTION('',(1.,0.,0.));
#8179=DIRECTION('',(0.,1.,0.));
#8180=DIRECTION('',(1.,0.,0.));
#8181=DIRECTION('',(1.,0.,0.));
#8182=DIRECTION('',(1.,0.,0.));
#8183=DIRECTION('',(0.,-0.681975961057773,0.731374588387734));
#8184=DIRECTION('',(1.,0.,0.));
#8185=DIRECTION('',(1.,0.,0.));
#8186=DIRECTION('',(0.,0.,-1.));
#8187=DIRECTION('',(0.,0.,-1.));
#8188=DIRECTION('',(-1.,0.,0.));
#8189=DIRECTION('',(0.,0.,-1.));
#8190=DIRECTION('',(-1.,0.,0.));
#8191=DIRECTION('',(1.,0.,0.));
#8192=DIRECTION('',(0.,1.,0.));
#8193=DIRECTION('',(0.,-0.961361463071125,-0.275289188530436));
#8194=DIRECTION('',(0.,0.275289188530436,-0.961361463071125));
#8195=DIRECTION('',(0.,-0.961361463071125,-0.275289188530436));
#8196=DIRECTION('',(0.,-0.275289188530436,0.961361463071125));
#8197=DIRECTION('',(1.,0.,0.));
#8198=DIRECTION('',(0.,0.275289188530436,-0.961361463071125));
#8199=DIRECTION('',(0.,0.,-1.));
#8200=DIRECTION('',(-1.,0.,0.));
#8201=DIRECTION('',(0.,0.,-1.));
#8202=DIRECTION('',(-1.,0.,0.));
#8203=DIRECTION('',(1.,0.,0.));
#8204=DIRECTION('',(0.,1.,0.));
#8205=DIRECTION('',(0.,1.,0.));
#8206=DIRECTION('',(0.,0.,1.));
#8207=DIRECTION('',(0.,0.,1.));
#8208=DIRECTION('',(1.,0.,0.));
#8209=DIRECTION('',(0.,0.,1.));
#8210=DIRECTION('',(0.,0.,1.));
#8211=DIRECTION('',(1.,0.,0.));
#8212=DIRECTION('',(0.,0.,1.));
#8213=DIRECTION('',(1.,0.,0.));
#8214=DIRECTION('',(1.,0.,0.));
#8215=DIRECTION('',(0.,-1.,0.));
#8216=DIRECTION('',(0.,-1.,0.));
#8217=DIRECTION('',(0.,0.,-1.));
#8218=DIRECTION('',(0.,0.,1.));
#8219=DIRECTION('',(1.,0.,0.));
#8220=DIRECTION('',(0.,0.,-1.));
#8221=DIRECTION('',(1.,0.,0.));
#8222=DIRECTION('',(1.,0.,0.));
#8223=DIRECTION('',(1.,0.,0.));
#8224=DIRECTION('',(1.,0.,0.));
#8225=DIRECTION('',(0.,1.,0.));
#8226=DIRECTION('',(0.,0.,1.));
#8227=DIRECTION('',(0.,0.,1.));
#8228=DIRECTION('',(1.,0.,0.));
#8229=DIRECTION('',(0.,1.,0.));
#8230=DIRECTION('',(1.,3.18297885500331E-16,0.));
#8231=DIRECTION('',(-3.18297885500331E-16,1.,0.));
#8232=DIRECTION('',(1.,3.18297885500331E-16,0.));
#8233=DIRECTION('',(-3.18297885500331E-16,1.,0.));
#8234=DIRECTION('',(1.,3.18297885500331E-16,0.));
#8235=DIRECTION('',(-3.18297885500331E-16,1.,0.));
#8236=DIRECTION('',(1.,3.18297885500331E-16,0.));
#8237=DIRECTION('',(-3.18297885500331E-16,1.,0.));
#8238=DIRECTION('',(0.,0.,1.));
#8239=DIRECTION('',(1.,0.,0.));
#8240=DIRECTION('',(0.,0.,-1.));
#8241=DIRECTION('',(-1.,0.,0.));
#8242=DIRECTION('',(0.,0.,1.));
#8243=DIRECTION('',(1.,0.,0.));
#8244=DIRECTION('',(0.,0.,-1.));
#8245=DIRECTION('',(-1.,0.,0.));
#8246=DIRECTION('',(0.,0.,1.));
#8247=DIRECTION('',(1.,0.,0.));
#8248=DIRECTION('',(0.,0.,-1.));
#8249=DIRECTION('',(-1.,0.,0.));
#8250=DIRECTION('',(0.,0.,1.));
#8251=DIRECTION('',(1.,0.,0.));
#8252=DIRECTION('',(0.,0.,-1.));
#8253=DIRECTION('',(0.,0.,1.));
#8254=DIRECTION('',(1.,0.,0.));
#8255=DIRECTION('',(0.,0.,-1.));
#8256=DIRECTION('',(0.,1.,0.));
#8257=DIRECTION('',(0.,0.,1.));
#8258=DIRECTION('',(1.,0.,0.));
#8259=DIRECTION('',(0.,0.,-1.));
#8260=DIRECTION('',(1.,0.,0.));
#8261=DIRECTION('',(0.,0.,-1.));
#8262=DIRECTION('',(-1.,0.,0.));
#8263=DIRECTION('',(0.,0.,1.));
#8264=DIRECTION('',(1.,0.,0.));
#8265=DIRECTION('',(0.,0.,-1.));
#8266=DIRECTION('',(0.,0.,1.));
#8267=DIRECTION('',(1.,0.,0.));
#8268=DIRECTION('',(1.,0.,0.));
#8269=DIRECTION('',(0.,0.,-1.));
#8270=DIRECTION('',(0.,-1.,0.));
#8271=DIRECTION('',(0.,0.,-1.));
#8272=DIRECTION('',(0.,-1.,0.));
#8273=DIRECTION('',(0.,0.,-1.));
#8274=DIRECTION('',(-1.,0.,0.));
#8275=DIRECTION('',(0.,0.,1.));
#8276=DIRECTION('',(1.,0.,0.));
#8277=DIRECTION('',(0.,0.,-1.));
#8278=DIRECTION('',(0.,0.,1.));
#8279=DIRECTION('',(1.,0.,0.));
#8280=DIRECTION('',(0.,1.,0.));
#8281=DIRECTION('',(0.,0.,1.));
#8282=DIRECTION('',(1.,0.,0.));
#8283=DIRECTION('',(0.,0.,-1.));
#8284=DIRECTION('',(1.,0.,0.));
#8285=DIRECTION('',(0.,0.,-1.));
#8286=DIRECTION('',(-1.,0.,0.));
#8287=DIRECTION('',(0.,0.,1.));
#8288=DIRECTION('',(1.,0.,0.));
#8289=DIRECTION('',(0.,0.,-1.));
#8290=DIRECTION('',(0.,0.,1.));
#8291=DIRECTION('',(1.,0.,0.));
#8292=DIRECTION('',(0.,0.,-1.));
#8293=DIRECTION('',(-1.,0.,0.));
#8294=DIRECTION('',(0.,0.,1.));
#8295=DIRECTION('',(1.,0.,0.));
#8296=DIRECTION('',(0.,0.,-1.));
#8297=DIRECTION('',(0.,0.,1.));
#8298=DIRECTION('',(1.,0.,0.));
#8299=DIRECTION('',(0.,0.,-1.));
#8300=DIRECTION('',(0.,1.,0.));
#8301=DIRECTION('',(0.,0.,1.));
#8302=DIRECTION('',(1.,0.,0.));
#8303=DIRECTION('',(0.,0.,-1.));
#8304=DIRECTION('',(1.,0.,0.));
#8305=DIRECTION('',(0.,0.,-1.));
#8306=DIRECTION('',(-1.,0.,0.));
#8307=DIRECTION('',(0.,0.,1.));
#8308=DIRECTION('',(1.,0.,0.));
#8309=DIRECTION('',(0.,0.,-1.));
#8310=DIRECTION('',(0.,0.,1.));
#8311=DIRECTION('',(1.,0.,0.));
#8312=DIRECTION('',(1.,0.,0.));
#8313=DIRECTION('',(0.,0.,-1.));
#8314=DIRECTION('',(0.,-1.,0.));
#8315=DIRECTION('',(0.,0.,-1.));
#8316=DIRECTION('',(0.,-1.,0.));
#8317=DIRECTION('',(0.,0.,-1.));
#8318=DIRECTION('',(-1.,0.,0.));
#8319=DIRECTION('',(0.,0.,1.));
#8320=DIRECTION('',(1.,0.,0.));
#8321=DIRECTION('',(0.,0.,-1.));
#8322=DIRECTION('',(0.,0.,1.));
#8323=DIRECTION('',(1.,0.,0.));
#8324=DIRECTION('',(0.,1.,0.));
#8325=DIRECTION('',(0.,0.,1.));
#8326=DIRECTION('',(1.,0.,0.));
#8327=DIRECTION('',(0.,0.,-1.));
#8328=DIRECTION('',(1.,0.,0.));
#8329=DIRECTION('',(0.,0.,-1.));
#8330=DIRECTION('',(-1.,0.,0.));
#8331=DIRECTION('',(0.,0.,1.));
#8332=DIRECTION('',(1.,0.,0.));
#8333=DIRECTION('',(0.,0.,-1.));
#8334=DIRECTION('',(0.,0.,1.));
#8335=DIRECTION('',(1.,0.,0.));
#8336=DIRECTION('',(0.,0.,-1.));
#8337=DIRECTION('',(-1.,0.,0.));
#8338=DIRECTION('',(0.,0.,1.));
#8339=DIRECTION('',(1.,0.,0.));
#8340=DIRECTION('',(0.,0.,-1.));
#8341=DIRECTION('',(0.,0.,1.));
#8342=DIRECTION('',(1.,0.,0.));
#8343=DIRECTION('',(0.,0.,-1.));
#8344=DIRECTION('',(0.,1.,0.));
#8345=DIRECTION('',(0.,0.,1.));
#8346=DIRECTION('',(1.,0.,0.));
#8347=DIRECTION('',(0.,0.,-1.));
#8348=DIRECTION('',(1.,0.,0.));
#8349=DIRECTION('',(0.,0.,-1.));
#8350=DIRECTION('',(-1.,0.,0.));
#8351=DIRECTION('',(0.,0.,1.));
#8352=DIRECTION('',(1.,0.,0.));
#8353=DIRECTION('',(0.,0.,-1.));
#8354=DIRECTION('',(0.,0.,1.));
#8355=DIRECTION('',(1.,0.,0.));
#8356=DIRECTION('',(1.,0.,0.));
#8357=DIRECTION('',(0.,0.,-1.));
#8358=DIRECTION('',(0.,-1.,0.));
#8359=DIRECTION('',(0.,0.,-1.));
#8360=DIRECTION('',(0.,-1.,0.));
#8361=DIRECTION('',(0.,0.,-1.));
#8362=DIRECTION('',(-1.,0.,0.));
#8363=DIRECTION('',(0.,0.,1.));
#8364=DIRECTION('',(1.,0.,0.));
#8365=DIRECTION('',(0.,0.,-1.));
#8366=DIRECTION('',(0.,0.,1.));
#8367=DIRECTION('',(1.,0.,0.));
#8368=DIRECTION('',(0.,1.,0.));
#8369=DIRECTION('',(0.,0.,1.));
#8370=DIRECTION('',(1.,0.,0.));
#8371=DIRECTION('',(0.,0.,-1.));
#8372=DIRECTION('',(1.,0.,0.));
#8373=DIRECTION('',(0.,0.,-1.));
#8374=DIRECTION('',(-1.,0.,0.));
#8375=DIRECTION('',(0.,0.,1.));
#8376=DIRECTION('',(1.,0.,0.));
#8377=DIRECTION('',(0.,0.,-1.));
#8378=DIRECTION('',(0.,0.,1.));
#8379=DIRECTION('',(1.,0.,0.));
#8380=DIRECTION('',(-1.64380074715007E-16,1.,0.));
#8381=DIRECTION('',(-1.,-1.64380074715007E-16,0.));
#8382=DIRECTION('',(1.,1.64380074715007E-16,0.));
#8383=DIRECTION('',(0.,0.,-1.));
#8384=DIRECTION('',(1.,1.64380074715007E-16,0.));
#8385=DIRECTION('',(0.,0.,-1.));
#8386=DIRECTION('',(1.,0.,0.));
#8387=DIRECTION('',(0.,0.,-1.));
#8388=DIRECTION('',(0.,-1.,0.));
#8389=DIRECTION('',(0.,0.,-1.));
#8390=DIRECTION('',(0.,-1.,0.));
#8391=DIRECTION('',(0.,0.,-1.));
#8392=DIRECTION('',(-1.64380074715007E-16,1.,0.));
#8393=DIRECTION('',(-1.,-1.64380074715007E-16,0.));
#8394=DIRECTION('',(1.,1.64380074715007E-16,0.));
#8395=DIRECTION('',(0.,0.,-1.));
#8396=DIRECTION('',(1.,1.64380074715007E-16,0.));
#8397=DIRECTION('',(0.,0.,-1.));
#8398=DIRECTION('',(1.,0.,0.));
#8399=DIRECTION('',(0.,0.,-1.));
#8400=DIRECTION('',(0.,-1.,0.));
#8401=DIRECTION('',(0.,0.,-1.));
#8402=DIRECTION('',(0.,-1.,0.));
#8403=DIRECTION('',(0.,0.,-1.));
#8404=DIRECTION('',(0.,-1.,0.));
#8405=DIRECTION('',(0.,0.,-1.));
#8406=DIRECTION('',(-1.,0.,0.));
#8407=DIRECTION('',(0.,0.,-1.));
#8408=DIRECTION('',(-1.,0.,0.));
#8409=DIRECTION('',(1.,0.,0.));
#8410=DIRECTION('',(0.,0.,-1.));
#8411=DIRECTION('',(0.,-1.,0.));
#8412=DIRECTION('',(0.,0.,-1.));
#8413=DIRECTION('',(0.,-1.,0.));
#8414=DIRECTION('',(1.,0.,0.));
#8415=DIRECTION('',(0.,0.,-1.));
#8416=DIRECTION('',(0.,-1.,0.));
#8417=DIRECTION('',(0.,-1.,0.));
#8418=DIRECTION('',(1.,0.,0.));
#8419=DIRECTION('',(0.,0.,-1.));
#8420=DIRECTION('',(0.,-1.,0.));
#8421=DIRECTION('',(0.,-1.,0.));
#8422=DIRECTION('',(1.,0.,0.));
#8423=DIRECTION('',(0.,0.,-1.));
#8424=DIRECTION('',(0.,-1.,0.));
#8425=DIRECTION('',(0.,0.,-1.));
#8426=DIRECTION('',(0.,-1.,0.));
#8427=DIRECTION('',(0.,0.,-1.));
#8428=DIRECTION('',(0.,0.,-1.));
#8429=DIRECTION('',(-1.,0.,0.));
#8430=DIRECTION('',(0.,0.,1.));
#8431=DIRECTION('',(1.,0.,0.));
#8432=DIRECTION('',(0.,0.,1.));
#8433=DIRECTION('',(1.,0.,0.));
#8434=DIRECTION('',(0.,0.,-1.));
#8435=DIRECTION('',(-1.,0.,0.));
#8436=DIRECTION('',(0.,0.,1.));
#8437=DIRECTION('',(1.,0.,0.));
#8438=DIRECTION('',(0.,0.,1.));
#8439=DIRECTION('',(1.,0.,0.));
#8440=DIRECTION('',(0.,0.,-1.));
#8441=DIRECTION('',(-1.,0.,0.));
#8442=DIRECTION('',(0.,0.,1.));
#8443=DIRECTION('',(1.,0.,0.));
#8444=DIRECTION('',(0.,0.,1.));
#8445=DIRECTION('',(1.,0.,0.));
#8446=DIRECTION('',(0.,0.,-1.));
#8447=DIRECTION('',(-1.,0.,0.));
#8448=DIRECTION('',(0.,0.,1.));
#8449=DIRECTION('',(1.,0.,0.));
#8450=DIRECTION('',(0.,0.,1.));
#8451=DIRECTION('',(1.,0.,0.));
#8452=DIRECTION('',(-2.15409977614505E-16,1.,0.));
#8453=DIRECTION('',(-1.,-2.15409977614505E-16,0.));
#8454=DIRECTION('',(1.,2.15409977614505E-16,0.));
#8455=DIRECTION('',(1.,2.15409977614505E-16,0.));
#8456=DIRECTION('',(1.,0.,0.));
#8457=DIRECTION('',(0.,0.,-1.));
#8458=DIRECTION('',(0.,-1.,0.));
#8459=DIRECTION('',(0.,-1.,0.));
#8460=DIRECTION('',(0.,0.,1.));
#8461=DIRECTION('',(1.,0.,0.));
#8462=DIRECTION('',(0.,0.,1.));
#8463=DIRECTION('',(1.,0.,0.));
#8464=DIRECTION('',(0.,0.,1.));
#8465=DIRECTION('',(1.,0.,0.));
#8466=DIRECTION('',(0.,0.,1.));
#8467=DIRECTION('',(1.,0.,0.));
#8468=DIRECTION('',(0.,0.,1.));
#8469=DIRECTION('',(1.,0.,0.));
#8470=DIRECTION('',(0.,0.,1.));
#8471=DIRECTION('',(1.,0.,0.));
#8472=DIRECTION('',(0.,0.,1.));
#8473=DIRECTION('',(1.,0.,0.));
#8474=DIRECTION('',(0.,0.,1.));
#8475=DIRECTION('',(1.,0.,0.));
#8476=DIRECTION('',(0.,0.,1.));
#8477=DIRECTION('',(1.,0.,0.));
#8478=DIRECTION('',(0.,0.,1.));
#8479=DIRECTION('',(1.,0.,0.));
#8480=DIRECTION('',(0.,0.,-1.));
#8481=DIRECTION('',(-1.,0.,0.));
#8482=DIRECTION('',(0.,0.,1.));
#8483=DIRECTION('',(1.,0.,0.));
#8484=DIRECTION('',(0.,0.,-1.));
#8485=DIRECTION('',(-1.,0.,0.));
#8486=DIRECTION('',(0.,0.,1.));
#8487=DIRECTION('',(1.,0.,0.));
#8488=DIRECTION('',(0.,0.,1.));
#8489=DIRECTION('',(1.,0.,0.));
#8490=CARTESIAN_POINT('',(0.,0.,0.));
#8491=CARTESIAN_POINT('',(0.042717167429139,-8.31597319854091E-5,0.003));
#8492=CARTESIAN_POINT('',(0.042717167429139,-8.31597319854091E-5,0.0039194495169343));
#8493=CARTESIAN_POINT('',(0.042717167429139,0.00665285405555445,0.0039194495169343));
#8494=CARTESIAN_POINT('',(0.042717167429139,0.00586176814640045,0.0039194495169343));
#8495=CARTESIAN_POINT('',(0.042717167429139,0.00538969375603236,0.00513153241112267));
#8496=CARTESIAN_POINT('',(0.042717167429139,0.00564169161528243,0.00448451088061573));
#8497=CARTESIAN_POINT('',(0.042717167429139,-8.31597319854091E-5,0.00448451088061573));
#8498=CARTESIAN_POINT('',(0.042717167429139,0.00561195154350972,0.00448451088061573));
#8499=CARTESIAN_POINT('',(0.042717167429139,0.00561195154350972,0.00448451088061573));
#8500=CARTESIAN_POINT('',(0.042717167429139,0.00532644685449173,0.00412406121073053));
#8501=CARTESIAN_POINT('',(0.042717167429139,0.00502309812241013,0.0039842828733988));
#8502=CARTESIAN_POINT('',(0.042717167429139,0.00502309812241013,0.0039842828733988));
#8503=CARTESIAN_POINT('',(0.042717167429139,0.00502309812241013,0.0039842828733988));
#8504=CARTESIAN_POINT('',(0.042717167429139,0.00471974939032852,0.00384450453606709));
#8505=CARTESIAN_POINT('',(0.042717167429139,0.00423320181612704,0.00384450453606709));
#8506=CARTESIAN_POINT('',(0.042717167429139,0.00423320181612704,0.00384450453606709));
#8507=CARTESIAN_POINT('',(0.042717167429139,0.00423320181612704,0.00384450453606709));
#8508=CARTESIAN_POINT('',(0.042717167429139,0.00363483157206018,0.00384450453606709));
#8509=CARTESIAN_POINT('',(0.042717167429139,0.0032910363423677,0.00418711016288867));
#8510=CARTESIAN_POINT('',(0.042717167429139,0.0032910363423677,0.00418711016288867));
#8511=CARTESIAN_POINT('',(0.042717167429139,0.0032910363423677,0.00418711016288867));
#8512=CARTESIAN_POINT('',(0.042717167429139,0.00294724111267521,0.00452971578971024));
#8513=CARTESIAN_POINT('',(0.042717167429139,0.00294724111267521,0.00516139491416253));
#8514=CARTESIAN_POINT('',(0.042717167429139,0.00294724111267521,0.00516139491416253));
#8515=CARTESIAN_POINT('',(0.042717167429139,0.00294724111267521,0.00516139491416253));
#8516=CARTESIAN_POINT('',(0.042717167429139,0.00294724111267521,0.00582281411038753));
#8517=CARTESIAN_POINT('',(0.042717167429139,0.00340999662945853,0.00613686926830731));
#8518=CARTESIAN_POINT('',(0.042717167429139,0.00340999662945853,0.00613686926830731));
#8519=CARTESIAN_POINT('',(0.042717167429139,0.00340999662945853,0.00613686926830731));
#8520=CARTESIAN_POINT('',(0.042717167429139,0.00387275214624184,0.00645092442622709));
#8521=CARTESIAN_POINT('',(0.042717167429139,0.00480540079703391,0.00648423330661252));
#8522=CARTESIAN_POINT('',(0.042717167429139,0.00480540079703391,0.00648423330661252));
#8523=CARTESIAN_POINT('',(0.042717167429139,-0.000187329609087947,0.00632795344217048));
#8524=CARTESIAN_POINT('',(0.042717167429139,0.00552748973967523,0.00650683576115978));
#8525=CARTESIAN_POINT('',(0.042717167429139,0.00552748973967523,0.003));
#8526=CARTESIAN_POINT('',(0.042717167429139,0.00552748973967523,0.00668884500040874));
#8527=CARTESIAN_POINT('',(0.042717167429139,0.00552748973967523,0.00668884500040874));
#8528=CARTESIAN_POINT('',(0.042717167429139,0.00552748973967523,0.00732052412486103));
#8529=CARTESIAN_POINT('',(0.042717167429139,0.00488034577790113,0.00732052412486103));
#8530=CARTESIAN_POINT('',(0.042717167429139,0.00488034577790113,0.00732052412486103));
#8531=CARTESIAN_POINT('',(0.042717167429139,0.00488034577790113,0.00732052412486103));
#8532=CARTESIAN_POINT('',(0.042717167429139,0.00438190217499057,0.00732052412486103));
#8533=CARTESIAN_POINT('',(0.042717167429139,0.0037085869500565,0.00701955459852124));
#8534=CARTESIAN_POINT('',(0.042717167429139,0.0037085869500565,0.00701955459852124));
#8535=CARTESIAN_POINT('',(0.042717167429139,0.00456306964685724,0.00527261219617305));
#8536=CARTESIAN_POINT('',(0.042717167429139,0.0033338620457204,0.00778565884738616));
#8537=CARTESIAN_POINT('',(0.042717167429139,0.0033338620457204,0.00778565884738616));
#8538=CARTESIAN_POINT('',(0.042717167429139,0.00405119257687808,0.00816157335459317));
#8539=CARTESIAN_POINT('',(0.042717167429139,0.00492436108412474,0.00816157335459317));
#8540=CARTESIAN_POINT('',(0.042717167429139,0.00492436108412474,0.00816157335459317));
#8541=CARTESIAN_POINT('',(0.042717167429139,0.00492436108412474,0.00816157335459317));
#8542=CARTESIAN_POINT('',(0.042717167429139,0.00576065190237325,0.00816157335459317));
#8543=CARTESIAN_POINT('',(0.042717167429139,0.00620675297896385,0.00779696007465979));
#8544=CARTESIAN_POINT('',(0.042717167429139,0.00620675297896385,0.00779696007465979));
#8545=CARTESIAN_POINT('',(0.042717167429139,0.00620675297896385,0.00779696007465979));
#8546=CARTESIAN_POINT('',(0.042717167429139,0.00665285405555445,0.00743234679472641));
#8547=CARTESIAN_POINT('',(0.042717167429139,0.00665285405555445,0.00668884500040874));
#8548=CARTESIAN_POINT('',(0.042717167429139,0.00665285405555445,0.00668884500040874));
#8549=CARTESIAN_POINT('',(0.042717167429139,0.00665285405555445,0.003));
#8550=CARTESIAN_POINT('',(0.042717167429139,-8.31597319854091E-5,0.0039194495169343));
#8551=CARTESIAN_POINT('',(0.042717167429139,0.0247062672244583,0.0039194495169343));
#8552=CARTESIAN_POINT('',(0.042717167429139,0.0239151813153043,0.0039194495169343));
#8553=CARTESIAN_POINT('',(0.042717167429139,0.021065281003421,0.0112367611285265));
#8554=CARTESIAN_POINT('',(0.042717167429139,0.0236951047841863,0.00448451088061573));
#8555=CARTESIAN_POINT('',(0.042717167429139,-8.31597319854091E-5,0.00448451088061573));
#8556=CARTESIAN_POINT('',(0.042717167429139,0.0236653647124135,0.00448451088061573));
#8557=CARTESIAN_POINT('',(0.042717167429139,0.0236653647124135,0.00448451088061573));
#8558=CARTESIAN_POINT('',(0.042717167429139,0.0233798600233955,0.00412406121073053));
#8559=CARTESIAN_POINT('',(0.042717167429139,0.0230765112913139,0.0039842828733988));
#8560=CARTESIAN_POINT('',(0.042717167429139,0.0230765112913139,0.0039842828733988));
#8561=CARTESIAN_POINT('',(0.042717167429139,0.0230765112913139,0.0039842828733988));
#8562=CARTESIAN_POINT('',(0.042717167429139,0.0227731625592323,0.00384450453606709));
#8563=CARTESIAN_POINT('',(0.042717167429139,0.0222866149850309,0.00384450453606709));
#8564=CARTESIAN_POINT('',(0.042717167429139,0.0222866149850309,0.00384450453606709));
#8565=CARTESIAN_POINT('',(0.042717167429139,0.0222866149850309,0.00384450453606709));
#8566=CARTESIAN_POINT('',(0.042717167429139,0.021688244740964,0.00384450453606709));
#8567=CARTESIAN_POINT('',(0.042717167429139,0.0213444495112715,0.00418711016288867));
#8568=CARTESIAN_POINT('',(0.042717167429139,0.0213444495112715,0.00418711016288867));
#8569=CARTESIAN_POINT('',(0.042717167429139,0.0213444495112715,0.00418711016288867));
#8570=CARTESIAN_POINT('',(0.042717167429139,0.021000654281579,0.00452971578971024));
#8571=CARTESIAN_POINT('',(0.042717167429139,0.021000654281579,0.00516139491416253));
#8572=CARTESIAN_POINT('',(0.042717167429139,0.021000654281579,0.00516139491416253));
#8573=CARTESIAN_POINT('',(0.042717167429139,0.021000654281579,0.00516139491416253));
#8574=CARTESIAN_POINT('',(0.042717167429139,0.021000654281579,0.00582281411038753));
#8575=CARTESIAN_POINT('',(0.042717167429139,0.0214634097983623,0.00613686926830731));
#8576=CARTESIAN_POINT('',(0.042717167429139,0.0214634097983623,0.00613686926830731));
#8577=CARTESIAN_POINT('',(0.042717167429139,0.0214634097983623,0.00613686926830731));
#8578=CARTESIAN_POINT('',(0.042717167429139,0.0219261653151457,0.00645092442622709));
#8579=CARTESIAN_POINT('',(0.042717167429139,0.0228588139659377,0.00648423330661252));
#8580=CARTESIAN_POINT('',(0.042717167429139,0.0228588139659377,0.00648423330661252));
#8581=CARTESIAN_POINT('',(0.042717167429139,-0.00016965849888493,0.0057634079741057));
#8582=CARTESIAN_POINT('',(0.042717167429139,0.023580902908579,0.00650683576115978));
#8583=CARTESIAN_POINT('',(0.042717167429139,0.023580902908579,0.003));
#8584=CARTESIAN_POINT('',(0.042717167429139,0.023580902908579,0.00668884500040874));
#8585=CARTESIAN_POINT('',(0.042717167429139,0.023580902908579,0.00668884500040874));
#8586=CARTESIAN_POINT('',(0.042717167429139,0.023580902908579,0.00732052412486103));
#8587=CARTESIAN_POINT('',(0.042717167429139,0.0229337589468049,0.00732052412486103));
#8588=CARTESIAN_POINT('',(0.042717167429139,0.0229337589468049,0.00732052412486103));
#8589=CARTESIAN_POINT('',(0.042717167429139,0.0229337589468049,0.00732052412486103));
#8590=CARTESIAN_POINT('',(0.042717167429139,0.0224353153438944,0.00732052412486103));
#8591=CARTESIAN_POINT('',(0.042717167429139,0.0217620001189603,0.00701955459852124));
#8592=CARTESIAN_POINT('',(0.042717167429139,0.0217620001189603,0.00701955459852124));
#8593=CARTESIAN_POINT('',(0.042717167429139,0.0191311017816271,0.0123982800881801));
#8594=CARTESIAN_POINT('',(0.042717167429139,0.0213872752146242,0.00778565884738616));
#8595=CARTESIAN_POINT('',(0.042717167429139,0.0213872752146242,0.00778565884738616));
#8596=CARTESIAN_POINT('',(0.042717167429139,0.0221046057457818,0.00816157335459317));
#8597=CARTESIAN_POINT('',(0.042717167429139,0.0229777742530285,0.00816157335459317));
#8598=CARTESIAN_POINT('',(0.042717167429139,0.0229777742530285,0.00816157335459317));
#8599=CARTESIAN_POINT('',(0.042717167429139,0.0229777742530285,0.00816157335459317));
#8600=CARTESIAN_POINT('',(0.042717167429139,0.023814065071277,0.00816157335459317));
#8601=CARTESIAN_POINT('',(0.042717167429139,0.0242601661478677,0.00779696007465979));
#8602=CARTESIAN_POINT('',(0.042717167429139,0.0242601661478677,0.00779696007465979));
#8603=CARTESIAN_POINT('',(0.042717167429139,0.0242601661478677,0.00779696007465979));
#8604=CARTESIAN_POINT('',(0.042717167429139,0.0247062672244583,0.00743234679472641));
#8605=CARTESIAN_POINT('',(0.042717167429139,0.0247062672244583,0.00668884500040874));
#8606=CARTESIAN_POINT('',(0.042717167429139,0.0247062672244583,0.00668884500040874));
#8607=CARTESIAN_POINT('',(0.042717167429139,0.0247062672244583,0.003));
#8608=CARTESIAN_POINT('',(0.042717167429139,0.0102169042567956,0.0039117170982734));
#8609=CARTESIAN_POINT('',(0.042717167429139,0.00993615797926125,0.00384450453606709));
#8610=CARTESIAN_POINT('',(0.042717167429139,0.00950909054860519,0.00384450453606709));
#8611=CARTESIAN_POINT('',(0.042717167429139,0.0102169042567956,0.0039117170982734));
#8612=CARTESIAN_POINT('',(0.042717167429139,0.00950909054860519,0.00384450453606709));
#8613=CARTESIAN_POINT('',(0.042717167429139,0.00950909054860519,0.00384450453606709));
#8614=CARTESIAN_POINT('',(0.042717167429139,0.00756884826615381,0.00384450453606709));
#8615=CARTESIAN_POINT('',(0.042717167429139,0.00756884826615381,0.00597508327786378));
#8616=CARTESIAN_POINT('',(0.042717167429139,0.00756884826615381,0.00597508327786378));
#8617=CARTESIAN_POINT('',(0.042717167429139,0.00756884826615381,0.00597508327786378));
#8618=CARTESIAN_POINT('',(0.042717167429139,0.00756884826615381,0.00703501943584305));
#8619=CARTESIAN_POINT('',(0.042717167429139,0.00809643713940163,0.00759413278516993));
#8620=CARTESIAN_POINT('',(0.042717167429139,0.00809643713940163,0.00759413278516993));
#8621=CARTESIAN_POINT('',(0.042717167429139,0.00809643713940163,0.00759413278516993));
#8622=CARTESIAN_POINT('',(0.042717167429139,0.00862402601264944,0.00815324613449681));
#8623=CARTESIAN_POINT('',(0.042717167429139,0.00960901718976148,0.00815324613449681));
#8624=CARTESIAN_POINT('',(0.042717167429139,0.00960901718976148,0.00815324613449681));
#8625=CARTESIAN_POINT('',(0.042717167429139,0.00960901718976148,0.00815324613449681));
#8626=CARTESIAN_POINT('',(0.042717167429139,0.0103299165295319,0.00815324613449681));
#8627=CARTESIAN_POINT('',(0.042717167429139,0.0109033051133097,0.00787131025409155));
#8628=CARTESIAN_POINT('',(0.042717167429139,0.0109033051133097,0.00787131025409156));
#8629=CARTESIAN_POINT('',(0.042717167429139,0.00787930318562714,-4.25671311202213E-5));
#8630=CARTESIAN_POINT('',(0.042717167429139,0.0105677716879225,0.00699321213984267));
#8631=CARTESIAN_POINT('',(0.042717167429139,0.00839481694784425,0.0016900146377578));
#8632=CARTESIAN_POINT('',(0.042717167179139,0.0100699976772208,0.00717066429155266));
#8633=CARTESIAN_POINT('',(0.042717167429139,0.00960467251960986,0.00564173579948912));
#8634=CARTESIAN_POINT('',(0.042717167429139,0.00960901718976148,0.00723963112963927));
#8635=CARTESIAN_POINT('',(0.042717167429139,0.00960901718976148,0.00723963112963927));
#8636=CARTESIAN_POINT('',(0.042717167429139,0.00872395265380573,0.00723963112963927));
#8637=CARTESIAN_POINT('',(0.042717167429139,0.00872395265380573,0.00598222089508923));
#8638=CARTESIAN_POINT('',(0.042717167429139,0.00872395265380573,0.00598222089508923));
#8639=CARTESIAN_POINT('',(0.042717167429139,0.00872395265380573,0.00598222089508923));
#8640=CARTESIAN_POINT('',(0.042717167429139,0.00872395265380573,0.00476287795240826));
#8641=CARTESIAN_POINT('',(0.042717167429139,0.00960901718976148,0.00476287795240826));
#8642=CARTESIAN_POINT('',(0.042717167429139,0.00960901718976148,0.00476287795240826));
#8643=CARTESIAN_POINT('',(0.042717167429139,0.00963004224466292,0.00678250048081972));
#8644=CARTESIAN_POINT('',(0.042717167429139,0.0102152007034622,0.00485006590105552));
#8645=CARTESIAN_POINT('',(0.042717167429139,0.0095422378240811,0.00691314769764506));
#8646=CARTESIAN_POINT('',(0.042717167429139,0.0107724487975098,0.00512451722516437));
#8647=CARTESIAN_POINT('',(0.042717167429139,0.0107724487975098,0.003));
#8648=CARTESIAN_POINT('',(0.042717167429139,0.0107724487975098,0.00415444999706369));
#8649=CARTESIAN_POINT('',(0.042717167429139,0.0097708717687839,0.00568580313716803));
#8650=CARTESIAN_POINT('',(0.042717167429139,-8.31597319854091E-5,0.00617969497166));
#8651=CARTESIAN_POINT('',(0.042717167429139,0.0128102385153756,0.00617969497166));
#8652=CARTESIAN_POINT('',(0.042717167429139,0.0128257033526974,0.00617969497166));
#8653=CARTESIAN_POINT('',(0.042717167429139,0.00638798306367625,-0.00205748448248512));
#8654=CARTESIAN_POINT('',(0.042717167429139,0.0133193885441243,0.00681137409611229));
#8655=CARTESIAN_POINT('',(0.042717167429139,0.00527622588726975,-0.00193083643991679));
#8656=CARTESIAN_POINT('',(0.042717167429139,0.0144828201518726,0.00807592194788778));
#8657=CARTESIAN_POINT('',(0.042717167429139,-8.31597319854091E-5,0.00807592194788778));
#8658=CARTESIAN_POINT('',(0.042717167429139,0.015761643238099,0.00807592194788777));
#8659=CARTESIAN_POINT('',(0.042717167429139,0.00601398867958635,-0.00257832773538921));
#8660=CARTESIAN_POINT('',(0.042717167429139,0.0141116640561493,0.00627248399559085));
#8661=CARTESIAN_POINT('',(0.042717167429139,0.010619648190811,0.0109648803146392));
#8662=CARTESIAN_POINT('',(0.042717167429139,0.0158627594821262,0.0039194495169343));
#8663=CARTESIAN_POINT('',(0.042717167429139,-8.31597319854091E-5,0.0039194495169343));
#8664=CARTESIAN_POINT('',(0.042717167429139,0.0145541963241271,0.0039194495169343));
#8665=CARTESIAN_POINT('',(0.042717167429139,0.0100784365148376,0.0102193261471073));
#8666=CARTESIAN_POINT('',(0.042717167429139,0.0133574558359934,0.0056039271821404));
#8667=CARTESIAN_POINT('',(0.042717167429139,0.00389175015691345,-0.00196863736112358));
#8668=CARTESIAN_POINT('',(0.042717167429139,0.012869718658921,0.0052137374404825));
#8669=CARTESIAN_POINT('',(0.042717167429139,0.012869718658921,0.003));
#8670=CARTESIAN_POINT('',(0.042717167429139,0.012869718658921,0.0039194495169343));
#8671=CARTESIAN_POINT('',(0.042717167429139,-8.31597319854091E-5,0.0039194495169343));
#8672=CARTESIAN_POINT('',(0.042717167429139,0.0117360271229455,0.0039194495169343));
#8673=CARTESIAN_POINT('',(0.042717167429139,0.0117360271229455,0.003));
#8674=CARTESIAN_POINT('',(0.042717167429139,0.0117360271229455,0.00970448827816119));
#8675=CARTESIAN_POINT('',(0.042717167429139,-8.31597319854091E-5,0.00970448827816119));
#8676=CARTESIAN_POINT('',(0.042717167429139,0.012869718658921,0.00970448827816119));
#8677=CARTESIAN_POINT('',(0.042717167429139,0.012869718658921,0.003));
#8678=CARTESIAN_POINT('',(0.042717167429139,0.012869718658921,0.00712423965116117));
#8679=CARTESIAN_POINT('',(0.042717167429139,0.0125598697798426,0.00220383945139623));
#8680=CARTESIAN_POINT('',(0.042717167429139,0.01958740607094,0.00410145875618327));
#8681=CARTESIAN_POINT('',(0.042717167429139,0.0192269564010548,0.00384450453606709));
#8682=CARTESIAN_POINT('',(0.042717167429139,0.0187404088268533,0.00384450453606709));
#8683=CARTESIAN_POINT('',(0.042717167429139,0.01958740607094,0.00410145875618327));
#8684=CARTESIAN_POINT('',(0.042717167429139,0.0187404088268533,0.00384450453606709));
#8685=CARTESIAN_POINT('',(0.042717167429139,0.0187404088268533,0.00384450453606709));
#8686=CARTESIAN_POINT('',(0.042717167429139,0.0180076134583738,0.00384450453606709));
#8687=CARTESIAN_POINT('',(0.042717167429139,0.0175912524535559,0.00437625701936308));
#8688=CARTESIAN_POINT('',(0.042717167429139,0.0175912524535559,0.00437625701936308));
#8689=CARTESIAN_POINT('',(0.042717167429139,-8.31597319854091E-5,0.00437625701936308));
#8690=CARTESIAN_POINT('',(0.042717167429139,0.0175317723100105,0.00437625701936308));
#8691=CARTESIAN_POINT('',(0.042717167429139,0.0175317723100105,0.00437625701936308));
#8692=CARTESIAN_POINT('',(0.042717167429139,0.0175912524535559,0.00385640056477617));
#8693=CARTESIAN_POINT('',(0.042717167429139,0.0175912524535559,0.0037743179666835));
#8694=CARTESIAN_POINT('',(0.042717167429139,0.0175912524535559,0.0037743179666835));
#8695=CARTESIAN_POINT('',(0.042717167429139,0.0175912524535559,0.003));
#8696=CARTESIAN_POINT('',(0.042717167429139,0.0175912524535559,0.0020898403014774));
#8697=CARTESIAN_POINT('',(0.042717167429139,-8.31597319854091E-5,0.0020898403014774));
#8698=CARTESIAN_POINT('',(0.042717167429139,0.0164575609175803,0.0020898403014774));
#8699=CARTESIAN_POINT('',(0.042717167429139,0.0164575609175803,0.003));
#8700=CARTESIAN_POINT('',(0.042717167429139,0.0164575609175803,0.00807592194788778));
#8701=CARTESIAN_POINT('',(0.042717167429139,-8.31597319854091E-5,0.00807592194788778));
#8702=CARTESIAN_POINT('',(0.042717167429139,0.0173795031425342,0.00807592194788778));
#8703=CARTESIAN_POINT('',(0.042717167429139,0.0173551222562206,0.00815834389938102));
#8704=CARTESIAN_POINT('',(0.042717167429139,0.017538909927236,0.00753703184736633));
#8705=CARTESIAN_POINT('',(0.042717167429139,-8.31597319854091E-5,0.00753703184736633));
#8706=CARTESIAN_POINT('',(0.042717167429139,0.0175912524535559,0.00753703184736633));
#8707=CARTESIAN_POINT('',(0.042717167429139,0.0175912524535559,0.00753703184736633));
#8708=CARTESIAN_POINT('',(0.042717167429139,0.0179897694153102,0.00815324613449681));
#8709=CARTESIAN_POINT('',(0.042717167429139,0.018770148898626,0.00815324613449681));
#8710=CARTESIAN_POINT('',(0.042717167429139,0.018770148898626,0.00815324613449681));
#8711=CARTESIAN_POINT('',(0.042717167429139,0.018770148898626,0.00815324613449681));
#8712=CARTESIAN_POINT('',(0.042717167429139,0.0195065130757182,0.00815324613449681));
#8713=CARTESIAN_POINT('',(0.042717167429139,0.0199228740805361,0.00758461596220266));
#8714=CARTESIAN_POINT('',(0.042717167429139,0.0199228740805361,0.00758461596220266));
#8715=CARTESIAN_POINT('',(0.042717167429139,0.0199228740805361,0.00758461596220266));
#8716=CARTESIAN_POINT('',(0.042717167429139,0.020339235085354,0.00701598578990851));
#8717=CARTESIAN_POINT('',(0.042717167429139,0.020339235085354,0.00600482334963649));
#8718=CARTESIAN_POINT('',(0.042717167429139,0.020339235085354,0.00600482334963649));
#8719=CARTESIAN_POINT('',(0.042717167429139,0.020339235085354,0.00600482334963649));
#8720=CARTESIAN_POINT('',(0.042717167429139,0.020339235085354,0.00533983534479877));
#8721=CARTESIAN_POINT('',(0.042717167429139,0.0201435454130896,0.00484912416054911));
#8722=CARTESIAN_POINT('',(0.042717167429139,0.0201435454130896,0.00484912416054911));
#8723=CARTESIAN_POINT('',(0.042717167429139,0.0201435454130896,0.00484912416054911));
#8724=CARTESIAN_POINT('',(0.042717167429139,0.0199478557408252,0.00435841297629946));
#8725=CARTESIAN_POINT('',(0.042717167429139,0.01958740607094,0.00410145875618327));
#8726=CARTESIAN_POINT('',(0.042717167429139,0.00205503895949401,0.003));
#8727=CARTESIAN_POINT('',(0.042717167429139,0.00205503895949401,0.00662936485686333));
#8728=CARTESIAN_POINT('',(0.042717167429139,0.00205503895949401,0.0039194495169343));
#8729=CARTESIAN_POINT('',(0.042717167429139,-8.31597319854091E-5,0.0039194495169343));
#8730=CARTESIAN_POINT('',(0.042717167429139,0.000921347423518435,0.0039194495169343));
#8731=CARTESIAN_POINT('',(0.042717167429139,0.000921347423518435,0.003));
#8732=CARTESIAN_POINT('',(0.042717167429139,0.000921347423518435,0.00634742897645807));
#8733=CARTESIAN_POINT('',(0.042717167429139,0.000921347423518435,0.00634742897645807));
#8734=CARTESIAN_POINT('',(0.042717167429139,0.000921347423518435,0.00724676874686472));
#8735=CARTESIAN_POINT('',(0.042717167429139,0.000251601007197084,0.00724676874686472));
#8736=CARTESIAN_POINT('',(0.042717167429139,0.000251601007197084,0.00724676874686472));
#8737=CARTESIAN_POINT('',(0.042717167429139,0.000251601007197084,0.00724676874686472));
#8738=CARTESIAN_POINT('',(0.042717167429139,-0.000224240141166221,0.00724676874686472));
#8739=CARTESIAN_POINT('',(0.042717167429139,-0.000435989452187893,0.00692319676597767));
#8740=CARTESIAN_POINT('',(0.042717167429139,-0.000435989452187893,0.00692319676597767));
#8741=CARTESIAN_POINT('',(0.042717167429139,-0.000435989452187893,0.00692319676597767));
#8742=CARTESIAN_POINT('',(0.042717167429139,-0.000647738763209563,0.00659962478509062));
#8743=CARTESIAN_POINT('',(0.042717167429139,-0.000647738763209563,0.00587515663670749));
#8744=CARTESIAN_POINT('',(0.042717167429139,-0.000647738763209563,0.00587515663670749));
#8745=CARTESIAN_POINT('',(0.042717167429139,-0.000647738763209563,0.003));
#8746=CARTESIAN_POINT('',(0.042717167429139,-0.000647738763209563,0.0039194495169343));
#8747=CARTESIAN_POINT('',(0.042717167429139,-8.31597319854091E-5,0.0039194495169343));
#8748=CARTESIAN_POINT('',(0.042717167429139,-0.00178143029918513,0.0039194495169343));
#8749=CARTESIAN_POINT('',(0.042717167429139,-0.00178143029918513,0.003));
#8750=CARTESIAN_POINT('',(0.042717167429139,-0.00178143029918513,0.00970448827816119));
#8751=CARTESIAN_POINT('',(0.042717167429139,-8.31597319854091E-5,0.00970448827816119));
#8752=CARTESIAN_POINT('',(0.042717167429139,-0.000647738763209563,0.00970448827816119));
#8753=CARTESIAN_POINT('',(0.042717167429139,-0.000647738763209563,0.003));
#8754=CARTESIAN_POINT('',(0.042717167179139,-0.000647412710063425,0.00852558338479987));
#8755=CARTESIAN_POINT('',(0.042717167429139,-0.020692150441266,0.00904495816759818));
#8756=CARTESIAN_POINT('',(0.042717167179139,-0.000674113582468845,0.00787845973301317));
#8757=CARTESIAN_POINT('',(0.042717167429139,-0.00104992666175251,0.00307568993756184));
#8758=CARTESIAN_POINT('',(0.042717167429139,-0.000700081289529527,0.00754416946459178));
#8759=CARTESIAN_POINT('',(0.042717167429139,-8.31597319854091E-5,0.00754416946459178));
#8760=CARTESIAN_POINT('',(0.042717167429139,-0.000640601145984111,0.00754416946459178));
#8761=CARTESIAN_POINT('',(0.042717167429139,-0.000640601145984111,0.00754416946459178));
#8762=CARTESIAN_POINT('',(0.042717167429139,-0.000261117830164376,0.00815324613449681));
#8763=CARTESIAN_POINT('',(0.042717167429139,0.000564466562245958,0.00815324613449681));
#8764=CARTESIAN_POINT('',(0.042717167429139,0.000564466562245958,0.00815324613449681));
#8765=CARTESIAN_POINT('',(0.042717167429139,0.000564466562245958,0.00815324613449681));
#8766=CARTESIAN_POINT('',(0.042717167429139,0.00129726193072545,0.00815324613449681));
#8767=CARTESIAN_POINT('',(0.042717167429139,0.00167615044510973,0.00775948758422618));
#8768=CARTESIAN_POINT('',(0.042717167429139,0.00167615044510973,0.00775948758422618));
#8769=CARTESIAN_POINT('',(0.042717167429139,0.00167615044510973,0.00775948758422618));
#8770=CARTESIAN_POINT('',(0.042717167429139,0.00205503895949401,0.00736572903395554));
#8771=CARTESIAN_POINT('',(0.042717167429139,0.00205503895949401,0.00662936485686333));
#8772=CARTESIAN_POINT('',(0.042717167429139,-0.00369431171560562,0.00486399419643547));
#8773=CARTESIAN_POINT('',(0.042717167429139,-0.00355869698832208,0.00474860271795736));
#8774=CARTESIAN_POINT('',(0.042717167429139,-0.00333505164859133,0.00474860271795736));
#8775=CARTESIAN_POINT('',(0.042717167429139,-0.00369431171560562,0.00486399419643547));
#8776=CARTESIAN_POINT('',(0.042717167429139,-0.00333505164859133,0.00474860271795736));
#8777=CARTESIAN_POINT('',(0.042717167429139,-0.00333505164859133,0.00474860271795736));
#8778=CARTESIAN_POINT('',(0.042717167429139,-0.00303765093086426,0.00474860271795736));
#8779=CARTESIAN_POINT('',(0.042717167429139,-0.00262128992604637,0.00487826943088636));
#8780=CARTESIAN_POINT('',(0.042717167429139,-0.00262128992604637,0.00487826943088636));
#8781=CARTESIAN_POINT('',(0.042717167429139,-0.00262128992604637,0.003));
#8782=CARTESIAN_POINT('',(0.042717167429139,-0.00262128992604637,0.0040348409954124));
#8783=CARTESIAN_POINT('',(0.042717167429139,-0.00262128992604637,0.0040348409954124));
#8784=CARTESIAN_POINT('',(0.042717167429139,-0.00304478854808971,0.00384450453606709));
#8785=CARTESIAN_POINT('',(0.042717167429139,-0.0036621924380911,0.00384450453606709));
#8786=CARTESIAN_POINT('',(0.042717167429139,-0.0036621924380911,0.00384450453606709));
#8787=CARTESIAN_POINT('',(0.042717167429139,-0.0036621924380911,0.00384450453606709));
#8788=CARTESIAN_POINT('',(0.042717167429139,-0.00434264528025063,0.00384450453606709));
#8789=CARTESIAN_POINT('',(0.042717167429139,-0.00465313162955768,0.00418889456719502));
#8790=CARTESIAN_POINT('',(0.042717167429139,-0.00465313162955768,0.00418889456719502));
#8791=CARTESIAN_POINT('',(0.042717167429139,-0.00465313162955768,0.00418889456719502));
#8792=CARTESIAN_POINT('',(0.042717167429139,-0.00496361797886474,0.00453328459832297));
#8793=CARTESIAN_POINT('',(0.042717167429139,-0.00496361797886474,0.00522087505770794));
#8794=CARTESIAN_POINT('',(0.042717167429139,-0.00496361797886474,0.00522087505770794));
#8795=CARTESIAN_POINT('',(0.042717167429139,-0.00496361797886474,0.003));
#8796=CARTESIAN_POINT('',(0.042717167429139,-0.00496361797886474,0.00722416629231746));
#8797=CARTESIAN_POINT('',(0.042717167429139,-8.31597319854091E-5,0.00722416629231746));
#8798=CARTESIAN_POINT('',(0.042717167429139,-0.00550607688799891,0.00722416629231746));
#8799=CARTESIAN_POINT('',(0.042717167429139,-0.00550607688799891,0.003));
#8800=CARTESIAN_POINT('',(0.042717167429139,-0.00550607688799891,0.00770357624929349));
#8801=CARTESIAN_POINT('',(0.042717167429139,-0.00363276916387613,0.00884183370452237));
#8802=CARTESIAN_POINT('',(0.042717167429139,-0.00488153538077207,0.00808305956511323));
#8803=CARTESIAN_POINT('',(0.042717167429139,-0.00595966403188995,0.00518975431229505));
#8804=CARTESIAN_POINT('',(0.042717167429139,-0.0045543945912723,0.00896098648384352));
#8805=CARTESIAN_POINT('',(0.042717167429139,-8.31597319854091E-5,0.00896098648384352));
#8806=CARTESIAN_POINT('',(0.042717167429139,-0.00382992644288917,0.00896098648384352));
#8807=CARTESIAN_POINT('',(0.042717167429139,-0.00382992644288917,0.003));
#8808=CARTESIAN_POINT('',(0.042717167429139,-0.00382992644288917,0.00807592194788778));
#8809=CARTESIAN_POINT('',(0.042717167429139,-8.31597319854091E-5,0.00807592194788778));
#8810=CARTESIAN_POINT('',(0.042717167429139,-0.00266649483514088,0.00807592194788778));
#8811=CARTESIAN_POINT('',(0.042717167429139,-0.00266649483514088,0.003));
#8812=CARTESIAN_POINT('',(0.042717167429139,-0.00266649483514088,0.00722416629231746));
#8813=CARTESIAN_POINT('',(0.042717167429139,-8.31597319854091E-5,0.00722416629231746));
#8814=CARTESIAN_POINT('',(0.042717167429139,-0.00382992644288917,0.00722416629231746));
#8815=CARTESIAN_POINT('',(0.042717167429139,-0.00382992644288917,0.003));
#8816=CARTESIAN_POINT('',(0.042717167429139,-0.00382992644288917,0.00522087505770794));
#8817=CARTESIAN_POINT('',(0.042717167429139,-0.00382992644288917,0.00522087505770794));
#8818=CARTESIAN_POINT('',(0.042717167429139,-0.00382992644288917,0.00497938567491357));
#8819=CARTESIAN_POINT('',(0.042717167429139,-0.00369431171560562,0.00486399419643547));
#8820=CARTESIAN_POINT('',(0.042717167429139,-0.00607827586890578,0.00568541497879762));
#8821=CARTESIAN_POINT('',(0.042717167429139,-0.00597002200765313,0.00546236444050232));
#8822=CARTESIAN_POINT('',(0.042717167429139,-0.00597002200765313,0.00515425729693708));
#8823=CARTESIAN_POINT('',(0.042717167429139,-0.00607827586890578,0.00568541497879762));
#8824=CARTESIAN_POINT('',(0.042717167429139,-0.00597002200765313,0.00515425729693708));
#8825=CARTESIAN_POINT('',(0.042717167429139,-0.00597002200765313,0.00515425729693708));
#8826=CARTESIAN_POINT('',(0.042717167429139,-0.00597002200765313,0.00451425095238844));
#8827=CARTESIAN_POINT('',(0.042717167429139,-0.00641433867993737,0.00417937774422776));
#8828=CARTESIAN_POINT('',(0.042717167429139,-0.00641433867993737,0.00417937774422776));
#8829=CARTESIAN_POINT('',(0.042717167429139,-0.00641433867993737,0.00417937774422776));
#8830=CARTESIAN_POINT('',(0.042717167429139,-0.0068586553522216,0.00384450453606709));
#8831=CARTESIAN_POINT('',(0.042717167429139,-0.00774371988817735,0.00384450453606709));
#8832=CARTESIAN_POINT('',(0.042717167429139,-0.00774371988817735,0.00384450453606709));
#8833=CARTESIAN_POINT('',(0.042717167429139,-0.00774371988817735,0.00384450453606709));
#8834=CARTESIAN_POINT('',(0.042717167429139,-0.0081969585819934,0.00384450453606709));
#8835=CARTESIAN_POINT('',(0.042717167429139,-0.00851696175426772,0.00390636388535432));
#8836=CARTESIAN_POINT('',(0.042717167429139,-0.00851696175426772,0.00390636388535432));
#8837=CARTESIAN_POINT('',(0.042717167429139,-0.00797313579167113,0.00679331495839596));
#8838=CARTESIAN_POINT('',(0.042717167429139,-0.00911533199833458,0.00408696001265089));
#8839=CARTESIAN_POINT('',(0.042717167429139,-0.00911533199833458,0.003));
#8840=CARTESIAN_POINT('',(0.042717167429139,-0.00911533199833458,0.00502285257355971));
#8841=CARTESIAN_POINT('',(0.042717167429139,-0.00746544475975894,0.00860846317956594));
#8842=CARTESIAN_POINT('',(0.042717167429139,-0.00840394948153144,0.00477417917968189));
#8843=CARTESIAN_POINT('',(0.042717167429139,-0.00840394948153144,0.00477417917968189));
#8844=CARTESIAN_POINT('',(0.042717167429139,-0.00800781172551899,0.00467365773709014));
#8845=CARTESIAN_POINT('',(0.042717167429139,-0.00770684219917919,0.00467365773709014));
#8846=CARTESIAN_POINT('',(0.042717167429139,-0.00770684219917919,0.00467365773709014));
#8847=CARTESIAN_POINT('',(0.042717167429139,-0.00770684219917919,0.00467365773709014));
#8848=CARTESIAN_POINT('',(0.042717167429139,-0.00708943830917781,0.00467365773709014));
#8849=CARTESIAN_POINT('',(0.042717167429139,-0.00708943830917781,0.00503053859836262));
#8850=CARTESIAN_POINT('',(0.042717167429139,-0.00708943830917781,0.00503053859836262));
#8851=CARTESIAN_POINT('',(0.042717167429139,-0.00738859388114223,0.00504429949083942));
#8852=CARTESIAN_POINT('',(0.042717167429139,-0.00717152090727048,0.00524883072517429));
#8853=CARTESIAN_POINT('',(0.042717167429139,-0.00717152090727048,0.00524883072517429));
#8854=CARTESIAN_POINT('',(0.042717167429139,-0.00725360350536315,0.00533269772757332));
#8855=CARTESIAN_POINT('',(0.042717167429139,-0.00745405158911119,0.00543857238308416));
#8856=CARTESIAN_POINT('',(0.042717167429139,-0.00745405158911119,0.00543857238308416));
#8857=CARTESIAN_POINT('',(0.042717167429139,-0.0106797889187098,-0.000890141139132583));
#8858=CARTESIAN_POINT('',(0.042717167429139,-0.00798877807958445,0.00568482017736217));
#8859=CARTESIAN_POINT('',(0.042717167429139,-0.00798877807958445,0.00568482017736217));
#8860=CARTESIAN_POINT('',(0.042717167429139,-0.00846818803656048,0.00588586306254566));
#8861=CARTESIAN_POINT('',(0.042717167429139,-0.0086936177805976,0.00605716587595645));
#8862=CARTESIAN_POINT('',(0.042717167429139,-0.0086936177805976,0.00605716587595645));
#8863=CARTESIAN_POINT('',(0.042717167429139,-0.00808183938137251,0.00690408201417935));
#8864=CARTESIAN_POINT('',(0.042717167429139,-0.00902075857009737,0.00644973482335618));
#8865=CARTESIAN_POINT('',(0.042717167429139,-0.00902075857009737,0.00644973482335618));
#8866=CARTESIAN_POINT('',(0.042717167429139,-0.00912246961556003,0.00667100095734512));
#8867=CARTESIAN_POINT('',(0.042717167429139,-0.00912246961556003,0.00699338333536126));
#8868=CARTESIAN_POINT('',(0.042717167429139,-0.00912246961556003,0.00699338333536126));
#8869=CARTESIAN_POINT('',(0.042717167429139,-0.00912246961556003,0.00699338333536126));
#8870=CARTESIAN_POINT('',(0.042717167429139,-0.00912246961556003,0.00754773827320451));
#8871=CARTESIAN_POINT('',(0.042717167429139,-0.0086936177805976,0.00785049220385066));
#8872=CARTESIAN_POINT('',(0.042717167429139,-0.0086936177805976,0.00785049220385066));
#8873=CARTESIAN_POINT('',(0.042717167429139,-0.0086936177805976,0.00785049220385066));
#8874=CARTESIAN_POINT('',(0.042717167429139,-0.00826476594563517,0.00815324613449681));
#8875=CARTESIAN_POINT('',(0.042717167429139,-0.00747605924222299,0.00815324613449681));
#8876=CARTESIAN_POINT('',(0.042717167429139,-0.00747605924222299,0.00815324613449681));
#8877=CARTESIAN_POINT('',(0.042717167429139,-0.00748523683247699,0.00469947528178008));
#8878=CARTESIAN_POINT('',(0.042717167429139,-0.00601551306996486,0.00782542037196489));
#8879=CARTESIAN_POINT('',(0.042717167429139,-0.00685034903146112,0.00582704996935886));
#8880=CARTESIAN_POINT('',(0.042717167429139,-0.00635672738110618,0.00700864604411401));
#8881=CARTESIAN_POINT('',(0.042717167429139,-0.00893459589247566,0.00103186671689658));
#8882=CARTESIAN_POINT('',(0.042717167179139,-0.00694070781658932,0.00722782823378648));
#8883=CARTESIAN_POINT('',(0.042717167429139,-0.00749410918612493,0.00548370724289212));
#8884=CARTESIAN_POINT('',(0.042717167429139,-0.00749509288718869,0.00731338470562482));
#8885=CARTESIAN_POINT('',(0.042717167429139,-0.00749509288815752,0.00731338650763558));
#8886=CARTESIAN_POINT('',(0.042717167429139,-0.00799710529968081,0.00731338650763558));
#8887=CARTESIAN_POINT('',(0.042717167429139,-0.00799710529968081,0.00704215705306849));
#8888=CARTESIAN_POINT('',(0.042717167429139,-0.00799710529968081,0.00704215705306849));
#8889=CARTESIAN_POINT('',(0.042717167429139,-0.00799710529968081,0.00704215705306849));
#8890=CARTESIAN_POINT('',(0.042717167429139,-0.00799710529968081,0.00688988788559224));
#8891=CARTESIAN_POINT('',(0.042717167429139,-0.00783531930923729,0.00677806521572686));
#8892=CARTESIAN_POINT('',(0.042717167429139,-0.00783531930923729,0.00677806521572686));
#8893=CARTESIAN_POINT('',(0.042717167429139,-0.00783531930923729,0.00677806521572686));
#8894=CARTESIAN_POINT('',(0.042717167429139,-0.00767353331879376,0.00666624254586148));
#8895=CARTESIAN_POINT('',(0.042717167429139,-0.00712631599817596,0.00644735561761436));
#8896=CARTESIAN_POINT('',(0.042717167429139,-0.00712631599817596,0.00644735561761436));
#8897=CARTESIAN_POINT('',(0.042717167429139,-0.00712631599817596,0.00644735561761436));
#8898=CARTESIAN_POINT('',(0.042717167429139,-0.00663976842397448,0.00624988154104359));
#8899=CARTESIAN_POINT('',(0.042717167429139,-0.00641314907706646,0.00607917352906826));
#8900=CARTESIAN_POINT('',(0.042717167429139,-0.00641314907706646,0.00607917352906826));
#8901=CARTESIAN_POINT('',(0.042717167429139,-0.00705209057724098,0.00519240878066269));
#8902=CARTESIAN_POINT('',(0.042717167429139,-0.0100126424156546,0.00686642068532257));
#8903=CARTESIAN_POINT('',(0.0427171674291381,-0.0107230010072773,0.00793959308944566));
#8904=CARTESIAN_POINT('',(0.042717167429139,-0.0100075268285148,0.0081529393208689));
#8905=CARTESIAN_POINT('',(0.042717167429139,-0.00997043405657255,0.00628664444428544));
#8906=CARTESIAN_POINT('',(0.042717167429139,-0.00962442482391277,0.00812064673232381));
#8907=CARTESIAN_POINT('',(0.042717167429139,-0.00997299656724371,0.0037973888601776));
#8908=CARTESIAN_POINT('',(0.042717167429139,-0.00971008372126289,0.00705823846380083));
#8909=CARTESIAN_POINT('',(0.042717167429139,-0.0100168189083773,0.00576935292996144));
#8910=CARTESIAN_POINT('',(0.042717167429139,-0.0100444118405139,0.00709449957938846));
#8911=CARTESIAN_POINT('',(0.042717167429139,-0.0100444118405139,0.00709449957938846));
#8912=CARTESIAN_POINT('',(0.042717167429139,-0.0105868707496481,0.00709449957938846));
#8913=CARTESIAN_POINT('',(0.042717167429139,-0.0108902194817297,0.00681553770616047));
#8914=CARTESIAN_POINT('',(0.042717167429139,-0.0108902194817297,0.00681553770616047));
#8915=CARTESIAN_POINT('',(0.042717167429139,-0.0108902194817297,0.00681553770616047));
#8916=CARTESIAN_POINT('',(0.042717167429139,-0.0111935682138113,0.00653657583293248));
#8917=CARTESIAN_POINT('',(0.042717167429139,-0.0111935682138113,0.0060345634214092));
#8918=CARTESIAN_POINT('',(0.042717167429139,-0.0111935682138113,0.0060345634214092));
#8919=CARTESIAN_POINT('',(0.0427171674291391,-0.0111935682138113,0.003));
#8920=CARTESIAN_POINT('',(0.0427171674291391,-0.0111935682138113,0.0039194495169343));
#8921=CARTESIAN_POINT('',(0.042717167429139,-8.31597319854091E-5,0.0039194495169343));
#8922=CARTESIAN_POINT('',(0.0427171674291391,-0.0123272597497869,0.0039194495169343));
#8923=CARTESIAN_POINT('',(0.0427171674291391,-0.0123272597497869,0.003));
#8924=CARTESIAN_POINT('',(0.0427171674291391,-0.0123272597497869,0.00807592194788778));
#8925=CARTESIAN_POINT('',(0.042717167429139,-8.31597319854091E-5,0.00807592194788778));
#8926=CARTESIAN_POINT('',(0.0427171674291391,-0.0114683664769911,0.00807592194788778));
#8927=CARTESIAN_POINT('',(0.042717167429139,-0.00969829103862412,0.000694330758101953));
#8928=CARTESIAN_POINT('',(0.042717167429139,-0.0113006324721931,0.00737643545979372));
#8929=CARTESIAN_POINT('',(0.042717167429139,-8.31597319854091E-5,0.00737643545979372));
#8930=CARTESIAN_POINT('',(0.042717167429139,-0.0112455863682026,0.00737643545979372));
#8931=CARTESIAN_POINT('',(0.042717167429139,-0.00987307551640035,0.00662738298713965));
#8932=CARTESIAN_POINT('',(0.0427171674291391,-0.0135168626206951,0.003));
#8933=CARTESIAN_POINT('',(0.0427171674291391,-0.0135168626206951,0.00807592194788778));
#8934=CARTESIAN_POINT('',(0.0427171674291391,-0.0135168626206951,0.0039194495169343));
#8935=CARTESIAN_POINT('',(0.042717167429139,-8.31597319854091E-5,0.0039194495169343));
#8936=CARTESIAN_POINT('',(0.0427171674291391,-0.0146505541566707,0.0039194495169343));
#8937=CARTESIAN_POINT('',(0.0427171674291391,-0.0146505541566707,0.003));
#8938=CARTESIAN_POINT('',(0.0427171674291391,-0.0146505541566707,0.00807592194788778));
#8939=CARTESIAN_POINT('',(0.042717167429139,-8.31597319854091E-5,0.00807592194788778));
#8940=CARTESIAN_POINT('',(0.042717167429139,-0.0140819239843766,0.00859220959386196));
#8941=CARTESIAN_POINT('',(0.042717167429139,-0.014699327874378,0.00859220959386196));
#8942=CARTESIAN_POINT('',(0.042717167429139,-0.014699327874378,0.00915013334031794));
#8943=CARTESIAN_POINT('',(0.042717167429139,-0.0140819239843766,0.00859220959386196));
#8944=CARTESIAN_POINT('',(0.042717167429139,-0.014699327874378,0.00915013334031794));
#8945=CARTESIAN_POINT('',(0.042717167429139,-0.014699327874378,0.00915013334031794));
#8946=CARTESIAN_POINT('',(0.042717167429139,-0.014699327874378,0.00970448827816119));
#8947=CARTESIAN_POINT('',(0.042717167429139,-0.0140819239843766,0.00970448827816119));
#8948=CARTESIAN_POINT('',(0.042717167429139,-0.0140819239843766,0.00970448827816119));
#8949=CARTESIAN_POINT('',(0.042717167429139,-0.0140819239843766,0.00970448827816119));
#8950=CARTESIAN_POINT('',(0.042717167429139,-0.0134645200943752,0.00970448827816119));
#8951=CARTESIAN_POINT('',(0.042717167429139,-0.0134645200943752,0.00915013334031794));
#8952=CARTESIAN_POINT('',(0.042717167429139,-0.0134645200943752,0.00915013334031794));
#8953=CARTESIAN_POINT('',(0.042717167429139,-0.0134645200943752,0.00915013334031794));
#8954=CARTESIAN_POINT('',(0.042717167429139,-0.0134645200943752,0.0088860415029763));
#8955=CARTESIAN_POINT('',(0.042717167429139,-0.0136185736661578,0.00873912554841913));
#8956=CARTESIAN_POINT('',(0.042717167429139,-0.0136185736661578,0.00873912554841913));
#8957=CARTESIAN_POINT('',(0.042717167429139,-0.0136185736661578,0.00873912554841913));
#8958=CARTESIAN_POINT('',(0.042717167429139,-0.0137726272379404,0.00859220959386196));
#8959=CARTESIAN_POINT('',(0.042717167429139,-0.0140819239843766,0.00859220959386196));
#8960=CARTESIAN_POINT('',(0.0427171674291391,-0.0153012669270576,0.003));
#8961=CARTESIAN_POINT('',(0.0427171674291391,-0.0153012669270576,0.00807592194788778));
#8962=CARTESIAN_POINT('',(0.0427171674291391,-0.0153012669270576,0.00722416629231746));
#8963=CARTESIAN_POINT('',(0.042717167429139,-8.31597319854091E-5,0.00722416629231746));
#8964=CARTESIAN_POINT('',(0.0427171674291391,-0.0162826892955568,0.00722416629231746));
#8965=CARTESIAN_POINT('',(0.0427171674291391,-0.0162826892955568,0.003));
#8966=CARTESIAN_POINT('',(0.0427171674291391,-0.0162826892955568,0.0039194495169343));
#8967=CARTESIAN_POINT('',(0.042717167429139,-8.31597319854091E-5,0.0039194495169343));
#8968=CARTESIAN_POINT('',(0.0427171674291391,-0.0174163808315325,0.0039194495169343));
#8969=CARTESIAN_POINT('',(0.0427171674291391,-0.0174163808315325,0.003));
#8970=CARTESIAN_POINT('',(0.0427171674291391,-0.0174163808315325,0.00722416629231746));
#8971=CARTESIAN_POINT('',(0.042717167429139,-8.31597319854091E-5,0.00722416629231746));
#8972=CARTESIAN_POINT('',(0.0427171674291391,-0.0180409223387593,0.00722416629231746));
#8973=CARTESIAN_POINT('',(0.0427171674291391,-0.0180409223387593,0.003));
#8974=CARTESIAN_POINT('',(0.0427171674291391,-0.0180409223387593,0.00777138361293526));
#8975=CARTESIAN_POINT('',(0.042717167429139,-0.00541247312881574,0.0139292559895934));
#8976=CARTESIAN_POINT('',(0.0427171674291391,-0.0174163808315325,0.00807592194788778));
#8977=CARTESIAN_POINT('',(0.0427171674291391,-0.0174163808315325,0.003));
#8978=CARTESIAN_POINT('',(0.0427171674291391,-0.0174163808315325,0.00838046028284029));
#8979=CARTESIAN_POINT('',(0.042717167429139,-0.0174163808315325,0.00838046028284029));
#8980=CARTESIAN_POINT('',(0.042717167429139,-0.0174163808315325,0.00909065319677252));
#8981=CARTESIAN_POINT('',(0.042717167429139,-0.0170666375874854,0.0094177939862723));
#8982=CARTESIAN_POINT('',(0.042717167429139,-0.0170666375874854,0.0094177939862723));
#8983=CARTESIAN_POINT('',(0.042717167429139,-0.0170666375874854,0.0094177939862723));
#8984=CARTESIAN_POINT('',(0.042717167429139,-0.0167168943434384,0.00974493477577207));
#8985=CARTESIAN_POINT('',(0.042717167429139,-0.0159472212859607,0.00974493477577207));
#8986=CARTESIAN_POINT('',(0.042717167429139,-0.0159472212859607,0.00974493477577207));
#8987=CARTESIAN_POINT('',(0.042717167429139,-0.0159472212859607,0.00974493477577207));
#8988=CARTESIAN_POINT('',(0.042717167429139,-0.0153607470706029,0.00974493477577207));
#8989=CARTESIAN_POINT('',(0.042717167429139,-0.0149027499653033,0.00957006315374855));
#8990=CARTESIAN_POINT('',(0.042717167429139,-0.0149027499653033,0.00957006315374855));
#8991=CARTESIAN_POINT('',(0.0427171674291391,-0.0153392412279857,0.00831783412146296));
#8992=CARTESIAN_POINT('',(0.042717167429139,-0.0151933077215503,0.00873649589124698));
#8993=CARTESIAN_POINT('',(0.042717167429139,-0.0158686167553386,0.00672789079281897));
#8994=CARTESIAN_POINT('',(0.042717167429139,-0.0158246921902572,0.00884559500536542));
#8995=CARTESIAN_POINT('',(0.042717167429139,-0.0158246921902572,0.00884559500536542));
#8996=CARTESIAN_POINT('',(0.042717167429139,-0.0160661815730515,0.00884559500536542));
#8997=CARTESIAN_POINT('',(0.042717167429139,-0.0161744354343042,0.00870224785942098));
#8998=CARTESIAN_POINT('',(0.042717167429139,-0.0161744354343042,0.00870224785942098));
#8999=CARTESIAN_POINT('',(0.042717167429139,-0.0161744354343042,0.00870224785942098));
#9000=CARTESIAN_POINT('',(0.042717167429139,-0.0162826892955568,0.00855890071347653));
#9001=CARTESIAN_POINT('',(0.042717167429139,-0.0162826892955568,0.00833644497661669));
#9002=CARTESIAN_POINT('',(0.042717167429139,-0.0162826892955568,0.00833644497661669));
#9003=CARTESIAN_POINT('',(0.0427171674291391,-0.0162826892955568,0.003));
#9004=CARTESIAN_POINT('',(0.0427171674291391,-0.0162826892955568,0.00807592194788778));
#9005=CARTESIAN_POINT('',(0.042717167429139,-8.31597319854091E-5,0.00807592194788778));
#9006=CARTESIAN_POINT('',(0.0427171674291391,-0.0176769516068444,-0.00403954543738954));
#9007=CARTESIAN_POINT('',(0.0427171674291391,-0.0208733667743919,0.00394918958870701));
#9008=CARTESIAN_POINT('',(0.0427171674291391,-0.0225245355592125,0.00807592194788778));
#9009=CARTESIAN_POINT('',(0.042717167429139,-8.31597319854091E-5,0.00807592194788778));
#9010=CARTESIAN_POINT('',(0.0427171674291391,-0.0212825901619843,0.00807592194788778));
#9011=CARTESIAN_POINT('',(0.0427171674291391,-0.0176116807227433,-0.00287553170544731));
#9012=CARTESIAN_POINT('',(0.042717167179139,-0.0204981718005678,0.00573730847562017));
#9013=CARTESIAN_POINT('',(0.042717167429139,-0.0235756397691625,0.00478296346595064));
#9014=CARTESIAN_POINT('',(0.042717167429139,-0.0203615572599445,0.00501626336391172));
#9015=CARTESIAN_POINT('',(0.042717167429139,-8.31597319854091E-5,0.00501626336391172));
#9016=CARTESIAN_POINT('',(0.042717167429139,-0.0203377671263107,0.00501626336391172));
#9017=CARTESIAN_POINT('',(0.042717167429139,-0.0171889093621805,0.00470035414055156));
#9018=CARTESIAN_POINT('',(0.042717167179139,-0.0201787618801732,0.00573720542211725));
#9019=CARTESIAN_POINT('',(0.0427171674291391,-0.0190276717514191,0.00923453676326225));
#9020=CARTESIAN_POINT('',(0.0427171674291391,-0.0194089656403038,0.00807592194788778));
#9021=CARTESIAN_POINT('',(0.042717167429139,-8.31597319854091E-5,0.00807592194788778));
#9022=CARTESIAN_POINT('',(0.0427171674291391,-0.0181931915062356,0.00807592194788778));
#9023=CARTESIAN_POINT('',(0.0427171674291391,-0.01762901932368,0.00958025386361952));
#9024=CARTESIAN_POINT('',(0.0427171674291391,-0.0199514245494379,0.00338769703363831));
#9025=CARTESIAN_POINT('',(0.042717167429139,-0.0199514245494379,0.00338769703363831));
#9026=CARTESIAN_POINT('',(0.042717167429139,-0.0201941035351033,0.00273698426325149));
#9027=CARTESIAN_POINT('',(0.042717167429139,-0.0206419890160002,0.00241341228236444));
#9028=CARTESIAN_POINT('',(0.042717167429139,-0.0206419890160002,0.00241341228236444));
#9029=CARTESIAN_POINT('',(0.042717167429139,-0.0206419890160002,0.00241341228236444));
#9030=CARTESIAN_POINT('',(0.042717167429139,-0.0210898744968971,0.0020898403014774));
#9031=CARTESIAN_POINT('',(0.042717167429139,-0.021688244740964,0.0020898403014774));
#9032=CARTESIAN_POINT('',(0.042717167429139,-0.021688244740964,0.0020898403014774));
#9033=CARTESIAN_POINT('',(0.042717167429139,-0.0216919114796454,0.004672980219862));
#9034=CARTESIAN_POINT('',(0.042717167429139,-0.0222640125304836,0.00215404148389419));
#9035=CARTESIAN_POINT('',(0.0427171674291391,-0.0222640125304836,0.003));
#9036=CARTESIAN_POINT('',(0.042717167429139,-0.0222640125304836,0.00305309951971557));
#9037=CARTESIAN_POINT('',(0.042717167429139,-0.021835695258595,0.00493094210685012));
#9038=CARTESIAN_POINT('',(0.042717167429139,-0.0218179064552924,0.00300492792019621));
#9039=CARTESIAN_POINT('',(0.042717167429139,-0.0218033299258539,0.00380772820619188));
#9040=CARTESIAN_POINT('',(0.042717167429139,-0.0212921069849515,0.00318903335419663));
#9041=CARTESIAN_POINT('',(0.042717167429139,-0.0212921069849515,0.00318903335419663));
#9042=CARTESIAN_POINT('',(0.042717167429139,-0.0210672720423499,0.00337342179918741));
#9043=CARTESIAN_POINT('',(0.042717167429139,-0.0209411741380336,0.00374457789491079));
#9044=CARTESIAN_POINT('',(0.042717167429139,-0.0209411741380336,0.00374457789491079));
#9045=CARTESIAN_POINT('',(0.0427171674291391,-0.0190994951223011,0.00930192510027916));
#9046=CARTESIAN_POINT('',(0.042717167429139,-8.31597319854091E-5,0.013));
#9047=CARTESIAN_POINT('',(0.042717167429139,0.0276168402680146,0.013));
#9048=CARTESIAN_POINT('',(0.0427171674291391,-0.0277831597319854,0.013));
#9049=CARTESIAN_POINT('',(0.0427171674291391,-0.0277831597319854,0.));
#9050=CARTESIAN_POINT('',(0.0427171674291391,-0.0277831597326796,0.00801954134742811));
#9051=CARTESIAN_POINT('',(0.042717167429139,-0.0278402759878661,0.00799205494548874));
#9052=CARTESIAN_POINT('',(0.042717167429139,-0.0275244364256399,0.00815324613449681));
#9053=CARTESIAN_POINT('',(0.042717167429139,-0.0271152130380475,0.00815324613449681));
#9054=CARTESIAN_POINT('',(0.042717167429139,-0.0271152130380475,0.00815324613449681));
#9055=CARTESIAN_POINT('',(0.042717167429139,-0.0271152130380475,0.00815324613449681));
#9056=CARTESIAN_POINT('',(0.042717167429139,-0.0261825643872554,0.00815324613449681));
#9057=CARTESIAN_POINT('',(0.042717167429139,-0.025850665186272,0.00754416946459178));
#9058=CARTESIAN_POINT('',(0.042717167429139,-0.025850665186272,0.00754416946459178));
#9059=CARTESIAN_POINT('',(0.042717167429139,-8.31597319854091E-5,0.00754416946459178));
#9060=CARTESIAN_POINT('',(0.042717167429139,-0.0257513468695347,0.00754416946459178));
#9061=CARTESIAN_POINT('',(0.042717167429139,-0.0247836801236637,0.00697605770430761));
#9062=CARTESIAN_POINT('',(0.042717167429139,-0.0252582429565597,0.00799383934979511));
#9063=CARTESIAN_POINT('',(0.042717167429139,-0.0252582429565597,0.00799383934979511));
#9064=CARTESIAN_POINT('',(0.042717167429139,-0.0249334813728018,0.00815324613449681));
#9065=CARTESIAN_POINT('',(0.042717167429139,-0.0245242579852093,0.00815324613449681));
#9066=CARTESIAN_POINT('',(0.042717167429139,-0.0245242579852093,0.00815324613449681));
#9067=CARTESIAN_POINT('',(0.042717167429139,-0.0245242579852093,0.00815324613449681));
#9068=CARTESIAN_POINT('',(0.042717167429139,-0.0238176338798898,0.00815324613449681));
#9069=CARTESIAN_POINT('',(0.042717167429139,-0.0234553998056982,0.00779101206030525));
#9070=CARTESIAN_POINT('',(0.042717167429139,-0.0234553998056982,0.00779101206030525));
#9071=CARTESIAN_POINT('',(0.042717167429139,-0.0234553998056982,0.00779101206030525));
#9072=CARTESIAN_POINT('',(0.042717167429139,-0.0230931657315067,0.00742877798611368));
#9073=CARTESIAN_POINT('',(0.042717167429139,-0.0230931657315067,0.00662936485686333));
#9074=CARTESIAN_POINT('',(0.042717167429139,-0.0230931657315067,0.00662936485686333));
#9075=CARTESIAN_POINT('',(0.0427171674291391,-0.0230931657315067,0.003));
#9076=CARTESIAN_POINT('',(0.0427171674291391,-0.0230931657315067,0.0039194495169343));
#9077=CARTESIAN_POINT('',(0.042717167429139,-8.31597319854091E-5,0.0039194495169343));
#9078=CARTESIAN_POINT('',(0.0427171674291391,-0.0242304260760949,0.0039194495169343));
#9079=CARTESIAN_POINT('',(0.0427171674291391,-0.0242304260760949,0.003));
#9080=CARTESIAN_POINT('',(0.0427171674291391,-0.0242304260760949,0.00634742897645807));
#9081=CARTESIAN_POINT('',(0.042717167429139,-0.0242304260760949,0.00634742897645807));
#9082=CARTESIAN_POINT('',(0.042717167429139,-0.0242304260760949,0.00679709886166139));
#9083=CARTESIAN_POINT('',(0.042717167429139,-0.0243809108392648,0.00702193380426306));
#9084=CARTESIAN_POINT('',(0.042717167429139,-0.0243809108392648,0.00702193380426306));
#9085=CARTESIAN_POINT('',(0.042717167429139,-0.0243809108392648,0.00702193380426306));
#9086=CARTESIAN_POINT('',(0.042717167429139,-0.0245313956024347,0.00724676874686472));
#9087=CARTESIAN_POINT('',(0.042717167429139,-0.0248549675833218,0.00724676874686472));
#9088=CARTESIAN_POINT('',(0.042717167429139,-0.0248549675833218,0.00724676874686472));
#9089=CARTESIAN_POINT('',(0.042717167429139,-0.0248549675833218,0.00724676874686472));
#9090=CARTESIAN_POINT('',(0.042717167429139,-0.0252713285881397,0.00724676874686472));
#9091=CARTESIAN_POINT('',(0.042717167429139,-0.0254777246862423,0.00694936802913765));
#9092=CARTESIAN_POINT('',(0.042717167429139,-0.0254777246862423,0.00694936802913765));
#9093=CARTESIAN_POINT('',(0.042717167429139,-0.0254777246862423,0.00694936802913765));
#9094=CARTESIAN_POINT('',(0.042717167429139,-0.0256841207843449,0.00665196731141059));
#9095=CARTESIAN_POINT('',(0.042717167429139,-0.0256841207843449,0.00600482334963649));
#9096=CARTESIAN_POINT('',(0.042717167429139,-0.0256841207843449,0.00600482334963649));
#9097=CARTESIAN_POINT('',(0.0427171674291391,-0.0256841207843449,0.003));
#9098=CARTESIAN_POINT('',(0.0427171674291391,-0.0256841207843449,0.0039194495169343));
#9099=CARTESIAN_POINT('',(0.042717167429139,-8.31597319854091E-5,0.0039194495169343));
#9100=CARTESIAN_POINT('',(0.0427171674291391,-0.0268178123203205,0.0039194495169343));
#9101=CARTESIAN_POINT('',(0.0427171674291391,-0.0268178123203205,0.003));
#9102=CARTESIAN_POINT('',(0.0427171674291391,-0.0268178123203205,0.00634742897645807));
#9103=CARTESIAN_POINT('',(0.042717167429139,-0.0268178123203205,0.00634742897645807));
#9104=CARTESIAN_POINT('',(0.042717167429139,-0.0268178123203205,0.00679709886166139));
#9105=CARTESIAN_POINT('',(0.042717167429139,-0.0269682970834903,0.00702193380426306));
#9106=CARTESIAN_POINT('',(0.042717167429139,-0.0269682970834903,0.00702193380426306));
#9107=CARTESIAN_POINT('',(0.042717167429139,-0.0269682970834903,0.00702193380426306));
#9108=CARTESIAN_POINT('',(0.042717167429139,-0.0271187818466602,0.00724676874686472));
#9109=CARTESIAN_POINT('',(0.042717167429139,-0.0274423538275473,0.00724676874686472));
#9110=CARTESIAN_POINT('',(0.042717167429139,-0.0274423538275473,0.00724676874686472));
#9111=CARTESIAN_POINT('',(0.042717167429139,-0.0274423538275473,0.00724676874686472));
#9112=CARTESIAN_POINT('',(0.042717167429139,-0.0278777484782997,0.00724676874686472));
#9113=CARTESIAN_POINT('',(0.042717167429139,-0.028074627753435,0.00692676557459039));
#9114=CARTESIAN_POINT('',(0.042717167429139,-0.0277831597320431,0.00718316772901788));
#9115=CARTESIAN_POINT('',(0.0427171674291391,-0.0277831597319854,0.));
#9116=CARTESIAN_POINT('',(0.0427171674291391,-0.0277831597319854,0.));
#9117=CARTESIAN_POINT('',(0.042717167429139,-8.31597319854091E-5,0.));
#9118=CARTESIAN_POINT('',(0.042717167429139,0.0276168402680146,0.));
#9119=CARTESIAN_POINT('',(0.042717167429139,0.0276168402680146,0.003));
#9120=CARTESIAN_POINT('',(0.042717167429139,0.0276168402680805,0.00389646593250137));
#9121=CARTESIAN_POINT('',(0.042717167429139,0.0283690544639848,0.00445833961745575));
#9122=CARTESIAN_POINT('',(0.042717167429139,0.0279824335309396,0.00384450453606709));
#9123=CARTESIAN_POINT('',(0.042717167429139,0.0271901580189147,0.00384450453606709));
#9124=CARTESIAN_POINT('',(0.042717167429139,0.0271901580189147,0.00384450453606709));
#9125=CARTESIAN_POINT('',(0.042717167429139,0.0271901580189147,0.00384450453606709));
#9126=CARTESIAN_POINT('',(0.042717167429139,0.0264585522533061,0.00384450453606709));
#9127=CARTESIAN_POINT('',(0.042717167429139,0.0260404068441818,0.00441372950979669));
#9128=CARTESIAN_POINT('',(0.042717167429139,0.0260404068441818,0.00441372950979669));
#9129=CARTESIAN_POINT('',(0.042717167429139,0.0260404068441818,0.00441372950979669));
#9130=CARTESIAN_POINT('',(0.042717167429139,0.0256222614350576,0.00498295448352629));
#9131=CARTESIAN_POINT('',(0.042717167429139,0.0256222614350576,0.00599054811518559));
#9132=CARTESIAN_POINT('',(0.042717167429139,0.0256222614350576,0.00599054811518559));
#9133=CARTESIAN_POINT('',(0.042717167429139,0.0256222614350576,0.00599054811518559));
#9134=CARTESIAN_POINT('',(0.042717167429139,0.0256222614350576,0.00701241698129579));
#9135=CARTESIAN_POINT('',(0.042717167429139,0.0260475444614073,0.0075828315578963));
#9136=CARTESIAN_POINT('',(0.042717167429139,0.0260475444614073,0.0075828315578963));
#9137=CARTESIAN_POINT('',(0.042717167429139,0.0260475444614073,0.0075828315578963));
#9138=CARTESIAN_POINT('',(0.042717167429139,0.026472827487757,0.00815324613449681));
#9139=CARTESIAN_POINT('',(0.042717167429139,0.0272198980906874,0.00815324613449681));
#9140=CARTESIAN_POINT('',(0.042717167429139,0.0272198980906874,0.00815324613449681));
#9141=CARTESIAN_POINT('',(0.042717167429139,0.0272198980906874,0.00815324613449681));
#9142=CARTESIAN_POINT('',(0.042717167429139,0.0280050359854868,0.00815324613449681));
#9143=CARTESIAN_POINT('',(0.042717167429139,0.028417828181692,0.00754416946459178));
#9144=CARTESIAN_POINT('',(0.042717167429139,0.0276168402720001,0.00810881760415696));
#9145=CARTESIAN_POINT('',(0.042717167429139,0.0276168402680146,0.003));
#9146=CARTESIAN_POINT('',(0.000504667429139009,-0.0227831597319854,0.013));
#9147=CARTESIAN_POINT('',(0.000504667429139016,-0.0227831597319854,0.003));
#9148=CARTESIAN_POINT('',(0.032717167429139,-0.0227831597319854,0.003));
#9149=CARTESIAN_POINT('',(0.0047,-0.0227831597319854,0.003));
#9150=CARTESIAN_POINT('',(0.0047,-0.0227831597319854,0.003));
#9151=CARTESIAN_POINT('',(0.0047,-0.0227831597319854,0.013));
#9152=CARTESIAN_POINT('',(0.000504667429139009,-0.0227831597319854,0.013));
#9153=CARTESIAN_POINT('',(0.032717167429139,-0.0227831597319854,0.013));
#9154=CARTESIAN_POINT('',(0.032717167429139,-0.0227831597319854,0.013));
#9155=CARTESIAN_POINT('',(0.000504667429139002,0.0326168402680146,0.003));
#9156=CARTESIAN_POINT('',(0.000504667429139002,0.0326168402680146,0.));
#9157=CARTESIAN_POINT('',(-0.036707832570861,0.0326168402680146,0.));
#9158=CARTESIAN_POINT('',(0.037717167429139,0.0326168402680146,0.));
#9159=CARTESIAN_POINT('',(-0.036707832570861,0.0326168402680146,0.013));
#9160=CARTESIAN_POINT('',(-0.036707832570861,0.0326168402680146,0.013));
#9161=CARTESIAN_POINT('',(0.000504667429139002,0.0326168402680146,0.013));
#9162=CARTESIAN_POINT('',(0.037717167429139,0.0326168402680146,0.013));
#9163=CARTESIAN_POINT('',(0.037717167429139,0.0326168402680146,0.003));
#9164=CARTESIAN_POINT('',(-0.041707832570861,-8.3159731985416E-5,0.003));
#9165=CARTESIAN_POINT('',(-0.041707832570861,-8.3159731985416E-5,0.013));
#9166=CARTESIAN_POINT('',(-0.041707832570861,0.0276168402680146,0.013));
#9167=CARTESIAN_POINT('',(-0.041707832570861,-0.0277831597319854,0.013));
#9168=CARTESIAN_POINT('',(-0.041707832570861,0.0276168402680146,0.));
#9169=CARTESIAN_POINT('',(-0.041707832570861,0.0276168402680146,0.));
#9170=CARTESIAN_POINT('',(-0.041707832570861,-8.3159731985416E-5,0.));
#9171=CARTESIAN_POINT('',(-0.041707832570861,-0.0277831597319854,0.));
#9172=CARTESIAN_POINT('',(-0.041707832570861,-0.0277831597319854,0.003));
#9173=CARTESIAN_POINT('',(0.000504667429139016,-0.0327831597319855,0.003));
#9174=CARTESIAN_POINT('',(0.000504667429139016,-0.0327831597319855,0.013));
#9175=CARTESIAN_POINT('',(-0.036707832570861,-0.0327831597319855,0.013));
#9176=CARTESIAN_POINT('',(-0.0047,-0.0327831597319855,0.013));
#9177=CARTESIAN_POINT('',(-0.036707832570861,-0.0327831597319855,0.003));
#9178=CARTESIAN_POINT('',(-0.036707832570861,-0.0327831597319855,0.));
#9179=CARTESIAN_POINT('',(0.000504667429139016,-0.0327831597319855,0.));
#9180=CARTESIAN_POINT('',(0.0377171674291391,-0.0327831597319855,0.));
#9181=CARTESIAN_POINT('',(0.0377171674291391,-0.0327831597319855,0.013));
#9182=CARTESIAN_POINT('',(0.0377171674291391,-0.0327831597319855,0.013));
#9183=CARTESIAN_POINT('',(0.000504667429139016,-0.0327831597319855,0.013));
#9184=CARTESIAN_POINT('',(0.0047,-0.0327831597319855,0.013));
#9185=CARTESIAN_POINT('',(0.0047,-0.0327831597319855,0.003));
#9186=CARTESIAN_POINT('',(0.0047,-0.0327831597319855,0.003));
#9187=CARTESIAN_POINT('',(0.,-0.0327831597319855,0.003));
#9188=CARTESIAN_POINT('',(-0.0047,-0.0327831597319855,0.003));
#9189=CARTESIAN_POINT('',(-0.0047,-0.0327831597319855,0.003));
#9190=CARTESIAN_POINT('',(-0.036707832570861,0.0276168402680146,0.003));
#9191=CARTESIAN_POINT('',(-0.036707832570861,0.0276168402680146,0.));
#9192=CARTESIAN_POINT('',(-0.035257832570861,0.0276168402680146,0.));
#9193=CARTESIAN_POINT('',(-0.036707832570861,0.0276168402680146,0.013));
#9194=CARTESIAN_POINT('',(-0.035257832570861,0.0276168402680146,0.013));
#9195=CARTESIAN_POINT('',(0.037717167429139,0.0276168402680146,0.003));
#9196=CARTESIAN_POINT('',(0.037717167429139,0.0276168402680146,0.));
#9197=CARTESIAN_POINT('',(0.039167167429139,0.0276168402680146,0.));
#9198=CARTESIAN_POINT('',(0.037717167429139,0.0276168402680146,0.013));
#9199=CARTESIAN_POINT('',(0.039167167429139,0.0276168402680146,0.013));
#9200=CARTESIAN_POINT('',(0.0377171674291391,-0.0277831597319854,0.003));
#9201=CARTESIAN_POINT('',(0.0377171674291391,-0.0277831597319854,0.));
#9202=CARTESIAN_POINT('',(0.0391671674291391,-0.0277831597319854,0.));
#9203=CARTESIAN_POINT('',(0.0377171674291391,-0.0277831597319854,0.013));
#9204=CARTESIAN_POINT('',(0.0391671674291391,-0.0277831597319854,0.013));
#9205=CARTESIAN_POINT('',(-0.036707832570861,-0.0277831597319854,0.003));
#9206=CARTESIAN_POINT('',(-0.036707832570861,-0.0277831597319854,0.));
#9207=CARTESIAN_POINT('',(-0.035257832570861,-0.0277831597319854,0.));
#9208=CARTESIAN_POINT('',(-0.036707832570861,-0.0277831597319854,0.013));
#9209=CARTESIAN_POINT('',(-0.035257832570861,-0.0277831597319854,0.013));
#9210=CARTESIAN_POINT('',(0.000504667429139016,-8.3159731985416E-5,0.));
#9211=CARTESIAN_POINT('',(-0.036707832570861,0.0276168402680146,0.));
#9212=CARTESIAN_POINT('',(0.037717167429139,0.0276168402680146,0.));
#9213=CARTESIAN_POINT('',(0.0377171674291391,-0.0277831597319854,0.));
#9214=CARTESIAN_POINT('',(-0.036707832570861,-0.0277831597319854,0.));
#9215=CARTESIAN_POINT('',(0.000504667429139009,-0.0227831597319854,0.013));
#9216=CARTESIAN_POINT('',(-0.0047,-0.0227831597319854,0.003));
#9217=CARTESIAN_POINT('',(-0.0047,-0.0227831597319854,0.003));
#9218=CARTESIAN_POINT('',(-0.0047,-0.0227831597319854,0.013));
#9219=CARTESIAN_POINT('',(0.000504667429139016,-0.0227831597319854,0.003));
#9220=CARTESIAN_POINT('',(-0.031707832570861,-0.0227831597319854,0.003));
#9221=CARTESIAN_POINT('',(-0.031707832570861,-0.0227831597319854,0.013));
#9222=CARTESIAN_POINT('',(-0.031707832570861,-0.0227831597319854,0.013));
#9223=CARTESIAN_POINT('',(0.000504667429139009,-0.0227831597319854,0.013));
#9224=CARTESIAN_POINT('',(-0.031707832570861,-8.31597319854126E-5,0.013));
#9225=CARTESIAN_POINT('',(-0.031707832570861,-8.3159731985421E-5,0.003));
#9226=CARTESIAN_POINT('',(-0.031707832570861,0.0226168402680146,0.003));
#9227=CARTESIAN_POINT('',(-0.031707832570861,0.0226168402680146,0.013));
#9228=CARTESIAN_POINT('',(-0.031707832570861,0.0226168402680146,0.013));
#9229=CARTESIAN_POINT('',(-0.031707832570861,-8.31597319854126E-5,0.013));
#9230=CARTESIAN_POINT('',(0.000504667429138989,0.0226168402680146,0.013));
#9231=CARTESIAN_POINT('',(0.000504667429139016,0.0226168402680146,0.003));
#9232=CARTESIAN_POINT('',(0.032717167429139,0.0226168402680146,0.003));
#9233=CARTESIAN_POINT('',(0.032717167429139,0.0226168402680146,0.013));
#9234=CARTESIAN_POINT('',(0.032717167429139,0.0226168402680146,0.013));
#9235=CARTESIAN_POINT('',(0.000504667429138989,0.0226168402680146,0.013));
#9236=CARTESIAN_POINT('',(0.032717167429139,-8.3159731985416E-5,0.013));
#9237=CARTESIAN_POINT('',(0.032717167429139,-8.31597319854111E-5,0.003));
#9238=CARTESIAN_POINT('',(0.032717167429139,-8.3159731985416E-5,0.013));
#9239=CARTESIAN_POINT('',(0.000504667429139016,-8.3159731985416E-5,0.013));
#9240=CARTESIAN_POINT('',(-0.036707832570861,0.0276168402680146,0.013));
#9241=CARTESIAN_POINT('',(-0.036707832570861,-0.0277831597319854,0.013));
#9242=CARTESIAN_POINT('',(-0.0047,-0.0277831597319854,0.013));
#9243=CARTESIAN_POINT('',(0.0047,-0.0277831597319854,0.013));
#9244=CARTESIAN_POINT('',(0.0377171674291391,-0.0277831597319854,0.013));
#9245=CARTESIAN_POINT('',(0.037717167429139,0.0276168402680146,0.013));
#9246=CARTESIAN_POINT('',(0.000504667429139016,-8.3159731985416E-5,0.003));
#9247=CARTESIAN_POINT('',(-0.0047,-0.0277831597319854,0.003));
#9248=CARTESIAN_POINT('',(0.0047,-0.0277831597319854,0.003));
#9249=CARTESIAN_POINT('',(-0.0047,-0.0277831597319854,0.003));
#9250=CARTESIAN_POINT('',(0.0047,-0.0277831597319854,0.003));
#9251=CARTESIAN_POINT('',(0.042,0.0275886749806689,0.00474860271795736));
#9252=CARTESIAN_POINT('',(0.042717167429139,0.0275886749806689,0.00474860271795736));
#9253=CARTESIAN_POINT('',(0.042,0.02787814501259,0.00474860271795736));
#9254=CARTESIAN_POINT('',(0.042717167429139,0.02787814501259,0.00474860271795736));
#9255=CARTESIAN_POINT('',(0.042,0.0280904891250471,0.0048328662546467));
#9256=CARTESIAN_POINT('',(0.042717167429139,0.0280904891250471,0.0048328662546467));
#9257=CARTESIAN_POINT('',(0.042,0.0282257073180404,0.00500139332802537));
#9258=CARTESIAN_POINT('',(0.042717167429139,0.0282257073180404,0.00500139332802537));
#9259=CARTESIAN_POINT('',(0.042,0.0275886749806689,0.00474860271795736));
#9260=CARTESIAN_POINT('',(0.042,0.0275886749806689,0.00474860271795736));
#9261=CARTESIAN_POINT('',(0.042717167429139,0.0275886749806689,0.00474860271795736));
#9262=CARTESIAN_POINT('',(0.042,0.0275886749806689,0.00474860271795736));
#9263=CARTESIAN_POINT('',(0.042,0.0280228800285505,0.00474860271795736));
#9264=CARTESIAN_POINT('',(0.042,0.0282257073180404,0.00500139332802537));
#9265=CARTESIAN_POINT('',(0.042,0.0282257073180404,0.00500139332802537));
#9266=CARTESIAN_POINT('',(0.042,0.0282257073180404,0.00500139332802537));
#9267=CARTESIAN_POINT('',(0.042717167429139,0.0282257073180404,0.00500139332802537));
#9268=CARTESIAN_POINT('',(0.042717167429139,0.0275886749806689,0.00474860271795736));
#9269=CARTESIAN_POINT('',(0.042717167429139,0.0280228800285505,0.00474860271795736));
#9270=CARTESIAN_POINT('',(0.042717167429139,0.0282257073180404,0.00500139332802537));
#9271=CARTESIAN_POINT('',(0.042,0.0269819775165058,0.0050555202586517));
#9272=CARTESIAN_POINT('',(0.042717167429139,0.0269819775165058,0.0050555202586517));
#9273=CARTESIAN_POINT('',(0.042,0.0271231437238536,0.00485090856485547));
#9274=CARTESIAN_POINT('',(0.042717167429139,0.0271231437238536,0.00485090856485547));
#9275=CARTESIAN_POINT('',(0.042,0.027325376211908,0.00474860271795736));
#9276=CARTESIAN_POINT('',(0.042717167429139,0.027325376211908,0.00474860271795736));
#9277=CARTESIAN_POINT('',(0.042,0.0275886749806689,0.00474860271795736));
#9278=CARTESIAN_POINT('',(0.042717167429139,0.0275886749806689,0.00474860271795736));
#9279=CARTESIAN_POINT('',(0.042,0.0269819775165058,0.0050555202586517));
#9280=CARTESIAN_POINT('',(0.042,0.0269819775165058,0.0050555202586517));
#9281=CARTESIAN_POINT('',(0.042717167429139,0.0269819775165058,0.0050555202586517));
#9282=CARTESIAN_POINT('',(0.042,0.0269819775165058,0.0050555202586517));
#9283=CARTESIAN_POINT('',(0.042,0.0271937268275275,0.00474860271795736));
#9284=CARTESIAN_POINT('',(0.042,0.0275886749806689,0.00474860271795736));
#9285=CARTESIAN_POINT('',(0.042717167429139,0.0269819775165058,0.0050555202586517));
#9286=CARTESIAN_POINT('',(0.042717167429139,0.0271937268275275,0.00474860271795736));
#9287=CARTESIAN_POINT('',(0.042717167429139,0.0275886749806689,0.00474860271795736));
#9288=CARTESIAN_POINT('',(0.042,0.0267702282054841,0.00597508327786378));
#9289=CARTESIAN_POINT('',(0.042717167429139,0.0267702282054841,0.00597508327786378));
#9290=CARTESIAN_POINT('',(0.042,0.0267702282054841,0.00556665295885195));
#9291=CARTESIAN_POINT('',(0.042717167429139,0.0267702282054841,0.00556665295885195));
#9292=CARTESIAN_POINT('',(0.042,0.026840811309158,0.00526013195244792));
#9293=CARTESIAN_POINT('',(0.042717167429139,0.026840811309158,0.00526013195244792));
#9294=CARTESIAN_POINT('',(0.042,0.0269819775165058,0.0050555202586517));
#9295=CARTESIAN_POINT('',(0.042717167429139,0.0269819775165058,0.0050555202586517));
#9296=CARTESIAN_POINT('',(0.042,0.0267702282054841,0.00597508327786378));
#9297=CARTESIAN_POINT('',(0.042,0.0267702282054841,0.00597508327786378));
#9298=CARTESIAN_POINT('',(0.042717167429139,0.0267702282054841,0.00597508327786378));
#9299=CARTESIAN_POINT('',(0.042,0.0267702282054841,0.00597508327786378));
#9300=CARTESIAN_POINT('',(0.042,0.0267702282054841,0.00536243779934603));
#9301=CARTESIAN_POINT('',(0.042,0.0269819775165058,0.0050555202586517));
#9302=CARTESIAN_POINT('',(0.042717167429139,0.0267702282054841,0.00597508327786378));
#9303=CARTESIAN_POINT('',(0.042717167429139,0.0267702282054841,0.00536243779934603));
#9304=CARTESIAN_POINT('',(0.042717167429139,0.0269819775165058,0.0050555202586517));
#9305=CARTESIAN_POINT('',(0.042,0.0269801931121994,0.00691011113439768));
#9306=CARTESIAN_POINT('',(0.042717167429139,0.0269801931121994,0.00691011113439768));
#9307=CARTESIAN_POINT('',(0.042,0.0268402165077225,0.00669598261763419));
#9308=CARTESIAN_POINT('',(0.042717167429139,0.0268402165077225,0.00669598261763419));
#9309=CARTESIAN_POINT('',(0.042,0.0267702282054841,0.00638430666545623));
#9310=CARTESIAN_POINT('',(0.042717167429139,0.0267702282054841,0.00638430666545623));
#9311=CARTESIAN_POINT('',(0.042,0.0267702282054841,0.00597508327786378));
#9312=CARTESIAN_POINT('',(0.042717167429139,0.0267702282054841,0.00597508327786378));
#9313=CARTESIAN_POINT('',(0.042,0.0269801931121994,0.00691011113439768));
#9314=CARTESIAN_POINT('',(0.042,0.0269801931121994,0.00691011113439768));
#9315=CARTESIAN_POINT('',(0.042717167429139,0.0269801931121994,0.00691011113439768));
#9316=CARTESIAN_POINT('',(0.042,0.0269801931121994,0.00691011113439768));
#9317=CARTESIAN_POINT('',(0.042,0.0267702282054841,0.00658891835925245));
#9318=CARTESIAN_POINT('',(0.042,0.0267702282054841,0.00597508327786378));
#9319=CARTESIAN_POINT('',(0.042717167429139,0.0269801931121994,0.00691011113439768));
#9320=CARTESIAN_POINT('',(0.042717167429139,0.0267702282054841,0.00658891835925245));
#9321=CARTESIAN_POINT('',(0.042717167429139,0.0267702282054841,0.00597508327786378));
#9322=CARTESIAN_POINT('',(0.042,0.0275696413347345,0.00723130390954291));
#9323=CARTESIAN_POINT('',(0.042717167429139,0.0275696413347345,0.00723130390954291));
#9324=CARTESIAN_POINT('',(0.042,0.0273166524575213,0.00723130390954291));
#9325=CARTESIAN_POINT('',(0.042717167429139,0.0273166524575213,0.00723130390954291));
#9326=CARTESIAN_POINT('',(0.042,0.0271201697166763,0.00712423965116117));
#9327=CARTESIAN_POINT('',(0.042717167429139,0.0271201697166763,0.00712423965116117));
#9328=CARTESIAN_POINT('',(0.042,0.0269801931121994,0.00691011113439768));
#9329=CARTESIAN_POINT('',(0.042717167429139,0.0269801931121994,0.00691011113439768));
#9330=CARTESIAN_POINT('',(0.042,0.0275696413347345,0.00723130390954291));
#9331=CARTESIAN_POINT('',(0.042,0.0275696413347345,0.00723130390954291));
#9332=CARTESIAN_POINT('',(0.042717167429139,0.0275696413347345,0.00723130390954291));
#9333=CARTESIAN_POINT('',(0.042,0.0275696413347345,0.00723130390954291));
#9334=CARTESIAN_POINT('',(0.042,0.0271901580189147,0.00723130390954291));
#9335=CARTESIAN_POINT('',(0.042,0.0269801931121994,0.00691011113439768));
#9336=CARTESIAN_POINT('',(0.042717167429139,0.0275696413347345,0.00723130390954291));
#9337=CARTESIAN_POINT('',(0.042717167429139,0.0271901580189147,0.00723130390954291));
#9338=CARTESIAN_POINT('',(0.042717167429139,0.0269801931121994,0.00691011113439768));
#9339=CARTESIAN_POINT('',(0.042,0.0282411721553621,0.00694163561047675));
#9340=CARTESIAN_POINT('',(0.042717167429139,0.0282411721553621,0.00694163561047675));
#9341=CARTESIAN_POINT('',(0.042,0.0281035747566271,0.00713474780985419));
#9342=CARTESIAN_POINT('',(0.042717167429139,0.0281035747566271,0.00713474780985419));
#9343=CARTESIAN_POINT('',(0.042,0.0278797311497512,0.00723130390954291));
#9344=CARTESIAN_POINT('',(0.042717167429139,0.0278797311497512,0.00723130390954291));
#9345=CARTESIAN_POINT('',(0.042,0.0275696413347345,0.00723130390954291));
#9346=CARTESIAN_POINT('',(0.042717167429139,0.0275696413347345,0.00723130390954291));
#9347=CARTESIAN_POINT('',(0.042,0.0282411721553621,0.00694163561047675));
#9348=CARTESIAN_POINT('',(0.042,0.0282411721553621,0.00694163561047675));
#9349=CARTESIAN_POINT('',(0.042717167429139,0.0282411721553621,0.00694163561047675));
#9350=CARTESIAN_POINT('',(0.042,0.0282411721553621,0.00694163561047675));
#9351=CARTESIAN_POINT('',(0.042,0.0280347760572596,0.00723130390954291));
#9352=CARTESIAN_POINT('',(0.042,0.0275696413347345,0.00723130390954291));
#9353=CARTESIAN_POINT('',(0.042717167429139,0.0282411721553621,0.00694163561047675));
#9354=CARTESIAN_POINT('',(0.042717167429139,0.0280347760572596,0.00723130390954291));
#9355=CARTESIAN_POINT('',(0.042717167429139,0.0275696413347345,0.00723130390954291));
#9356=CARTESIAN_POINT('',(0.042,0.0284475682534647,0.00598222089508923));
#9357=CARTESIAN_POINT('',(0.042717167429139,0.0284475682534647,0.00598222089508923));
#9358=CARTESIAN_POINT('',(0.042,0.0284475682534647,0.00642871850597014));
#9359=CARTESIAN_POINT('',(0.042717167429139,0.0284475682534647,0.00642871850597014));
#9360=CARTESIAN_POINT('',(0.042,0.0283787695540972,0.00674852341109931));
#9361=CARTESIAN_POINT('',(0.042717167429139,0.0283787695540972,0.00674852341109931));
#9362=CARTESIAN_POINT('',(0.042,0.0282411721553621,0.00694163561047675));
#9363=CARTESIAN_POINT('',(0.042717167429139,0.0282411721553621,0.00694163561047675));
#9364=CARTESIAN_POINT('',(0.042,0.0284475682534647,0.00598222089508923));
#9365=CARTESIAN_POINT('',(0.042,0.0284475682534647,0.00598222089508923));
#9366=CARTESIAN_POINT('',(0.042717167429139,0.0284475682534647,0.00598222089508923));
#9367=CARTESIAN_POINT('',(0.042,0.0284475682534647,0.00598222089508923));
#9368=CARTESIAN_POINT('',(0.042,0.0284475682534647,0.00665196731141059));
#9369=CARTESIAN_POINT('',(0.042,0.0282411721553621,0.00694163561047675));
#9370=CARTESIAN_POINT('',(0.042717167429139,0.0284475682534647,0.00598222089508923));
#9371=CARTESIAN_POINT('',(0.042717167429139,0.0284475682534647,0.00665196731141059));
#9372=CARTESIAN_POINT('',(0.042717167429139,0.0282411721553621,0.00694163561047675));
#9373=CARTESIAN_POINT('',(0.042,0.0284475682534647,0.00592095634723746));
#9374=CARTESIAN_POINT('',(0.042,0.0284475682534647,0.00585969179938568));
#9375=CARTESIAN_POINT('',(0.042,0.0284475682534647,0.00585969179938568));
#9376=CARTESIAN_POINT('',(0.042717167429139,0.0284475682534647,0.00585969179938568));
#9377=CARTESIAN_POINT('',(0.042,0.0284475682534647,0.00592095634723746));
#9378=CARTESIAN_POINT('',(0.042717167429139,0.0284475682534647,0.003));
#9379=CARTESIAN_POINT('',(0.042,0.0271901580189147,0.00384450453606709));
#9380=CARTESIAN_POINT('',(0.042717167429139,0.0271901580189147,0.00384450453606709));
#9381=CARTESIAN_POINT('',(0.042,0.0267024208418423,0.00384450453606709));
#9382=CARTESIAN_POINT('',(0.042717167429139,0.0267024208418423,0.00384450453606709));
#9383=CARTESIAN_POINT('',(0.042,0.0263191704502647,0.00403424619397695));
#9384=CARTESIAN_POINT('',(0.042717167429139,0.0263191704502647,0.00403424619397695));
#9385=CARTESIAN_POINT('',(0.042,0.0260404068441818,0.00441372950979669));
#9386=CARTESIAN_POINT('',(0.042717167429139,0.0260404068441818,0.00441372950979669));
#9387=CARTESIAN_POINT('',(0.042,0.0271901580189147,0.00384450453606709));
#9388=CARTESIAN_POINT('',(0.042,0.0271901580189147,0.00384450453606709));
#9389=CARTESIAN_POINT('',(0.042,0.0271901580189147,0.00384450453606709));
#9390=CARTESIAN_POINT('',(0.042,0.0264585522533061,0.00384450453606709));
#9391=CARTESIAN_POINT('',(0.042,0.0260404068441818,0.00441372950979669));
#9392=CARTESIAN_POINT('',(0.042,0.0260404068441818,0.00441372950979669));
#9393=CARTESIAN_POINT('',(0.042,0.0260404068441818,0.00441372950979669));
#9394=CARTESIAN_POINT('',(0.042,0.0283690544639848,0.00445833961745575));
#9395=CARTESIAN_POINT('',(0.042717167429139,0.0283690544639848,0.00445833961745575));
#9396=CARTESIAN_POINT('',(0.042,0.028111307175288,0.00404911622986331));
#9397=CARTESIAN_POINT('',(0.042717167429139,0.028111307175288,0.00404911622986331));
#9398=CARTESIAN_POINT('',(0.042,0.027718341693598,0.00384450453606709));
#9399=CARTESIAN_POINT('',(0.042717167429139,0.027718341693598,0.00384450453606709));
#9400=CARTESIAN_POINT('',(0.042,0.0271901580189147,0.00384450453606709));
#9401=CARTESIAN_POINT('',(0.042717167429139,0.0271901580189147,0.00384450453606709));
#9402=CARTESIAN_POINT('',(0.042717167429139,0.0276168402680146,0.00389646593274994));
#9403=CARTESIAN_POINT('',(0.042717167429139,0.0279300034893887,0.00397941570324818));
#9404=CARTESIAN_POINT('',(0.0426864369890322,0.0281970416429178,0.00418523618462329));
#9405=CARTESIAN_POINT('',(0.0426602609750251,0.0283690544639848,0.00445833961745575));
#9406=CARTESIAN_POINT('',(0.0426602609750251,0.0283690544639848,0.00445833961745575));
#9407=CARTESIAN_POINT('',(0.042,0.0283690544639848,0.00445833961745575));
#9408=CARTESIAN_POINT('',(0.042,0.0283690544639848,0.00445833961745575));
#9409=CARTESIAN_POINT('',(0.042,0.0283690544639848,0.00445833961745575));
#9410=CARTESIAN_POINT('',(0.042,0.0279824335309396,0.00384450453606709));
#9411=CARTESIAN_POINT('',(0.042,0.0271901580189147,0.00384450453606709));
#9412=CARTESIAN_POINT('',(0.042,0.0283934413228384,0.00445833961745575));
#9413=CARTESIAN_POINT('',(0.037717167429139,0.0276168402680146,0.00445833961745575));
#9414=CARTESIAN_POINT('',(0.0426525922702386,0.028417828181692,0.00445833961745575));
#9415=CARTESIAN_POINT('',(0.042,0.028417828181692,0.00445833961745575));
#9416=CARTESIAN_POINT('',(0.042,0.028417828181692,0.00445833961745575));
#9417=CARTESIAN_POINT('',(0.042,0.0283934413228384,0.00445833961745575));
#9418=CARTESIAN_POINT('',(0.042,0.0285272716458156,0.00418889456719503));
#9419=CARTESIAN_POINT('',(0.037717167429139,0.0276168402680146,0.00643033703536808));
#9420=CARTESIAN_POINT('',(0.0426120479493161,0.0286367151099392,0.0039194495169343));
#9421=CARTESIAN_POINT('',(0.042,0.0286367151099392,0.0039194495169343));
#9422=CARTESIAN_POINT('',(0.042,0.0286367151099392,0.0039194495169343));
#9423=CARTESIAN_POINT('',(0.042,0.0285272716458156,0.00418889456719503));
#9424=CARTESIAN_POINT('',(0.042,0.0290715149592561,0.0039194495169343));
#9425=CARTESIAN_POINT('',(0.037717167429139,0.0276168402680146,0.0039194495169343));
#9426=CARTESIAN_POINT('',(0.0423464099115093,0.0295063148085731,0.0039194495169343));
#9427=CARTESIAN_POINT('',(0.042,0.0295063148085731,0.0039194495169343));
#9428=CARTESIAN_POINT('',(0.042,0.0295063148085731,0.0039194495169343));
#9429=CARTESIAN_POINT('',(0.042,0.0290715149592561,0.0039194495169343));
#9430=CARTESIAN_POINT('',(0.042,0.0295063148085731,0.00681196889754775));
#9431=CARTESIAN_POINT('',(0.0423464099115093,0.0295063148085731,0.0039194495169343));
#9432=CARTESIAN_POINT('',(0.0423464099115093,0.0295063148085731,0.00970448827816119));
#9433=CARTESIAN_POINT('',(0.042,0.0295063148085731,0.00970448827816119));
#9434=CARTESIAN_POINT('',(0.042,0.0295063148085731,0.00970448827816119));
#9435=CARTESIAN_POINT('',(0.042,0.0295063148085731,0.00681196889754775));
#9436=CARTESIAN_POINT('',(0.042,0.0289376846362789,0.00970448827816119));
#9437=CARTESIAN_POINT('',(0.037717167429139,0.0276168402680146,0.00970448827816119));
#9438=CARTESIAN_POINT('',(0.0426602609750251,0.0283690544639848,0.00970448827816119));
#9439=CARTESIAN_POINT('',(0.042,0.0283690544639848,0.00970448827816119));
#9440=CARTESIAN_POINT('',(0.042,0.0283690544639848,0.00970448827816119));
#9441=CARTESIAN_POINT('',(0.042,0.0289376846362789,0.00970448827816119));
#9442=CARTESIAN_POINT('',(0.042,0.0283690544639848,0.00903890547188801));
#9443=CARTESIAN_POINT('',(0.0426602609750251,0.0283690544639848,0.00970448827816119));
#9444=CARTESIAN_POINT('',(0.0426602607250251,0.028368621146825,0.00837331594752483));
#9445=CARTESIAN_POINT('',(0.042,0.0283690544639848,0.00837332266561484));
#9446=CARTESIAN_POINT('',(0.04200000025,0.028368621146825,0.00837331594752483));
#9447=CARTESIAN_POINT('',(0.042,0.0283690544639848,0.00903890547188801));
#9448=CARTESIAN_POINT('',(0.0419999999999998,0.0330351020581609,0.00844566442965675));
#9449=CARTESIAN_POINT('',(0.0426603927732,0.0283681878307045,0.00837330891808949));
#9450=CARTESIAN_POINT('',(0.0426597352921236,0.0283725134947268,0.00809430456124982));
#9451=CARTESIAN_POINT('',(0.0426554967976736,0.0284016253465169,0.00781797100607282));
#9452=CARTESIAN_POINT('',(0.042646333584479,0.028455482631034,0.00754432676051365));
#9453=CARTESIAN_POINT('',(0.042646465678571,0.0284547058706902,0.00754416946459178));
#9454=CARTESIAN_POINT('',(0.042,0.0284555135920324,0.00754416946459178));
#9455=CARTESIAN_POINT('',(0.042,0.0284547058706902,0.00754416946459178));
#9456=CARTESIAN_POINT('',(0.042,0.0330351020581609,0.00844566442965675));
#9457=CARTESIAN_POINT('',(0.042,0.0284362670261911,0.00754416946459178));
#9458=CARTESIAN_POINT('',(0.037717167429139,0.0276168402680146,0.00754416946459178));
#9459=CARTESIAN_POINT('',(0.0426525922702386,0.028417828181692,0.00754416946459178));
#9460=CARTESIAN_POINT('',(0.042,0.028417828181692,0.00754416946459178));
#9461=CARTESIAN_POINT('',(0.042,0.028417828181692,0.00754416946459178));
#9462=CARTESIAN_POINT('',(0.042,0.0284362670261911,0.00754416946459178));
#9463=CARTESIAN_POINT('',(0.042,0.0272198980906874,0.00815324613449681));
#9464=CARTESIAN_POINT('',(0.042717167429139,0.0272198980906874,0.00815324613449681));
#9465=CARTESIAN_POINT('',(0.042,0.027743323353887,0.00815324613449681));
#9466=CARTESIAN_POINT('',(0.042717167429139,0.027743323353887,0.00815324613449681));
#9467=CARTESIAN_POINT('',(0.042,0.0281426333842219,0.0079502205778618));
#9468=CARTESIAN_POINT('',(0.042717167429139,0.0281426333842219,0.0079502205778618));
#9469=CARTESIAN_POINT('',(0.042,0.028417828181692,0.00754416946459178));
#9470=CARTESIAN_POINT('',(0.042717167429139,0.028417828181692,0.00754416946459178));
#9471=CARTESIAN_POINT('',(0.0426525922702386,0.028417828181692,0.00754416946459178));
#9472=CARTESIAN_POINT('',(0.0426832450701599,0.028228955681124,0.00782285165563161));
#9473=CARTESIAN_POINT('',(0.0427171674291215,0.0279461173564089,0.00802969365642939));
#9474=CARTESIAN_POINT('',(0.042717167429139,0.0276168402682801,0.00810881760505088));
#9475=CARTESIAN_POINT('',(0.042,0.0272198980906874,0.00815324613449681));
#9476=CARTESIAN_POINT('',(0.042,0.0272198980906874,0.00815324613449681));
#9477=CARTESIAN_POINT('',(0.042,0.0272198980906874,0.00815324613449681));
#9478=CARTESIAN_POINT('',(0.042,0.0280050359854868,0.00815324613449681));
#9479=CARTESIAN_POINT('',(0.042,0.028417828181692,0.00754416946459178));
#9480=CARTESIAN_POINT('',(0.042,0.0260475444614073,0.0075828315578963));
#9481=CARTESIAN_POINT('',(0.042717167429139,0.0260475444614073,0.0075828315578963));
#9482=CARTESIAN_POINT('',(0.042,0.0263310664789738,0.00796310794229664));
#9483=CARTESIAN_POINT('',(0.042717167429139,0.0263310664789738,0.00796310794229664));
#9484=CARTESIAN_POINT('',(0.042,0.0267218510220671,0.00815324613449681));
#9485=CARTESIAN_POINT('',(0.042717167429139,0.0267218510220671,0.00815324613449681));
#9486=CARTESIAN_POINT('',(0.042,0.0272198980906874,0.00815324613449681));
#9487=CARTESIAN_POINT('',(0.042717167429139,0.0272198980906874,0.00815324613449681));
#9488=CARTESIAN_POINT('',(0.042,0.0260475444614073,0.0075828315578963));
#9489=CARTESIAN_POINT('',(0.042,0.0260475444614073,0.0075828315578963));
#9490=CARTESIAN_POINT('',(0.042,0.0260475444614073,0.0075828315578963));
#9491=CARTESIAN_POINT('',(0.042,0.026472827487757,0.00815324613449681));
#9492=CARTESIAN_POINT('',(0.042,0.0272198980906874,0.00815324613449681));
#9493=CARTESIAN_POINT('',(0.042,0.0256222614350576,0.00599054811518559));
#9494=CARTESIAN_POINT('',(0.042717167429139,0.0256222614350576,0.00599054811518559));
#9495=CARTESIAN_POINT('',(0.042,0.0256222614350576,0.00667179402592572));
#9496=CARTESIAN_POINT('',(0.042717167429139,0.0256222614350576,0.00667179402592572));
#9497=CARTESIAN_POINT('',(0.042,0.0257640224438408,0.00720255517349596));
#9498=CARTESIAN_POINT('',(0.042717167429139,0.0257640224438408,0.00720255517349596));
#9499=CARTESIAN_POINT('',(0.042,0.0260475444614073,0.0075828315578963));
#9500=CARTESIAN_POINT('',(0.042717167429139,0.0260475444614073,0.0075828315578963));
#9501=CARTESIAN_POINT('',(0.042,0.0256222614350576,0.00599054811518559));
#9502=CARTESIAN_POINT('',(0.042,0.0256222614350576,0.00599054811518559));
#9503=CARTESIAN_POINT('',(0.042,0.0256222614350576,0.00599054811518559));
#9504=CARTESIAN_POINT('',(0.042,0.0256222614350576,0.00701241698129579));
#9505=CARTESIAN_POINT('',(0.042,0.0260475444614073,0.0075828315578963));
#9506=CARTESIAN_POINT('',(0.042,0.0260404068441818,0.00441372950979669));
#9507=CARTESIAN_POINT('',(0.042717167429139,0.0260404068441818,0.00441372950979669));
#9508=CARTESIAN_POINT('',(0.042,0.025761643238099,0.00479321282561642));
#9509=CARTESIAN_POINT('',(0.042717167429139,0.025761643238099,0.00479321282561642));
#9510=CARTESIAN_POINT('',(0.042,0.0256222614350576,0.00531881902741272));
#9511=CARTESIAN_POINT('',(0.042717167429139,0.0256222614350576,0.00531881902741272));
#9512=CARTESIAN_POINT('',(0.042,0.0256222614350576,0.00599054811518559));
#9513=CARTESIAN_POINT('',(0.042717167429139,0.0256222614350576,0.00599054811518559));
#9514=CARTESIAN_POINT('',(0.042,0.0260404068441818,0.00441372950979669));
#9515=CARTESIAN_POINT('',(0.042,0.0256222614350576,0.00498295448352629));
#9516=CARTESIAN_POINT('',(0.042,0.0256222614350576,0.00599054811518559));
#9517=CARTESIAN_POINT('',(0.042,0.0282257073180404,0.00500139332802537));
#9518=CARTESIAN_POINT('',(0.042717167429139,0.0282257073180404,0.00500139332802537));
#9519=CARTESIAN_POINT('',(0.042,0.0283609255110336,0.00516992040140404));
#9520=CARTESIAN_POINT('',(0.042717167429139,0.0283609255110336,0.00516992040140404));
#9521=CARTESIAN_POINT('',(0.042,0.028434879156175,0.00545601989185748));
#9522=CARTESIAN_POINT('',(0.042717167429139,0.028434879156175,0.00545601989185748));
#9523=CARTESIAN_POINT('',(0.042,0.0284475682534647,0.00585969179938568));
#9524=CARTESIAN_POINT('',(0.042717167429139,0.0284475682534647,0.00585969179938568));
#9525=CARTESIAN_POINT('',(0.042,0.0282257073180404,0.00500139332802537));
#9526=CARTESIAN_POINT('',(0.042,0.0284285346075302,0.00525418393809338));
#9527=CARTESIAN_POINT('',(0.042,0.0284475682534647,0.00585969179938568));
#9528=CARTESIAN_POINT('',(0.042717167429139,0.0282257073180404,0.00500139332802537));
#9529=CARTESIAN_POINT('',(0.042717167429139,0.0284285346075302,0.00525418393809338));
#9530=CARTESIAN_POINT('',(0.042717167429139,0.0284475682534647,0.00585969179938568));
#9531=CARTESIAN_POINT('',(0.042,-6.93889390390723E-18,0.00591738753862473));
#9532=CARTESIAN_POINT('',(0.042,0.0233614211788965,0.00583768414627388));
#9533=CARTESIAN_POINT('',(0.042,0.023580902908579,0.00584541656493478));
#9534=CARTESIAN_POINT('',(0.042,0.023580902908579,0.00584541656493478));
#9535=CARTESIAN_POINT('',(0.042717167429139,0.023580902908579,0.00584541656493478));
#9536=CARTESIAN_POINT('',(0.042,0.0233614211788965,0.00583768414627388));
#9537=CARTESIAN_POINT('',(0.042,0.0231419394492139,0.00582995172761298));
#9538=CARTESIAN_POINT('',(0.042,0.0231419394492139,0.00582995172761298));
#9539=CARTESIAN_POINT('',(0.042717167429139,0.0231419394492139,0.00582995172761298));
#9540=CARTESIAN_POINT('',(0.042717167429139,-0.000153945594786969,0.00500922949029046));
#9541=CARTESIAN_POINT('',(0.042,0.023580902908579,0.00567411375152399));
#9542=CARTESIAN_POINT('',(0.042,0.023580902908579,0.0055028109381132));
#9543=CARTESIAN_POINT('',(0.042,0.023580902908579,0.0055028109381132));
#9544=CARTESIAN_POINT('',(0.042717167429139,0.023580902908579,0.0055028109381132));
#9545=CARTESIAN_POINT('',(0.042,0.023580902908579,0.00567411375152399));
#9546=CARTESIAN_POINT('',(0.042717167429139,0.023580902908579,0.003));
#9547=CARTESIAN_POINT('',(0.042,0.0233447667387037,0.00490087188543362));
#9548=CARTESIAN_POINT('',(0.042717167429139,0.0233447667387037,0.00490087188543362));
#9549=CARTESIAN_POINT('',(0.042,0.0235021908519539,0.00505234798432927));
#9550=CARTESIAN_POINT('',(0.042717167429139,0.0235021908519539,0.00505234798432927));
#9551=CARTESIAN_POINT('',(0.042,0.023580902908579,0.00525299433522247));
#9552=CARTESIAN_POINT('',(0.042717167429139,0.023580902908579,0.00525299433522247));
#9553=CARTESIAN_POINT('',(0.042,0.023580902908579,0.0055028109381132));
#9554=CARTESIAN_POINT('',(0.042717167429139,0.023580902908579,0.0055028109381132));
#9555=CARTESIAN_POINT('',(0.042,0.0233447667387037,0.00490087188543362));
#9556=CARTESIAN_POINT('',(0.042,0.0233447667387037,0.00490087188543362));
#9557=CARTESIAN_POINT('',(0.042717167429139,0.0233447667387037,0.00490087188543362));
#9558=CARTESIAN_POINT('',(0.042,0.0233447667387037,0.00490087188543362));
#9559=CARTESIAN_POINT('',(0.042,0.023580902908579,0.0051280860337771));
#9560=CARTESIAN_POINT('',(0.042,0.023580902908579,0.0055028109381132));
#9561=CARTESIAN_POINT('',(0.042717167429139,0.0233447667387037,0.00490087188543362));
#9562=CARTESIAN_POINT('',(0.042717167429139,0.023580902908579,0.0051280860337771));
#9563=CARTESIAN_POINT('',(0.042717167429139,0.023580902908579,0.0055028109381132));
#9564=CARTESIAN_POINT('',(0.042,0.0227136824156869,0.00467365773709014));
#9565=CARTESIAN_POINT('',(0.042717167429139,0.0227136824156869,0.00467365773709014));
#9566=CARTESIAN_POINT('',(0.042,0.0229769811844479,0.00467365773709014));
#9567=CARTESIAN_POINT('',(0.042717167429139,0.0229769811844479,0.00467365773709014));
#9568=CARTESIAN_POINT('',(0.042,0.0231873426254535,0.00474939578653797));
#9569=CARTESIAN_POINT('',(0.042717167429139,0.0231873426254535,0.00474939578653797));
#9570=CARTESIAN_POINT('',(0.042,0.0233447667387037,0.00490087188543362));
#9571=CARTESIAN_POINT('',(0.042717167429139,0.0233447667387037,0.00490087188543362));
#9572=CARTESIAN_POINT('',(0.042,0.0227136824156869,0.00467365773709014));
#9573=CARTESIAN_POINT('',(0.042,0.0227136824156869,0.00467365773709014));
#9574=CARTESIAN_POINT('',(0.042717167429139,0.0227136824156869,0.00467365773709014));
#9575=CARTESIAN_POINT('',(0.042,0.0227136824156869,0.00467365773709014));
#9576=CARTESIAN_POINT('',(0.042,0.0231086305688285,0.00467365773709014));
#9577=CARTESIAN_POINT('',(0.042,0.0233447667387037,0.00490087188543362));
#9578=CARTESIAN_POINT('',(0.042717167429139,0.0227136824156869,0.00467365773709014));
#9579=CARTESIAN_POINT('',(0.042717167429139,0.0231086305688285,0.00467365773709014));
#9580=CARTESIAN_POINT('',(0.042717167429139,0.0233447667387037,0.00490087188543362));
#9581=CARTESIAN_POINT('',(0.042,0.0221640858893273,0.00515425729693708));
#9582=CARTESIAN_POINT('',(0.042717167429139,0.0221640858893273,0.00515425729693708));
#9583=CARTESIAN_POINT('',(0.042,0.0221640858893273,0.00483385759037245));
#9584=CARTESIAN_POINT('',(0.042717167429139,0.0221640858893273,0.00483385759037245));
#9585=CARTESIAN_POINT('',(0.042,0.0223472847314472,0.00467365773709014));
#9586=CARTESIAN_POINT('',(0.042717167429139,0.0223472847314472,0.00467365773709014));
#9587=CARTESIAN_POINT('',(0.042,0.0227136824156869,0.00467365773709014));
#9588=CARTESIAN_POINT('',(0.042717167429139,0.0227136824156869,0.00467365773709014));
#9589=CARTESIAN_POINT('',(0.042,0.0221640858893273,0.00515425729693708));
#9590=CARTESIAN_POINT('',(0.042,0.0221640858893273,0.00515425729693708));
#9591=CARTESIAN_POINT('',(0.042717167429139,0.0221640858893273,0.00515425729693708));
#9592=CARTESIAN_POINT('',(0.042,0.0221640858893273,0.00515425729693708));
#9593=CARTESIAN_POINT('',(0.042,0.0221640858893273,0.00467365773709014));
#9594=CARTESIAN_POINT('',(0.042,0.0227136824156869,0.00467365773709014));
#9595=CARTESIAN_POINT('',(0.042717167429139,0.0221640858893273,0.00515425729693708));
#9596=CARTESIAN_POINT('',(0.042717167429139,0.0221640858893273,0.00467365773709014));
#9597=CARTESIAN_POINT('',(0.042717167429139,0.0227136824156869,0.00467365773709014));
#9598=CARTESIAN_POINT('',(0.042,0.0224055752721216,0.00565210609841219));
#9599=CARTESIAN_POINT('',(0.042717167429139,0.0224055752721216,0.00565210609841219));
#9600=CARTESIAN_POINT('',(0.042,0.0222445823502588,0.00554305916857893));
#9601=CARTESIAN_POINT('',(0.042717167429139,0.0222445823502588,0.00554305916857893));
#9602=CARTESIAN_POINT('',(0.042,0.0221640858893273,0.00537710956808723));
#9603=CARTESIAN_POINT('',(0.042717167429139,0.0221640858893273,0.00537710956808723));
#9604=CARTESIAN_POINT('',(0.042,0.0221640858893273,0.00515425729693708));
#9605=CARTESIAN_POINT('',(0.042717167429139,0.0221640858893273,0.00515425729693708));
#9606=CARTESIAN_POINT('',(0.042,0.0224055752721216,0.00565210609841219));
#9607=CARTESIAN_POINT('',(0.042,0.0224055752721216,0.00565210609841219));
#9608=CARTESIAN_POINT('',(0.042717167429139,0.0224055752721216,0.00565210609841219));
#9609=CARTESIAN_POINT('',(0.042,0.0224055752721216,0.00565210609841219));
#9610=CARTESIAN_POINT('',(0.042,0.0221640858893273,0.0054885357036623));
#9611=CARTESIAN_POINT('',(0.042,0.0221640858893273,0.00515425729693708));
#9612=CARTESIAN_POINT('',(0.042717167429139,0.0224055752721216,0.00565210609841219));
#9613=CARTESIAN_POINT('',(0.042717167429139,0.0221640858893273,0.0054885357036623));
#9614=CARTESIAN_POINT('',(0.042717167429139,0.0221640858893273,0.00515425729693708));
#9615=CARTESIAN_POINT('',(0.042,0.0238051430497453,0.00420198019877502));
#9616=CARTESIAN_POINT('',(0.042,0.0239151813153043,0.0039194495169343));
#9617=CARTESIAN_POINT('',(0.042,0.0239151813153043,0.0039194495169343));
#9618=CARTESIAN_POINT('',(0.042,0.0238051430497453,0.00420198019877502));
#9619=CARTESIAN_POINT('',(0.042,0.0236951047841863,0.00448451088061573));
#9620=CARTESIAN_POINT('',(0.042,0.0236951047841863,0.00448451088061573));
#9621=CARTESIAN_POINT('',(0.042,0.0243107242698813,0.0039194495169343));
#9622=CARTESIAN_POINT('',(0.042,0.0247062672244583,0.0039194495169343));
#9623=CARTESIAN_POINT('',(0.042,0.0247062672244583,0.0039194495169343));
#9624=CARTESIAN_POINT('',(0.042,0.0243107242698813,0.0039194495169343));
#9625=CARTESIAN_POINT('',(0.042,0.0247062672244583,0.00530414725867152));
#9626=CARTESIAN_POINT('',(0.042,0.0247062672244583,0.00668884500040874));
#9627=CARTESIAN_POINT('',(0.042,0.0247062672244583,0.00668884500040874));
#9628=CARTESIAN_POINT('',(0.042,0.0247062672244583,0.00530414725867152));
#9629=CARTESIAN_POINT('',(0.042,0.0242601661478677,0.00779696007465979));
#9630=CARTESIAN_POINT('',(0.042717167429139,0.0242601661478677,0.00779696007465979));
#9631=CARTESIAN_POINT('',(0.042,0.0245575668655947,0.0075538845547042));
#9632=CARTESIAN_POINT('',(0.042717167429139,0.0245575668655947,0.0075538845547042));
#9633=CARTESIAN_POINT('',(0.042,0.0247062672244583,0.00718451286328719));
#9634=CARTESIAN_POINT('',(0.042717167429139,0.0247062672244583,0.00718451286328719));
#9635=CARTESIAN_POINT('',(0.042,0.0247062672244583,0.00668884500040874));
#9636=CARTESIAN_POINT('',(0.042717167429139,0.0247062672244583,0.00668884500040874));
#9637=CARTESIAN_POINT('',(0.042,0.0242601661478677,0.00779696007465979));
#9638=CARTESIAN_POINT('',(0.042,0.0242601661478677,0.00779696007465979));
#9639=CARTESIAN_POINT('',(0.042,0.0242601661478677,0.00779696007465979));
#9640=CARTESIAN_POINT('',(0.042,0.0247062672244583,0.00743234679472641));
#9641=CARTESIAN_POINT('',(0.042,0.0247062672244583,0.00668884500040874));
#9642=CARTESIAN_POINT('',(0.042,0.0229777742530285,0.00816157335459317));
#9643=CARTESIAN_POINT('',(0.042717167429139,0.0229777742530285,0.00816157335459317));
#9644=CARTESIAN_POINT('',(0.042,0.0235353014651942,0.00816157335459317));
#9645=CARTESIAN_POINT('',(0.042717167429139,0.0235353014651942,0.00816157335459317));
#9646=CARTESIAN_POINT('',(0.042,0.0239627654301406,0.00804003559461538));
#9647=CARTESIAN_POINT('',(0.042717167429139,0.0239627654301406,0.00804003559461538));
#9648=CARTESIAN_POINT('',(0.042,0.0242601661478677,0.00779696007465979));
#9649=CARTESIAN_POINT('',(0.042717167429139,0.0242601661478677,0.00779696007465979));
#9650=CARTESIAN_POINT('',(0.042,0.0229777742530285,0.00816157335459317));
#9651=CARTESIAN_POINT('',(0.042,0.0229777742530285,0.00816157335459317));
#9652=CARTESIAN_POINT('',(0.042,0.0229777742530285,0.00816157335459317));
#9653=CARTESIAN_POINT('',(0.042,0.023814065071277,0.00816157335459317));
#9654=CARTESIAN_POINT('',(0.042,0.0242601661478677,0.00779696007465979));
#9655=CARTESIAN_POINT('',(0.042,0.0213872752146242,0.00778565884738616));
#9656=CARTESIAN_POINT('',(0.042717167429139,0.0213872752146242,0.00778565884738616));
#9657=CARTESIAN_POINT('',(0.042,0.0218654955687293,0.0080362685188575));
#9658=CARTESIAN_POINT('',(0.042717167429139,0.0218654955687293,0.0080362685188575));
#9659=CARTESIAN_POINT('',(0.042,0.0223956619148641,0.00816157335459317));
#9660=CARTESIAN_POINT('',(0.042717167429139,0.0223956619148641,0.00816157335459317));
#9661=CARTESIAN_POINT('',(0.042,0.0229777742530285,0.00816157335459317));
#9662=CARTESIAN_POINT('',(0.042717167429139,0.0229777742530285,0.00816157335459317));
#9663=CARTESIAN_POINT('',(0.042,0.0213872752146242,0.00778565884738616));
#9664=CARTESIAN_POINT('',(0.042,0.0213872752146242,0.00778565884738616));
#9665=CARTESIAN_POINT('',(0.042,0.0213872752146242,0.00778565884738616));
#9666=CARTESIAN_POINT('',(0.042,0.0221046057457818,0.00816157335459317));
#9667=CARTESIAN_POINT('',(0.042,0.0229777742530285,0.00816157335459317));
#9668=CARTESIAN_POINT('',(0.042,0.0215746376667922,0.0074026067229537));
#9669=CARTESIAN_POINT('',(0.042,0.0217620001189603,0.00701955459852124));
#9670=CARTESIAN_POINT('',(0.042,0.0217620001189603,0.00701955459852124));
#9671=CARTESIAN_POINT('',(0.042,0.0215746376667922,0.0074026067229537));
#9672=CARTESIAN_POINT('',(0.042,0.0229337589468049,0.00732052412486103));
#9673=CARTESIAN_POINT('',(0.042717167429139,0.0229337589468049,0.00732052412486103));
#9674=CARTESIAN_POINT('',(0.042,0.0226014632115312,0.00732052412486103));
#9675=CARTESIAN_POINT('',(0.042717167429139,0.0226014632115312,0.00732052412486103));
#9676=CARTESIAN_POINT('',(0.042,0.022210876935583,0.00722020094941443));
#9677=CARTESIAN_POINT('',(0.042717167429139,0.022210876935583,0.00722020094941443));
#9678=CARTESIAN_POINT('',(0.042,0.0217620001189603,0.00701955459852124));
#9679=CARTESIAN_POINT('',(0.042717167429139,0.0217620001189603,0.00701955459852124));
#9680=CARTESIAN_POINT('',(0.042,0.0229337589468049,0.00732052412486103));
#9681=CARTESIAN_POINT('',(0.042,0.0229337589468049,0.00732052412486103));
#9682=CARTESIAN_POINT('',(0.042,0.0229337589468049,0.00732052412486103));
#9683=CARTESIAN_POINT('',(0.042,0.0224353153438944,0.00732052412486103));
#9684=CARTESIAN_POINT('',(0.042,0.0217620001189603,0.00701955459852124));
#9685=CARTESIAN_POINT('',(0.042,0.023580902908579,0.00668884500040874));
#9686=CARTESIAN_POINT('',(0.042717167429139,0.023580902908579,0.00668884500040874));
#9687=CARTESIAN_POINT('',(0.042,0.023580902908579,0.00710996441671027));
#9688=CARTESIAN_POINT('',(0.042717167429139,0.023580902908579,0.00710996441671027));
#9689=CARTESIAN_POINT('',(0.042,0.0233651882546543,0.00732052412486103));
#9690=CARTESIAN_POINT('',(0.042717167429139,0.0233651882546543,0.00732052412486103));
#9691=CARTESIAN_POINT('',(0.042,0.0229337589468049,0.00732052412486103));
#9692=CARTESIAN_POINT('',(0.042717167429139,0.0229337589468049,0.00732052412486103));
#9693=CARTESIAN_POINT('',(0.042,0.023580902908579,0.00668884500040874));
#9694=CARTESIAN_POINT('',(0.042,0.023580902908579,0.00668884500040874));
#9695=CARTESIAN_POINT('',(0.042,0.023580902908579,0.00668884500040874));
#9696=CARTESIAN_POINT('',(0.042,0.023580902908579,0.00732052412486103));
#9697=CARTESIAN_POINT('',(0.042,0.0229337589468049,0.00732052412486103));
#9698=CARTESIAN_POINT('',(0.042,0.023580902908579,0.00659784038078426));
#9699=CARTESIAN_POINT('',(0.042,0.023580902908579,0.00650683576115978));
#9700=CARTESIAN_POINT('',(0.042,0.023580902908579,0.00650683576115978));
#9701=CARTESIAN_POINT('',(0.042,0.023580902908579,0.00659784038078426));
#9702=CARTESIAN_POINT('',(0.042,0.0232198584372584,0.00649553453388615));
#9703=CARTESIAN_POINT('',(0.042,0.0228588139659377,0.00648423330661252));
#9704=CARTESIAN_POINT('',(0.042,0.0228588139659377,0.00648423330661252));
#9705=CARTESIAN_POINT('',(0.042,0.0232198584372584,0.00649553453388615));
#9706=CARTESIAN_POINT('',(0.042,0.0214634097983623,0.00613686926830731));
#9707=CARTESIAN_POINT('',(0.042717167429139,0.0214634097983623,0.00613686926830731));
#9708=CARTESIAN_POINT('',(0.042,0.0217719134762179,0.00634623937358716));
#9709=CARTESIAN_POINT('',(0.042717167429139,0.0217719134762179,0.00634623937358716));
#9710=CARTESIAN_POINT('',(0.042,0.022237048198743,0.00646202738635557));
#9711=CARTESIAN_POINT('',(0.042717167429139,0.022237048198743,0.00646202738635557));
#9712=CARTESIAN_POINT('',(0.042,0.0228588139659377,0.00648423330661252));
#9713=CARTESIAN_POINT('',(0.042717167429139,0.0228588139659377,0.00648423330661252));
#9714=CARTESIAN_POINT('',(0.042,0.0214634097983623,0.00613686926830731));
#9715=CARTESIAN_POINT('',(0.042,0.0214634097983623,0.00613686926830731));
#9716=CARTESIAN_POINT('',(0.042,0.0214634097983623,0.00613686926830731));
#9717=CARTESIAN_POINT('',(0.042,0.0219261653151457,0.00645092442622709));
#9718=CARTESIAN_POINT('',(0.042,0.0228588139659377,0.00648423330661252));
#9719=CARTESIAN_POINT('',(0.042,0.021000654281579,0.00516139491416253));
#9720=CARTESIAN_POINT('',(0.042717167429139,0.021000654281579,0.00516139491416253));
#9721=CARTESIAN_POINT('',(0.042,0.021000654281579,0.0056023410449792));
#9722=CARTESIAN_POINT('',(0.042717167429139,0.021000654281579,0.0056023410449792));
#9723=CARTESIAN_POINT('',(0.042,0.0211549061205068,0.00592749916302746));
#9724=CARTESIAN_POINT('',(0.042717167429139,0.0211549061205068,0.00592749916302746));
#9725=CARTESIAN_POINT('',(0.042,0.0214634097983623,0.00613686926830731));
#9726=CARTESIAN_POINT('',(0.042717167429139,0.0214634097983623,0.00613686926830731));
#9727=CARTESIAN_POINT('',(0.042,0.021000654281579,0.00516139491416253));
#9728=CARTESIAN_POINT('',(0.042,0.021000654281579,0.00516139491416253));
#9729=CARTESIAN_POINT('',(0.042,0.021000654281579,0.00516139491416253));
#9730=CARTESIAN_POINT('',(0.042,0.021000654281579,0.00582281411038753));
#9731=CARTESIAN_POINT('',(0.042,0.0214634097983623,0.00613686926830731));
#9732=CARTESIAN_POINT('',(0.042,0.0213444495112715,0.00418711016288867));
#9733=CARTESIAN_POINT('',(0.042717167429139,0.0213444495112715,0.00418711016288867));
#9734=CARTESIAN_POINT('',(0.042,0.0211152526914765,0.00441551391410305));
#9735=CARTESIAN_POINT('',(0.042717167429139,0.0211152526914765,0.00441551391410305));
#9736=CARTESIAN_POINT('',(0.042,0.021000654281579,0.004740275497861));
#9737=CARTESIAN_POINT('',(0.042717167429139,0.021000654281579,0.004740275497861));
#9738=CARTESIAN_POINT('',(0.042,0.021000654281579,0.00516139491416253));
#9739=CARTESIAN_POINT('',(0.042717167429139,0.021000654281579,0.00516139491416253));
#9740=CARTESIAN_POINT('',(0.042,0.0213444495112715,0.00418711016288867));
#9741=CARTESIAN_POINT('',(0.042,0.0213444495112715,0.00418711016288867));
#9742=CARTESIAN_POINT('',(0.042,0.0213444495112715,0.00418711016288867));
#9743=CARTESIAN_POINT('',(0.042,0.021000654281579,0.00452971578971024));
#9744=CARTESIAN_POINT('',(0.042,0.021000654281579,0.00516139491416253));
#9745=CARTESIAN_POINT('',(0.042,0.0222866149850309,0.00384450453606709));
#9746=CARTESIAN_POINT('',(0.042717167429139,0.0222866149850309,0.00384450453606709));
#9747=CARTESIAN_POINT('',(0.042,0.0218877014889863,0.00384450453606709));
#9748=CARTESIAN_POINT('',(0.042717167429139,0.0218877014889863,0.00384450453606709));
#9749=CARTESIAN_POINT('',(0.042,0.0215736463310665,0.00395870641167428));
#9750=CARTESIAN_POINT('',(0.042717167429139,0.0215736463310665,0.00395870641167428));
#9751=CARTESIAN_POINT('',(0.042,0.0213444495112715,0.00418711016288867));
#9752=CARTESIAN_POINT('',(0.042717167429139,0.0213444495112715,0.00418711016288867));
#9753=CARTESIAN_POINT('',(0.042,0.0222866149850309,0.00384450453606709));
#9754=CARTESIAN_POINT('',(0.042,0.0222866149850309,0.00384450453606709));
#9755=CARTESIAN_POINT('',(0.042,0.0222866149850309,0.00384450453606709));
#9756=CARTESIAN_POINT('',(0.042,0.021688244740964,0.00384450453606709));
#9757=CARTESIAN_POINT('',(0.042,0.0213444495112715,0.00418711016288867));
#9758=CARTESIAN_POINT('',(0.042,0.0230765112913139,0.0039842828733988));
#9759=CARTESIAN_POINT('',(0.042717167429139,0.0230765112913139,0.0039842828733988));
#9760=CARTESIAN_POINT('',(0.042,0.0228742788032595,0.00389109731517766));
#9761=CARTESIAN_POINT('',(0.042717167429139,0.0228742788032595,0.00389109731517766));
#9762=CARTESIAN_POINT('',(0.042,0.0226109800344985,0.00384450453606709));
#9763=CARTESIAN_POINT('',(0.042717167429139,0.0226109800344985,0.00384450453606709));
#9764=CARTESIAN_POINT('',(0.042,0.0222866149850309,0.00384450453606709));
#9765=CARTESIAN_POINT('',(0.042717167429139,0.0222866149850309,0.00384450453606709));
#9766=CARTESIAN_POINT('',(0.042,0.0230765112913139,0.0039842828733988));
#9767=CARTESIAN_POINT('',(0.042,0.0230765112913139,0.0039842828733988));
#9768=CARTESIAN_POINT('',(0.042,0.0230765112913139,0.0039842828733988));
#9769=CARTESIAN_POINT('',(0.042,0.0227731625592323,0.00384450453606709));
#9770=CARTESIAN_POINT('',(0.042,0.0222866149850309,0.00384450453606709));
#9771=CARTESIAN_POINT('',(0.042,0.0236653647124135,0.00448451088061573));
#9772=CARTESIAN_POINT('',(0.042717167429139,0.0236653647124135,0.00448451088061573));
#9773=CARTESIAN_POINT('',(0.042,0.0234750282530682,0.00424421110069226));
#9774=CARTESIAN_POINT('',(0.042717167429139,0.0234750282530682,0.00424421110069226));
#9775=CARTESIAN_POINT('',(0.042,0.0232787437793683,0.00407746843161995));
#9776=CARTESIAN_POINT('',(0.042717167429139,0.0232787437793683,0.00407746843161995));
#9777=CARTESIAN_POINT('',(0.042,0.0230765112913139,0.0039842828733988));
#9778=CARTESIAN_POINT('',(0.042717167429139,0.0230765112913139,0.0039842828733988));
#9779=CARTESIAN_POINT('',(0.042,0.0236653647124135,0.00448451088061573));
#9780=CARTESIAN_POINT('',(0.042,0.0236653647124135,0.00448451088061573));
#9781=CARTESIAN_POINT('',(0.042,0.0236653647124135,0.00448451088061573));
#9782=CARTESIAN_POINT('',(0.042,0.0233798600233955,0.00412406121073053));
#9783=CARTESIAN_POINT('',(0.042,0.0230765112913139,0.0039842828733988));
#9784=CARTESIAN_POINT('',(0.042,0.0236802347482999,0.00448451088061573));
#9785=CARTESIAN_POINT('',(0.042,0.0236802347482999,0.00448451088061573));
#9786=CARTESIAN_POINT('',(0.042,0.0231419394492139,0.00582995172761298));
#9787=CARTESIAN_POINT('',(0.042717167429139,0.0231419394492139,0.00582995172761298));
#9788=CARTESIAN_POINT('',(0.042,0.022812022919682,0.00582043490464571));
#9789=CARTESIAN_POINT('',(0.042717167429139,0.022812022919682,0.00582043490464571));
#9790=CARTESIAN_POINT('',(0.042,0.0225665681939846,0.00576115302824545));
#9791=CARTESIAN_POINT('',(0.042717167429139,0.0225665681939846,0.00576115302824545));
#9792=CARTESIAN_POINT('',(0.042,0.0224055752721216,0.00565210609841219));
#9793=CARTESIAN_POINT('',(0.042717167429139,0.0224055752721216,0.00565210609841219));
#9794=CARTESIAN_POINT('',(0.042,0.0231419394492139,0.00582995172761298));
#9795=CARTESIAN_POINT('',(0.042,0.022647064654916,0.00581567649316208));
#9796=CARTESIAN_POINT('',(0.042,0.0224055752721216,0.00565210609841219));
#9797=CARTESIAN_POINT('',(0.042717167429139,0.0231419394492139,0.00582995172761298));
#9798=CARTESIAN_POINT('',(0.042717167429139,0.022647064654916,0.00581567649316208));
#9799=CARTESIAN_POINT('',(0.042717167429139,0.0224055752721216,0.00565210609841219));
#9800=CARTESIAN_POINT('',(0.042,-6.93889390390723E-18,0.00591738753862473));
#9801=CARTESIAN_POINT('',(0.042,0.00950909054860519,0.00384450453606709));
#9802=CARTESIAN_POINT('',(0.042717167429139,0.00950909054860519,0.00384450453606709));
#9803=CARTESIAN_POINT('',(0.042,0.0082155956936376,0.00384450453606709));
#9804=CARTESIAN_POINT('',(0.042717167429139,0.0082155956936376,0.00384450453606709));
#9805=CARTESIAN_POINT('',(0.042,0.00756884826615381,0.00455469744999932));
#9806=CARTESIAN_POINT('',(0.042717167429139,0.00756884826615381,0.00455469744999932));
#9807=CARTESIAN_POINT('',(0.042,0.00756884826615381,0.00597508327786378));
#9808=CARTESIAN_POINT('',(0.042717167429139,0.00756884826615381,0.00597508327786378));
#9809=CARTESIAN_POINT('',(0.042,0.00950909054860519,0.00384450453606709));
#9810=CARTESIAN_POINT('',(0.042,0.00950909054860519,0.00384450453606709));
#9811=CARTESIAN_POINT('',(0.042,0.00950909054860519,0.00384450453606709));
#9812=CARTESIAN_POINT('',(0.042,0.00756884826615381,0.00384450453606709));
#9813=CARTESIAN_POINT('',(0.042,0.00756884826615381,0.00597508327786378));
#9814=CARTESIAN_POINT('',(0.042,0.00756884826615381,0.00597508327786378));
#9815=CARTESIAN_POINT('',(0.042,0.00756884826615381,0.00597508327786378));
#9816=CARTESIAN_POINT('',(0.042,0.0102169042567956,0.0039117170982734));
#9817=CARTESIAN_POINT('',(0.042717167429139,0.0102169042567956,0.0039117170982734));
#9818=CARTESIAN_POINT('',(0.042,0.0100297400717727,0.00386690872346919));
#9819=CARTESIAN_POINT('',(0.042717167429139,0.0100297400717727,0.00386690872346919));
#9820=CARTESIAN_POINT('',(0.042,0.00979380216904256,0.00384450453606709));
#9821=CARTESIAN_POINT('',(0.042717167429139,0.00979380216904256,0.00384450453606709));
#9822=CARTESIAN_POINT('',(0.042,0.00950909054860519,0.00384450453606709));
#9823=CARTESIAN_POINT('',(0.042717167429139,0.00950909054860519,0.00384450453606709));
#9824=CARTESIAN_POINT('',(0.042,0.0102169042567956,0.0039117170982734));
#9825=CARTESIAN_POINT('',(0.042,0.0102169042567956,0.0039117170982734));
#9826=CARTESIAN_POINT('',(0.042,0.0102169042567956,0.0039117170982734));
#9827=CARTESIAN_POINT('',(0.042,0.00993615797926125,0.00384450453606709));
#9828=CARTESIAN_POINT('',(0.042,0.00950909054860519,0.00384450453606709));
#9829=CARTESIAN_POINT('',(0.0419999999999999,0.0097708717687839,0.00568580313716803));
#9830=CARTESIAN_POINT('',(0.042,0.0107724487975098,0.00415444999706369));
#9831=CARTESIAN_POINT('',(0.042,0.0107724487975098,0.00415444999706369));
#9832=CARTESIAN_POINT('',(0.042,0.0097708717687839,0.00568580313716803));
#9833=CARTESIAN_POINT('',(0.042,0.0107724487975098,0.0046391592538338));
#9834=CARTESIAN_POINT('',(0.042,0.0107724487975098,0.00512516053176721));
#9835=CARTESIAN_POINT('',(0.042,0.0107724487975098,0.00512451722516437));
#9836=CARTESIAN_POINT('',(0.042,0.0107724487975098,0.0046391592538338));
#9837=CARTESIAN_POINT('',(0.0419999999999999,0.0095422378240811,0.00691314769764506));
#9838=CARTESIAN_POINT('',(0.042,0.0102151198524892,0.00485031376342002));
#9839=CARTESIAN_POINT('',(0.042,0.0102151998384327,0.00485006519730105));
#9840=CARTESIAN_POINT('',(0.042,0.0095422378240811,0.00691314769764506));
#9841=CARTESIAN_POINT('',(0.0419999999999999,0.00963004224466292,0.00678250048081972));
#9842=CARTESIAN_POINT('',(0.042,0.00960901718976148,0.00476287795240826));
#9843=CARTESIAN_POINT('',(0.042,0.00960901718976148,0.00476287795240826));
#9844=CARTESIAN_POINT('',(0.042,0.00963004224466292,0.00678250048081972));
#9845=CARTESIAN_POINT('',(0.042,0.00872395265380573,0.00598222089508923));
#9846=CARTESIAN_POINT('',(0.042717167429139,0.00872395265380573,0.00598222089508923));
#9847=CARTESIAN_POINT('',(0.042,0.00872395265380573,0.00516932559996858));
#9848=CARTESIAN_POINT('',(0.042717167429139,0.00872395265380573,0.00516932559996858));
#9849=CARTESIAN_POINT('',(0.042,0.00901897416579098,0.00476287795240826));
#9850=CARTESIAN_POINT('',(0.042717167429139,0.00901897416579098,0.00476287795240826));
#9851=CARTESIAN_POINT('',(0.042,0.00960901718976148,0.00476287795240826));
#9852=CARTESIAN_POINT('',(0.042717167429139,0.00960901718976148,0.00476287795240826));
#9853=CARTESIAN_POINT('',(0.042,0.00872395265380573,0.00598222089508923));
#9854=CARTESIAN_POINT('',(0.042,0.00872395265380573,0.00598222089508923));
#9855=CARTESIAN_POINT('',(0.042,0.00872395265380573,0.00598222089508923));
#9856=CARTESIAN_POINT('',(0.042,0.00872395265380573,0.00476287795240826));
#9857=CARTESIAN_POINT('',(0.042,0.00960901718976148,0.00476287795240826));
#9858=CARTESIAN_POINT('',(0.042,0.00960901718976148,0.00723963112963927));
#9859=CARTESIAN_POINT('',(0.042717167429139,0.00960901718976148,0.00723963112963927));
#9860=CARTESIAN_POINT('',(0.042,0.00901897416579098,0.00723963112963927));
#9861=CARTESIAN_POINT('',(0.042717167429139,0.00901897416579098,0.00723963112963927));
#9862=CARTESIAN_POINT('',(0.042,0.00872395265380573,0.00682049438478926));
#9863=CARTESIAN_POINT('',(0.042717167429139,0.00872395265380573,0.00682049438478926));
#9864=CARTESIAN_POINT('',(0.042,0.00872395265380573,0.00598222089508923));
#9865=CARTESIAN_POINT('',(0.042717167429139,0.00872395265380573,0.00598222089508923));
#9866=CARTESIAN_POINT('',(0.042,0.00960901718976148,0.00723963112963927));
#9867=CARTESIAN_POINT('',(0.042,0.00960901718976148,0.00723963112963927));
#9868=CARTESIAN_POINT('',(0.042,0.00960901718976148,0.00723963112963927));
#9869=CARTESIAN_POINT('',(0.042,0.00872395265380573,0.00723963112963927));
#9870=CARTESIAN_POINT('',(0.042,0.00872395265380573,0.00598222089508923));
#9871=CARTESIAN_POINT('',(0.0419999999999999,0.00960467251960986,0.00564173579948912));
#9872=CARTESIAN_POINT('',(0.042,0.0100699883022384,0.00717063416312659));
#9873=CARTESIAN_POINT('',(0.042,0.0100699976392383,0.00717066430316214));
#9874=CARTESIAN_POINT('',(0.042,0.00960467251960986,0.00564173579948912));
#9875=CARTESIAN_POINT('',(0.0419999999999991,0.00839481694784425,0.0016900146377578));
#9876=CARTESIAN_POINT('',(0.042,0.0105677716883811,0.00699321214004115));
#9877=CARTESIAN_POINT('',(0.042,0.0105677716879225,0.00699321213984267));
#9878=CARTESIAN_POINT('',(0.042,0.00839481694784425,0.0016900146377578));
#9879=CARTESIAN_POINT('',(0.042,0.0107355711085116,0.00743234679472641));
#9880=CARTESIAN_POINT('',(0.042,0.0109033051133097,0.00787131025409156));
#9881=CARTESIAN_POINT('',(0.042,0.0109033051133097,0.00787131025409156));
#9882=CARTESIAN_POINT('',(0.042,0.0107355711085116,0.00743234679472641));
#9883=CARTESIAN_POINT('',(0.042,0.00960901718976148,0.00815324613449681));
#9884=CARTESIAN_POINT('',(0.042717167429139,0.00960901718976148,0.00815324613449681));
#9885=CARTESIAN_POINT('',(0.042,0.0100896167496084,0.00815324613449681));
#9886=CARTESIAN_POINT('',(0.042717167429139,0.0100896167496084,0.00815324613449681));
#9887=CARTESIAN_POINT('',(0.042,0.0105210460574578,0.00805926750769506));
#9888=CARTESIAN_POINT('',(0.042717167429139,0.0105210460574578,0.00805926750769506));
#9889=CARTESIAN_POINT('',(0.042,0.0109033051133097,0.00787131025409155));
#9890=CARTESIAN_POINT('',(0.042717167429139,0.0109033051133097,0.00787131025409155));
#9891=CARTESIAN_POINT('',(0.042,0.00960901718976148,0.00815324613449681));
#9892=CARTESIAN_POINT('',(0.042,0.00960901718976148,0.00815324613449681));
#9893=CARTESIAN_POINT('',(0.042,0.00960901718976148,0.00815324613449681));
#9894=CARTESIAN_POINT('',(0.042,0.0103299165295319,0.00815324613449681));
#9895=CARTESIAN_POINT('',(0.042,0.0109033051133097,0.00787131025409155));
#9896=CARTESIAN_POINT('',(0.042,0.00809643713940163,0.00759413278516993));
#9897=CARTESIAN_POINT('',(0.042717167429139,0.00809643713940163,0.00759413278516993));
#9898=CARTESIAN_POINT('',(0.042,0.00844816305490017,0.00796687501805452));
#9899=CARTESIAN_POINT('',(0.042717167429139,0.00844816305490017,0.00796687501805452));
#9900=CARTESIAN_POINT('',(0.042,0.00895235640502012,0.00815324613449681));
#9901=CARTESIAN_POINT('',(0.042717167429139,0.00895235640502012,0.00815324613449681));
#9902=CARTESIAN_POINT('',(0.042,0.00960901718976148,0.00815324613449681));
#9903=CARTESIAN_POINT('',(0.042717167429139,0.00960901718976148,0.00815324613449681));
#9904=CARTESIAN_POINT('',(0.042,0.00809643713940163,0.00759413278516993));
#9905=CARTESIAN_POINT('',(0.042,0.00809643713940163,0.00759413278516993));
#9906=CARTESIAN_POINT('',(0.042,0.00809643713940163,0.00759413278516993));
#9907=CARTESIAN_POINT('',(0.042,0.00862402601264944,0.00815324613449681));
#9908=CARTESIAN_POINT('',(0.042,0.00960901718976148,0.00815324613449681));
#9909=CARTESIAN_POINT('',(0.042,0.00756884826615381,0.00597508327786378));
#9910=CARTESIAN_POINT('',(0.042717167429139,0.00756884826615381,0.00597508327786378));
#9911=CARTESIAN_POINT('',(0.042,0.00756884826615381,0.00668170738318329));
#9912=CARTESIAN_POINT('',(0.042717167429139,0.00756884826615381,0.00668170738318329));
#9913=CARTESIAN_POINT('',(0.042,0.00774471122390308,0.00722139055228534));
#9914=CARTESIAN_POINT('',(0.042717167429139,0.00774471122390308,0.00722139055228534));
#9915=CARTESIAN_POINT('',(0.042,0.00809643713940163,0.00759413278516993));
#9916=CARTESIAN_POINT('',(0.042717167429139,0.00809643713940163,0.00759413278516993));
#9917=CARTESIAN_POINT('',(0.042,0.00756884826615381,0.00597508327786378));
#9918=CARTESIAN_POINT('',(0.042,0.00756884826615381,0.00703501943584305));
#9919=CARTESIAN_POINT('',(0.042,0.00809643713940163,0.00759413278516993));
#9920=CARTESIAN_POINT('',(0.042,-6.93889390390723E-18,0.00591738753862473));
#9921=CARTESIAN_POINT('',(0.042,0.0130725459484109,0.00649553453388615));
#9922=CARTESIAN_POINT('',(0.042,0.0128257033526974,0.00617969497166));
#9923=CARTESIAN_POINT('',(0.042,0.0128257033526974,0.00617969497166));
#9924=CARTESIAN_POINT('',(0.042,0.0130725459484109,0.00649553453388615));
#9925=CARTESIAN_POINT('',(0.042,0.0133193885441243,0.00681137409611229));
#9926=CARTESIAN_POINT('',(0.042,0.0133193885441243,0.00681137409611229));
#9927=CARTESIAN_POINT('',(0.042,0.0128179709340365,0.00617969497166));
#9928=CARTESIAN_POINT('',(0.042,0.0128102385153756,0.00617969497166));
#9929=CARTESIAN_POINT('',(0.042,0.0128102385153756,0.00617969497166));
#9930=CARTESIAN_POINT('',(0.042,0.0128179709340365,0.00617969497166));
#9931=CARTESIAN_POINT('',(0.042,0.0128399785871483,0.00665196731141059));
#9932=CARTESIAN_POINT('',(0.042,0.012869718658921,0.00712423965116117));
#9933=CARTESIAN_POINT('',(0.042,0.012869718658921,0.00712423965116117));
#9934=CARTESIAN_POINT('',(0.042,0.0128399785871483,0.00665196731141059));
#9935=CARTESIAN_POINT('',(0.042,0.012869718658921,0.00841436396466118));
#9936=CARTESIAN_POINT('',(0.042,0.012869718658921,0.00970448827816119));
#9937=CARTESIAN_POINT('',(0.042,0.012869718658921,0.00970448827816119));
#9938=CARTESIAN_POINT('',(0.042,0.012869718658921,0.00841436396466118));
#9939=CARTESIAN_POINT('',(0.042,0.0123028728909332,0.00970448827816119));
#9940=CARTESIAN_POINT('',(0.042,0.0117360271229455,0.00970448827816119));
#9941=CARTESIAN_POINT('',(0.042,0.0117360271229455,0.00970448827816119));
#9942=CARTESIAN_POINT('',(0.042,0.0123028728909332,0.00970448827816119));
#9943=CARTESIAN_POINT('',(0.042,0.0117360271229455,0.00681196889754775));
#9944=CARTESIAN_POINT('',(0.042,0.0117360271229455,0.0039194495169343));
#9945=CARTESIAN_POINT('',(0.042,0.0117360271229455,0.0039194495169343));
#9946=CARTESIAN_POINT('',(0.042,0.0117360271229455,0.00681196889754775));
#9947=CARTESIAN_POINT('',(0.042,0.0123028728909332,0.0039194495169343));
#9948=CARTESIAN_POINT('',(0.042,0.012869718658921,0.0039194495169343));
#9949=CARTESIAN_POINT('',(0.042,0.012869718658921,0.0039194495169343));
#9950=CARTESIAN_POINT('',(0.042,0.0123028728909332,0.0039194495169343));
#9951=CARTESIAN_POINT('',(0.042,0.012869718658921,0.0045665934787084));
#9952=CARTESIAN_POINT('',(0.042,0.012869718658921,0.0052137374404825));
#9953=CARTESIAN_POINT('',(0.042,0.012869718658921,0.0052137374404825));
#9954=CARTESIAN_POINT('',(0.042,0.012869718658921,0.0045665934787084));
#9955=CARTESIAN_POINT('',(0.042,0.0131135872474572,0.00540883231131145));
#9956=CARTESIAN_POINT('',(0.042,0.0133574558359934,0.0056039271821404));
#9957=CARTESIAN_POINT('',(0.042,0.0133574558359934,0.0056039271821404));
#9958=CARTESIAN_POINT('',(0.042,0.0131135872474572,0.00540883231131145));
#9959=CARTESIAN_POINT('',(0.042,0.0139558260800603,0.00476168834953735));
#9960=CARTESIAN_POINT('',(0.042,0.0145541963241271,0.0039194495169343));
#9961=CARTESIAN_POINT('',(0.042,0.0145541963241271,0.0039194495169343));
#9962=CARTESIAN_POINT('',(0.042,0.0139558260800603,0.00476168834953735));
#9963=CARTESIAN_POINT('',(0.042,0.0152084779031266,0.0039194495169343));
#9964=CARTESIAN_POINT('',(0.042,0.0158627594821262,0.0039194495169343));
#9965=CARTESIAN_POINT('',(0.042,0.0158627594821262,0.0039194495169343));
#9966=CARTESIAN_POINT('',(0.042,0.0152084779031266,0.0039194495169343));
#9967=CARTESIAN_POINT('',(0.042,0.0149872117691377,0.00509596675626258));
#9968=CARTESIAN_POINT('',(0.042,0.0141116640561493,0.00627248399559085));
#9969=CARTESIAN_POINT('',(0.042,0.0141116640561493,0.00627248399559085));
#9970=CARTESIAN_POINT('',(0.042,0.0149872117691377,0.00509596675626258));
#9971=CARTESIAN_POINT('',(0.042,0.0149366536471241,0.00717420297173931));
#9972=CARTESIAN_POINT('',(0.042,0.015761643238099,0.00807592194788777));
#9973=CARTESIAN_POINT('',(0.042,0.015761643238099,0.00807592194788777));
#9974=CARTESIAN_POINT('',(0.042,0.0149366536471241,0.00717420297173931));
#9975=CARTESIAN_POINT('',(0.042,0.0151222316949858,0.00807592194788778));
#9976=CARTESIAN_POINT('',(0.042,0.0144828201518726,0.00807592194788778));
#9977=CARTESIAN_POINT('',(0.042,0.0144828201518726,0.00807592194788778));
#9978=CARTESIAN_POINT('',(0.042,0.0151222316949858,0.00807592194788778));
#9979=CARTESIAN_POINT('',(0.042,0.0139011043479985,0.00744364802200004));
#9980=CARTESIAN_POINT('',(0.042,0.0139011043479985,0.00744364802200004));
#9981=CARTESIAN_POINT('',(0.042,-6.93889390390723E-18,0.00591738753862473));
#9982=CARTESIAN_POINT('',(0.042,0.00530800800999266,0.00583768414627388));
#9983=CARTESIAN_POINT('',(0.042,0.00552748973967523,0.00584541656493478));
#9984=CARTESIAN_POINT('',(0.042,0.00552748973967523,0.00584541656493478));
#9985=CARTESIAN_POINT('',(0.042717167429139,0.00552748973967523,0.00584541656493478));
#9986=CARTESIAN_POINT('',(0.042,0.00530800800999266,0.00583768414627388));
#9987=CARTESIAN_POINT('',(0.042,0.00508852628031008,0.00582995172761298));
#9988=CARTESIAN_POINT('',(0.042,0.00508852628031008,0.00582995172761298));
#9989=CARTESIAN_POINT('',(0.042717167429139,0.00508852628031008,0.00582995172761298));
#9990=CARTESIAN_POINT('',(0.042717167429139,-0.000176325311837836,0.00564446915119584));
#9991=CARTESIAN_POINT('',(0.042,0.00552748973967523,0.00567411375152399));
#9992=CARTESIAN_POINT('',(0.042,0.00552748973967523,0.0055028109381132));
#9993=CARTESIAN_POINT('',(0.042,0.00552748973967523,0.0055028109381132));
#9994=CARTESIAN_POINT('',(0.042717167429139,0.00552748973967523,0.0055028109381132));
#9995=CARTESIAN_POINT('',(0.042,0.00552748973967523,0.00567411375152399));
#9996=CARTESIAN_POINT('',(0.042717167429139,0.00552748973967523,0.003));
#9997=CARTESIAN_POINT('',(0.042,0.00529135356979994,0.00490087188543362));
#9998=CARTESIAN_POINT('',(0.042717167429139,0.00529135356979994,0.00490087188543362));
#9999=CARTESIAN_POINT('',(0.042,0.00544877768305013,0.00505234798432927));
#10000=CARTESIAN_POINT('',(0.042717167429139,0.00544877768305013,0.00505234798432927));
#10001=CARTESIAN_POINT('',(0.042,0.00552748973967523,0.00525299433522247));
#10002=CARTESIAN_POINT('',(0.042717167429139,0.00552748973967523,0.00525299433522247));
#10003=CARTESIAN_POINT('',(0.042,0.00552748973967523,0.0055028109381132));
#10004=CARTESIAN_POINT('',(0.042717167429139,0.00552748973967523,0.0055028109381132));
#10005=CARTESIAN_POINT('',(0.042,0.00529135356979994,0.00490087188543362));
#10006=CARTESIAN_POINT('',(0.042,0.00529135356979994,0.00490087188543362));
#10007=CARTESIAN_POINT('',(0.042717167429139,0.00529135356979994,0.00490087188543362));
#10008=CARTESIAN_POINT('',(0.042,0.00529135356979994,0.00490087188543362));
#10009=CARTESIAN_POINT('',(0.042,0.00552748973967523,0.0051280860337771));
#10010=CARTESIAN_POINT('',(0.042,0.00552748973967523,0.0055028109381132));
#10011=CARTESIAN_POINT('',(0.042717167429139,0.00529135356979994,0.00490087188543362));
#10012=CARTESIAN_POINT('',(0.042717167429139,0.00552748973967523,0.0051280860337771));
#10013=CARTESIAN_POINT('',(0.042717167429139,0.00552748973967523,0.0055028109381132));
#10014=CARTESIAN_POINT('',(0.042,0.00466026924678311,0.00467365773709014));
#10015=CARTESIAN_POINT('',(0.042717167429139,0.00466026924678311,0.00467365773709014));
#10016=CARTESIAN_POINT('',(0.042,0.00492356801554414,0.00467365773709014));
#10017=CARTESIAN_POINT('',(0.042717167429139,0.00492356801554414,0.00467365773709014));
#10018=CARTESIAN_POINT('',(0.042,0.00513392945654975,0.00474939578653797));
#10019=CARTESIAN_POINT('',(0.042717167429139,0.00513392945654975,0.00474939578653797));
#10020=CARTESIAN_POINT('',(0.042,0.00529135356979994,0.00490087188543362));
#10021=CARTESIAN_POINT('',(0.042717167429139,0.00529135356979994,0.00490087188543362));
#10022=CARTESIAN_POINT('',(0.042,0.00466026924678311,0.00467365773709014));
#10023=CARTESIAN_POINT('',(0.042,0.00466026924678311,0.00467365773709014));
#10024=CARTESIAN_POINT('',(0.042717167429139,0.00466026924678311,0.00467365773709014));
#10025=CARTESIAN_POINT('',(0.042,0.00466026924678311,0.00467365773709014));
#10026=CARTESIAN_POINT('',(0.042,0.00505521739992465,0.00467365773709014));
#10027=CARTESIAN_POINT('',(0.042,0.00529135356979994,0.00490087188543362));
#10028=CARTESIAN_POINT('',(0.042717167429139,0.00466026924678311,0.00467365773709014));
#10029=CARTESIAN_POINT('',(0.042717167429139,0.00505521739992465,0.00467365773709014));
#10030=CARTESIAN_POINT('',(0.042717167429139,0.00529135356979994,0.00490087188543362));
#10031=CARTESIAN_POINT('',(0.042,0.00411067272042349,0.00515425729693708));
#10032=CARTESIAN_POINT('',(0.042717167429139,0.00411067272042349,0.00515425729693708));
#10033=CARTESIAN_POINT('',(0.042,0.00411067272042349,0.00483385759037245));
#10034=CARTESIAN_POINT('',(0.042717167429139,0.00411067272042349,0.00483385759037245));
#10035=CARTESIAN_POINT('',(0.042,0.00429387156254336,0.00467365773709014));
#10036=CARTESIAN_POINT('',(0.042717167429139,0.00429387156254336,0.00467365773709014));
#10037=CARTESIAN_POINT('',(0.042,0.00466026924678311,0.00467365773709014));
#10038=CARTESIAN_POINT('',(0.042717167429139,0.00466026924678311,0.00467365773709014));
#10039=CARTESIAN_POINT('',(0.042,0.00411067272042349,0.00515425729693708));
#10040=CARTESIAN_POINT('',(0.042,0.00411067272042349,0.00515425729693708));
#10041=CARTESIAN_POINT('',(0.042717167429139,0.00411067272042349,0.00515425729693708));
#10042=CARTESIAN_POINT('',(0.042,0.00411067272042349,0.00515425729693708));
#10043=CARTESIAN_POINT('',(0.042,0.00411067272042349,0.00467365773709014));
#10044=CARTESIAN_POINT('',(0.042,0.00466026924678311,0.00467365773709014));
#10045=CARTESIAN_POINT('',(0.042717167429139,0.00411067272042349,0.00515425729693708));
#10046=CARTESIAN_POINT('',(0.042717167429139,0.00411067272042349,0.00467365773709014));
#10047=CARTESIAN_POINT('',(0.042717167429139,0.00466026924678311,0.00467365773709014));
#10048=CARTESIAN_POINT('',(0.042,0.00435216210321787,0.00565210609841219));
#10049=CARTESIAN_POINT('',(0.042717167429139,0.00435216210321787,0.00565210609841219));
#10050=CARTESIAN_POINT('',(0.042,0.00419116918135495,0.00554305916857893));
#10051=CARTESIAN_POINT('',(0.042717167429139,0.00419116918135495,0.00554305916857893));
#10052=CARTESIAN_POINT('',(0.042,0.00411067272042349,0.00537710956808723));
#10053=CARTESIAN_POINT('',(0.042717167429139,0.00411067272042349,0.00537710956808723));
#10054=CARTESIAN_POINT('',(0.042,0.00411067272042349,0.00515425729693708));
#10055=CARTESIAN_POINT('',(0.042717167429139,0.00411067272042349,0.00515425729693708));
#10056=CARTESIAN_POINT('',(0.042,0.00435216210321787,0.00565210609841219));
#10057=CARTESIAN_POINT('',(0.042,0.00435216210321787,0.00565210609841219));
#10058=CARTESIAN_POINT('',(0.042717167429139,0.00435216210321787,0.00565210609841219));
#10059=CARTESIAN_POINT('',(0.042,0.00435216210321787,0.00565210609841219));
#10060=CARTESIAN_POINT('',(0.042,0.00411067272042349,0.0054885357036623));
#10061=CARTESIAN_POINT('',(0.042,0.00411067272042349,0.00515425729693708));
#10062=CARTESIAN_POINT('',(0.042717167429139,0.00435216210321787,0.00565210609841219));
#10063=CARTESIAN_POINT('',(0.042717167429139,0.00411067272042349,0.0054885357036623));
#10064=CARTESIAN_POINT('',(0.042717167429139,0.00411067272042349,0.00515425729693708));
#10065=CARTESIAN_POINT('',(0.042,0.00575172988084144,0.00420198019877502));
#10066=CARTESIAN_POINT('',(0.042,0.00586176814640045,0.0039194495169343));
#10067=CARTESIAN_POINT('',(0.042,0.00586176814640045,0.0039194495169343));
#10068=CARTESIAN_POINT('',(0.042,0.00575172988084144,0.00420198019877502));
#10069=CARTESIAN_POINT('',(0.042,0.00564169161528243,0.00448451088061573));
#10070=CARTESIAN_POINT('',(0.042,0.00564169161528243,0.00448451088061573));
#10071=CARTESIAN_POINT('',(0.042,0.00625731110097745,0.0039194495169343));
#10072=CARTESIAN_POINT('',(0.042,0.00665285405555445,0.0039194495169343));
#10073=CARTESIAN_POINT('',(0.042,0.00665285405555445,0.0039194495169343));
#10074=CARTESIAN_POINT('',(0.042,0.00625731110097745,0.0039194495169343));
#10075=CARTESIAN_POINT('',(0.042,0.00665285405555445,0.00530414725867152));
#10076=CARTESIAN_POINT('',(0.042,0.00665285405555445,0.00668884500040874));
#10077=CARTESIAN_POINT('',(0.042,0.00665285405555445,0.00668884500040874));
#10078=CARTESIAN_POINT('',(0.042,0.00665285405555445,0.00530414725867152));
#10079=CARTESIAN_POINT('',(0.042,0.00620675297896385,0.00779696007465979));
#10080=CARTESIAN_POINT('',(0.042717167429139,0.00620675297896385,0.00779696007465979));
#10081=CARTESIAN_POINT('',(0.042,0.00650415369669092,0.0075538845547042));
#10082=CARTESIAN_POINT('',(0.042717167429139,0.00650415369669092,0.0075538845547042));
#10083=CARTESIAN_POINT('',(0.042,0.00665285405555445,0.00718451286328719));
#10084=CARTESIAN_POINT('',(0.042717167429139,0.00665285405555445,0.00718451286328719));
#10085=CARTESIAN_POINT('',(0.042,0.00665285405555445,0.00668884500040874));
#10086=CARTESIAN_POINT('',(0.042717167429139,0.00665285405555445,0.00668884500040874));
#10087=CARTESIAN_POINT('',(0.042,0.00620675297896385,0.00779696007465979));
#10088=CARTESIAN_POINT('',(0.042,0.00620675297896385,0.00779696007465979));
#10089=CARTESIAN_POINT('',(0.042,0.00620675297896385,0.00779696007465979));
#10090=CARTESIAN_POINT('',(0.042,0.00665285405555445,0.00743234679472641));
#10091=CARTESIAN_POINT('',(0.042,0.00665285405555445,0.00668884500040874));
#10092=CARTESIAN_POINT('',(0.042,0.00492436108412474,0.00816157335459317));
#10093=CARTESIAN_POINT('',(0.042717167429139,0.00492436108412474,0.00816157335459317));
#10094=CARTESIAN_POINT('',(0.042,0.00548188829629041,0.00816157335459317));
#10095=CARTESIAN_POINT('',(0.042717167429139,0.00548188829629041,0.00816157335459317));
#10096=CARTESIAN_POINT('',(0.042,0.00590935226123678,0.00804003559461538));
#10097=CARTESIAN_POINT('',(0.042717167429139,0.00590935226123678,0.00804003559461538));
#10098=CARTESIAN_POINT('',(0.042,0.00620675297896385,0.00779696007465979));
#10099=CARTESIAN_POINT('',(0.042717167429139,0.00620675297896385,0.00779696007465979));
#10100=CARTESIAN_POINT('',(0.042,0.00492436108412474,0.00816157335459317));
#10101=CARTESIAN_POINT('',(0.042,0.00492436108412474,0.00816157335459317));
#10102=CARTESIAN_POINT('',(0.042,0.00492436108412474,0.00816157335459317));
#10103=CARTESIAN_POINT('',(0.042,0.00576065190237325,0.00816157335459317));
#10104=CARTESIAN_POINT('',(0.042,0.00620675297896385,0.00779696007465979));
#10105=CARTESIAN_POINT('',(0.042,0.0033338620457204,0.00778565884738616));
#10106=CARTESIAN_POINT('',(0.042717167429139,0.0033338620457204,0.00778565884738616));
#10107=CARTESIAN_POINT('',(0.042,0.00381208239982551,0.0080362685188575));
#10108=CARTESIAN_POINT('',(0.042717167429139,0.00381208239982551,0.0080362685188575));
#10109=CARTESIAN_POINT('',(0.042,0.0043422487459603,0.00816157335459317));
#10110=CARTESIAN_POINT('',(0.042717167429139,0.0043422487459603,0.00816157335459317));
#10111=CARTESIAN_POINT('',(0.042,0.00492436108412474,0.00816157335459317));
#10112=CARTESIAN_POINT('',(0.042717167429139,0.00492436108412474,0.00816157335459317));
#10113=CARTESIAN_POINT('',(0.042,0.0033338620457204,0.00778565884738616));
#10114=CARTESIAN_POINT('',(0.042,0.0033338620457204,0.00778565884738616));
#10115=CARTESIAN_POINT('',(0.042,0.0033338620457204,0.00778565884738616));
#10116=CARTESIAN_POINT('',(0.042,0.00405119257687808,0.00816157335459317));
#10117=CARTESIAN_POINT('',(0.042,0.00492436108412474,0.00816157335459317));
#10118=CARTESIAN_POINT('',(0.042,0.00352122449788845,0.0074026067229537));
#10119=CARTESIAN_POINT('',(0.042,0.0037085869500565,0.00701955459852124));
#10120=CARTESIAN_POINT('',(0.042,0.0037085869500565,0.00701955459852124));
#10121=CARTESIAN_POINT('',(0.042,0.00352122449788845,0.0074026067229537));
#10122=CARTESIAN_POINT('',(0.042,0.00488034577790113,0.00732052412486103));
#10123=CARTESIAN_POINT('',(0.042717167429139,0.00488034577790113,0.00732052412486103));
#10124=CARTESIAN_POINT('',(0.042,0.00454805004262742,0.00732052412486103));
#10125=CARTESIAN_POINT('',(0.042717167429139,0.00454805004262742,0.00732052412486103));
#10126=CARTESIAN_POINT('',(0.042,0.00415746376667921,0.00722020094941443));
#10127=CARTESIAN_POINT('',(0.042717167429139,0.00415746376667921,0.00722020094941443));
#10128=CARTESIAN_POINT('',(0.042,0.0037085869500565,0.00701955459852124));
#10129=CARTESIAN_POINT('',(0.042717167429139,0.0037085869500565,0.00701955459852124));
#10130=CARTESIAN_POINT('',(0.042,0.00488034577790113,0.00732052412486103));
#10131=CARTESIAN_POINT('',(0.042,0.00488034577790113,0.00732052412486103));
#10132=CARTESIAN_POINT('',(0.042,0.00488034577790113,0.00732052412486103));
#10133=CARTESIAN_POINT('',(0.042,0.00438190217499057,0.00732052412486103));
#10134=CARTESIAN_POINT('',(0.042,0.0037085869500565,0.00701955459852124));
#10135=CARTESIAN_POINT('',(0.042,0.00552748973967523,0.00668884500040874));
#10136=CARTESIAN_POINT('',(0.042717167429139,0.00552748973967523,0.00668884500040874));
#10137=CARTESIAN_POINT('',(0.042,0.00552748973967523,0.00710996441671027));
#10138=CARTESIAN_POINT('',(0.042717167429139,0.00552748973967523,0.00710996441671027));
#10139=CARTESIAN_POINT('',(0.042,0.00531177508575053,0.00732052412486103));
#10140=CARTESIAN_POINT('',(0.042717167429139,0.00531177508575053,0.00732052412486103));
#10141=CARTESIAN_POINT('',(0.042,0.00488034577790113,0.00732052412486103));
#10142=CARTESIAN_POINT('',(0.042717167429139,0.00488034577790113,0.00732052412486103));
#10143=CARTESIAN_POINT('',(0.042,0.00552748973967523,0.00668884500040874));
#10144=CARTESIAN_POINT('',(0.042,0.00552748973967523,0.00668884500040874));
#10145=CARTESIAN_POINT('',(0.042,0.00552748973967523,0.00668884500040874));
#10146=CARTESIAN_POINT('',(0.042,0.00552748973967523,0.00732052412486103));
#10147=CARTESIAN_POINT('',(0.042,0.00488034577790113,0.00732052412486103));
#10148=CARTESIAN_POINT('',(0.042,0.00552748973967523,0.00659784038078426));
#10149=CARTESIAN_POINT('',(0.042,0.00552748973967523,0.00650683576115978));
#10150=CARTESIAN_POINT('',(0.042,0.00552748973967523,0.00650683576115978));
#10151=CARTESIAN_POINT('',(0.042,0.00552748973967523,0.00659784038078426));
#10152=CARTESIAN_POINT('',(0.042,0.00516644526835457,0.00649553453388615));
#10153=CARTESIAN_POINT('',(0.042,0.00480540079703391,0.00648423330661252));
#10154=CARTESIAN_POINT('',(0.042,0.00480540079703391,0.00648423330661252));
#10155=CARTESIAN_POINT('',(0.042,0.00516644526835457,0.00649553453388615));
#10156=CARTESIAN_POINT('',(0.042,0.00340999662945853,0.00613686926830731));
#10157=CARTESIAN_POINT('',(0.042717167429139,0.00340999662945853,0.00613686926830731));
#10158=CARTESIAN_POINT('',(0.042,0.00371850030731407,0.00634623937358716));
#10159=CARTESIAN_POINT('',(0.042717167429139,0.00371850030731407,0.00634623937358716));
#10160=CARTESIAN_POINT('',(0.042,0.0041836350298392,0.00646202738635557));
#10161=CARTESIAN_POINT('',(0.042717167429139,0.0041836350298392,0.00646202738635557));
#10162=CARTESIAN_POINT('',(0.042,0.00480540079703391,0.00648423330661252));
#10163=CARTESIAN_POINT('',(0.042717167429139,0.00480540079703391,0.00648423330661252));
#10164=CARTESIAN_POINT('',(0.042,0.00340999662945853,0.00613686926830731));
#10165=CARTESIAN_POINT('',(0.042,0.00340999662945853,0.00613686926830731));
#10166=CARTESIAN_POINT('',(0.042,0.00340999662945853,0.00613686926830731));
#10167=CARTESIAN_POINT('',(0.042,0.00387275214624184,0.00645092442622709));
#10168=CARTESIAN_POINT('',(0.042,0.00480540079703391,0.00648423330661252));
#10169=CARTESIAN_POINT('',(0.042,0.00294724111267521,0.00516139491416253));
#10170=CARTESIAN_POINT('',(0.042717167429139,0.00294724111267521,0.00516139491416253));
#10171=CARTESIAN_POINT('',(0.042,0.00294724111267521,0.0056023410449792));
#10172=CARTESIAN_POINT('',(0.042717167429139,0.00294724111267521,0.0056023410449792));
#10173=CARTESIAN_POINT('',(0.042,0.00310149295160298,0.00592749916302746));
#10174=CARTESIAN_POINT('',(0.042717167429139,0.00310149295160298,0.00592749916302746));
#10175=CARTESIAN_POINT('',(0.042,0.00340999662945853,0.00613686926830731));
#10176=CARTESIAN_POINT('',(0.042717167429139,0.00340999662945853,0.00613686926830731));
#10177=CARTESIAN_POINT('',(0.042,0.00294724111267521,0.00516139491416253));
#10178=CARTESIAN_POINT('',(0.042,0.00294724111267521,0.00516139491416253));
#10179=CARTESIAN_POINT('',(0.042,0.00294724111267521,0.00516139491416253));
#10180=CARTESIAN_POINT('',(0.042,0.00294724111267521,0.00582281411038753));
#10181=CARTESIAN_POINT('',(0.042,0.00340999662945853,0.00613686926830731));
#10182=CARTESIAN_POINT('',(0.042,0.0032910363423677,0.00418711016288867));
#10183=CARTESIAN_POINT('',(0.042717167429139,0.0032910363423677,0.00418711016288867));
#10184=CARTESIAN_POINT('',(0.042,0.0030618395225727,0.00441551391410305));
#10185=CARTESIAN_POINT('',(0.042717167429139,0.0030618395225727,0.00441551391410305));
#10186=CARTESIAN_POINT('',(0.042,0.00294724111267521,0.004740275497861));
#10187=CARTESIAN_POINT('',(0.042717167429139,0.00294724111267521,0.004740275497861));
#10188=CARTESIAN_POINT('',(0.042,0.00294724111267521,0.00516139491416253));
#10189=CARTESIAN_POINT('',(0.042717167429139,0.00294724111267521,0.00516139491416253));
#10190=CARTESIAN_POINT('',(0.042,0.0032910363423677,0.00418711016288867));
#10191=CARTESIAN_POINT('',(0.042,0.0032910363423677,0.00418711016288867));
#10192=CARTESIAN_POINT('',(0.042,0.0032910363423677,0.00418711016288867));
#10193=CARTESIAN_POINT('',(0.042,0.00294724111267521,0.00452971578971024));
#10194=CARTESIAN_POINT('',(0.042,0.00294724111267521,0.00516139491416253));
#10195=CARTESIAN_POINT('',(0.042,0.00423320181612704,0.00384450453606709));
#10196=CARTESIAN_POINT('',(0.042717167429139,0.00423320181612704,0.00384450453606709));
#10197=CARTESIAN_POINT('',(0.042,0.00383428832008247,0.00384450453606709));
#10198=CARTESIAN_POINT('',(0.042717167429139,0.00383428832008247,0.00384450453606709));
#10199=CARTESIAN_POINT('',(0.042,0.00352023316216268,0.00395870641167428));
#10200=CARTESIAN_POINT('',(0.042717167429139,0.00352023316216268,0.00395870641167428));
#10201=CARTESIAN_POINT('',(0.042,0.0032910363423677,0.00418711016288867));
#10202=CARTESIAN_POINT('',(0.042717167429139,0.0032910363423677,0.00418711016288867));
#10203=CARTESIAN_POINT('',(0.042,0.00423320181612704,0.00384450453606709));
#10204=CARTESIAN_POINT('',(0.042,0.00423320181612704,0.00384450453606709));
#10205=CARTESIAN_POINT('',(0.042,0.00423320181612704,0.00384450453606709));
#10206=CARTESIAN_POINT('',(0.042,0.00363483157206018,0.00384450453606709));
#10207=CARTESIAN_POINT('',(0.042,0.0032910363423677,0.00418711016288867));
#10208=CARTESIAN_POINT('',(0.042,0.00502309812241013,0.0039842828733988));
#10209=CARTESIAN_POINT('',(0.042717167429139,0.00502309812241013,0.0039842828733988));
#10210=CARTESIAN_POINT('',(0.042,0.00482086563435572,0.00389109731517766));
#10211=CARTESIAN_POINT('',(0.042717167429139,0.00482086563435572,0.00389109731517766));
#10212=CARTESIAN_POINT('',(0.042,0.00455756686559469,0.00384450453606709));
#10213=CARTESIAN_POINT('',(0.042717167429139,0.00455756686559469,0.00384450453606709));
#10214=CARTESIAN_POINT('',(0.042,0.00423320181612704,0.00384450453606709));
#10215=CARTESIAN_POINT('',(0.042717167429139,0.00423320181612704,0.00384450453606709));
#10216=CARTESIAN_POINT('',(0.042,0.00502309812241013,0.0039842828733988));
#10217=CARTESIAN_POINT('',(0.042,0.00502309812241013,0.0039842828733988));
#10218=CARTESIAN_POINT('',(0.042,0.00502309812241013,0.0039842828733988));
#10219=CARTESIAN_POINT('',(0.042,0.00471974939032852,0.00384450453606709));
#10220=CARTESIAN_POINT('',(0.042,0.00423320181612704,0.00384450453606709));
#10221=CARTESIAN_POINT('',(0.042,0.00561195154350972,0.00448451088061573));
#10222=CARTESIAN_POINT('',(0.042717167429139,0.00561195154350972,0.00448451088061573));
#10223=CARTESIAN_POINT('',(0.042,0.00542161508416439,0.00424421110069226));
#10224=CARTESIAN_POINT('',(0.042717167429139,0.00542161508416439,0.00424421110069226));
#10225=CARTESIAN_POINT('',(0.042,0.00522533061046453,0.00407746843161995));
#10226=CARTESIAN_POINT('',(0.042717167429139,0.00522533061046453,0.00407746843161995));
#10227=CARTESIAN_POINT('',(0.042,0.00502309812241013,0.0039842828733988));
#10228=CARTESIAN_POINT('',(0.042717167429139,0.00502309812241013,0.0039842828733988));
#10229=CARTESIAN_POINT('',(0.042,0.00561195154350972,0.00448451088061573));
#10230=CARTESIAN_POINT('',(0.042,0.00561195154350972,0.00448451088061573));
#10231=CARTESIAN_POINT('',(0.042,0.00561195154350972,0.00448451088061573));
#10232=CARTESIAN_POINT('',(0.042,0.00532644685449173,0.00412406121073053));
#10233=CARTESIAN_POINT('',(0.042,0.00502309812241013,0.0039842828733988));
#10234=CARTESIAN_POINT('',(0.042,0.00562682157939607,0.00448451088061573));
#10235=CARTESIAN_POINT('',(0.042,0.00562682157939607,0.00448451088061573));
#10236=CARTESIAN_POINT('',(0.042,0.00508852628031008,0.00582995172761298));
#10237=CARTESIAN_POINT('',(0.042717167429139,0.00508852628031008,0.00582995172761298));
#10238=CARTESIAN_POINT('',(0.042,0.00475860975077819,0.00582043490464571));
#10239=CARTESIAN_POINT('',(0.042717167429139,0.00475860975077819,0.00582043490464571));
#10240=CARTESIAN_POINT('',(0.042,0.00451315502508078,0.00576115302824545));
#10241=CARTESIAN_POINT('',(0.042717167429139,0.00451315502508078,0.00576115302824545));
#10242=CARTESIAN_POINT('',(0.042,0.00435216210321787,0.00565210609841219));
#10243=CARTESIAN_POINT('',(0.042717167429139,0.00435216210321787,0.00565210609841219));
#10244=CARTESIAN_POINT('',(0.042,0.00508852628031008,0.00582995172761298));
#10245=CARTESIAN_POINT('',(0.042,0.00459365148601224,0.00581567649316208));
#10246=CARTESIAN_POINT('',(0.042,0.00435216210321787,0.00565210609841219));
#10247=CARTESIAN_POINT('',(0.042717167429139,0.00508852628031008,0.00582995172761298));
#10248=CARTESIAN_POINT('',(0.042717167429139,0.00459365148601224,0.00581567649316208));
#10249=CARTESIAN_POINT('',(0.042717167429139,0.00435216210321787,0.00565210609841219));
#10250=CARTESIAN_POINT('',(0.042,-6.93889390390723E-18,0.00591738753862473));
#10251=CARTESIAN_POINT('',(0.042,0.0184061304201281,0.00724676874686472));
#10252=CARTESIAN_POINT('',(0.042717167429139,0.0184061304201281,0.00724676874686472));
#10253=CARTESIAN_POINT('',(0.042,0.0181253841425937,0.00724676874686472));
#10254=CARTESIAN_POINT('',(0.042717167429139,0.0181253841425937,0.00724676874686472));
#10255=CARTESIAN_POINT('',(0.042,0.0179205741816524,0.00716072080586902));
#10256=CARTESIAN_POINT('',(0.042717167429139,0.0179205741816524,0.00716072080586902));
#10257=CARTESIAN_POINT('',(0.042,0.0177917005373039,0.00698862492387762));
#10258=CARTESIAN_POINT('',(0.042717167429139,0.0177917005373039,0.00698862492387762));
#10259=CARTESIAN_POINT('',(0.042,0.0184061304201281,0.00724676874686472));
#10260=CARTESIAN_POINT('',(0.042,0.0184061304201281,0.00724676874686472));
#10261=CARTESIAN_POINT('',(0.042717167429139,0.0184061304201281,0.00724676874686472));
#10262=CARTESIAN_POINT('',(0.042,0.0184061304201281,0.00724676874686472));
#10263=CARTESIAN_POINT('',(0.042,0.0179850110038265,0.00724676874686472));
#10264=CARTESIAN_POINT('',(0.042,0.0177917005373039,0.00698862492387762));
#10265=CARTESIAN_POINT('',(0.042,0.0177917005373039,0.00698862492387762));
#10266=CARTESIAN_POINT('',(0.042,0.0177917005373039,0.00698862492387762));
#10267=CARTESIAN_POINT('',(0.042717167429139,0.0177917005373039,0.00698862492387762));
#10268=CARTESIAN_POINT('',(0.042717167429139,0.0184061304201281,0.00724676874686472));
#10269=CARTESIAN_POINT('',(0.042717167429139,0.0179850110038265,0.00724676874686472));
#10270=CARTESIAN_POINT('',(0.042717167429139,0.0177917005373039,0.00698862492387762));
#10271=CARTESIAN_POINT('',(0.042,0.0189949838412277,0.00693985120617038));
#10272=CARTESIAN_POINT('',(0.042717167429139,0.0189949838412277,0.00693985120617038));
#10273=CARTESIAN_POINT('',(0.042,0.018869679005492,0.00714446289996661));
#10274=CARTESIAN_POINT('',(0.042717167429139,0.018869679005492,0.00714446289996661));
#10275=CARTESIAN_POINT('',(0.042,0.0186733945317921,0.00724676874686472));
#10276=CARTESIAN_POINT('',(0.042717167429139,0.0186733945317921,0.00724676874686472));
#10277=CARTESIAN_POINT('',(0.042,0.0184061304201281,0.00724676874686472));
#10278=CARTESIAN_POINT('',(0.042717167429139,0.0184061304201281,0.00724676874686472));
#10279=CARTESIAN_POINT('',(0.042,0.0189949838412277,0.00693985120617038));
#10280=CARTESIAN_POINT('',(0.042,0.0189949838412277,0.00693985120617038));
#10281=CARTESIAN_POINT('',(0.042717167429139,0.0189949838412277,0.00693985120617038));
#10282=CARTESIAN_POINT('',(0.042,0.0189949838412277,0.00693985120617038));
#10283=CARTESIAN_POINT('',(0.042,0.0188070265876242,0.00724676874686472));
#10284=CARTESIAN_POINT('',(0.042,0.0184061304201281,0.00724676874686472));
#10285=CARTESIAN_POINT('',(0.042717167429139,0.0189949838412277,0.00693985120617038));
#10286=CARTESIAN_POINT('',(0.042717167429139,0.0188070265876242,0.00724676874686472));
#10287=CARTESIAN_POINT('',(0.042717167429139,0.0184061304201281,0.00724676874686472));
#10288=CARTESIAN_POINT('',(0.042,0.0191829410948312,0.0060202881869583));
#10289=CARTESIAN_POINT('',(0.042717167429139,0.0191829410948312,0.0060202881869583));
#10290=CARTESIAN_POINT('',(0.042,0.0191829410948312,0.00642871850597013));
#10291=CARTESIAN_POINT('',(0.042717167429139,0.0191829410948312,0.00642871850597013));
#10292=CARTESIAN_POINT('',(0.042,0.0191202886769634,0.00673523951237416));
#10293=CARTESIAN_POINT('',(0.042717167429139,0.0191202886769634,0.00673523951237416));
#10294=CARTESIAN_POINT('',(0.042,0.0189949838412277,0.00693985120617038));
#10295=CARTESIAN_POINT('',(0.042717167429139,0.0189949838412277,0.00693985120617038));
#10296=CARTESIAN_POINT('',(0.042,0.0191829410948312,0.0060202881869583));
#10297=CARTESIAN_POINT('',(0.042,0.0191829410948312,0.0060202881869583));
#10298=CARTESIAN_POINT('',(0.042717167429139,0.0191829410948312,0.0060202881869583));
#10299=CARTESIAN_POINT('',(0.042,0.0191829410948312,0.0060202881869583));
#10300=CARTESIAN_POINT('',(0.042,0.0191829410948312,0.00663293366547605));
#10301=CARTESIAN_POINT('',(0.042,0.0189949838412277,0.00693985120617038));
#10302=CARTESIAN_POINT('',(0.042717167429139,0.0191829410948312,0.0060202881869583));
#10303=CARTESIAN_POINT('',(0.042717167429139,0.0191829410948312,0.00663293366547605));
#10304=CARTESIAN_POINT('',(0.042717167429139,0.0189949838412277,0.00693985120617038));
#10305=CARTESIAN_POINT('',(0.042,0.018420405654579,0.00476287795240826));
#10306=CARTESIAN_POINT('',(0.042717167429139,0.018420405654579,0.00476287795240826));
#10307=CARTESIAN_POINT('',(0.042,0.0189287626147471,0.00476287795240826));
#10308=CARTESIAN_POINT('',(0.042717167429139,0.0189287626147471,0.00476287795240826));
#10309=CARTESIAN_POINT('',(0.042,0.0191829410948312,0.00518201469725827));
#10310=CARTESIAN_POINT('',(0.042717167429139,0.0191829410948312,0.00518201469725827));
#10311=CARTESIAN_POINT('',(0.042,0.0191829410948312,0.0060202881869583));
#10312=CARTESIAN_POINT('',(0.042717167429139,0.0191829410948312,0.0060202881869583));
#10313=CARTESIAN_POINT('',(0.042,0.018420405654579,0.00476287795240826));
#10314=CARTESIAN_POINT('',(0.042,0.018420405654579,0.00476287795240826));
#10315=CARTESIAN_POINT('',(0.042717167429139,0.018420405654579,0.00476287795240826));
#10316=CARTESIAN_POINT('',(0.042,0.018420405654579,0.00476287795240826));
#10317=CARTESIAN_POINT('',(0.042,0.0191829410948312,0.00476287795240826));
#10318=CARTESIAN_POINT('',(0.042,0.0191829410948312,0.0060202881869583));
#10319=CARTESIAN_POINT('',(0.042717167429139,0.018420405654579,0.00476287795240826));
#10320=CARTESIAN_POINT('',(0.042717167429139,0.0191829410948312,0.00476287795240826));
#10321=CARTESIAN_POINT('',(0.042717167429139,0.0191829410948312,0.0060202881869583));
#10322=CARTESIAN_POINT('',(0.042,0.0177905109344331,0.00505314105290988));
#10323=CARTESIAN_POINT('',(0.042717167429139,0.0177905109344331,0.00505314105290988));
#10324=CARTESIAN_POINT('',(0.042,0.0179233499216845,0.00485963231924213));
#10325=CARTESIAN_POINT('',(0.042717167429139,0.0179233499216845,0.00485963231924213));
#10326=CARTESIAN_POINT('',(0.042,0.0181333148283998,0.00476287795240826));
#10327=CARTESIAN_POINT('',(0.042717167429139,0.0181333148283998,0.00476287795240826));
#10328=CARTESIAN_POINT('',(0.042,0.018420405654579,0.00476287795240826));
#10329=CARTESIAN_POINT('',(0.042717167429139,0.018420405654579,0.00476287795240826));
#10330=CARTESIAN_POINT('',(0.042,0.0177905109344331,0.00505314105290988));
#10331=CARTESIAN_POINT('',(0.042,0.0177905109344331,0.00505314105290988));
#10332=CARTESIAN_POINT('',(0.042717167429139,0.0177905109344331,0.00505314105290988));
#10333=CARTESIAN_POINT('',(0.042,0.0177905109344331,0.00505314105290988));
#10334=CARTESIAN_POINT('',(0.042,0.0179897694153102,0.00476287795240826));
#10335=CARTESIAN_POINT('',(0.042,0.018420405654579,0.00476287795240826));
#10336=CARTESIAN_POINT('',(0.042717167429139,0.0177905109344331,0.00505314105290988));
#10337=CARTESIAN_POINT('',(0.042717167429139,0.0179897694153102,0.00476287795240826));
#10338=CARTESIAN_POINT('',(0.042717167429139,0.018420405654579,0.00476287795240826));
#10339=CARTESIAN_POINT('',(0.042,0.0175912524535559,0.00601196096686194));
#10340=CARTESIAN_POINT('',(0.042717167429139,0.0175912524535559,0.00601196096686194));
#10341=CARTESIAN_POINT('',(0.042,0.0175912524535559,0.00556625642456165));
#10342=CARTESIAN_POINT('',(0.042717167429139,0.0175912524535559,0.00556625642456165));
#10343=CARTESIAN_POINT('',(0.042,0.0176576719471816,0.00524664978657763));
#10344=CARTESIAN_POINT('',(0.042717167429139,0.0176576719471816,0.00524664978657763));
#10345=CARTESIAN_POINT('',(0.042,0.0177905109344331,0.00505314105290988));
#10346=CARTESIAN_POINT('',(0.042717167429139,0.0177905109344331,0.00505314105290988));
#10347=CARTESIAN_POINT('',(0.042,0.0175912524535559,0.00601196096686194));
#10348=CARTESIAN_POINT('',(0.042,0.0175912524535559,0.00601196096686194));
#10349=CARTESIAN_POINT('',(0.042717167429139,0.0175912524535559,0.00601196096686194));
#10350=CARTESIAN_POINT('',(0.042,0.0175912524535559,0.00601196096686194));
#10351=CARTESIAN_POINT('',(0.042,0.0175912524535559,0.0053434041534115));
#10352=CARTESIAN_POINT('',(0.042,0.0177905109344331,0.00505314105290988));
#10353=CARTESIAN_POINT('',(0.042717167429139,0.0175912524535559,0.00601196096686194));
#10354=CARTESIAN_POINT('',(0.042717167429139,0.0175912524535559,0.0053434041534115));
#10355=CARTESIAN_POINT('',(0.042717167429139,0.0177905109344331,0.00505314105290988));
#10356=CARTESIAN_POINT('',(0.042,0.0175912524535559,0.00607382031614917));
#10357=CARTESIAN_POINT('',(0.042,0.0175912524535559,0.0061356796654364));
#10358=CARTESIAN_POINT('',(0.042,0.0175912524535559,0.0061356796654364));
#10359=CARTESIAN_POINT('',(0.042717167429139,0.0175912524535559,0.0061356796654364));
#10360=CARTESIAN_POINT('',(0.042,0.0175912524535559,0.00607382031614917));
#10361=CARTESIAN_POINT('',(0.042717167429139,0.0175912524535559,0.003));
#10362=CARTESIAN_POINT('',(0.042,0.0187404088268533,0.00384450453606709));
#10363=CARTESIAN_POINT('',(0.042717167429139,0.0187404088268533,0.00384450453606709));
#10364=CARTESIAN_POINT('',(0.042,0.0182518785812003,0.00384450453606709));
#10365=CARTESIAN_POINT('',(0.042717167429139,0.0182518785812003,0.00384450453606709));
#10366=CARTESIAN_POINT('',(0.042,0.0178688264567678,0.00402175536383242));
#10367=CARTESIAN_POINT('',(0.042717167429139,0.0178688264567678,0.00402175536383242));
#10368=CARTESIAN_POINT('',(0.042,0.0175912524535559,0.00437625701936308));
#10369=CARTESIAN_POINT('',(0.042717167429139,0.0175912524535559,0.00437625701936308));
#10370=CARTESIAN_POINT('',(0.042,0.0187404088268533,0.00384450453606709));
#10371=CARTESIAN_POINT('',(0.042,0.0187404088268533,0.00384450453606709));
#10372=CARTESIAN_POINT('',(0.042,0.0187404088268533,0.00384450453606709));
#10373=CARTESIAN_POINT('',(0.042,0.0180076134583738,0.00384450453606709));
#10374=CARTESIAN_POINT('',(0.042,0.0175912524535559,0.00437625701936308));
#10375=CARTESIAN_POINT('',(0.042,0.0175912524535559,0.00437625701936308));
#10376=CARTESIAN_POINT('',(0.042,0.0175912524535559,0.00437625701936308));
#10377=CARTESIAN_POINT('',(0.042,0.01958740607094,0.00410145875618327));
#10378=CARTESIAN_POINT('',(0.042717167429139,0.01958740607094,0.00410145875618327));
#10379=CARTESIAN_POINT('',(0.042,0.0193471062910165,0.00393015594277248));
#10380=CARTESIAN_POINT('',(0.042717167429139,0.0193471062910165,0.00393015594277248));
#10381=CARTESIAN_POINT('',(0.042,0.019064773876321,0.00384450453606709));
#10382=CARTESIAN_POINT('',(0.042717167429139,0.019064773876321,0.00384450453606709));
#10383=CARTESIAN_POINT('',(0.042,0.0187404088268533,0.00384450453606709));
#10384=CARTESIAN_POINT('',(0.042717167429139,0.0187404088268533,0.00384450453606709));
#10385=CARTESIAN_POINT('',(0.042,0.01958740607094,0.00410145875618327));
#10386=CARTESIAN_POINT('',(0.042,0.01958740607094,0.00410145875618327));
#10387=CARTESIAN_POINT('',(0.042,0.01958740607094,0.00410145875618327));
#10388=CARTESIAN_POINT('',(0.042,0.0192269564010548,0.00384450453606709));
#10389=CARTESIAN_POINT('',(0.042,0.0187404088268533,0.00384450453606709));
#10390=CARTESIAN_POINT('',(0.042,0.0201435454130896,0.00484912416054911));
#10391=CARTESIAN_POINT('',(0.042717167429139,0.0201435454130896,0.00484912416054911));
#10392=CARTESIAN_POINT('',(0.042,0.02001308563158,0.00452198337104934));
#10393=CARTESIAN_POINT('',(0.042717167429139,0.02001308563158,0.00452198337104934));
#10394=CARTESIAN_POINT('',(0.042,0.0198277058508635,0.00427276156959406));
#10395=CARTESIAN_POINT('',(0.042717167429139,0.0198277058508635,0.00427276156959406));
#10396=CARTESIAN_POINT('',(0.042,0.01958740607094,0.00410145875618327));
#10397=CARTESIAN_POINT('',(0.042717167429139,0.01958740607094,0.00410145875618327));
#10398=CARTESIAN_POINT('',(0.042,0.0201435454130896,0.00484912416054911));
#10399=CARTESIAN_POINT('',(0.042,0.0201435454130896,0.00484912416054911));
#10400=CARTESIAN_POINT('',(0.042,0.0201435454130896,0.00484912416054911));
#10401=CARTESIAN_POINT('',(0.042,0.0199478557408252,0.00435841297629946));
#10402=CARTESIAN_POINT('',(0.042,0.01958740607094,0.00410145875618327));
#10403=CARTESIAN_POINT('',(0.042,0.020339235085354,0.00600482334963649));
#10404=CARTESIAN_POINT('',(0.042717167429139,0.020339235085354,0.00600482334963649));
#10405=CARTESIAN_POINT('',(0.042,0.020339235085354,0.00556149801307801));
#10406=CARTESIAN_POINT('',(0.042717167429139,0.020339235085354,0.00556149801307801));
#10407=CARTESIAN_POINT('',(0.042,0.0202740051945992,0.00517626495004888));
#10408=CARTESIAN_POINT('',(0.042717167429139,0.0202740051945992,0.00517626495004888));
#10409=CARTESIAN_POINT('',(0.042,0.0201435454130896,0.00484912416054911));
#10410=CARTESIAN_POINT('',(0.042717167429139,0.0201435454130896,0.00484912416054911));
#10411=CARTESIAN_POINT('',(0.042,0.020339235085354,0.00600482334963649));
#10412=CARTESIAN_POINT('',(0.042,0.020339235085354,0.00600482334963649));
#10413=CARTESIAN_POINT('',(0.042,0.020339235085354,0.00600482334963649));
#10414=CARTESIAN_POINT('',(0.042,0.020339235085354,0.00533983534479877));
#10415=CARTESIAN_POINT('',(0.042,0.0201435454130896,0.00484912416054911));
#10416=CARTESIAN_POINT('',(0.042,0.0199228740805361,0.00758461596220266));
#10417=CARTESIAN_POINT('',(0.042717167429139,0.0199228740805361,0.00758461596220266));
#10418=CARTESIAN_POINT('',(0.042,0.020200448083748,0.00720552918067323));
#10419=CARTESIAN_POINT('',(0.042717167429139,0.020200448083748,0.00720552918067323));
#10420=CARTESIAN_POINT('',(0.042,0.020339235085354,0.00667893164315117));
#10421=CARTESIAN_POINT('',(0.042717167429139,0.020339235085354,0.00667893164315117));
#10422=CARTESIAN_POINT('',(0.042,0.020339235085354,0.00600482334963649));
#10423=CARTESIAN_POINT('',(0.042717167429139,0.020339235085354,0.00600482334963649));
#10424=CARTESIAN_POINT('',(0.042,0.0199228740805361,0.00758461596220266));
#10425=CARTESIAN_POINT('',(0.042,0.0199228740805361,0.00758461596220266));
#10426=CARTESIAN_POINT('',(0.042,0.0199228740805361,0.00758461596220266));
#10427=CARTESIAN_POINT('',(0.042,0.020339235085354,0.00701598578990851));
#10428=CARTESIAN_POINT('',(0.042,0.020339235085354,0.00600482334963649));
#10429=CARTESIAN_POINT('',(0.042,0.018770148898626,0.00815324613449681));
#10430=CARTESIAN_POINT('',(0.042717167429139,0.018770148898626,0.00815324613449681));
#10431=CARTESIAN_POINT('',(0.042,0.0192610583500208,0.00815324613449681));
#10432=CARTESIAN_POINT('',(0.042717167429139,0.0192610583500208,0.00815324613449681));
#10433=CARTESIAN_POINT('',(0.042,0.0196453000773242,0.00796370274373209));
#10434=CARTESIAN_POINT('',(0.042717167429139,0.0196453000773242,0.00796370274373209));
#10435=CARTESIAN_POINT('',(0.042,0.0199228740805361,0.00758461596220266));
#10436=CARTESIAN_POINT('',(0.042717167429139,0.0199228740805361,0.00758461596220266));
#10437=CARTESIAN_POINT('',(0.042,0.018770148898626,0.00815324613449681));
#10438=CARTESIAN_POINT('',(0.042,0.018770148898626,0.00815324613449681));
#10439=CARTESIAN_POINT('',(0.042,0.018770148898626,0.00815324613449681));
#10440=CARTESIAN_POINT('',(0.042,0.0195065130757182,0.00815324613449681));
#10441=CARTESIAN_POINT('',(0.042,0.0199228740805361,0.00758461596220266));
#10442=CARTESIAN_POINT('',(0.042,0.0175912524535559,0.00753703184736633));
#10443=CARTESIAN_POINT('',(0.042717167429139,0.0175912524535559,0.00753703184736633));
#10444=CARTESIAN_POINT('',(0.042,0.0178569304280588,0.00794784137211998));
#10445=CARTESIAN_POINT('',(0.042717167429139,0.0178569304280588,0.00794784137211998));
#10446=CARTESIAN_POINT('',(0.042,0.0182498959097488,0.00815324613449681));
#10447=CARTESIAN_POINT('',(0.042717167429139,0.0182498959097488,0.00815324613449681));
#10448=CARTESIAN_POINT('',(0.042,0.018770148898626,0.00815324613449681));
#10449=CARTESIAN_POINT('',(0.042717167429139,0.018770148898626,0.00815324613449681));
#10450=CARTESIAN_POINT('',(0.042,0.0175912524535559,0.00753703184736633));
#10451=CARTESIAN_POINT('',(0.042,0.0175912524535559,0.00753703184736633));
#10452=CARTESIAN_POINT('',(0.042,0.0175912524535559,0.00753703184736633));
#10453=CARTESIAN_POINT('',(0.042,0.0179897694153102,0.00815324613449681));
#10454=CARTESIAN_POINT('',(0.042,0.018770148898626,0.00815324613449681));
#10455=CARTESIAN_POINT('',(0.042,0.017565081190396,0.00753703184736633));
#10456=CARTESIAN_POINT('',(0.042,0.017538909927236,0.00753703184736633));
#10457=CARTESIAN_POINT('',(0.042,0.017538909927236,0.00753703184736633));
#10458=CARTESIAN_POINT('',(0.042,0.017565081190396,0.00753703184736633));
#10459=CARTESIAN_POINT('',(0.042,0.0174592065348851,0.00780647689762705));
#10460=CARTESIAN_POINT('',(0.042,0.0173795031425342,0.00807592194788778));
#10461=CARTESIAN_POINT('',(0.042,0.0173795031425342,0.00807592194788778));
#10462=CARTESIAN_POINT('',(0.042,0.0174592065348851,0.00780647689762705));
#10463=CARTESIAN_POINT('',(0.042,0.0169185320300573,0.00807592194788778));
#10464=CARTESIAN_POINT('',(0.042,0.0164575609175803,0.00807592194788778));
#10465=CARTESIAN_POINT('',(0.042,0.0164575609175803,0.00807592194788778));
#10466=CARTESIAN_POINT('',(0.042,0.0169185320300573,0.00807592194788778));
#10467=CARTESIAN_POINT('',(0.042,0.0164575609175803,0.00508288112468259));
#10468=CARTESIAN_POINT('',(0.042,0.0164575609175803,0.0020898403014774));
#10469=CARTESIAN_POINT('',(0.042,0.0164575609175803,0.0020898403014774));
#10470=CARTESIAN_POINT('',(0.042,0.0164575609175803,0.00508288112468259));
#10471=CARTESIAN_POINT('',(0.042,0.0170244066855681,0.0020898403014774));
#10472=CARTESIAN_POINT('',(0.042,0.0175912524535559,0.0020898403014774));
#10473=CARTESIAN_POINT('',(0.042,0.0175912524535559,0.0020898403014774));
#10474=CARTESIAN_POINT('',(0.042,0.0170244066855681,0.0020898403014774));
#10475=CARTESIAN_POINT('',(0.042,0.0175912524535559,0.00293207913408045));
#10476=CARTESIAN_POINT('',(0.042,0.0175912524535559,0.0037743179666835));
#10477=CARTESIAN_POINT('',(0.042,0.0175912524535559,0.0037743179666835));
#10478=CARTESIAN_POINT('',(0.042,0.0175912524535559,0.00293207913408045));
#10479=CARTESIAN_POINT('',(0.042,0.0175317723100105,0.00437625701936308));
#10480=CARTESIAN_POINT('',(0.042717167429139,0.0175317723100105,0.00437625701936308));
#10481=CARTESIAN_POINT('',(0.042,0.0175714257390408,0.00402968604963847));
#10482=CARTESIAN_POINT('',(0.042717167429139,0.0175714257390408,0.00402968604963847));
#10483=CARTESIAN_POINT('',(0.042,0.0175912524535559,0.00382903969874527));
#10484=CARTESIAN_POINT('',(0.042717167429139,0.0175912524535559,0.00382903969874527));
#10485=CARTESIAN_POINT('',(0.042,0.0175912524535559,0.0037743179666835));
#10486=CARTESIAN_POINT('',(0.042717167429139,0.0175912524535559,0.0037743179666835));
#10487=CARTESIAN_POINT('',(0.042,0.0175317723100105,0.00437625701936308));
#10488=CARTESIAN_POINT('',(0.042,0.0175317723100105,0.00437625701936308));
#10489=CARTESIAN_POINT('',(0.042,0.0175317723100105,0.00437625701936308));
#10490=CARTESIAN_POINT('',(0.042,0.0175912524535559,0.00385640056477617));
#10491=CARTESIAN_POINT('',(0.042,0.0175912524535559,0.0037743179666835));
#10492=CARTESIAN_POINT('',(0.042,0.0175615123817832,0.00437625701936308));
#10493=CARTESIAN_POINT('',(0.042,0.0175615123817832,0.00437625701936308));
#10494=CARTESIAN_POINT('',(0.042,0.0177917005373039,0.00698862492387762));
#10495=CARTESIAN_POINT('',(0.042717167429139,0.0177917005373039,0.00698862492387762));
#10496=CARTESIAN_POINT('',(0.042,0.0176628268929556,0.00681652904188623));
#10497=CARTESIAN_POINT('',(0.042717167429139,0.0176628268929556,0.00681652904188623));
#10498=CARTESIAN_POINT('',(0.042,0.0175960108650395,0.00653221395573915));
#10499=CARTESIAN_POINT('',(0.042717167429139,0.0175960108650395,0.00653221395573915));
#10500=CARTESIAN_POINT('',(0.042,0.0175912524535559,0.0061356796654364));
#10501=CARTESIAN_POINT('',(0.042717167429139,0.0175912524535559,0.0061356796654364));
#10502=CARTESIAN_POINT('',(0.042,0.0177917005373039,0.00698862492387762));
#10503=CARTESIAN_POINT('',(0.042,0.0175983900707814,0.00673048110089053));
#10504=CARTESIAN_POINT('',(0.042,0.0175912524535559,0.0061356796654364));
#10505=CARTESIAN_POINT('',(0.042717167429139,0.0177917005373039,0.00698862492387762));
#10506=CARTESIAN_POINT('',(0.042717167429139,0.0175983900707814,0.00673048110089053));
#10507=CARTESIAN_POINT('',(0.042717167429139,0.0175912524535559,0.0061356796654364));
#10508=CARTESIAN_POINT('',(0.042,-6.93889390390723E-18,0.00591738753862473));
#10509=CARTESIAN_POINT('',(0.042,0.00148819319150622,0.0039194495169343));
#10510=CARTESIAN_POINT('',(0.042,0.00205503895949401,0.0039194495169343));
#10511=CARTESIAN_POINT('',(0.042,0.00205503895949401,0.0039194495169343));
#10512=CARTESIAN_POINT('',(0.042,0.00148819319150622,0.0039194495169343));
#10513=CARTESIAN_POINT('',(0.042,0.000921347423518435,0.0039194495169343));
#10514=CARTESIAN_POINT('',(0.042,0.000921347423518435,0.0039194495169343));
#10515=CARTESIAN_POINT('',(0.042,0.00205503895949401,0.00527440718689882));
#10516=CARTESIAN_POINT('',(0.042,0.00205503895949401,0.00662936485686333));
#10517=CARTESIAN_POINT('',(0.042,0.00205503895949401,0.00662936485686333));
#10518=CARTESIAN_POINT('',(0.042,0.00205503895949401,0.00527440718689882));
#10519=CARTESIAN_POINT('',(0.042,0.00167615044510973,0.00775948758422618));
#10520=CARTESIAN_POINT('',(0.042717167429139,0.00167615044510973,0.00775948758422618));
#10521=CARTESIAN_POINT('',(0.042,0.00192874278803259,0.00749698188404575));
#10522=CARTESIAN_POINT('',(0.042717167429139,0.00192874278803259,0.00749698188404575));
#10523=CARTESIAN_POINT('',(0.042,0.00205503895949401,0.00712027430825814));
#10524=CARTESIAN_POINT('',(0.042717167429139,0.00205503895949401,0.00712027430825814));
#10525=CARTESIAN_POINT('',(0.042,0.00205503895949401,0.00662936485686333));
#10526=CARTESIAN_POINT('',(0.042717167429139,0.00205503895949401,0.00662936485686333));
#10527=CARTESIAN_POINT('',(0.042,0.00167615044510973,0.00775948758422618));
#10528=CARTESIAN_POINT('',(0.042,0.00167615044510973,0.00775948758422618));
#10529=CARTESIAN_POINT('',(0.042,0.00167615044510973,0.00775948758422618));
#10530=CARTESIAN_POINT('',(0.042,0.00205503895949401,0.00736572903395554));
#10531=CARTESIAN_POINT('',(0.042,0.00205503895949401,0.00662936485686333));
#10532=CARTESIAN_POINT('',(0.042,0.000564466562245958,0.00815324613449681));
#10533=CARTESIAN_POINT('',(0.042717167429139,0.000564466562245958,0.00815324613449681));
#10534=CARTESIAN_POINT('',(0.042,0.00105299680789895,0.00815324613449681));
#10535=CARTESIAN_POINT('',(0.042717167429139,0.00105299680789895,0.00815324613449681));
#10536=CARTESIAN_POINT('',(0.042,0.00142355810218688,0.0080219932844066));
#10537=CARTESIAN_POINT('',(0.042717167429139,0.00142355810218688,0.0080219932844066));
#10538=CARTESIAN_POINT('',(0.042,0.00167615044510973,0.00775948758422618));
#10539=CARTESIAN_POINT('',(0.042717167429139,0.00167615044510973,0.00775948758422618));
#10540=CARTESIAN_POINT('',(0.042,0.000564466562245958,0.00815324613449681));
#10541=CARTESIAN_POINT('',(0.042,0.000564466562245958,0.00815324613449681));
#10542=CARTESIAN_POINT('',(0.042,0.000564466562245958,0.00815324613449681));
#10543=CARTESIAN_POINT('',(0.042,0.00129726193072545,0.00815324613449681));
#10544=CARTESIAN_POINT('',(0.042,0.00167615044510973,0.00775948758422618));
#10545=CARTESIAN_POINT('',(0.042,-0.000640601145984111,0.00754416946459178));
#10546=CARTESIAN_POINT('',(0.042717167429139,-0.000640601145984111,0.00754416946459178));
#10547=CARTESIAN_POINT('',(0.042,-0.000387612268770955,0.0079502205778618));
#10548=CARTESIAN_POINT('',(0.042717167429139,-0.000387612268770955,0.0079502205778618));
#10549=CARTESIAN_POINT('',(0.042,1.4076967305735E-5,0.00815324613449681));
#10550=CARTESIAN_POINT('',(0.042717167429139,1.4076967305735E-5,0.00815324613449681));
#10551=CARTESIAN_POINT('',(0.042,0.000564466562245958,0.00815324613449681));
#10552=CARTESIAN_POINT('',(0.042717167429139,0.000564466562245958,0.00815324613449681));
#10553=CARTESIAN_POINT('',(0.042,-0.000640601145984111,0.00754416946459178));
#10554=CARTESIAN_POINT('',(0.042,-0.000640601145984111,0.00754416946459178));
#10555=CARTESIAN_POINT('',(0.042,-0.000640601145984111,0.00754416946459178));
#10556=CARTESIAN_POINT('',(0.042,-0.000261117830164376,0.00815324613449681));
#10557=CARTESIAN_POINT('',(0.042,0.000564466562245958,0.00815324613449681));
#10558=CARTESIAN_POINT('',(0.042,-0.000670341217756819,0.00754416946459178));
#10559=CARTESIAN_POINT('',(0.042,-0.000700081289529527,0.00754416946459178));
#10560=CARTESIAN_POINT('',(0.042,-0.000700081289529527,0.00754416946459178));
#10561=CARTESIAN_POINT('',(0.042,-0.000670341217756819,0.00754416946459178));
#10562=CARTESIAN_POINT('',(0.042,-0.000686995657949538,0.00771130866795439));
#10563=CARTESIAN_POINT('',(0.042,-0.000673910026369547,0.007878447871317));
#10564=CARTESIAN_POINT('',(0.042,-0.000674113582468726,0.00787845973301317));
#10565=CARTESIAN_POINT('',(0.042,-0.000686995657949538,0.00771130866795439));
#10566=CARTESIAN_POINT('',(0.042,-0.020692150441266,0.00904495816759818));
#10567=CARTESIAN_POINT('',(0.042,-0.000647738763209563,0.0085255918330911));
#10568=CARTESIAN_POINT('',(0.04200000025,-0.000647412710063426,0.00852558338479987));
#10569=CARTESIAN_POINT('',(0.042,-0.020692150441266,0.00904495816759818));
#10570=CARTESIAN_POINT('',(0.042,-0.000647738763209563,0.00911504005562614));
#10571=CARTESIAN_POINT('',(0.042,-0.000647738763209563,0.00970448827816119));
#10572=CARTESIAN_POINT('',(0.042,-0.000647738763209563,0.00970448827816119));
#10573=CARTESIAN_POINT('',(0.042,-0.000647738763209563,0.00911504005562614));
#10574=CARTESIAN_POINT('',(0.042,-0.00121458453119735,0.00970448827816119));
#10575=CARTESIAN_POINT('',(0.042,-0.00178143029918513,0.00970448827816119));
#10576=CARTESIAN_POINT('',(0.042,-0.00178143029918513,0.00970448827816119));
#10577=CARTESIAN_POINT('',(0.042,-0.00121458453119735,0.00970448827816119));
#10578=CARTESIAN_POINT('',(0.042,-0.00178143029918513,0.00681196889754775));
#10579=CARTESIAN_POINT('',(0.042,-0.00178143029918513,0.0039194495169343));
#10580=CARTESIAN_POINT('',(0.042,-0.00178143029918513,0.0039194495169343));
#10581=CARTESIAN_POINT('',(0.042,-0.00178143029918513,0.00681196889754775));
#10582=CARTESIAN_POINT('',(0.042,-0.00121458453119735,0.0039194495169343));
#10583=CARTESIAN_POINT('',(0.042,-0.000647738763209563,0.0039194495169343));
#10584=CARTESIAN_POINT('',(0.042,-0.000647738763209563,0.0039194495169343));
#10585=CARTESIAN_POINT('',(0.042,-0.00121458453119735,0.0039194495169343));
#10586=CARTESIAN_POINT('',(0.042,-0.000647738763209563,0.0048973030768209));
#10587=CARTESIAN_POINT('',(0.042,-0.000647738763209563,0.00587515663670749));
#10588=CARTESIAN_POINT('',(0.042,-0.000647738763209563,0.00587515663670749));
#10589=CARTESIAN_POINT('',(0.042,-0.000647738763209563,0.0048973030768209));
#10590=CARTESIAN_POINT('',(0.042,-0.000435989452187893,0.00692319676597767));
#10591=CARTESIAN_POINT('',(0.042717167429139,-0.000435989452187893,0.00692319676597767));
#10592=CARTESIAN_POINT('',(0.042,-0.000577155659535673,0.00670748211205297));
#10593=CARTESIAN_POINT('',(0.042717167429139,-0.000577155659535673,0.00670748211205297));
#10594=CARTESIAN_POINT('',(0.042,-0.000647738763209563,0.00635813540229624));
#10595=CARTESIAN_POINT('',(0.042717167429139,-0.000647738763209563,0.00635813540229624));
#10596=CARTESIAN_POINT('',(0.042,-0.000647738763209563,0.00587515663670749));
#10597=CARTESIAN_POINT('',(0.042717167429139,-0.000647738763209563,0.00587515663670749));
#10598=CARTESIAN_POINT('',(0.042,-0.000435989452187893,0.00692319676597767));
#10599=CARTESIAN_POINT('',(0.042,-0.000435989452187893,0.00692319676597767));
#10600=CARTESIAN_POINT('',(0.042,-0.000435989452187893,0.00692319676597767));
#10601=CARTESIAN_POINT('',(0.042,-0.000647738763209563,0.00659962478509062));
#10602=CARTESIAN_POINT('',(0.042,-0.000647738763209563,0.00587515663670749));
#10603=CARTESIAN_POINT('',(0.042,0.000251601007197084,0.00724676874686472));
#10604=CARTESIAN_POINT('',(0.042717167429139,0.000251601007197084,0.00724676874686472));
#10605=CARTESIAN_POINT('',(0.042,-6.56264250451197E-5,0.00724676874686472));
#10606=CARTESIAN_POINT('',(0.042717167429139,-6.56264250451197E-5,0.00724676874686472));
#10607=CARTESIAN_POINT('',(0.042,-0.000294823244840112,0.00713891141990237));
#10608=CARTESIAN_POINT('',(0.042717167429139,-0.000294823244840112,0.00713891141990237));
#10609=CARTESIAN_POINT('',(0.042,-0.000435989452187893,0.00692319676597767));
#10610=CARTESIAN_POINT('',(0.042717167429139,-0.000435989452187893,0.00692319676597767));
#10611=CARTESIAN_POINT('',(0.042,0.000251601007197084,0.00724676874686472));
#10612=CARTESIAN_POINT('',(0.042,0.000251601007197084,0.00724676874686472));
#10613=CARTESIAN_POINT('',(0.042,0.000251601007197084,0.00724676874686472));
#10614=CARTESIAN_POINT('',(0.042,-0.000224240141166221,0.00724676874686472));
#10615=CARTESIAN_POINT('',(0.042,-0.000435989452187893,0.00692319676597767));
#10616=CARTESIAN_POINT('',(0.042,0.000921347423518435,0.00634742897645807));
#10617=CARTESIAN_POINT('',(0.042717167429139,0.000921347423518435,0.00634742897645807));
#10618=CARTESIAN_POINT('',(0.042,0.000921347423518435,0.00694698882339584));
#10619=CARTESIAN_POINT('',(0.042717167429139,0.000921347423518435,0.00694698882339584));
#10620=CARTESIAN_POINT('',(0.042,0.000698098618077985,0.00724676874686472));
#10621=CARTESIAN_POINT('',(0.042717167429139,0.000698098618077985,0.00724676874686472));
#10622=CARTESIAN_POINT('',(0.042,0.000251601007197084,0.00724676874686472));
#10623=CARTESIAN_POINT('',(0.042717167429139,0.000251601007197084,0.00724676874686472));
#10624=CARTESIAN_POINT('',(0.042,0.000921347423518435,0.00634742897645807));
#10625=CARTESIAN_POINT('',(0.042,0.000921347423518435,0.00634742897645807));
#10626=CARTESIAN_POINT('',(0.042,0.000921347423518435,0.00634742897645807));
#10627=CARTESIAN_POINT('',(0.042,0.000921347423518435,0.00724676874686472));
#10628=CARTESIAN_POINT('',(0.042,0.000251601007197084,0.00724676874686472));
#10629=CARTESIAN_POINT('',(0.042,0.000921347423518435,0.00513343924669619));
#10630=CARTESIAN_POINT('',(0.042,0.000921347423518435,0.00513343924669619));
#10631=CARTESIAN_POINT('',(0.042,-6.93889390390723E-18,0.00591738753862473));
#10632=CARTESIAN_POINT('',(0.042,-0.00333505164859133,0.00474860271795736));
#10633=CARTESIAN_POINT('',(0.042717167429139,-0.00333505164859133,0.00474860271795736));
#10634=CARTESIAN_POINT('',(0.042,-0.00313678450343995,0.00474860271795736));
#10635=CARTESIAN_POINT('',(0.042717167429139,-0.00313678450343995,0.00474860271795736));
#10636=CARTESIAN_POINT('',(0.042,-0.0028988639292583,0.00479182495560036));
#10637=CARTESIAN_POINT('',(0.042717167429139,-0.0028988639292583,0.00479182495560036));
#10638=CARTESIAN_POINT('',(0.042,-0.00262128992604637,0.00487826943088636));
#10639=CARTESIAN_POINT('',(0.042717167429139,-0.00262128992604637,0.00487826943088636));
#10640=CARTESIAN_POINT('',(0.042,-0.00333505164859133,0.00474860271795736));
#10641=CARTESIAN_POINT('',(0.042,-0.00333505164859133,0.00474860271795736));
#10642=CARTESIAN_POINT('',(0.042,-0.00333505164859133,0.00474860271795736));
#10643=CARTESIAN_POINT('',(0.042,-0.00303765093086426,0.00474860271795736));
#10644=CARTESIAN_POINT('',(0.042,-0.00262128992604637,0.00487826943088636));
#10645=CARTESIAN_POINT('',(0.042,-0.00262128992604637,0.00487826943088636));
#10646=CARTESIAN_POINT('',(0.042,-0.00262128992604637,0.00487826943088636));
#10647=CARTESIAN_POINT('',(0.042,-0.00369431171560562,0.00486399419643547));
#10648=CARTESIAN_POINT('',(0.042717167429139,-0.00369431171560562,0.00486399419643547));
#10649=CARTESIAN_POINT('',(0.042,-0.00360390189741659,0.00478706654411673));
#10650=CARTESIAN_POINT('',(0.042717167429139,-0.00360390189741659,0.00478706654411673));
#10651=CARTESIAN_POINT('',(0.042,-0.00348414854174516,0.00474860271795736));
#10652=CARTESIAN_POINT('',(0.042717167429139,-0.00348414854174516,0.00474860271795736));
#10653=CARTESIAN_POINT('',(0.042,-0.00333505164859133,0.00474860271795736));
#10654=CARTESIAN_POINT('',(0.042717167429139,-0.00333505164859133,0.00474860271795736));
#10655=CARTESIAN_POINT('',(0.042,-0.00369431171560562,0.00486399419643547));
#10656=CARTESIAN_POINT('',(0.042,-0.00369431171560562,0.00486399419643547));
#10657=CARTESIAN_POINT('',(0.042,-0.00369431171560562,0.00486399419643547));
#10658=CARTESIAN_POINT('',(0.042,-0.00355869698832208,0.00474860271795736));
#10659=CARTESIAN_POINT('',(0.042,-0.00333505164859133,0.00474860271795736));
#10660=CARTESIAN_POINT('',(0.042,-0.00382992644288917,0.00522087505770794));
#10661=CARTESIAN_POINT('',(0.042717167429139,-0.00382992644288917,0.00522087505770794));
#10662=CARTESIAN_POINT('',(0.042,-0.00382992644288917,0.00505988213584503));
#10663=CARTESIAN_POINT('',(0.042717167429139,-0.00382992644288917,0.00505988213584503));
#10664=CARTESIAN_POINT('',(0.042,-0.00378472153379465,0.0049409218487542));
#10665=CARTESIAN_POINT('',(0.042717167429139,-0.00378472153379465,0.0049409218487542));
#10666=CARTESIAN_POINT('',(0.042,-0.00369431171560562,0.00486399419643547));
#10667=CARTESIAN_POINT('',(0.042717167429139,-0.00369431171560562,0.00486399419643547));
#10668=CARTESIAN_POINT('',(0.042,-0.00382992644288917,0.00522087505770794));
#10669=CARTESIAN_POINT('',(0.042,-0.00382992644288917,0.00522087505770794));
#10670=CARTESIAN_POINT('',(0.042,-0.00382992644288917,0.00522087505770794));
#10671=CARTESIAN_POINT('',(0.042,-0.00382992644288917,0.00497938567491357));
#10672=CARTESIAN_POINT('',(0.042,-0.00369431171560562,0.00486399419643547));
#10673=CARTESIAN_POINT('',(0.042,-0.00382992644288917,0.0062225206750127));
#10674=CARTESIAN_POINT('',(0.042,-0.00382992644288917,0.00722416629231746));
#10675=CARTESIAN_POINT('',(0.042,-0.00382992644288917,0.00722416629231746));
#10676=CARTESIAN_POINT('',(0.042,-0.00382992644288917,0.0062225206750127));
#10677=CARTESIAN_POINT('',(0.042,-0.00324821063901502,0.00722416629231746));
#10678=CARTESIAN_POINT('',(0.042,-0.00266649483514088,0.00722416629231746));
#10679=CARTESIAN_POINT('',(0.042,-0.00266649483514088,0.00722416629231746));
#10680=CARTESIAN_POINT('',(0.042,-0.00324821063901502,0.00722416629231746));
#10681=CARTESIAN_POINT('',(0.042,-0.00266649483514088,0.00765004412010262));
#10682=CARTESIAN_POINT('',(0.042,-0.00266649483514088,0.00807592194788778));
#10683=CARTESIAN_POINT('',(0.042,-0.00266649483514088,0.00807592194788778));
#10684=CARTESIAN_POINT('',(0.042,-0.00266649483514088,0.00765004412010262));
#10685=CARTESIAN_POINT('',(0.042,-0.00324821063901502,0.00807592194788778));
#10686=CARTESIAN_POINT('',(0.042,-0.00382992644288917,0.00807592194788778));
#10687=CARTESIAN_POINT('',(0.042,-0.00382992644288917,0.00807592194788778));
#10688=CARTESIAN_POINT('',(0.042,-0.00324821063901502,0.00807592194788778));
#10689=CARTESIAN_POINT('',(0.042,-0.00382992644288917,0.00851845421586565));
#10690=CARTESIAN_POINT('',(0.042,-0.00382992644288917,0.00896098648384352));
#10691=CARTESIAN_POINT('',(0.042,-0.00382992644288917,0.00896098648384352));
#10692=CARTESIAN_POINT('',(0.042,-0.00382992644288917,0.00851845421586565));
#10693=CARTESIAN_POINT('',(0.042,-0.00419216051708073,0.00896098648384352));
#10694=CARTESIAN_POINT('',(0.042,-0.0045543945912723,0.00896098648384352));
#10695=CARTESIAN_POINT('',(0.042,-0.0045543945912723,0.00896098648384352));
#10696=CARTESIAN_POINT('',(0.042,-0.00419216051708073,0.00896098648384352));
#10697=CARTESIAN_POINT('',(0.042,-0.00471796498602219,0.00852202302447838));
#10698=CARTESIAN_POINT('',(0.042,-0.00488153538077207,0.00808305956511323));
#10699=CARTESIAN_POINT('',(0.042,-0.00488153538077207,0.00808305956511323));
#10700=CARTESIAN_POINT('',(0.042,-0.00471796498602219,0.00852202302447838));
#10701=CARTESIAN_POINT('',(0.042,-0.00519380613438549,0.00789331790720336));
#10702=CARTESIAN_POINT('',(0.042,-0.00550607688799891,0.00770357624929349));
#10703=CARTESIAN_POINT('',(0.042,-0.00550607688799891,0.00770357624929349));
#10704=CARTESIAN_POINT('',(0.042,-0.00519380613438549,0.00789331790720336));
#10705=CARTESIAN_POINT('',(0.042,-0.00550607688799891,0.00746387127080547));
#10706=CARTESIAN_POINT('',(0.042,-0.00550607688799891,0.00722416629231746));
#10707=CARTESIAN_POINT('',(0.042,-0.00550607688799891,0.00722416629231746));
#10708=CARTESIAN_POINT('',(0.042,-0.00550607688799891,0.00746387127080547));
#10709=CARTESIAN_POINT('',(0.042,-0.00523484743343182,0.00722416629231746));
#10710=CARTESIAN_POINT('',(0.042,-0.00496361797886474,0.00722416629231746));
#10711=CARTESIAN_POINT('',(0.042,-0.00496361797886474,0.00722416629231746));
#10712=CARTESIAN_POINT('',(0.042,-0.00523484743343182,0.00722416629231746));
#10713=CARTESIAN_POINT('',(0.042,-0.00496361797886474,0.0062225206750127));
#10714=CARTESIAN_POINT('',(0.042,-0.00496361797886474,0.00522087505770794));
#10715=CARTESIAN_POINT('',(0.042,-0.00496361797886474,0.00522087505770794));
#10716=CARTESIAN_POINT('',(0.042,-0.00496361797886474,0.0062225206750127));
#10717=CARTESIAN_POINT('',(0.042,-0.00465313162955768,0.00418889456719502));
#10718=CARTESIAN_POINT('',(0.042717167429139,-0.00465313162955768,0.00418889456719502));
#10719=CARTESIAN_POINT('',(0.042,-0.00486012252909572,0.00441848792128032));
#10720=CARTESIAN_POINT('',(0.042717167429139,-0.00486012252909572,0.00441848792128032));
#10721=CARTESIAN_POINT('',(0.042,-0.00496361797886474,0.00476248141811796));
#10722=CARTESIAN_POINT('',(0.042717167429139,-0.00496361797886474,0.00476248141811796));
#10723=CARTESIAN_POINT('',(0.042,-0.00496361797886474,0.00522087505770794));
#10724=CARTESIAN_POINT('',(0.042717167429139,-0.00496361797886474,0.00522087505770794));
#10725=CARTESIAN_POINT('',(0.042,-0.00465313162955768,0.00418889456719502));
#10726=CARTESIAN_POINT('',(0.042,-0.00465313162955768,0.00418889456719502));
#10727=CARTESIAN_POINT('',(0.042,-0.00465313162955768,0.00418889456719502));
#10728=CARTESIAN_POINT('',(0.042,-0.00496361797886474,0.00453328459832297));
#10729=CARTESIAN_POINT('',(0.042,-0.00496361797886474,0.00522087505770794));
#10730=CARTESIAN_POINT('',(0.042,-0.0036621924380911,0.00384450453606709));
#10731=CARTESIAN_POINT('',(0.042717167429139,-0.0036621924380911,0.00384450453606709));
#10732=CARTESIAN_POINT('',(0.042,-0.00411582766619745,0.00384450453606709));
#10733=CARTESIAN_POINT('',(0.042717167429139,-0.00411582766619745,0.00384450453606709));
#10734=CARTESIAN_POINT('',(0.042,-0.00444614073001965,0.00395930121310973));
#10735=CARTESIAN_POINT('',(0.042717167429139,-0.00444614073001965,0.00395930121310973));
#10736=CARTESIAN_POINT('',(0.042,-0.00465313162955768,0.00418889456719502));
#10737=CARTESIAN_POINT('',(0.042717167429139,-0.00465313162955768,0.00418889456719502));
#10738=CARTESIAN_POINT('',(0.042,-0.0036621924380911,0.00384450453606709));
#10739=CARTESIAN_POINT('',(0.042,-0.0036621924380911,0.00384450453606709));
#10740=CARTESIAN_POINT('',(0.042,-0.0036621924380911,0.00384450453606709));
#10741=CARTESIAN_POINT('',(0.042,-0.00434264528025063,0.00384450453606709));
#10742=CARTESIAN_POINT('',(0.042,-0.00465313162955768,0.00418889456719502));
#10743=CARTESIAN_POINT('',(0.042,-0.00262128992604637,0.0040348409954124));
#10744=CARTESIAN_POINT('',(0.042717167429139,-0.00262128992604637,0.0040348409954124));
#10745=CARTESIAN_POINT('',(0.042,-0.00290362234074193,0.00390795002251553));
#10746=CARTESIAN_POINT('',(0.042717167429139,-0.00290362234074193,0.00390795002251553));
#10747=CARTESIAN_POINT('',(0.042,-0.00325058984475684,0.00384450453606709));
#10748=CARTESIAN_POINT('',(0.042717167429139,-0.00325058984475684,0.00384450453606709));
#10749=CARTESIAN_POINT('',(0.042,-0.0036621924380911,0.00384450453606709));
#10750=CARTESIAN_POINT('',(0.042717167429139,-0.0036621924380911,0.00384450453606709));
#10751=CARTESIAN_POINT('',(0.042,-0.00262128992604637,0.0040348409954124));
#10752=CARTESIAN_POINT('',(0.042,-0.00262128992604637,0.0040348409954124));
#10753=CARTESIAN_POINT('',(0.042,-0.00262128992604637,0.0040348409954124));
#10754=CARTESIAN_POINT('',(0.042,-0.00304478854808971,0.00384450453606709));
#10755=CARTESIAN_POINT('',(0.042,-0.0036621924380911,0.00384450453606709));
#10756=CARTESIAN_POINT('',(0.042,-0.00262128992604637,0.00445655521314939));
#10757=CARTESIAN_POINT('',(0.042,-0.00262128992604637,0.00445655521314939));
#10758=CARTESIAN_POINT('',(0.042,-6.93889390390723E-18,0.00591738753862473));
#10759=CARTESIAN_POINT('',(0.042,-0.00597002200765313,0.00515425729693708));
#10760=CARTESIAN_POINT('',(0.042717167429139,-0.00597002200765313,0.00515425729693708));
#10761=CARTESIAN_POINT('',(0.042,-0.00597002200765313,0.00472758640057132));
#10762=CARTESIAN_POINT('',(0.042717167429139,-0.00597002200765313,0.00472758640057132));
#10763=CARTESIAN_POINT('',(0.042,-0.00611812756508121,0.00440262654966821));
#10764=CARTESIAN_POINT('',(0.042717167429139,-0.00611812756508121,0.00440262654966821));
#10765=CARTESIAN_POINT('',(0.042,-0.00641433867993737,0.00417937774422776));
#10766=CARTESIAN_POINT('',(0.042717167429139,-0.00641433867993737,0.00417937774422776));
#10767=CARTESIAN_POINT('',(0.042,-0.00597002200765313,0.00515425729693708));
#10768=CARTESIAN_POINT('',(0.042,-0.00597002200765313,0.00515425729693708));
#10769=CARTESIAN_POINT('',(0.042,-0.00597002200765313,0.00515425729693708));
#10770=CARTESIAN_POINT('',(0.042,-0.00597002200765313,0.00451425095238844));
#10771=CARTESIAN_POINT('',(0.042,-0.00641433867993737,0.00417937774422776));
#10772=CARTESIAN_POINT('',(0.042,-0.00641433867993737,0.00417937774422776));
#10773=CARTESIAN_POINT('',(0.042,-0.00641433867993737,0.00417937774422776));
#10774=CARTESIAN_POINT('',(0.042,-0.00607827586890578,0.00568541497879762));
#10775=CARTESIAN_POINT('',(0.042717167429139,-0.00607827586890578,0.00568541497879762));
#10776=CARTESIAN_POINT('',(0.042,-0.00600610662807068,0.00553671461993409));
#10777=CARTESIAN_POINT('',(0.042717167429139,-0.00600610662807068,0.00553671461993409));
#10778=CARTESIAN_POINT('',(0.042,-0.00597002200765313,0.00535966205931391));
#10779=CARTESIAN_POINT('',(0.042717167429139,-0.00597002200765313,0.00535966205931391));
#10780=CARTESIAN_POINT('',(0.042,-0.00597002200765313,0.00515425729693708));
#10781=CARTESIAN_POINT('',(0.042717167429139,-0.00597002200765313,0.00515425729693708));
#10782=CARTESIAN_POINT('',(0.042,-0.00607827586890578,0.00568541497879762));
#10783=CARTESIAN_POINT('',(0.042,-0.00607827586890578,0.00568541497879762));
#10784=CARTESIAN_POINT('',(0.042,-0.00607827586890578,0.00568541497879762));
#10785=CARTESIAN_POINT('',(0.042,-0.00597002200765313,0.00546236444050232));
#10786=CARTESIAN_POINT('',(0.042,-0.00597002200765313,0.00515425729693708));
#10787=CARTESIAN_POINT('',(0.042,-0.00705209057724098,0.00519240878066269));
#10788=CARTESIAN_POINT('',(0.042,-0.00641314907706646,0.00607917352906826));
#10789=CARTESIAN_POINT('',(0.042,-0.00641314907706646,0.00607917352906826));
#10790=CARTESIAN_POINT('',(0.042,-0.00705209057724098,0.00519240878066269));
#10791=CARTESIAN_POINT('',(0.042,-0.00712631599817596,0.00644735561761436));
#10792=CARTESIAN_POINT('',(0.042717167429139,-0.00712631599817596,0.00644735561761436));
#10793=CARTESIAN_POINT('',(0.042,-0.00680195094870831,0.00631570623323385));
#10794=CARTESIAN_POINT('',(0.042717167429139,-0.00680195094870831,0.00631570623323385));
#10795=CARTESIAN_POINT('',(0.042,-0.00656422864167181,0.00619297887038515));
#10796=CARTESIAN_POINT('',(0.042717167429139,-0.00656422864167181,0.00619297887038515));
#10797=CARTESIAN_POINT('',(0.042,-0.00641314907706646,0.00607917352906826));
#10798=CARTESIAN_POINT('',(0.042717167429139,-0.00641314907706646,0.00607917352906826));
#10799=CARTESIAN_POINT('',(0.042,-0.00712631599817596,0.00644735561761436));
#10800=CARTESIAN_POINT('',(0.042,-0.00712631599817596,0.00644735561761436));
#10801=CARTESIAN_POINT('',(0.042,-0.00712631599817596,0.00644735561761436));
#10802=CARTESIAN_POINT('',(0.042,-0.00663976842397448,0.00624988154104359));
#10803=CARTESIAN_POINT('',(0.042,-0.00641314907706646,0.00607917352906826));
#10804=CARTESIAN_POINT('',(0.042,-0.00783531930923729,0.00677806521572686));
#10805=CARTESIAN_POINT('',(0.042717167429139,-0.00783531930923729,0.00677806521572686));
#10806=CARTESIAN_POINT('',(0.042,-0.00772746198227494,0.00670351676914994));
#10807=CARTESIAN_POINT('',(0.042717167429139,-0.00772746198227494,0.00670351676914994));
#10808=CARTESIAN_POINT('',(0.042,-0.00749112754525449,0.00659328023644577));
#10809=CARTESIAN_POINT('',(0.042717167429139,-0.00749112754525449,0.00659328023644577));
#10810=CARTESIAN_POINT('',(0.042,-0.00712631599817596,0.00644735561761436));
#10811=CARTESIAN_POINT('',(0.042717167429139,-0.00712631599817596,0.00644735561761436));
#10812=CARTESIAN_POINT('',(0.042,-0.00783531930923729,0.00677806521572686));
#10813=CARTESIAN_POINT('',(0.042,-0.00783531930923729,0.00677806521572686));
#10814=CARTESIAN_POINT('',(0.042,-0.00783531930923729,0.00677806521572686));
#10815=CARTESIAN_POINT('',(0.042,-0.00767353331879376,0.00666624254586148));
#10816=CARTESIAN_POINT('',(0.042,-0.00712631599817596,0.00644735561761436));
#10817=CARTESIAN_POINT('',(0.042,-0.00799710529968081,0.00704215705306849));
#10818=CARTESIAN_POINT('',(0.042717167429139,-0.00799710529968081,0.00704215705306849));
#10819=CARTESIAN_POINT('',(0.042,-0.00799710529968081,0.00694064427475099));
#10820=CARTESIAN_POINT('',(0.042717167429139,-0.00799710529968081,0.00694064427475099));
#10821=CARTESIAN_POINT('',(0.042,-0.00794317663619964,0.00685261366230378));
#10822=CARTESIAN_POINT('',(0.042717167429139,-0.00794317663619964,0.00685261366230378));
#10823=CARTESIAN_POINT('',(0.042,-0.00783531930923729,0.00677806521572686));
#10824=CARTESIAN_POINT('',(0.042717167429139,-0.00783531930923729,0.00677806521572686));
#10825=CARTESIAN_POINT('',(0.042,-0.00799710529968081,0.00704215705306849));
#10826=CARTESIAN_POINT('',(0.042,-0.00799710529968081,0.00704215705306849));
#10827=CARTESIAN_POINT('',(0.042,-0.00799710529968081,0.00704215705306849));
#10828=CARTESIAN_POINT('',(0.042,-0.00799710529968081,0.00688988788559224));
#10829=CARTESIAN_POINT('',(0.042,-0.00783531930923729,0.00677806521572686));
#10830=CARTESIAN_POINT('',(0.042,-0.00749509288815752,0.00731338650763558));
#10831=CARTESIAN_POINT('',(0.042717167429139,-0.00749509288815752,0.00731338650763558));
#10832=CARTESIAN_POINT('',(0.042,-0.00782976782917305,0.00731338650763558));
#10833=CARTESIAN_POINT('',(0.042717167429139,-0.00782976782917305,0.00731338650763558));
#10834=CARTESIAN_POINT('',(0.042,-0.00799710529968081,0.00722297668944655));
#10835=CARTESIAN_POINT('',(0.042717167429139,-0.00799710529968081,0.00722297668944655));
#10836=CARTESIAN_POINT('',(0.042,-0.00799710529968081,0.00704215705306849));
#10837=CARTESIAN_POINT('',(0.042717167429139,-0.00799710529968081,0.00704215705306849));
#10838=CARTESIAN_POINT('',(0.042,-0.00749509288815752,0.00731338650763558));
#10839=CARTESIAN_POINT('',(0.042,-0.00749509288718869,0.00731338470562482));
#10840=CARTESIAN_POINT('',(0.042,-0.00749509288815752,0.00731338650763558));
#10841=CARTESIAN_POINT('',(0.042,-0.00799710529968081,0.00731338650763558));
#10842=CARTESIAN_POINT('',(0.042,-0.00799710529968081,0.00704215705306849));
#10843=CARTESIAN_POINT('',(0.0419999999999999,-0.00749410918612493,0.00548370724289212));
#10844=CARTESIAN_POINT('',(0.042,-0.00694073795031427,0.00722773510093018));
#10845=CARTESIAN_POINT('',(0.042,-0.00694070785355201,0.00722782824568124));
#10846=CARTESIAN_POINT('',(0.042,-0.00749410918612493,0.00548370724289212));
#10847=CARTESIAN_POINT('',(0.0419999999999992,-0.00893459589247566,0.00103186671689658));
#10848=CARTESIAN_POINT('',(0.042,-0.00635672738051235,0.00700864604435391));
#10849=CARTESIAN_POINT('',(0.042,-0.00635672738110618,0.00700864604411401));
#10850=CARTESIAN_POINT('',(0.042,-0.00893459589247566,0.00103186671689658));
#10851=CARTESIAN_POINT('',(0.042,-0.00618593492872298,0.00741747675884005));
#10852=CARTESIAN_POINT('',(0.042,-0.00601551306996486,0.00782542037196489));
#10853=CARTESIAN_POINT('',(0.042,-0.00601551306996486,0.00782542037196489));
#10854=CARTESIAN_POINT('',(0.042,-0.00618593492872298,0.00741747675884005));
#10855=CARTESIAN_POINT('',(0.042,-0.00748523683247699,0.00469947528178008));
#10856=CARTESIAN_POINT('',(0.042,-0.00747605924222299,0.00815324613449681));
#10857=CARTESIAN_POINT('',(0.042,-0.00747605924222299,0.00815324613449681));
#10858=CARTESIAN_POINT('',(0.042,-0.00748523683247699,0.00469947528178008));
#10859=CARTESIAN_POINT('',(0.042,-0.0086936177805976,0.00785049220385066));
#10860=CARTESIAN_POINT('',(0.042717167429139,-0.0086936177805976,0.00785049220385066));
#10861=CARTESIAN_POINT('',(0.042,-0.00840771655728931,0.00805232815761476));
#10862=CARTESIAN_POINT('',(0.042717167429139,-0.00840771655728931,0.00805232815761476));
#10863=CARTESIAN_POINT('',(0.042,-0.00800186371116444,0.00815324613449681));
#10864=CARTESIAN_POINT('',(0.042717167429139,-0.00800186371116444,0.00815324613449681));
#10865=CARTESIAN_POINT('',(0.042,-0.00747605924222299,0.00815324613449681));
#10866=CARTESIAN_POINT('',(0.042717167429139,-0.00747605924222299,0.00815324613449681));
#10867=CARTESIAN_POINT('',(0.042,-0.0086936177805976,0.00785049220385066));
#10868=CARTESIAN_POINT('',(0.042,-0.0086936177805976,0.00785049220385066));
#10869=CARTESIAN_POINT('',(0.042,-0.0086936177805976,0.00785049220385066));
#10870=CARTESIAN_POINT('',(0.042,-0.00826476594563517,0.00815324613449681));
#10871=CARTESIAN_POINT('',(0.042,-0.00747605924222299,0.00815324613449681));
#10872=CARTESIAN_POINT('',(0.042,-0.00912246961556003,0.00699338333536126));
#10873=CARTESIAN_POINT('',(0.042717167429139,-0.00912246961556003,0.00699338333536126));
#10874=CARTESIAN_POINT('',(0.042,-0.00912246961556003,0.00736295329392343));
#10875=CARTESIAN_POINT('',(0.042717167429139,-0.00912246961556003,0.00736295329392343));
#10876=CARTESIAN_POINT('',(0.042,-0.00897951900390589,0.00764865625008656));
#10877=CARTESIAN_POINT('',(0.042717167429139,-0.00897951900390589,0.00764865625008656));
#10878=CARTESIAN_POINT('',(0.042,-0.0086936177805976,0.00785049220385066));
#10879=CARTESIAN_POINT('',(0.042717167429139,-0.0086936177805976,0.00785049220385066));
#10880=CARTESIAN_POINT('',(0.042,-0.00912246961556003,0.00699338333536126));
#10881=CARTESIAN_POINT('',(0.042,-0.00912246961556003,0.00699338333536126));
#10882=CARTESIAN_POINT('',(0.042,-0.00912246961556003,0.00699338333536126));
#10883=CARTESIAN_POINT('',(0.042,-0.00912246961556003,0.00754773827320451));
#10884=CARTESIAN_POINT('',(0.042,-0.0086936177805976,0.00785049220385066));
#10885=CARTESIAN_POINT('',(0.042,-0.00902075857009737,0.00644973482335618));
#10886=CARTESIAN_POINT('',(0.042717167429139,-0.00902075857009737,0.00644973482335618));
#10887=CARTESIAN_POINT('',(0.042,-0.00908856593373914,0.00659724557934881));
#10888=CARTESIAN_POINT('',(0.042717167429139,-0.00908856593373914,0.00659724557934881));
#10889=CARTESIAN_POINT('',(0.042,-0.00912246961556003,0.00677846175001717));
#10890=CARTESIAN_POINT('',(0.042717167429139,-0.00912246961556003,0.00677846175001717));
#10891=CARTESIAN_POINT('',(0.042,-0.00912246961556003,0.00699338333536126));
#10892=CARTESIAN_POINT('',(0.042717167429139,-0.00912246961556003,0.00699338333536126));
#10893=CARTESIAN_POINT('',(0.042,-0.00902075857009737,0.00644973482335618));
#10894=CARTESIAN_POINT('',(0.042,-0.00902075857009737,0.00644973482335618));
#10895=CARTESIAN_POINT('',(0.042,-0.00902075857009737,0.00644973482335618));
#10896=CARTESIAN_POINT('',(0.042,-0.00912246961556003,0.00667100095734512));
#10897=CARTESIAN_POINT('',(0.042,-0.00912246961556003,0.00699338333536126));
#10898=CARTESIAN_POINT('',(0.042,-0.00808183938137251,0.00690408201417935));
#10899=CARTESIAN_POINT('',(0.042,-0.0086936177805976,0.00605716587595645));
#10900=CARTESIAN_POINT('',(0.042,-0.0086936177805976,0.00605716587595645));
#10901=CARTESIAN_POINT('',(0.042,-0.00808183938137251,0.00690408201417935));
#10902=CARTESIAN_POINT('',(0.042,-0.00798877807958445,0.00568482017736217));
#10903=CARTESIAN_POINT('',(0.042717167429139,-0.00798877807958445,0.00568482017736217));
#10904=CARTESIAN_POINT('',(0.042,-0.00830838471756847,0.0058188487674845));
#10905=CARTESIAN_POINT('',(0.042717167429139,-0.00830838471756847,0.0058188487674845));
#10906=CARTESIAN_POINT('',(0.042,-0.00854333128457285,0.00594296400034926));
#10907=CARTESIAN_POINT('',(0.042717167429139,-0.00854333128457285,0.00594296400034926));
#10908=CARTESIAN_POINT('',(0.042,-0.0086936177805976,0.00605716587595645));
#10909=CARTESIAN_POINT('',(0.042717167429139,-0.0086936177805976,0.00605716587595645));
#10910=CARTESIAN_POINT('',(0.042,-0.00798877807958445,0.00568482017736217));
#10911=CARTESIAN_POINT('',(0.042,-0.00798877807958445,0.00568482017736217));
#10912=CARTESIAN_POINT('',(0.042,-0.00798877807958445,0.00568482017736217));
#10913=CARTESIAN_POINT('',(0.042,-0.00846818803656048,0.00588586306254566));
#10914=CARTESIAN_POINT('',(0.042,-0.0086936177805976,0.00605716587595645));
#10915=CARTESIAN_POINT('',(0.0419999999999986,-0.0106797889187098,-0.000890141139132583));
#10916=CARTESIAN_POINT('',(0.042,-0.00745405158911119,0.00543857238308416));
#10917=CARTESIAN_POINT('',(0.042,-0.00745405158911119,0.00543857238308416));
#10918=CARTESIAN_POINT('',(0.042,-0.0106797889187098,-0.000890141139132583));
#10919=CARTESIAN_POINT('',(0.042,-0.00717152090727048,0.00524883072517429));
#10920=CARTESIAN_POINT('',(0.042717167429139,-0.00717152090727048,0.00524883072517429));
#10921=CARTESIAN_POINT('',(0.042,-0.00722624263933226,0.00530474206010698));
#10922=CARTESIAN_POINT('',(0.042717167429139,-0.00722624263933226,0.00530474206010698));
#10923=CARTESIAN_POINT('',(0.042,-0.00732041953327916,0.00536798927941027));
#10924=CARTESIAN_POINT('',(0.042717167429139,-0.00732041953327916,0.00536798927941027));
#10925=CARTESIAN_POINT('',(0.042,-0.00745405158911119,0.00543857238308416));
#10926=CARTESIAN_POINT('',(0.042717167429139,-0.00745405158911119,0.00543857238308416));
#10927=CARTESIAN_POINT('',(0.042,-0.00717152090727048,0.00524883072517429));
#10928=CARTESIAN_POINT('',(0.042,-0.00717152090727048,0.00524883072517429));
#10929=CARTESIAN_POINT('',(0.042,-0.00717152090727048,0.00524883072517429));
#10930=CARTESIAN_POINT('',(0.042,-0.00725360350536315,0.00533269772757332));
#10931=CARTESIAN_POINT('',(0.042,-0.00745405158911119,0.00543857238308416));
#10932=CARTESIAN_POINT('',(0.042,-0.00738859388114223,0.00504429949083942));
#10933=CARTESIAN_POINT('',(0.042,-0.00708943830917781,0.00503053859836262));
#10934=CARTESIAN_POINT('',(0.042,-0.00708943830917781,0.00503053859836262));
#10935=CARTESIAN_POINT('',(0.042,-0.00738859388114223,0.00504429949083942));
#10936=CARTESIAN_POINT('',(0.042,-0.00770684219917919,0.00467365773709014));
#10937=CARTESIAN_POINT('',(0.042717167429139,-0.00770684219917919,0.00467365773709014));
#10938=CARTESIAN_POINT('',(0.042,-0.00729523960584494,0.00467365773709014));
#10939=CARTESIAN_POINT('',(0.042717167429139,-0.00729523960584494,0.00467365773709014));
#10940=CARTESIAN_POINT('',(0.042,-0.00708943830917781,0.00479261802418097));
#10941=CARTESIAN_POINT('',(0.042717167429139,-0.00708943830917781,0.00479261802418097));
#10942=CARTESIAN_POINT('',(0.042,-0.00708943830917781,0.00503053859836262));
#10943=CARTESIAN_POINT('',(0.042717167429139,-0.00708943830917781,0.00503053859836262));
#10944=CARTESIAN_POINT('',(0.042,-0.00770684219917919,0.00467365773709014));
#10945=CARTESIAN_POINT('',(0.042,-0.00770684219917919,0.00467365773709014));
#10946=CARTESIAN_POINT('',(0.042,-0.00770684219917919,0.00467365773709014));
#10947=CARTESIAN_POINT('',(0.042,-0.00708943830917781,0.00467365773709014));
#10948=CARTESIAN_POINT('',(0.042,-0.00708943830917781,0.00503053859836262));
#10949=CARTESIAN_POINT('',(0.042,-0.00840394948153144,0.00477417917968189));
#10950=CARTESIAN_POINT('',(0.042717167429139,-0.00840394948153144,0.00477417917968189));
#10951=CARTESIAN_POINT('',(0.042,-0.00813985764418981,0.00470716488462072));
#10952=CARTESIAN_POINT('',(0.042717167429139,-0.00813985764418981,0.00470716488462072));
#10953=CARTESIAN_POINT('',(0.042,-0.00790748855007239,0.00467365773709014));
#10954=CARTESIAN_POINT('',(0.042717167429139,-0.00790748855007239,0.00467365773709014));
#10955=CARTESIAN_POINT('',(0.042,-0.00770684219917919,0.00467365773709014));
#10956=CARTESIAN_POINT('',(0.042717167429139,-0.00770684219917919,0.00467365773709014));
#10957=CARTESIAN_POINT('',(0.042,-0.00840394948153144,0.00477417917968189));
#10958=CARTESIAN_POINT('',(0.042,-0.00840394948153144,0.00477417917968189));
#10959=CARTESIAN_POINT('',(0.042,-0.00840394948153144,0.00477417917968189));
#10960=CARTESIAN_POINT('',(0.042,-0.00800781172551899,0.00467365773709014));
#10961=CARTESIAN_POINT('',(0.042,-0.00770684219917919,0.00467365773709014));
#10962=CARTESIAN_POINT('',(0.0419999999999998,-0.00746544475975894,0.00860846317956594));
#10963=CARTESIAN_POINT('',(0.042,-0.00911533199833458,0.00502285257355971));
#10964=CARTESIAN_POINT('',(0.042,-0.00911533199833458,0.00502285257355971));
#10965=CARTESIAN_POINT('',(0.042,-0.00746544475975894,0.00860846317956594));
#10966=CARTESIAN_POINT('',(0.042,-0.00911533199833458,0.00455529225143477));
#10967=CARTESIAN_POINT('',(0.042,-0.00911533199833458,0.00408696001265089));
#10968=CARTESIAN_POINT('',(0.042,-0.00911533199833458,0.00408696001265089));
#10969=CARTESIAN_POINT('',(0.042,-0.00911533199833458,0.00455529225143477));
#10970=CARTESIAN_POINT('',(0.0419999999999998,-0.00797313579167113,0.00679331495839596));
#10971=CARTESIAN_POINT('',(0.042,-0.00851696175426772,0.00390636388535432));
#10972=CARTESIAN_POINT('',(0.042,-0.00851696175426772,0.00390636388535432));
#10973=CARTESIAN_POINT('',(0.042,-0.00797313579167113,0.00679331495839596));
#10974=CARTESIAN_POINT('',(0.042,-0.00774371988817735,0.00384450453606709));
#10975=CARTESIAN_POINT('',(0.042717167429139,-0.00774371988817735,0.00384450453606709));
#10976=CARTESIAN_POINT('',(0.042,-0.00804587901738805,0.00384450453606709));
#10977=CARTESIAN_POINT('',(0.042717167429139,-0.00804587901738805,0.00384450453606709));
#10978=CARTESIAN_POINT('',(0.042,-0.00830362630608484,0.00386512431916283));
#10979=CARTESIAN_POINT('',(0.042717167429139,-0.00830362630608484,0.00386512431916283));
#10980=CARTESIAN_POINT('',(0.042,-0.00851696175426772,0.00390636388535432));
#10981=CARTESIAN_POINT('',(0.042717167429139,-0.00851696175426772,0.00390636388535432));
#10982=CARTESIAN_POINT('',(0.042,-0.00774371988817735,0.00384450453606709));
#10983=CARTESIAN_POINT('',(0.042,-0.00774371988817735,0.00384450453606709));
#10984=CARTESIAN_POINT('',(0.042,-0.00774371988817735,0.00384450453606709));
#10985=CARTESIAN_POINT('',(0.042,-0.0081969585819934,0.00384450453606709));
#10986=CARTESIAN_POINT('',(0.042,-0.00851696175426772,0.00390636388535432));
#10987=CARTESIAN_POINT('',(0.042,-0.00641433867993737,0.00417937774422776));
#10988=CARTESIAN_POINT('',(0.042717167429139,-0.00641433867993737,0.00417937774422776));
#10989=CARTESIAN_POINT('',(0.042,-0.00671054979479352,0.00395612893878731));
#10990=CARTESIAN_POINT('',(0.042717167429139,-0.00671054979479352,0.00395612893878731));
#10991=CARTESIAN_POINT('',(0.042,-0.00715367686420685,0.00384450453606709));
#10992=CARTESIAN_POINT('',(0.042717167429139,-0.00715367686420685,0.00384450453606709));
#10993=CARTESIAN_POINT('',(0.042,-0.00774371988817735,0.00384450453606709));
#10994=CARTESIAN_POINT('',(0.042717167429139,-0.00774371988817735,0.00384450453606709));
#10995=CARTESIAN_POINT('',(0.042,-0.00641433867993737,0.00417937774422776));
#10996=CARTESIAN_POINT('',(0.042,-0.0068586553522216,0.00384450453606709));
#10997=CARTESIAN_POINT('',(0.042,-0.00774371988817735,0.00384450453606709));
#10998=CARTESIAN_POINT('',(0.042,-6.93889390390723E-18,0.00591738753862473));
#10999=CARTESIAN_POINT('',(0.0419999999999998,-0.00997043405657255,0.00628664444428544));
#11000=CARTESIAN_POINT('',(0.042,-0.0100075341515158,0.00815324613449681));
#11001=CARTESIAN_POINT('',(0.042,-0.0100075252201196,0.00815293925548313));
#11002=CARTESIAN_POINT('',(0.042,-0.00997043405657255,0.00628664444428544));
#11003=CARTESIAN_POINT('',(0.042,-0.00962442482391277,0.00812064673232381));
#11004=CARTESIAN_POINT('',(0.042,-0.00962442482391277,0.00812064673232381));
#11005=CARTESIAN_POINT('',(0.042,-0.0100126424156546,0.00686642068532257));
#11006=CARTESIAN_POINT('',(0.042,-0.0107230802783671,0.00793971241916878));
#11007=CARTESIAN_POINT('',(0.042,-0.0107230003091167,0.00793959354176454));
#11008=CARTESIAN_POINT('',(0.042,-0.0100126424156546,0.00686642068532257));
#11009=CARTESIAN_POINT('',(0.042,-0.00987307551640035,0.00662738298713965));
#11010=CARTESIAN_POINT('',(0.042,-0.0112455863682026,0.00737643545979372));
#11011=CARTESIAN_POINT('',(0.042,-0.0112455863682026,0.00737643545979372));
#11012=CARTESIAN_POINT('',(0.042,-0.00987307551640035,0.00662738298713965));
#11013=CARTESIAN_POINT('',(0.042,-0.0112732716061622,0.00737643545979372));
#11014=CARTESIAN_POINT('',(0.042,-0.0113006324721931,0.00737643545979372));
#11015=CARTESIAN_POINT('',(0.042,-0.0113006324721931,0.00737643545979372));
#11016=CARTESIAN_POINT('',(0.042,-0.0112732716061622,0.00737643545979372));
#11017=CARTESIAN_POINT('',(0.042,-0.0113844994745921,0.00772617870384075));
#11018=CARTESIAN_POINT('',(0.042,-0.0114683664769911,0.00807592194788778));
#11019=CARTESIAN_POINT('',(0.042,-0.0114683664769911,0.00807592194788778));
#11020=CARTESIAN_POINT('',(0.042,-0.0113844994745921,0.00772617870384075));
#11021=CARTESIAN_POINT('',(0.042,-0.011897813113389,0.00807592194788778));
#11022=CARTESIAN_POINT('',(0.042,-0.0123272597497869,0.00807592194788778));
#11023=CARTESIAN_POINT('',(0.042,-0.0123272597497869,0.00807592194788778));
#11024=CARTESIAN_POINT('',(0.042,-0.011897813113389,0.00807592194788778));
#11025=CARTESIAN_POINT('',(0.042,-0.0123272597497869,0.00599768573241104));
#11026=CARTESIAN_POINT('',(0.042,-0.0123272597497869,0.0039194495169343));
#11027=CARTESIAN_POINT('',(0.042,-0.0123272597497869,0.0039194495169343));
#11028=CARTESIAN_POINT('',(0.042,-0.0123272597497869,0.00599768573241104));
#11029=CARTESIAN_POINT('',(0.042,-0.0117604139817991,0.0039194495169343));
#11030=CARTESIAN_POINT('',(0.042,-0.0111935682138113,0.0039194495169343));
#11031=CARTESIAN_POINT('',(0.042,-0.0111935682138113,0.0039194495169343));
#11032=CARTESIAN_POINT('',(0.042,-0.0117604139817991,0.0039194495169343));
#11033=CARTESIAN_POINT('',(0.042,-0.0111935682138113,0.00497700646917175));
#11034=CARTESIAN_POINT('',(0.042,-0.0111935682138113,0.0060345634214092));
#11035=CARTESIAN_POINT('',(0.042,-0.0111935682138113,0.0060345634214092));
#11036=CARTESIAN_POINT('',(0.042,-0.0111935682138113,0.00497700646917175));
#11037=CARTESIAN_POINT('',(0.042,-0.0108902194817297,0.00681553770616047));
#11038=CARTESIAN_POINT('',(0.042717167429139,-0.0108902194817297,0.00681553770616047));
#11039=CARTESIAN_POINT('',(0.042,-0.0110924519697841,0.00662956312400848));
#11040=CARTESIAN_POINT('',(0.042717167429139,-0.0110924519697841,0.00662956312400848));
#11041=CARTESIAN_POINT('',(0.042,-0.0111935682138113,0.00636923836242472));
#11042=CARTESIAN_POINT('',(0.042717167429139,-0.0111935682138113,0.00636923836242472));
#11043=CARTESIAN_POINT('',(0.042,-0.0111935682138113,0.0060345634214092));
#11044=CARTESIAN_POINT('',(0.042717167429139,-0.0111935682138113,0.0060345634214092));
#11045=CARTESIAN_POINT('',(0.042,-0.0108902194817297,0.00681553770616047));
#11046=CARTESIAN_POINT('',(0.042,-0.0108902194817297,0.00681553770616047));
#11047=CARTESIAN_POINT('',(0.042,-0.0108902194817297,0.00681553770616047));
#11048=CARTESIAN_POINT('',(0.042,-0.0111935682138113,0.00653657583293248));
#11049=CARTESIAN_POINT('',(0.042,-0.0111935682138113,0.0060345634214092));
#11050=CARTESIAN_POINT('',(0.042,-0.0100444118405139,0.00709449957938846));
#11051=CARTESIAN_POINT('',(0.042717167429139,-0.0100444118405139,0.00709449957938846));
#11052=CARTESIAN_POINT('',(0.042,-0.01040605111327,0.00709449957938846));
#11053=CARTESIAN_POINT('',(0.042717167429139,-0.01040605111327,0.00709449957938846));
#11054=CARTESIAN_POINT('',(0.042,-0.0106879869936753,0.00700151228831246));
#11055=CARTESIAN_POINT('',(0.042717167429139,-0.0106879869936753,0.00700151228831246));
#11056=CARTESIAN_POINT('',(0.042,-0.0108902194817297,0.00681553770616047));
#11057=CARTESIAN_POINT('',(0.042717167429139,-0.0108902194817297,0.00681553770616047));
#11058=CARTESIAN_POINT('',(0.042,-0.0100444118405139,0.00709449957938846));
#11059=CARTESIAN_POINT('',(0.042,-0.0100444118405139,0.00709449957938846));
#11060=CARTESIAN_POINT('',(0.042,-0.0100444118405139,0.00709449957938846));
#11061=CARTESIAN_POINT('',(0.042,-0.0105868707496481,0.00709449957938846));
#11062=CARTESIAN_POINT('',(0.042,-0.0108902194817297,0.00681553770616047));
#11063=CARTESIAN_POINT('',(0.0419999999999999,-0.0100168189083773,0.00576935292996144));
#11064=CARTESIAN_POINT('',(0.042,-0.00971008372126289,0.00705823846380083));
#11065=CARTESIAN_POINT('',(0.042,-0.00971008372126289,0.00705823846380083));
#11066=CARTESIAN_POINT('',(0.042,-0.0100168189083773,0.00576935292996144));
#11067=CARTESIAN_POINT('',(0.042,-0.00966730773043601,0.00758877957225084));
#11068=CARTESIAN_POINT('',(0.042,-0.00966730773043601,0.00758877957225084));
#11069=CARTESIAN_POINT('',(0.042,-6.93889390390723E-18,0.00591738753862473));
#11070=CARTESIAN_POINT('',(0.042,-0.0140837083886829,0.0039194495169343));
#11071=CARTESIAN_POINT('',(0.042,-0.0135168626206951,0.0039194495169343));
#11072=CARTESIAN_POINT('',(0.042,-0.0135168626206951,0.0039194495169343));
#11073=CARTESIAN_POINT('',(0.042,-0.0140837083886829,0.0039194495169343));
#11074=CARTESIAN_POINT('',(0.042,-0.0146505541566707,0.0039194495169343));
#11075=CARTESIAN_POINT('',(0.042,-0.0146505541566707,0.0039194495169343));
#11076=CARTESIAN_POINT('',(0.042,-0.0135168626206951,0.00599768573241104));
#11077=CARTESIAN_POINT('',(0.042,-0.0135168626206951,0.00807592194788778));
#11078=CARTESIAN_POINT('',(0.042,-0.0135168626206951,0.00807592194788778));
#11079=CARTESIAN_POINT('',(0.042,-0.0135168626206951,0.00599768573241104));
#11080=CARTESIAN_POINT('',(0.042,-0.0140837083886829,0.00807592194788778));
#11081=CARTESIAN_POINT('',(0.042,-0.0146505541566707,0.00807592194788778));
#11082=CARTESIAN_POINT('',(0.042,-0.0146505541566707,0.00807592194788778));
#11083=CARTESIAN_POINT('',(0.042,-0.0140837083886829,0.00807592194788778));
#11084=CARTESIAN_POINT('',(0.042,-0.0146505541566707,0.00599768573241104));
#11085=CARTESIAN_POINT('',(0.042,-0.0146505541566707,0.00599768573241104));
#11086=CARTESIAN_POINT('',(0.042,-6.93889390390723E-18,0.00591738753862473));
#11087=CARTESIAN_POINT('',(0.042,-0.014699327874378,0.00915013334031794));
#11088=CARTESIAN_POINT('',(0.042717167429139,-0.014699327874378,0.00915013334031794));
#11089=CARTESIAN_POINT('',(0.042,-0.014699327874378,0.00951970329888011));
#11090=CARTESIAN_POINT('',(0.042717167429139,-0.014699327874378,0.00951970329888011));
#11091=CARTESIAN_POINT('',(0.042,-0.0144935265777108,0.00970448827816119));
#11092=CARTESIAN_POINT('',(0.042717167429139,-0.0144935265777108,0.00970448827816119));
#11093=CARTESIAN_POINT('',(0.042,-0.0140819239843766,0.00970448827816119));
#11094=CARTESIAN_POINT('',(0.042717167429139,-0.0140819239843766,0.00970448827816119));
#11095=CARTESIAN_POINT('',(0.042,-0.014699327874378,0.00915013334031794));
#11096=CARTESIAN_POINT('',(0.042,-0.014699327874378,0.00915013334031794));
#11097=CARTESIAN_POINT('',(0.042,-0.014699327874378,0.00915013334031794));
#11098=CARTESIAN_POINT('',(0.042,-0.014699327874378,0.00970448827816119));
#11099=CARTESIAN_POINT('',(0.042,-0.0140819239843766,0.00970448827816119));
#11100=CARTESIAN_POINT('',(0.042,-0.0140819239843766,0.00970448827816119));
#11101=CARTESIAN_POINT('',(0.042,-0.0140819239843766,0.00970448827816119));
#11102=CARTESIAN_POINT('',(0.042,-0.0140819239843766,0.00859220959386196));
#11103=CARTESIAN_POINT('',(0.042717167429139,-0.0140819239843766,0.00859220959386196));
#11104=CARTESIAN_POINT('',(0.042,-0.0144935265777108,0.00859220959386196));
#11105=CARTESIAN_POINT('',(0.042717167429139,-0.0144935265777108,0.00859220959386196));
#11106=CARTESIAN_POINT('',(0.042,-0.014699327874378,0.00877818417601395));
#11107=CARTESIAN_POINT('',(0.042717167429139,-0.014699327874378,0.00877818417601395));
#11108=CARTESIAN_POINT('',(0.042,-0.014699327874378,0.00915013334031794));
#11109=CARTESIAN_POINT('',(0.042717167429139,-0.014699327874378,0.00915013334031794));
#11110=CARTESIAN_POINT('',(0.042,-0.0140819239843766,0.00859220959386196));
#11111=CARTESIAN_POINT('',(0.042,-0.0140819239843766,0.00859220959386196));
#11112=CARTESIAN_POINT('',(0.042,-0.0140819239843766,0.00859220959386196));
#11113=CARTESIAN_POINT('',(0.042,-0.014699327874378,0.00859220959386196));
#11114=CARTESIAN_POINT('',(0.042,-0.014699327874378,0.00915013334031794));
#11115=CARTESIAN_POINT('',(0.042,-0.0136185736661578,0.00873912554841913));
#11116=CARTESIAN_POINT('',(0.042717167429139,-0.0136185736661578,0.00873912554841913));
#11117=CARTESIAN_POINT('',(0.042,-0.0137212760473462,0.00864118157871435));
#11118=CARTESIAN_POINT('',(0.042717167429139,-0.0137212760473462,0.00864118157871435));
#11119=CARTESIAN_POINT('',(0.042,-0.0138757261534191,0.00859220959386196));
#11120=CARTESIAN_POINT('',(0.042717167429139,-0.0138757261534191,0.00859220959386196));
#11121=CARTESIAN_POINT('',(0.042,-0.0140819239843766,0.00859220959386196));
#11122=CARTESIAN_POINT('',(0.042717167429139,-0.0140819239843766,0.00859220959386196));
#11123=CARTESIAN_POINT('',(0.042,-0.0136185736661578,0.00873912554841913));
#11124=CARTESIAN_POINT('',(0.042,-0.0136185736661578,0.00873912554841913));
#11125=CARTESIAN_POINT('',(0.042,-0.0136185736661578,0.00873912554841913));
#11126=CARTESIAN_POINT('',(0.042,-0.0137726272379404,0.00859220959386196));
#11127=CARTESIAN_POINT('',(0.042,-0.0140819239843766,0.00859220959386196));
#11128=CARTESIAN_POINT('',(0.042,-0.0134645200943752,0.00915013334031794));
#11129=CARTESIAN_POINT('',(0.042717167429139,-0.0134645200943752,0.00915013334031794));
#11130=CARTESIAN_POINT('',(0.042,-0.0134645200943752,0.00897407211542351));
#11131=CARTESIAN_POINT('',(0.042717167429139,-0.0134645200943752,0.00897407211542351));
#11132=CARTESIAN_POINT('',(0.042,-0.0135158712849694,0.00883706951812391));
#11133=CARTESIAN_POINT('',(0.042717167429139,-0.0135158712849694,0.00883706951812391));
#11134=CARTESIAN_POINT('',(0.042,-0.0136185736661578,0.00873912554841913));
#11135=CARTESIAN_POINT('',(0.042717167429139,-0.0136185736661578,0.00873912554841913));
#11136=CARTESIAN_POINT('',(0.042,-0.0134645200943752,0.00915013334031794));
#11137=CARTESIAN_POINT('',(0.042,-0.0134645200943752,0.00915013334031794));
#11138=CARTESIAN_POINT('',(0.042,-0.0134645200943752,0.00915013334031794));
#11139=CARTESIAN_POINT('',(0.042,-0.0134645200943752,0.0088860415029763));
#11140=CARTESIAN_POINT('',(0.042,-0.0136185736661578,0.00873912554841913));
#11141=CARTESIAN_POINT('',(0.042,-0.0140819239843766,0.00970448827816119));
#11142=CARTESIAN_POINT('',(0.042717167429139,-0.0140819239843766,0.00970448827816119));
#11143=CARTESIAN_POINT('',(0.042,-0.0136703213910423,0.00970448827816119));
#11144=CARTESIAN_POINT('',(0.042717167429139,-0.0136703213910423,0.00970448827816119));
#11145=CARTESIAN_POINT('',(0.042,-0.0134645200943752,0.00951970329888011));
#11146=CARTESIAN_POINT('',(0.042717167429139,-0.0134645200943752,0.00951970329888011));
#11147=CARTESIAN_POINT('',(0.042,-0.0134645200943752,0.00915013334031794));
#11148=CARTESIAN_POINT('',(0.042717167429139,-0.0134645200943752,0.00915013334031794));
#11149=CARTESIAN_POINT('',(0.042,-0.0140819239843766,0.00970448827816119));
#11150=CARTESIAN_POINT('',(0.042,-0.0134645200943752,0.00970448827816119));
#11151=CARTESIAN_POINT('',(0.042,-0.0134645200943752,0.00915013334031794));
#11152=CARTESIAN_POINT('',(0.042,-6.93889390390723E-18,0.00591738753862473));
#11153=CARTESIAN_POINT('',(0.042,-0.0157919781113072,0.00722416629231746));
#11154=CARTESIAN_POINT('',(0.042,-0.0153012669270576,0.00722416629231746));
#11155=CARTESIAN_POINT('',(0.042,-0.0153012669270576,0.00722416629231746));
#11156=CARTESIAN_POINT('',(0.042,-0.0157919781113072,0.00722416629231746));
#11157=CARTESIAN_POINT('',(0.042,-0.0162826892955568,0.00722416629231746));
#11158=CARTESIAN_POINT('',(0.042,-0.0162826892955568,0.00722416629231746));
#11159=CARTESIAN_POINT('',(0.042,-0.0153012669270576,0.00765004412010262));
#11160=CARTESIAN_POINT('',(0.042,-0.0153012669270576,0.00807592194788778));
#11161=CARTESIAN_POINT('',(0.042,-0.0153012669270576,0.00807592194788778));
#11162=CARTESIAN_POINT('',(0.042,-0.0153012669270576,0.00765004412010262));
#11163=CARTESIAN_POINT('',(0.042,-0.0157919781113072,0.00807592194788778));
#11164=CARTESIAN_POINT('',(0.042,-0.0162826892955568,0.00807592194788778));
#11165=CARTESIAN_POINT('',(0.042,-0.0162826892955568,0.00807592194788778));
#11166=CARTESIAN_POINT('',(0.042,-0.0157919781113072,0.00807592194788778));
#11167=CARTESIAN_POINT('',(0.042,-0.0162826892955568,0.00820618346225223));
#11168=CARTESIAN_POINT('',(0.042,-0.0162826892955568,0.00833644497661669));
#11169=CARTESIAN_POINT('',(0.042,-0.0162826892955568,0.00833644497661669));
#11170=CARTESIAN_POINT('',(0.042,-0.0162826892955568,0.00820618346225223));
#11171=CARTESIAN_POINT('',(0.042,-0.0161744354343042,0.00870224785942098));
#11172=CARTESIAN_POINT('',(0.042717167429139,-0.0161744354343042,0.00870224785942098));
#11173=CARTESIAN_POINT('',(0.042,-0.0162466046751393,0.00860668309545801));
#11174=CARTESIAN_POINT('',(0.042717167429139,-0.0162466046751393,0.00860668309545801));
#11175=CARTESIAN_POINT('',(0.042,-0.0162826892955568,0.00848474880118992));
#11176=CARTESIAN_POINT('',(0.042717167429139,-0.0162826892955568,0.00848474880118992));
#11177=CARTESIAN_POINT('',(0.042,-0.0162826892955568,0.00833644497661669));
#11178=CARTESIAN_POINT('',(0.042717167429139,-0.0162826892955568,0.00833644497661669));
#11179=CARTESIAN_POINT('',(0.042,-0.0161744354343042,0.00870224785942098));
#11180=CARTESIAN_POINT('',(0.042,-0.0161744354343042,0.00870224785942098));
#11181=CARTESIAN_POINT('',(0.042,-0.0161744354343042,0.00870224785942098));
#11182=CARTESIAN_POINT('',(0.042,-0.0162826892955568,0.00855890071347653));
#11183=CARTESIAN_POINT('',(0.042,-0.0162826892955568,0.00833644497661669));
#11184=CARTESIAN_POINT('',(0.042,-0.0158246921902572,0.00884559500536542));
#11185=CARTESIAN_POINT('',(0.042717167429139,-0.0158246921902572,0.00884559500536542));
#11186=CARTESIAN_POINT('',(0.042,-0.0159856851121201,0.00884559500536542));
#11187=CARTESIAN_POINT('',(0.042717167429139,-0.0159856851121201,0.00884559500536542));
#11188=CARTESIAN_POINT('',(0.042,-0.0161022661934691,0.00879781262338394));
#11189=CARTESIAN_POINT('',(0.042717167429139,-0.0161022661934691,0.00879781262338394));
#11190=CARTESIAN_POINT('',(0.042,-0.0161744354343042,0.00870224785942098));
#11191=CARTESIAN_POINT('',(0.042717167429139,-0.0161744354343042,0.00870224785942098));
#11192=CARTESIAN_POINT('',(0.042,-0.0158246921902572,0.00884559500536542));
#11193=CARTESIAN_POINT('',(0.042,-0.0158246921902572,0.00884559500536542));
#11194=CARTESIAN_POINT('',(0.042,-0.0158246921902572,0.00884559500536542));
#11195=CARTESIAN_POINT('',(0.042,-0.0160661815730515,0.00884559500536542));
#11196=CARTESIAN_POINT('',(0.042,-0.0161744354343042,0.00870224785942098));
#11197=CARTESIAN_POINT('',(0.0419999999999999,-0.0158686167553386,0.00672789079281897));
#11198=CARTESIAN_POINT('',(0.042,-0.015193307736009,0.00873649592076101));
#11199=CARTESIAN_POINT('',(0.042,-0.0151933077215503,0.00873649589124698));
#11200=CARTESIAN_POINT('',(0.042,-0.0158686167553386,0.00672789079281897));
#11201=CARTESIAN_POINT('',(0.042,-0.0150478815155541,0.00915370214893066));
#11202=CARTESIAN_POINT('',(0.042,-0.0149027499653033,0.00957006315374855));
#11203=CARTESIAN_POINT('',(0.042,-0.0149027499653033,0.00957006315374855));
#11204=CARTESIAN_POINT('',(0.042,-0.0150478815155541,0.00915370214893066));
#11205=CARTESIAN_POINT('',(0.042,-0.0159472212859607,0.00974493477577207));
#11206=CARTESIAN_POINT('',(0.042717167429139,-0.0159472212859607,0.00974493477577207));
#11207=CARTESIAN_POINT('',(0.042,-0.0155562384757222,0.00974493477577207));
#11208=CARTESIAN_POINT('',(0.042717167429139,-0.0155562384757222,0.00974493477577207));
#11209=CARTESIAN_POINT('',(0.042,-0.0152080813688364,0.00968664423509756));
#11210=CARTESIAN_POINT('',(0.042717167429139,-0.0152080813688364,0.00968664423509756));
#11211=CARTESIAN_POINT('',(0.042,-0.0149027499653033,0.00957006315374855));
#11212=CARTESIAN_POINT('',(0.042717167429139,-0.0149027499653033,0.00957006315374855));
#11213=CARTESIAN_POINT('',(0.042,-0.0159472212859607,0.00974493477577207));
#11214=CARTESIAN_POINT('',(0.042,-0.0159472212859607,0.00974493477577207));
#11215=CARTESIAN_POINT('',(0.042,-0.0159472212859607,0.00974493477577207));
#11216=CARTESIAN_POINT('',(0.042,-0.0153607470706029,0.00974493477577207));
#11217=CARTESIAN_POINT('',(0.042,-0.0149027499653033,0.00957006315374855));
#11218=CARTESIAN_POINT('',(0.042,-0.0170666375874854,0.0094177939862723));
#11219=CARTESIAN_POINT('',(0.042717167429139,-0.0170666375874854,0.0094177939862723));
#11220=CARTESIAN_POINT('',(0.042,-0.0168334754247874,0.00963588784593881));
#11221=CARTESIAN_POINT('',(0.042717167429139,-0.0168334754247874,0.00963588784593881));
#11222=CARTESIAN_POINT('',(0.042,-0.0164603366576125,0.00974493477577207));
#11223=CARTESIAN_POINT('',(0.042717167429139,-0.0164603366576125,0.00974493477577207));
#11224=CARTESIAN_POINT('',(0.042,-0.0159472212859607,0.00974493477577207));
#11225=CARTESIAN_POINT('',(0.042717167429139,-0.0159472212859607,0.00974493477577207));
#11226=CARTESIAN_POINT('',(0.042,-0.0170666375874854,0.0094177939862723));
#11227=CARTESIAN_POINT('',(0.042,-0.0170666375874854,0.0094177939862723));
#11228=CARTESIAN_POINT('',(0.042,-0.0170666375874854,0.0094177939862723));
#11229=CARTESIAN_POINT('',(0.042,-0.0167168943434384,0.00974493477577207));
#11230=CARTESIAN_POINT('',(0.042,-0.0159472212859607,0.00974493477577207));
#11231=CARTESIAN_POINT('',(0.042,-0.0174163808315325,0.00838046028284029));
#11232=CARTESIAN_POINT('',(0.0427171674291391,-0.0174163808315325,0.00838046028284029));
#11233=CARTESIAN_POINT('',(0.042,-0.0174163808315325,0.00885392222546178));
#11234=CARTESIAN_POINT('',(0.0427171674291391,-0.0174163808315325,0.00885392222546178));
#11235=CARTESIAN_POINT('',(0.042,-0.0172997997501834,0.00919970012660578));
#11236=CARTESIAN_POINT('',(0.0427171674291391,-0.0172997997501834,0.00919970012660578));
#11237=CARTESIAN_POINT('',(0.042,-0.0170666375874854,0.0094177939862723));
#11238=CARTESIAN_POINT('',(0.0427171674291391,-0.0170666375874854,0.0094177939862723));
#11239=CARTESIAN_POINT('',(0.042,-0.0174163808315325,0.00838046028284029));
#11240=CARTESIAN_POINT('',(0.042,-0.0174163808315325,0.00838046028284029));
#11241=CARTESIAN_POINT('',(0.042,-0.0174163808315325,0.00838046028284029));
#11242=CARTESIAN_POINT('',(0.042,-0.0174163808315325,0.00909065319677252));
#11243=CARTESIAN_POINT('',(0.042,-0.0170666375874854,0.0094177939862723));
#11244=CARTESIAN_POINT('',(0.042,-0.0174163808315325,0.00822819111536403));
#11245=CARTESIAN_POINT('',(0.042,-0.0174163808315325,0.00807592194788778));
#11246=CARTESIAN_POINT('',(0.042,-0.0174163808315325,0.00807592194788778));
#11247=CARTESIAN_POINT('',(0.042,-0.0174163808315325,0.00822819111536403));
#11248=CARTESIAN_POINT('',(0.042,-0.0177286515851458,0.00792365278041152));
#11249=CARTESIAN_POINT('',(0.042,-0.0180409223387593,0.00777138361293526));
#11250=CARTESIAN_POINT('',(0.042,-0.0180409223387593,0.00777138361293526));
#11251=CARTESIAN_POINT('',(0.042,-0.0177286515851458,0.00792365278041152));
#11252=CARTESIAN_POINT('',(0.042,-0.0180409223387593,0.00749777495262636));
#11253=CARTESIAN_POINT('',(0.042,-0.0180409223387593,0.00722416629231746));
#11254=CARTESIAN_POINT('',(0.042,-0.0180409223387593,0.00722416629231746));
#11255=CARTESIAN_POINT('',(0.042,-0.0180409223387593,0.00749777495262636));
#11256=CARTESIAN_POINT('',(0.042,-0.0177286515851458,0.00722416629231746));
#11257=CARTESIAN_POINT('',(0.042,-0.0174163808315325,0.00722416629231746));
#11258=CARTESIAN_POINT('',(0.042,-0.0174163808315325,0.00722416629231746));
#11259=CARTESIAN_POINT('',(0.042,-0.0177286515851458,0.00722416629231746));
#11260=CARTESIAN_POINT('',(0.042,-0.0174163808315325,0.00557180790462588));
#11261=CARTESIAN_POINT('',(0.042,-0.0174163808315325,0.0039194495169343));
#11262=CARTESIAN_POINT('',(0.042,-0.0174163808315325,0.0039194495169343));
#11263=CARTESIAN_POINT('',(0.042,-0.0174163808315325,0.00557180790462588));
#11264=CARTESIAN_POINT('',(0.042,-0.0168495350635447,0.0039194495169343));
#11265=CARTESIAN_POINT('',(0.042,-0.0162826892955568,0.0039194495169343));
#11266=CARTESIAN_POINT('',(0.042,-0.0162826892955568,0.0039194495169343));
#11267=CARTESIAN_POINT('',(0.042,-0.0168495350635447,0.0039194495169343));
#11268=CARTESIAN_POINT('',(0.042,-0.0162826892955568,0.00557180790462588));
#11269=CARTESIAN_POINT('',(0.042,-0.0162826892955568,0.00557180790462588));
#11270=CARTESIAN_POINT('',(0.042,-6.93889390390723E-18,0.00591738753862473));
#11271=CARTESIAN_POINT('',(0.042,-0.0219035628605984,0.00807592194788778));
#11272=CARTESIAN_POINT('',(0.042,-0.0225245355592125,0.00807592194788778));
#11273=CARTESIAN_POINT('',(0.042,-0.0225245355592125,0.00807592194788778));
#11274=CARTESIAN_POINT('',(0.042,-0.0219035628605984,0.00807592194788778));
#11275=CARTESIAN_POINT('',(0.042,-0.0212825901619843,0.00807592194788778));
#11276=CARTESIAN_POINT('',(0.042,-0.0212825901619843,0.00807592194788778));
#11277=CARTESIAN_POINT('',(0.042,-0.0216989511668022,0.00601255576829739));
#11278=CARTESIAN_POINT('',(0.042,-0.0208733667743919,0.00394918958870701));
#11279=CARTESIAN_POINT('',(0.042,-0.0208733667743919,0.00394918958870701));
#11280=CARTESIAN_POINT('',(0.042,-0.0216989511668022,0.00601255576829739));
#11281=CARTESIAN_POINT('',(0.042,-0.0209072704562128,0.0038468837418089));
#11282=CARTESIAN_POINT('',(0.042,-0.0209411741380336,0.00374457789491079));
#11283=CARTESIAN_POINT('',(0.042,-0.0209411741380336,0.00374457789491079));
#11284=CARTESIAN_POINT('',(0.042,-0.0209072704562128,0.0038468837418089));
#11285=CARTESIAN_POINT('',(0.042,-0.0212921069849515,0.00318903335419663));
#11286=CARTESIAN_POINT('',(0.042717167429139,-0.0212921069849515,0.00318903335419663));
#11287=CARTESIAN_POINT('',(0.042,-0.0211422170232171,0.00331195898419048));
#11288=CARTESIAN_POINT('',(0.042717167429139,-0.0211422170232171,0.00331195898419048));
#11289=CARTESIAN_POINT('',(0.042,-0.0210252394075778,0.00349714049776187));
#11290=CARTESIAN_POINT('',(0.042717167429139,-0.0210252394075778,0.00349714049776187));
#11291=CARTESIAN_POINT('',(0.042,-0.0209411741380336,0.00374457789491079));
#11292=CARTESIAN_POINT('',(0.042717167429139,-0.0209411741380336,0.00374457789491079));
#11293=CARTESIAN_POINT('',(0.042,-0.0212921069849515,0.00318903335419663));
#11294=CARTESIAN_POINT('',(0.042,-0.0212921069849515,0.00318903335419663));
#11295=CARTESIAN_POINT('',(0.042,-0.0212921069849515,0.00318903335419663));
#11296=CARTESIAN_POINT('',(0.042,-0.0210672720423499,0.00337342179918741));
#11297=CARTESIAN_POINT('',(0.042,-0.0209411741380336,0.00374457789491079));
#11298=CARTESIAN_POINT('',(0.042,-0.0218033299258539,0.00380772820619188));
#11299=CARTESIAN_POINT('',(0.042,-0.021817911453893,0.00300464490920585));
#11300=CARTESIAN_POINT('',(0.042,-0.0218179065377906,0.00300492815492374));
#11301=CARTESIAN_POINT('',(0.042,-0.0218033299258539,0.00380772820619188));
#11302=CARTESIAN_POINT('',(0.0419999999999998,-0.021835695258595,0.00493094210685012));
#11303=CARTESIAN_POINT('',(0.042,-0.0222640125304836,0.00305309951971557));
#11304=CARTESIAN_POINT('',(0.042,-0.0222640125304836,0.00305309951971557));
#11305=CARTESIAN_POINT('',(0.042,-0.021835695258595,0.00493094210685012));
#11306=CARTESIAN_POINT('',(0.042,-0.0222640125304836,0.00260374874170977));
#11307=CARTESIAN_POINT('',(0.042,-0.0222640125304836,0.00215404148389419));
#11308=CARTESIAN_POINT('',(0.042,-0.0222640125304836,0.00215404148389419));
#11309=CARTESIAN_POINT('',(0.042,-0.0222640125304836,0.00260374874170977));
#11310=CARTESIAN_POINT('',(0.0419999999999998,-0.0216919114796454,0.004672980219862));
#11311=CARTESIAN_POINT('',(0.042,-0.021688244740964,0.0020898403014774));
#11312=CARTESIAN_POINT('',(0.042,-0.021688244740964,0.0020898403014774));
#11313=CARTESIAN_POINT('',(0.042,-0.0216919114796454,0.004672980219862));
#11314=CARTESIAN_POINT('',(0.042,-0.0206419890160002,0.00241341228236444));
#11315=CARTESIAN_POINT('',(0.042717167429139,-0.0206419890160002,0.00241341228236444));
#11316=CARTESIAN_POINT('',(0.042,-0.0209405793365982,0.00219769762843975));
#11317=CARTESIAN_POINT('',(0.042717167429139,-0.0209405793365982,0.00219769762843975));
#11318=CARTESIAN_POINT('',(0.042,-0.0212893312449194,0.0020898403014774));
#11319=CARTESIAN_POINT('',(0.042717167429139,-0.0212893312449194,0.0020898403014774));
#11320=CARTESIAN_POINT('',(0.042,-0.021688244740964,0.0020898403014774));
#11321=CARTESIAN_POINT('',(0.042717167429139,-0.021688244740964,0.0020898403014774));
#11322=CARTESIAN_POINT('',(0.042,-0.0206419890160002,0.00241341228236444));
#11323=CARTESIAN_POINT('',(0.042,-0.0206419890160002,0.00241341228236444));
#11324=CARTESIAN_POINT('',(0.042,-0.0206419890160002,0.00241341228236444));
#11325=CARTESIAN_POINT('',(0.042,-0.0210898744968971,0.0020898403014774));
#11326=CARTESIAN_POINT('',(0.042,-0.021688244740964,0.0020898403014774));
#11327=CARTESIAN_POINT('',(0.042,-0.0199514245494379,0.00338769703363831));
#11328=CARTESIAN_POINT('',(0.0427171674291391,-0.0199514245494379,0.00338769703363831));
#11329=CARTESIAN_POINT('',(0.042,-0.0201132105398815,0.0029538885200471));
#11330=CARTESIAN_POINT('',(0.0427171674291391,-0.0201132105398815,0.0029538885200471));
#11331=CARTESIAN_POINT('',(0.042,-0.0203433986954022,0.00262912693628914));
#11332=CARTESIAN_POINT('',(0.0427171674291391,-0.0203433986954022,0.00262912693628914));
#11333=CARTESIAN_POINT('',(0.042,-0.0206419890160002,0.00241341228236444));
#11334=CARTESIAN_POINT('',(0.0427171674291391,-0.0206419890160002,0.00241341228236444));
#11335=CARTESIAN_POINT('',(0.042,-0.0199514245494379,0.00338769703363831));
#11336=CARTESIAN_POINT('',(0.042,-0.0199514245494379,0.00338769703363831));
#11337=CARTESIAN_POINT('',(0.042,-0.0199514245494379,0.00338769703363831));
#11338=CARTESIAN_POINT('',(0.042,-0.0201941035351033,0.00273698426325149));
#11339=CARTESIAN_POINT('',(0.042,-0.0206419890160002,0.00241341228236444));
#11340=CARTESIAN_POINT('',(0.042,-0.0190723080278367,0.00573180949076304));
#11341=CARTESIAN_POINT('',(0.042,-0.0181931915062356,0.00807592194788778));
#11342=CARTESIAN_POINT('',(0.042,-0.0181931915062356,0.00807592194788778));
#11343=CARTESIAN_POINT('',(0.042,-0.0190723080278367,0.00573180949076304));
#11344=CARTESIAN_POINT('',(0.042,-0.0188010785732696,0.00807592194788778));
#11345=CARTESIAN_POINT('',(0.042,-0.0194089656403038,0.00807592194788778));
#11346=CARTESIAN_POINT('',(0.042,-0.0194089656403038,0.00807592194788778));
#11347=CARTESIAN_POINT('',(0.042,-0.0188010785732696,0.00807592194788778));
#11348=CARTESIAN_POINT('',(0.042,-0.0197938021690426,0.00690654232578495));
#11349=CARTESIAN_POINT('',(0.042,-0.0201786386977814,0.00573716270368213));
#11350=CARTESIAN_POINT('',(0.042,-0.0201787618801732,0.00573720542211725));
#11351=CARTESIAN_POINT('',(0.042,-0.0197938021690426,0.00690654232578495));
#11352=CARTESIAN_POINT('',(0.0419999999999999,-0.0171889093621805,0.00470035414055156));
#11353=CARTESIAN_POINT('',(0.042,-0.0203377671263107,0.00501626336391172));
#11354=CARTESIAN_POINT('',(0.042,-0.0203377671263107,0.00501626336391172));
#11355=CARTESIAN_POINT('',(0.042,-0.0171889093621805,0.00470035414055156));
#11356=CARTESIAN_POINT('',(0.042,-0.0203493467097568,0.00501626336391172));
#11357=CARTESIAN_POINT('',(0.042,-0.0203615572599445,0.00501626336391172));
#11358=CARTESIAN_POINT('',(0.042,-0.0203615572599445,0.00501626336391172));
#11359=CARTESIAN_POINT('',(0.042,-0.0203493467097568,0.00501626336391172));
#11360=CARTESIAN_POINT('',(0.0419999999999998,-0.0235756397691625,0.00478296346595064));
#11361=CARTESIAN_POINT('',(0.042,-0.0204986418700558,0.00573716270368213));
#11362=CARTESIAN_POINT('',(0.04200000025,-0.0204981718005678,0.00573730847562017));
#11363=CARTESIAN_POINT('',(0.042,-0.0235756397691625,0.00478296346595064));
#11364=CARTESIAN_POINT('',(0.042,-0.02089061601602,0.00690654232578495));
#11365=CARTESIAN_POINT('',(0.042,-0.02089061601602,0.00690654232578495));
#11366=CARTESIAN_POINT('',(0.042,-6.93889390390723E-18,0.00591738753862473));
#11367=CARTESIAN_POINT('',(0.042,-0.0262509665523326,0.0039194495169343));
#11368=CARTESIAN_POINT('',(0.042,-0.0256841207843449,0.0039194495169343));
#11369=CARTESIAN_POINT('',(0.042,-0.0256841207843449,0.0039194495169343));
#11370=CARTESIAN_POINT('',(0.042,-0.0262509665523326,0.0039194495169343));
#11371=CARTESIAN_POINT('',(0.042,-0.0268178123203205,0.0039194495169343));
#11372=CARTESIAN_POINT('',(0.042,-0.0268178123203205,0.0039194495169343));
#11373=CARTESIAN_POINT('',(0.042,-0.0256841207843449,0.0049621364332854));
#11374=CARTESIAN_POINT('',(0.042,-0.0256841207843449,0.00600482334963649));
#11375=CARTESIAN_POINT('',(0.042,-0.0256841207843449,0.00600482334963649));
#11376=CARTESIAN_POINT('',(0.042,-0.0256841207843449,0.0049621364332854));
#11377=CARTESIAN_POINT('',(0.042,-0.0254777246862423,0.00694936802913765));
#11378=CARTESIAN_POINT('',(0.042717167429139,-0.0254777246862423,0.00694936802913765));
#11379=CARTESIAN_POINT('',(0.042,-0.0256153220849773,0.00675110088398628));
#11380=CARTESIAN_POINT('',(0.042717167429139,-0.0256153220849773,0.00675110088398628));
#11381=CARTESIAN_POINT('',(0.042,-0.0256841207843449,0.00643625265748589));
#11382=CARTESIAN_POINT('',(0.042717167429139,-0.0256841207843449,0.00643625265748589));
#11383=CARTESIAN_POINT('',(0.042,-0.0256841207843449,0.00600482334963649));
#11384=CARTESIAN_POINT('',(0.042717167429139,-0.0256841207843449,0.00600482334963649));
#11385=CARTESIAN_POINT('',(0.042,-0.0254777246862423,0.00694936802913765));
#11386=CARTESIAN_POINT('',(0.042,-0.0254777246862423,0.00694936802913765));
#11387=CARTESIAN_POINT('',(0.042,-0.0254777246862423,0.00694936802913765));
#11388=CARTESIAN_POINT('',(0.042,-0.0256841207843449,0.00665196731141059));
#11389=CARTESIAN_POINT('',(0.042,-0.0256841207843449,0.00600482334963649));
#11390=CARTESIAN_POINT('',(0.042,-0.0248549675833218,0.00724676874686472));
#11391=CARTESIAN_POINT('',(0.042717167429139,-0.0248549675833218,0.00724676874686472));
#11392=CARTESIAN_POINT('',(0.042,-0.0251325415865337,0.00724676874686472));
#11393=CARTESIAN_POINT('',(0.042717167429139,-0.0251325415865337,0.00724676874686472));
#11394=CARTESIAN_POINT('',(0.042,-0.0253401272875072,0.00714763517428903));
#11395=CARTESIAN_POINT('',(0.042717167429139,-0.0253401272875072,0.00714763517428903));
#11396=CARTESIAN_POINT('',(0.042,-0.0254777246862423,0.00694936802913765));
#11397=CARTESIAN_POINT('',(0.042717167429139,-0.0254777246862423,0.00694936802913765));
#11398=CARTESIAN_POINT('',(0.042,-0.0248549675833218,0.00724676874686472));
#11399=CARTESIAN_POINT('',(0.042,-0.0248549675833218,0.00724676874686472));
#11400=CARTESIAN_POINT('',(0.042,-0.0248549675833218,0.00724676874686472));
#11401=CARTESIAN_POINT('',(0.042,-0.0252713285881397,0.00724676874686472));
#11402=CARTESIAN_POINT('',(0.042,-0.0254777246862423,0.00694936802913765));
#11403=CARTESIAN_POINT('',(0.042,-0.0243809108392648,0.00702193380426306));
#11404=CARTESIAN_POINT('',(0.042717167429139,-0.0243809108392648,0.00702193380426306));
#11405=CARTESIAN_POINT('',(0.042,-0.0244812340147114,0.0071718237659975));
#11406=CARTESIAN_POINT('',(0.042717167429139,-0.0244812340147114,0.0071718237659975));
#11407=CARTESIAN_POINT('',(0.042,-0.0246392529293971,0.00724676874686472));
#11408=CARTESIAN_POINT('',(0.042717167429139,-0.0246392529293971,0.00724676874686472));
#11409=CARTESIAN_POINT('',(0.042,-0.0248549675833218,0.00724676874686472));
#11410=CARTESIAN_POINT('',(0.042717167429139,-0.0248549675833218,0.00724676874686472));
#11411=CARTESIAN_POINT('',(0.042,-0.0243809108392648,0.00702193380426306));
#11412=CARTESIAN_POINT('',(0.042,-0.0243809108392648,0.00702193380426306));
#11413=CARTESIAN_POINT('',(0.042,-0.0243809108392648,0.00702193380426306));
#11414=CARTESIAN_POINT('',(0.042,-0.0245313956024347,0.00724676874686472));
#11415=CARTESIAN_POINT('',(0.042,-0.0248549675833218,0.00724676874686472));
#11416=CARTESIAN_POINT('',(0.042,-0.0242304260760949,0.00634742897645807));
#11417=CARTESIAN_POINT('',(0.0427171674291391,-0.0242304260760949,0.00634742897645807));
#11418=CARTESIAN_POINT('',(0.042,-0.0242304260760949,0.00664720889992695));
#11419=CARTESIAN_POINT('',(0.0427171674291391,-0.0242304260760949,0.00664720889992695));
#11420=CARTESIAN_POINT('',(0.042,-0.0242805876638183,0.00687204384252861));
#11421=CARTESIAN_POINT('',(0.0427171674291391,-0.0242805876638183,0.00687204384252861));
#11422=CARTESIAN_POINT('',(0.042,-0.0243809108392648,0.00702193380426306));
#11423=CARTESIAN_POINT('',(0.0427171674291391,-0.0243809108392648,0.00702193380426306));
#11424=CARTESIAN_POINT('',(0.042,-0.0242304260760949,0.00634742897645807));
#11425=CARTESIAN_POINT('',(0.042,-0.0242304260760949,0.00634742897645807));
#11426=CARTESIAN_POINT('',(0.042,-0.0242304260760949,0.00634742897645807));
#11427=CARTESIAN_POINT('',(0.042,-0.0242304260760949,0.00679709886166139));
#11428=CARTESIAN_POINT('',(0.042,-0.0243809108392648,0.00702193380426306));
#11429=CARTESIAN_POINT('',(0.042,-0.0242304260760949,0.00513343924669619));
#11430=CARTESIAN_POINT('',(0.042,-0.0242304260760949,0.0039194495169343));
#11431=CARTESIAN_POINT('',(0.042,-0.0242304260760949,0.0039194495169343));
#11432=CARTESIAN_POINT('',(0.042,-0.0242304260760949,0.00513343924669619));
#11433=CARTESIAN_POINT('',(0.042,-0.0236617959038008,0.0039194495169343));
#11434=CARTESIAN_POINT('',(0.042,-0.0230931657315067,0.0039194495169343));
#11435=CARTESIAN_POINT('',(0.042,-0.0230931657315067,0.0039194495169343));
#11436=CARTESIAN_POINT('',(0.042,-0.0236617959038008,0.0039194495169343));
#11437=CARTESIAN_POINT('',(0.042,-0.0230931657315067,0.00527440718689882));
#11438=CARTESIAN_POINT('',(0.042,-0.0230931657315067,0.00662936485686333));
#11439=CARTESIAN_POINT('',(0.042,-0.0230931657315067,0.00662936485686333));
#11440=CARTESIAN_POINT('',(0.042,-0.0230931657315067,0.00527440718689882));
#11441=CARTESIAN_POINT('',(0.042,-0.0234553998056982,0.00779101206030525));
#11442=CARTESIAN_POINT('',(0.042717167429139,-0.0234553998056982,0.00779101206030525));
#11443=CARTESIAN_POINT('',(0.042,-0.0232139104229039,0.00754952267751087));
#11444=CARTESIAN_POINT('',(0.042717167429139,-0.0232139104229039,0.00754952267751087));
#11445=CARTESIAN_POINT('',(0.042,-0.0230931657315066,0.00716230694303023));
#11446=CARTESIAN_POINT('',(0.042717167429139,-0.0230931657315066,0.00716230694303023));
#11447=CARTESIAN_POINT('',(0.042,-0.0230931657315067,0.00662936485686333));
#11448=CARTESIAN_POINT('',(0.042717167429139,-0.0230931657315067,0.00662936485686333));
#11449=CARTESIAN_POINT('',(0.042,-0.0234553998056982,0.00779101206030525));
#11450=CARTESIAN_POINT('',(0.042,-0.0234553998056982,0.00779101206030525));
#11451=CARTESIAN_POINT('',(0.042,-0.0234553998056982,0.00779101206030525));
#11452=CARTESIAN_POINT('',(0.042,-0.0230931657315067,0.00742877798611368));
#11453=CARTESIAN_POINT('',(0.042,-0.0230931657315067,0.00662936485686333));
#11454=CARTESIAN_POINT('',(0.042,-0.0245242579852093,0.00815324613449681));
#11455=CARTESIAN_POINT('',(0.042717167429139,-0.0245242579852093,0.00815324613449681));
#11456=CARTESIAN_POINT('',(0.042,-0.0240531752483296,0.00815324613449681));
#11457=CARTESIAN_POINT('',(0.042717167429139,-0.0240531752483296,0.00815324613449681));
#11458=CARTESIAN_POINT('',(0.042,-0.0236968891884926,0.00803250144309962));
#11459=CARTESIAN_POINT('',(0.042717167429139,-0.0236968891884926,0.00803250144309962));
#11460=CARTESIAN_POINT('',(0.042,-0.0234553998056982,0.00779101206030525));
#11461=CARTESIAN_POINT('',(0.042717167429139,-0.0234553998056982,0.00779101206030525));
#11462=CARTESIAN_POINT('',(0.042,-0.0245242579852093,0.00815324613449681));
#11463=CARTESIAN_POINT('',(0.042,-0.0245242579852093,0.00815324613449681));
#11464=CARTESIAN_POINT('',(0.042,-0.0245242579852093,0.00815324613449681));
#11465=CARTESIAN_POINT('',(0.042,-0.0238176338798898,0.00815324613449681));
#11466=CARTESIAN_POINT('',(0.042,-0.0234553998056982,0.00779101206030525));
#11467=CARTESIAN_POINT('',(0.042,-0.0252582429565597,0.00799383934979511));
#11468=CARTESIAN_POINT('',(0.042717167429139,-0.0252582429565597,0.00799383934979511));
#11469=CARTESIAN_POINT('',(0.042,-0.0250417352340544,0.00810011053959624));
#11470=CARTESIAN_POINT('',(0.042717167429139,-0.0250417352340544,0.00810011053959624));
#11471=CARTESIAN_POINT('',(0.042,-0.0247970735769376,0.00815324613449681));
#11472=CARTESIAN_POINT('',(0.042717167429139,-0.0247970735769376,0.00815324613449681));
#11473=CARTESIAN_POINT('',(0.042,-0.0245242579852093,0.00815324613449681));
#11474=CARTESIAN_POINT('',(0.042717167429139,-0.0245242579852093,0.00815324613449681));
#11475=CARTESIAN_POINT('',(0.042,-0.0252582429565597,0.00799383934979511));
#11476=CARTESIAN_POINT('',(0.042,-0.0252582429565597,0.00799383934979511));
#11477=CARTESIAN_POINT('',(0.042,-0.0252582429565597,0.00799383934979511));
#11478=CARTESIAN_POINT('',(0.042,-0.0249334813728018,0.00815324613449681));
#11479=CARTESIAN_POINT('',(0.042,-0.0245242579852093,0.00815324613449681));
#11480=CARTESIAN_POINT('',(0.042,-0.0247836801236637,0.00697605770430761));
#11481=CARTESIAN_POINT('',(0.042,-0.0257513468695347,0.00754416946459178));
#11482=CARTESIAN_POINT('',(0.042,-0.0257513468695347,0.00754416946459178));
#11483=CARTESIAN_POINT('',(0.042,-0.0247836801236637,0.00697605770430761));
#11484=CARTESIAN_POINT('',(0.042,-0.0258007018656939,0.00754416946459178));
#11485=CARTESIAN_POINT('',(0.042,-0.025850665186272,0.00754416946459178));
#11486=CARTESIAN_POINT('',(0.042,-0.025850665186272,0.00754416946459178));
#11487=CARTESIAN_POINT('',(0.042,-0.0258007018656939,0.00754416946459178));
#11488=CARTESIAN_POINT('',(0.042,-0.0271152130380475,0.00815324613449681));
#11489=CARTESIAN_POINT('',(0.042717167429139,-0.0271152130380475,0.00815324613449681));
#11490=CARTESIAN_POINT('',(0.042,-0.0264934472708528,0.00815324613449681));
#11491=CARTESIAN_POINT('',(0.042717167429139,-0.0264934472708528,0.00815324613449681));
#11492=CARTESIAN_POINT('',(0.042,-0.026071931320261,0.0079502205778618));
#11493=CARTESIAN_POINT('',(0.042717167429139,-0.026071931320261,0.0079502205778618));
#11494=CARTESIAN_POINT('',(0.042,-0.025850665186272,0.00754416946459178));
#11495=CARTESIAN_POINT('',(0.042717167429139,-0.025850665186272,0.00754416946459178));
#11496=CARTESIAN_POINT('',(0.042,-0.0271152130380475,0.00815324613449681));
#11497=CARTESIAN_POINT('',(0.042,-0.0271152130380475,0.00815324613449681));
#11498=CARTESIAN_POINT('',(0.042,-0.0271152130380475,0.00815324613449681));
#11499=CARTESIAN_POINT('',(0.042,-0.0261825643872554,0.00815324613449681));
#11500=CARTESIAN_POINT('',(0.042,-0.025850665186272,0.00754416946459178));
#11501=CARTESIAN_POINT('',(0.042,-0.0278402759878661,0.00799205494548874));
#11502=CARTESIAN_POINT('',(0.0427171674291391,-0.0278402759878661,0.00799205494548874));
#11503=CARTESIAN_POINT('',(0.042,-0.0276297162797153,0.00809951573816079));
#11504=CARTESIAN_POINT('',(0.0427171674291391,-0.0276297162797153,0.00809951573816079));
#11505=CARTESIAN_POINT('',(0.042,-0.0273880286297758,0.00815324613449681));
#11506=CARTESIAN_POINT('',(0.0427171674291391,-0.0273880286297758,0.00815324613449681));
#11507=CARTESIAN_POINT('',(0.042,-0.0271152130380475,0.00815324613449681));
#11508=CARTESIAN_POINT('',(0.0427171674291391,-0.0271152130380475,0.00815324613449681));
#11509=CARTESIAN_POINT('',(0.0427171674291391,-0.0277831597319854,0.00801954134589533));
#11510=CARTESIAN_POINT('',(0.0427171674291391,-0.0278024124352827,0.00801082250885787));
#11511=CARTESIAN_POINT('',(0.0427170562377876,-0.0278214519310615,0.00800166194999732));
#11512=CARTESIAN_POINT('',(0.0427168411918274,-0.0278402759878661,0.00799205494548874));
#11513=CARTESIAN_POINT('',(0.0427168411918274,-0.0278402759878661,0.00799205494548874));
#11514=CARTESIAN_POINT('',(0.042,-0.0278402759878661,0.00799205494548874));
#11515=CARTESIAN_POINT('',(0.042,-0.0278402759878661,0.00799205494548874));
#11516=CARTESIAN_POINT('',(0.042,-0.0278402759878661,0.00799205494548874));
#11517=CARTESIAN_POINT('',(0.042,-0.0275244364256399,0.00815324613449681));
#11518=CARTESIAN_POINT('',(0.042,-0.0271152130380475,0.00815324613449681));
#11519=CARTESIAN_POINT('',(0.042,-0.0273347651559605,0.00695835181334333));
#11520=CARTESIAN_POINT('',(0.0427168448971246,-0.0278399579948733,0.00799140460511627));
#11521=CARTESIAN_POINT('',(0.0427145510346753,-0.028041875656074,0.00789266100043219));
#11522=CARTESIAN_POINT('',(0.042700255592821,-0.0282098493525698,0.00773745310231748));
#11523=CARTESIAN_POINT('',(0.0426878084564665,-0.0283242029626511,0.00754438125942037));
#11524=CARTESIAN_POINT('',(0.0426878469114037,-0.0283238495548903,0.00754416946459178));
#11525=CARTESIAN_POINT('',(0.042,-0.028324328374994,0.00754416946459178));
#11526=CARTESIAN_POINT('',(0.042,-0.028324328374994,0.00754416946459178));
#11527=CARTESIAN_POINT('',(0.042,-0.0273347651559605,0.00695835181334333));
#11528=CARTESIAN_POINT('',(0.042,-0.0283553740309693,0.00754416946459178));
#11529=CARTESIAN_POINT('',(0.0377171674291391,-0.0277831597319854,0.00754416946459178));
#11530=CARTESIAN_POINT('',(0.0426805835401945,-0.0283868985070484,0.00754416946459178));
#11531=CARTESIAN_POINT('',(0.042,-0.0283868985070484,0.00754416946459178));
#11532=CARTESIAN_POINT('',(0.042,-0.0283868985070484,0.00754416946459178));
#11533=CARTESIAN_POINT('',(0.042,-0.0283553740309693,0.00754416946459178));
#11534=CARTESIAN_POINT('',(0.042,-0.0284630330907865,0.00781004570623978));
#11535=CARTESIAN_POINT('',(0.0377171674291391,-0.0277831597319854,0.00543580046105143));
#11536=CARTESIAN_POINT('',(0.0426596821727506,-0.0285391676745247,0.00807592194788778));
#11537=CARTESIAN_POINT('',(0.042,-0.0285391676745247,0.00807592194788778));
#11538=CARTESIAN_POINT('',(0.042,-0.0285391676745247,0.00807592194788778));
#11539=CARTESIAN_POINT('',(0.042,-0.0284630330907865,0.00781004570623978));
#11540=CARTESIAN_POINT('',(0.042,-0.0289721831195353,0.00807592194788778));
#11541=CARTESIAN_POINT('',(0.0377171674291391,-0.0277831597319854,0.00807592194788778));
#11542=CARTESIAN_POINT('',(0.0424467540945535,-0.0294051985645459,0.00807592194788778));
#11543=CARTESIAN_POINT('',(0.042,-0.0294051985645459,0.00807592194788778));
#11544=CARTESIAN_POINT('',(0.042,-0.0294051985645459,0.00807592194788778));
#11545=CARTESIAN_POINT('',(0.042,-0.0289721831195353,0.00807592194788778));
#11546=CARTESIAN_POINT('',(0.042,-0.0294051985645459,0.00599768573241104));
#11547=CARTESIAN_POINT('',(0.0424467540945535,-0.0294051985645459,0.00807592194788778));
#11548=CARTESIAN_POINT('',(0.0424467540945535,-0.0294051985645459,0.0039194495169343));
#11549=CARTESIAN_POINT('',(0.042,-0.0294051985645459,0.0039194495169343));
#11550=CARTESIAN_POINT('',(0.042,-0.0294051985645459,0.0039194495169343));
#11551=CARTESIAN_POINT('',(0.042,-0.0294051985645459,0.00599768573241104));
#11552=CARTESIAN_POINT('',(0.042,-0.0288383527965582,0.0039194495169343));
#11553=CARTESIAN_POINT('',(0.0377171674291391,-0.0277831597319854,0.0039194495169343));
#11554=CARTESIAN_POINT('',(0.0426932619738516,-0.0282715070285704,0.0039194495169343));
#11555=CARTESIAN_POINT('',(0.042,-0.0282715070285704,0.0039194495169343));
#11556=CARTESIAN_POINT('',(0.042,-0.0282715070285704,0.0039194495169343));
#11557=CARTESIAN_POINT('',(0.042,-0.0288383527965582,0.0039194495169343));
#11558=CARTESIAN_POINT('',(0.042,-0.0282715070285704,0.0048973030768209));
#11559=CARTESIAN_POINT('',(0.0426932619738516,-0.0282715070285704,0.0039194495169343));
#11560=CARTESIAN_POINT('',(0.0426932619738516,-0.0282715070285704,0.00587515663670749));
#11561=CARTESIAN_POINT('',(0.042,-0.0282715070285704,0.00587515663670749));
#11562=CARTESIAN_POINT('',(0.042,-0.0282715070285704,0.00587515663670749));
#11563=CARTESIAN_POINT('',(0.042,-0.0282715070285704,0.0048973030768209));
#11564=CARTESIAN_POINT('',(0.042,-0.028074627753435,0.00692676557459039));
#11565=CARTESIAN_POINT('',(0.0427129168280162,-0.028074627753435,0.00692676557459039));
#11566=CARTESIAN_POINT('',(0.042,-0.0282058806035252,0.00671343012640751));
#11567=CARTESIAN_POINT('',(0.0427129168280162,-0.0282058806035252,0.00671343012640751));
#11568=CARTESIAN_POINT('',(0.042,-0.0282715070285704,0.00636289381377988));
#11569=CARTESIAN_POINT('',(0.0427129168280162,-0.0282715070285704,0.00636289381377988));
#11570=CARTESIAN_POINT('',(0.042,-0.0282715070285704,0.00587515663670749));
#11571=CARTESIAN_POINT('',(0.0427129168280162,-0.0282715070285704,0.00587515663670749));
#11572=CARTESIAN_POINT('',(0.0426932619738516,-0.0282715070285704,0.00587515663670749));
#11573=CARTESIAN_POINT('',(0.0426932619738516,-0.0282715070285703,0.00623647472226012));
#11574=CARTESIAN_POINT('',(0.0426975127037546,-0.0282656121839966,0.00661634375089819));
#11575=CARTESIAN_POINT('',(0.0427086648389823,-0.028074627753435,0.00692676557459039));
#11576=CARTESIAN_POINT('',(0.0427086648389823,-0.028074627753435,0.00692676557459039));
#11577=CARTESIAN_POINT('',(0.042,-0.028074627753435,0.00692676557459039));
#11578=CARTESIAN_POINT('',(0.042,-0.028074627753435,0.00692676557459039));
#11579=CARTESIAN_POINT('',(0.042,-0.028074627753435,0.00692676557459039));
#11580=CARTESIAN_POINT('',(0.042,-0.0282715070285704,0.00660676240231607));
#11581=CARTESIAN_POINT('',(0.042,-0.0282715070285704,0.00587515663670749));
#11582=CARTESIAN_POINT('',(0.042,-0.0274423538275473,0.00724676874686472));
#11583=CARTESIAN_POINT('',(0.042717167429139,-0.0274423538275473,0.00724676874686472));
#11584=CARTESIAN_POINT('',(0.042,-0.0277326169280489,0.00724676874686472));
#11585=CARTESIAN_POINT('',(0.042717167429139,-0.0277326169280489,0.00724676874686472));
#11586=CARTESIAN_POINT('',(0.042,-0.0279433749033448,0.00714010102277328));
#11587=CARTESIAN_POINT('',(0.042717167429139,-0.0279433749033448,0.00714010102277328));
#11588=CARTESIAN_POINT('',(0.042,-0.028074627753435,0.00692676557459039));
#11589=CARTESIAN_POINT('',(0.042717167429139,-0.028074627753435,0.00692676557459039));
#11590=CARTESIAN_POINT('',(0.0427086648389823,-0.028074627753435,0.00692676557459039));
#11591=CARTESIAN_POINT('',(0.0427127146762548,-0.0280052727958805,0.00703949357206573));
#11592=CARTESIAN_POINT('',(0.0427171674291387,-0.0279048324858055,0.00713041726604362));
#11593=CARTESIAN_POINT('',(0.0427171674291391,-0.0277831597320006,0.00718316772903629));
#11594=CARTESIAN_POINT('',(0.042,-0.0274423538275473,0.00724676874686472));
#11595=CARTESIAN_POINT('',(0.042,-0.0274423538275473,0.00724676874686472));
#11596=CARTESIAN_POINT('',(0.042,-0.0274423538275473,0.00724676874686472));
#11597=CARTESIAN_POINT('',(0.042,-0.0278777484782997,0.00724676874686472));
#11598=CARTESIAN_POINT('',(0.042,-0.028074627753435,0.00692676557459039));
#11599=CARTESIAN_POINT('',(0.042,-0.0269682970834903,0.00702193380426306));
#11600=CARTESIAN_POINT('',(0.042717167429139,-0.0269682970834903,0.00702193380426306));
#11601=CARTESIAN_POINT('',(0.042,-0.0270686202589369,0.0071718237659975));
#11602=CARTESIAN_POINT('',(0.042717167429139,-0.0270686202589369,0.0071718237659975));
#11603=CARTESIAN_POINT('',(0.042,-0.0272266391736226,0.00724676874686472));
#11604=CARTESIAN_POINT('',(0.042717167429139,-0.0272266391736226,0.00724676874686472));
#11605=CARTESIAN_POINT('',(0.042,-0.0274423538275473,0.00724676874686472));
#11606=CARTESIAN_POINT('',(0.042717167429139,-0.0274423538275473,0.00724676874686472));
#11607=CARTESIAN_POINT('',(0.042,-0.0269682970834903,0.00702193380426306));
#11608=CARTESIAN_POINT('',(0.042,-0.0269682970834903,0.00702193380426306));
#11609=CARTESIAN_POINT('',(0.042,-0.0269682970834903,0.00702193380426306));
#11610=CARTESIAN_POINT('',(0.042,-0.0271187818466602,0.00724676874686472));
#11611=CARTESIAN_POINT('',(0.042,-0.0274423538275473,0.00724676874686472));
#11612=CARTESIAN_POINT('',(0.042,-0.0268178123203205,0.00634742897645807));
#11613=CARTESIAN_POINT('',(0.0427171674291391,-0.0268178123203205,0.00634742897645807));
#11614=CARTESIAN_POINT('',(0.042,-0.0268178123203205,0.00664720889992695));
#11615=CARTESIAN_POINT('',(0.0427171674291391,-0.0268178123203205,0.00664720889992695));
#11616=CARTESIAN_POINT('',(0.042,-0.0268679739080438,0.00687204384252861));
#11617=CARTESIAN_POINT('',(0.0427171674291391,-0.0268679739080438,0.00687204384252861));
#11618=CARTESIAN_POINT('',(0.042,-0.0269682970834903,0.00702193380426306));
#11619=CARTESIAN_POINT('',(0.0427171674291391,-0.0269682970834903,0.00702193380426306));
#11620=CARTESIAN_POINT('',(0.042,-0.0268178123203205,0.00634742897645807));
#11621=CARTESIAN_POINT('',(0.042,-0.0268178123203205,0.00634742897645807));
#11622=CARTESIAN_POINT('',(0.042,-0.0268178123203205,0.00634742897645807));
#11623=CARTESIAN_POINT('',(0.042,-0.0268178123203205,0.00679709886166139));
#11624=CARTESIAN_POINT('',(0.042,-0.0269682970834903,0.00702193380426306));
#11625=CARTESIAN_POINT('',(0.042,-0.0268178123203205,0.00513343924669619));
#11626=CARTESIAN_POINT('',(0.042,-0.0268178123203205,0.00513343924669619));
#11627=CARTESIAN_POINT('',(0.042,-6.93889390390723E-18,0.00591738753862473));
#11628=CARTESIAN_POINT('',(0.042717167429139,-8.31597319854091E-5,0.003));
#11629=CARTESIAN_POINT('',(0.042717167429139,-8.31597319854091E-5,0.003));
#11630=CARTESIAN_POINT('',(0.042717167429139,-8.31597319854091E-5,0.003));
#11631=CARTESIAN_POINT('',(0.042717167429139,-8.31597319854091E-5,0.003));
#11632=CARTESIAN_POINT('',(-0.036707832570861,0.0276168402680146,0.003));
#11633=CARTESIAN_POINT('',(-0.036707832570861,-0.0277831597319854,0.003));
#11634=CARTESIAN_POINT('',(0.0377171674291391,-0.0277831597319854,0.003));
#11635=CARTESIAN_POINT('',(0.037717167429139,0.0276168402680146,0.003));
#11636=CARTESIAN_POINT('',(0.,0.,0.));
#11637=CARTESIAN_POINT('',(0.0124992164387941,0.00646029547736002,0.003));
#11638=CARTESIAN_POINT('',(0.0124992164387941,0.00646029547736002,0.));
#11639=CARTESIAN_POINT('',(0.0124992164387941,0.00695796883911112,0.));
#11640=CARTESIAN_POINT('',(0.012001543077043,0.00646029547736002,0.));
#11641=CARTESIAN_POINT('',(0.0124992164387941,0.00695796883911112,0.003));
#11642=CARTESIAN_POINT('',(0.0124992164387941,0.00695796883911112,0.003));
#11643=CARTESIAN_POINT('',(0.0124992164387941,0.00646029547736002,0.003));
#11644=CARTESIAN_POINT('',(0.012001543077043,0.00646029547736002,0.003));
#11645=CARTESIAN_POINT('',(0.012001543077043,0.00646029547736002,0.003));
#11646=CARTESIAN_POINT('',(0.0189689701415584,0.00695796883911112,0.003));
#11647=CARTESIAN_POINT('',(0.0189689701415584,0.00695796883911112,0.));
#11648=CARTESIAN_POINT('',(0.0254387238443228,0.00695796883911113,0.));
#11649=CARTESIAN_POINT('',(0.0254387238443228,0.00695796883911113,0.003));
#11650=CARTESIAN_POINT('',(0.0254387238443228,0.00695796883911113,0.003));
#11651=CARTESIAN_POINT('',(0.0189689701415584,0.00695796883911112,0.003));
#11652=CARTESIAN_POINT('',(0.0254387238443228,0.00646029547736002,0.003));
#11653=CARTESIAN_POINT('',(0.0254387238443228,0.00646029547736002,0.));
#11654=CARTESIAN_POINT('',(0.0259363972060739,0.00646029547736002,0.));
#11655=CARTESIAN_POINT('',(0.0259363972060739,0.00646029547736002,0.003));
#11656=CARTESIAN_POINT('',(0.0259363972060739,0.00646029547736002,0.003));
#11657=CARTESIAN_POINT('',(0.0254387238443228,0.00646029547736002,0.003));
#11658=CARTESIAN_POINT('',(0.0259363972060739,-9.45822540433273E-6,0.003));
#11659=CARTESIAN_POINT('',(0.0259363972060739,-9.45822540433273E-6,0.));
#11660=CARTESIAN_POINT('',(0.0259363972060739,-0.00647921192816869,0.));
#11661=CARTESIAN_POINT('',(0.0259363972060739,-0.00647921192816869,0.003));
#11662=CARTESIAN_POINT('',(0.0259363972060739,-0.00647921192816869,0.003));
#11663=CARTESIAN_POINT('',(0.0259363972060739,-9.45822540433273E-6,0.003));
#11664=CARTESIAN_POINT('',(0.0254387238443228,-0.00647921192816869,0.003));
#11665=CARTESIAN_POINT('',(0.0254387238443228,-0.00647921192816869,0.));
#11666=CARTESIAN_POINT('',(0.0254387238443228,-0.00697688528991979,0.));
#11667=CARTESIAN_POINT('',(0.0254387238443228,-0.00697688528991979,0.003));
#11668=CARTESIAN_POINT('',(0.0254387238443228,-0.00697688528991979,0.003));
#11669=CARTESIAN_POINT('',(0.0254387238443228,-0.00647921192816869,0.003));
#11670=CARTESIAN_POINT('',(0.0189689701415584,-0.00697688528991979,0.003));
#11671=CARTESIAN_POINT('',(0.0189689701415584,-0.00697688528991979,0.));
#11672=CARTESIAN_POINT('',(0.0124992164387941,-0.00697688528991979,0.));
#11673=CARTESIAN_POINT('',(0.0124992164387941,-0.00697688528991979,0.003));
#11674=CARTESIAN_POINT('',(0.0124992164387941,-0.00697688528991979,0.003));
#11675=CARTESIAN_POINT('',(0.0189689701415584,-0.00697688528991979,0.003));
#11676=CARTESIAN_POINT('',(0.0124992164387941,-0.00647921192816869,0.003));
#11677=CARTESIAN_POINT('',(0.0124992164387941,-0.00647921192816869,0.));
#11678=CARTESIAN_POINT('',(0.012001543077043,-0.00647921192816869,0.));
#11679=CARTESIAN_POINT('',(0.012001543077043,-0.00647921192816869,0.003));
#11680=CARTESIAN_POINT('',(0.012001543077043,-0.00647921192816869,0.003));
#11681=CARTESIAN_POINT('',(0.0124992164387941,-0.00647921192816869,0.003));
#11682=CARTESIAN_POINT('',(-0.00646213864392301,0.00646029547736002,0.003));
#11683=CARTESIAN_POINT('',(-0.00646213864392301,0.00646029547736002,0.));
#11684=CARTESIAN_POINT('',(-0.00646213864392301,0.00695796883911112,0.));
#11685=CARTESIAN_POINT('',(-0.00695981200567411,0.00646029547736002,0.));
#11686=CARTESIAN_POINT('',(-0.00646213864392301,0.00695796883911112,0.003));
#11687=CARTESIAN_POINT('',(-0.00646213864392301,0.00695796883911112,0.003));
#11688=CARTESIAN_POINT('',(-0.00646213864392301,0.00646029547736002,0.003));
#11689=CARTESIAN_POINT('',(-0.00695981200567411,0.00646029547736002,0.003));
#11690=CARTESIAN_POINT('',(-0.00695981200567411,0.00646029547736002,0.003));
#11691=CARTESIAN_POINT('',(7.61505884135094E-6,0.00695796883911112,0.003));
#11692=CARTESIAN_POINT('',(7.61505884135094E-6,0.00695796883911112,0.));
#11693=CARTESIAN_POINT('',(0.00647736876160571,0.00695796883911113,0.));
#11694=CARTESIAN_POINT('',(0.00647736876160571,0.00695796883911113,0.003));
#11695=CARTESIAN_POINT('',(0.00647736876160571,0.00695796883911113,0.003));
#11696=CARTESIAN_POINT('',(7.61505884135094E-6,0.00695796883911112,0.003));
#11697=CARTESIAN_POINT('',(0.00647736876160571,0.00646029547736002,0.003));
#11698=CARTESIAN_POINT('',(0.00647736876160571,0.00646029547736002,0.));
#11699=CARTESIAN_POINT('',(0.00697504212335681,0.00646029547736002,0.));
#11700=CARTESIAN_POINT('',(0.00697504212335681,0.00646029547736002,0.003));
#11701=CARTESIAN_POINT('',(0.00697504212335681,0.00646029547736002,0.003));
#11702=CARTESIAN_POINT('',(0.00647736876160571,0.00646029547736002,0.003));
#11703=CARTESIAN_POINT('',(0.00697504212335681,-9.45822540433273E-6,0.003));
#11704=CARTESIAN_POINT('',(0.00697504212335681,-9.45822540433273E-6,0.));
#11705=CARTESIAN_POINT('',(0.00697504212335681,-0.00647921192816869,0.));
#11706=CARTESIAN_POINT('',(0.00697504212335681,-0.00647921192816869,0.003));
#11707=CARTESIAN_POINT('',(0.00697504212335681,-0.00647921192816869,0.003));
#11708=CARTESIAN_POINT('',(0.00697504212335681,-9.45822540433273E-6,0.003));
#11709=CARTESIAN_POINT('',(0.00647736876160571,-0.00647921192816869,0.003));
#11710=CARTESIAN_POINT('',(0.00647736876160571,-0.00647921192816869,0.));
#11711=CARTESIAN_POINT('',(0.00647736876160571,-0.00697688528991979,0.));
#11712=CARTESIAN_POINT('',(0.00647736876160571,-0.00697688528991979,0.003));
#11713=CARTESIAN_POINT('',(0.00647736876160571,-0.00697688528991979,0.003));
#11714=CARTESIAN_POINT('',(0.00647736876160571,-0.00647921192816869,0.003));
#11715=CARTESIAN_POINT('',(7.61505884135094E-6,-0.00697688528991979,0.003));
#11716=CARTESIAN_POINT('',(7.61505884135094E-6,-0.00697688528991979,0.));
#11717=CARTESIAN_POINT('',(-0.00646213864392301,-0.00697688528991979,0.));
#11718=CARTESIAN_POINT('',(-0.00646213864392301,-0.00697688528991979,0.003));
#11719=CARTESIAN_POINT('',(-0.00646213864392301,-0.00697688528991979,0.003));
#11720=CARTESIAN_POINT('',(7.61505884135094E-6,-0.00697688528991979,0.003));
#11721=CARTESIAN_POINT('',(-0.00646213864392301,-0.00647921192816869,0.003));
#11722=CARTESIAN_POINT('',(-0.00646213864392301,-0.00647921192816869,0.));
#11723=CARTESIAN_POINT('',(-0.00695981200567411,-0.00647921192816869,0.));
#11724=CARTESIAN_POINT('',(-0.00695981200567411,-0.00647921192816869,0.003));
#11725=CARTESIAN_POINT('',(-0.00695981200567411,-0.00647921192816869,0.003));
#11726=CARTESIAN_POINT('',(-0.00646213864392301,-0.00647921192816869,0.003));
#11727=CARTESIAN_POINT('',(-0.0254234937266401,0.00646029547736002,0.003));
#11728=CARTESIAN_POINT('',(-0.0254234937266401,0.00646029547736002,0.));
#11729=CARTESIAN_POINT('',(-0.0254234937266401,0.00695796883911112,0.));
#11730=CARTESIAN_POINT('',(-0.0259211670883912,0.00646029547736002,0.));
#11731=CARTESIAN_POINT('',(-0.0254234937266401,0.00695796883911112,0.003));
#11732=CARTESIAN_POINT('',(-0.0254234937266401,0.00695796883911112,0.003));
#11733=CARTESIAN_POINT('',(-0.0254234937266401,0.00646029547736002,0.003));
#11734=CARTESIAN_POINT('',(-0.0259211670883912,0.00646029547736002,0.003));
#11735=CARTESIAN_POINT('',(-0.0259211670883912,0.00646029547736002,0.003));
#11736=CARTESIAN_POINT('',(-0.0189537400238757,0.00695796883911112,0.003));
#11737=CARTESIAN_POINT('',(-0.0189537400238757,0.00695796883911112,0.));
#11738=CARTESIAN_POINT('',(-0.0124839863211114,0.00695796883911113,0.));
#11739=CARTESIAN_POINT('',(-0.0124839863211114,0.00695796883911113,0.003));
#11740=CARTESIAN_POINT('',(-0.0124839863211114,0.00695796883911113,0.003));
#11741=CARTESIAN_POINT('',(-0.0189537400238757,0.00695796883911112,0.003));
#11742=CARTESIAN_POINT('',(-0.0124839863211114,0.00646029547736002,0.003));
#11743=CARTESIAN_POINT('',(-0.0124839863211114,0.00646029547736002,0.));
#11744=CARTESIAN_POINT('',(-0.0119863129593603,0.00646029547736002,0.));
#11745=CARTESIAN_POINT('',(-0.0119863129593603,0.00646029547736002,0.003));
#11746=CARTESIAN_POINT('',(-0.0119863129593603,0.00646029547736002,0.003));
#11747=CARTESIAN_POINT('',(-0.0124839863211114,0.00646029547736002,0.003));
#11748=CARTESIAN_POINT('',(-0.0119863129593603,-9.45822540433273E-6,0.003));
#11749=CARTESIAN_POINT('',(-0.0119863129593603,-9.45822540433273E-6,0.));
#11750=CARTESIAN_POINT('',(-0.0119863129593603,-0.00647921192816869,0.));
#11751=CARTESIAN_POINT('',(-0.0119863129593603,-0.00647921192816869,0.003));
#11752=CARTESIAN_POINT('',(-0.0119863129593603,-0.00647921192816869,0.003));
#11753=CARTESIAN_POINT('',(-0.0119863129593603,-9.45822540433273E-6,0.003));
#11754=CARTESIAN_POINT('',(-0.0124839863211114,-0.00647921192816869,0.003));
#11755=CARTESIAN_POINT('',(-0.0124839863211114,-0.00647921192816869,0.));
#11756=CARTESIAN_POINT('',(-0.0124839863211114,-0.00697688528991979,0.));
#11757=CARTESIAN_POINT('',(-0.0124839863211114,-0.00697688528991979,0.003));
#11758=CARTESIAN_POINT('',(-0.0124839863211114,-0.00697688528991979,0.003));
#11759=CARTESIAN_POINT('',(-0.0124839863211114,-0.00647921192816869,0.003));
#11760=CARTESIAN_POINT('',(-0.0189537400238757,-0.00697688528991979,0.003));
#11761=CARTESIAN_POINT('',(-0.0189537400238757,-0.00697688528991979,0.));
#11762=CARTESIAN_POINT('',(-0.0254234937266401,-0.00697688528991979,0.));
#11763=CARTESIAN_POINT('',(-0.0254234937266401,-0.00697688528991979,0.003));
#11764=CARTESIAN_POINT('',(-0.0254234937266401,-0.00697688528991979,0.003));
#11765=CARTESIAN_POINT('',(-0.0189537400238757,-0.00697688528991979,0.003));
#11766=CARTESIAN_POINT('',(-0.0254234937266401,-0.00647921192816869,0.003));
#11767=CARTESIAN_POINT('',(-0.0254234937266401,-0.00647921192816869,0.));
#11768=CARTESIAN_POINT('',(-0.0259211670883912,-0.00647921192816869,0.));
#11769=CARTESIAN_POINT('',(-0.0259211670883912,-0.00647921192816869,0.003));
#11770=CARTESIAN_POINT('',(-0.0259211670883912,-0.00647921192816869,0.003));
#11771=CARTESIAN_POINT('',(-0.0254234937266401,-0.00647921192816869,0.003));
#11772=CARTESIAN_POINT('',(6.93889390390723E-18,0.0422725,0.003));
#11773=CARTESIAN_POINT('',(6.93889390390723E-18,0.0422725,0.));
#11774=CARTESIAN_POINT('',(-0.0372125,0.0422725,0.));
#11775=CARTESIAN_POINT('',(0.0372125,0.0422725,0.));
#11776=CARTESIAN_POINT('',(-0.0372125,0.0422725,0.003));
#11777=CARTESIAN_POINT('',(-0.0372125,0.0422725,0.003));
#11778=CARTESIAN_POINT('',(6.93889390390723E-18,0.0422725,0.003));
#11779=CARTESIAN_POINT('',(0.0372125,0.0422725,0.003));
#11780=CARTESIAN_POINT('',(0.0372125,0.0422725,0.003));
#11781=CARTESIAN_POINT('',(-0.0422125,0.0095725,0.003));
#11782=CARTESIAN_POINT('',(-0.0422125,0.0095725,0.));
#11783=CARTESIAN_POINT('',(-0.0422125,0.0372725,0.));
#11784=CARTESIAN_POINT('',(-0.0422125,-0.0181275,0.));
#11785=CARTESIAN_POINT('',(-0.0422125,-0.0181275,0.003));
#11786=CARTESIAN_POINT('',(-0.0422125,-0.0181275,0.003));
#11787=CARTESIAN_POINT('',(-0.0422125,0.0095725,0.003));
#11788=CARTESIAN_POINT('',(-0.0422125,0.0372725,0.003));
#11789=CARTESIAN_POINT('',(-0.0422125,0.0372725,0.));
#11790=CARTESIAN_POINT('',(6.93889390390723E-18,-0.0231275,0.003));
#11791=CARTESIAN_POINT('',(6.93889390390723E-18,-0.0231275,0.003));
#11792=CARTESIAN_POINT('',(-0.0372125,-0.0231275,0.003));
#11793=CARTESIAN_POINT('',(0.0372125,-0.0231275,0.003));
#11794=CARTESIAN_POINT('',(-0.0372125,-0.0231275,0.003));
#11795=CARTESIAN_POINT('',(-0.0372125,-0.0231275,0.));
#11796=CARTESIAN_POINT('',(6.93889390390723E-18,-0.0231275,0.));
#11797=CARTESIAN_POINT('',(0.0372125,-0.0231275,0.));
#11798=CARTESIAN_POINT('',(0.0372125,-0.0231275,0.003));
#11799=CARTESIAN_POINT('',(0.0322125,0.0208718596579771,0.003));
#11800=CARTESIAN_POINT('',(0.0322125,0.0208718596579771,0.));
#11801=CARTESIAN_POINT('',(0.0322125,0.0322725,0.));
#11802=CARTESIAN_POINT('',(0.0322125,0.0094712193159542,0.));
#11803=CARTESIAN_POINT('',(0.0322125,0.0094712193159542,0.003));
#11804=CARTESIAN_POINT('',(0.0322125,0.0094712193159542,0.003));
#11805=CARTESIAN_POINT('',(0.0322125,0.0208718596579771,0.003));
#11806=CARTESIAN_POINT('',(0.0322125,0.0322725,0.003));
#11807=CARTESIAN_POINT('',(0.0322125,0.0322725,0.003));
#11808=CARTESIAN_POINT('',(-0.0303234587826171,0.0094712193159542,0.003));
#11809=CARTESIAN_POINT('',(-0.0303234587826171,0.0094712193159542,0.));
#11810=CARTESIAN_POINT('',(-0.0322125,0.0094712193159542,0.));
#11811=CARTESIAN_POINT('',(-0.0322125,0.0094712193159542,0.003));
#11812=CARTESIAN_POINT('',(-0.0322125,0.0094712193159542,0.003));
#11813=CARTESIAN_POINT('',(-0.0303234587826171,0.0094712193159542,0.003));
#11814=CARTESIAN_POINT('',(-0.0322125,0.0208718596579771,0.003));
#11815=CARTESIAN_POINT('',(-0.0322125,0.0208718596579771,0.));
#11816=CARTESIAN_POINT('',(-0.0322125,0.0322725,0.));
#11817=CARTESIAN_POINT('',(-0.0322125,0.0322725,0.003));
#11818=CARTESIAN_POINT('',(-0.0322125,0.0322725,0.003));
#11819=CARTESIAN_POINT('',(-0.0322125,0.0208718596579771,0.003));
#11820=CARTESIAN_POINT('',(-0.00695981200567411,-9.45822540433273E-6,0.003));
#11821=CARTESIAN_POINT('',(-0.00695981200567411,-9.45822540433273E-6,0.));
#11822=CARTESIAN_POINT('',(-0.00695981200567411,-9.45822540433273E-6,0.003));
#11823=CARTESIAN_POINT('',(-0.0259211670883912,-9.45822540433273E-6,0.003));
#11824=CARTESIAN_POINT('',(-0.0259211670883912,-9.45822540433273E-6,0.));
#11825=CARTESIAN_POINT('',(-0.0259211670883912,-9.45822540433273E-6,0.003));
#11826=CARTESIAN_POINT('',(0.0422125,0.0095725,0.003));
#11827=CARTESIAN_POINT('',(0.0422125,0.0095725,0.));
#11828=CARTESIAN_POINT('',(0.0422125,0.0372725,0.));
#11829=CARTESIAN_POINT('',(0.0422125,-0.0181275,0.));
#11830=CARTESIAN_POINT('',(0.0422125,0.0372725,0.003));
#11831=CARTESIAN_POINT('',(0.0422125,0.0372725,0.003));
#11832=CARTESIAN_POINT('',(0.0422125,0.0095725,0.003));
#11833=CARTESIAN_POINT('',(0.0422125,-0.0181275,0.003));
#11834=CARTESIAN_POINT('',(0.0422125,-0.0181275,0.));
#11835=CARTESIAN_POINT('',(-0.0372125,-0.0181275,0.003));
#11836=CARTESIAN_POINT('',(-0.0372125,-0.0181275,0.003));
#11837=CARTESIAN_POINT('',(-0.0357625,-0.0181275,0.003));
#11838=CARTESIAN_POINT('',(-0.0372125,-0.0181275,0.));
#11839=CARTESIAN_POINT('',(-0.0357625,-0.0181275,0.));
#11840=CARTESIAN_POINT('',(-0.0372125,0.0372725,0.003));
#11841=CARTESIAN_POINT('',(-0.0372125,0.0372725,0.003));
#11842=CARTESIAN_POINT('',(-0.0357625,0.0372725,0.003));
#11843=CARTESIAN_POINT('',(-0.0372125,0.0372725,0.));
#11844=CARTESIAN_POINT('',(-0.0357625,0.0372725,0.));
#11845=CARTESIAN_POINT('',(0.0372125,0.0372725,0.003));
#11846=CARTESIAN_POINT('',(0.0372125,0.0372725,0.003));
#11847=CARTESIAN_POINT('',(0.0386625,0.0372725,0.003));
#11848=CARTESIAN_POINT('',(0.0372125,0.0372725,0.));
#11849=CARTESIAN_POINT('',(0.0386625,0.0372725,0.));
#11850=CARTESIAN_POINT('',(0.0372125,-0.0181275,0.003));
#11851=CARTESIAN_POINT('',(0.0372125,-0.0181275,0.003));
#11852=CARTESIAN_POINT('',(0.0386625,-0.0181275,0.003));
#11853=CARTESIAN_POINT('',(0.0372125,-0.0181275,0.));
#11854=CARTESIAN_POINT('',(0.0386625,-0.0181275,0.));
#11855=CARTESIAN_POINT('',(0.,0.0322725,0.003));
#11856=CARTESIAN_POINT('',(0.,0.0322725,0.));
#11857=CARTESIAN_POINT('',(0.,0.0322725,0.003));
#11858=CARTESIAN_POINT('',(0.012001543077043,-9.45822540433273E-6,0.003));
#11859=CARTESIAN_POINT('',(0.012001543077043,-9.45822540433273E-6,0.));
#11860=CARTESIAN_POINT('',(0.012001543077043,-9.45822540433273E-6,0.003));
#11861=CARTESIAN_POINT('',(6.93889390390723E-18,0.0095725,0.003));
#11862=CARTESIAN_POINT('',(-0.0372125,-0.0181275,0.003));
#11863=CARTESIAN_POINT('',(0.0372125,-0.0181275,0.003));
#11864=CARTESIAN_POINT('',(0.0372125,0.0372725,0.003));
#11865=CARTESIAN_POINT('',(-0.0372125,0.0372725,0.003));
#11866=CARTESIAN_POINT('',(6.93889390390723E-18,0.0095725,0.));
#11867=CARTESIAN_POINT('',(-0.0372125,-0.0181275,0.));
#11868=CARTESIAN_POINT('',(-0.0372125,0.0372725,0.));
#11869=CARTESIAN_POINT('',(0.0372125,0.0372725,0.));
#11870=CARTESIAN_POINT('',(0.0372125,-0.0181275,0.));
#11871=CARTESIAN_POINT('',(-0.0372125,-0.0181275,0.003));
#11872=CARTESIAN_POINT('',(-0.0372125,0.0372725,0.003));
#11873=CARTESIAN_POINT('',(0.0372125,0.0372725,0.003));
#11874=CARTESIAN_POINT('',(0.0372125,-0.0181275,0.003));
#11875=CARTESIAN_POINT('',(0.00045,-0.009573,0.013));
#11876=MECHANICAL_DESIGN_GEOMETRIC_PRESENTATION_REPRESENTATION('',(#6788,
#6789),#11877);
#11877=(
GEOMETRIC_REPRESENTATION_CONTEXT(3)
GLOBAL_UNCERTAINTY_ASSIGNED_CONTEXT((#11880))
GLOBAL_UNIT_ASSIGNED_CONTEXT((#11885,#11884,#11883))
REPRESENTATION_CONTEXT('Assembly 2','TOP_LEVEL_ASSEMBLY_PART')
);
#11878=(
GEOMETRIC_REPRESENTATION_CONTEXT(3)
GLOBAL_UNCERTAINTY_ASSIGNED_CONTEXT((#11881))
GLOBAL_UNIT_ASSIGNED_CONTEXT((#11885,#11884,#11883))
REPRESENTATION_CONTEXT('Part 1','COMPONENT_PART')
);
#11879=(
GEOMETRIC_REPRESENTATION_CONTEXT(3)
GLOBAL_UNCERTAINTY_ASSIGNED_CONTEXT((#11882))
GLOBAL_UNIT_ASSIGNED_CONTEXT((#11885,#11884,#11883))
REPRESENTATION_CONTEXT('Part 1','COMPONENT_PART')
);
#11880=UNCERTAINTY_MEASURE_WITH_UNIT(LENGTH_MEASURE(1.E-8),#11885,
'DISTANCE_ACCURACY_VALUE','Maximum Tolerance applied to model');
#11881=UNCERTAINTY_MEASURE_WITH_UNIT(LENGTH_MEASURE(2.E-5),#11885,
'DISTANCE_ACCURACY_VALUE','Maximum Tolerance applied to model');
#11882=UNCERTAINTY_MEASURE_WITH_UNIT(LENGTH_MEASURE(1.E-8),#11885,
'DISTANCE_ACCURACY_VALUE','Maximum Tolerance applied to model');
#11883=(
NAMED_UNIT(*)
SI_UNIT($,.STERADIAN.)
SOLID_ANGLE_UNIT()
);
#11884=(
NAMED_UNIT(*)
PLANE_ANGLE_UNIT()
SI_UNIT($,.RADIAN.)
);
#11885=(
LENGTH_UNIT()
NAMED_UNIT(*)
SI_UNIT($,.METRE.)
);
#11886=PRODUCT_DEFINITION_SHAPE('','',#11891);
#11887=PRODUCT_DEFINITION_SHAPE('','',#11892);
#11888=PRODUCT_DEFINITION_SHAPE(' ','NAUO PRDDFN',#12);
#11889=PRODUCT_DEFINITION_SHAPE('','',#11893);
#11890=PRODUCT_DEFINITION_SHAPE(' ','NAUO PRDDFN',#13);
#11891=PRODUCT_DEFINITION('','',#11897,#11894);
#11892=PRODUCT_DEFINITION('','',#11898,#11895);
#11893=PRODUCT_DEFINITION('','',#11899,#11896);
#11894=PRODUCT_DEFINITION_CONTEXT('',#11913,'design');
#11895=PRODUCT_DEFINITION_CONTEXT('',#11913,'design');
#11896=PRODUCT_DEFINITION_CONTEXT('',#11913,'design');
#11897=PRODUCT_DEFINITION_FORMATION_WITH_SPECIFIED_SOURCE('','',#11903,
 .NOT_KNOWN.);
#11898=PRODUCT_DEFINITION_FORMATION_WITH_SPECIFIED_SOURCE('','',#11904,
 .NOT_KNOWN.);
#11899=PRODUCT_DEFINITION_FORMATION_WITH_SPECIFIED_SOURCE('','',#11905,
 .NOT_KNOWN.);
#11900=PRODUCT_RELATED_PRODUCT_CATEGORY('','',(#11903));
#11901=PRODUCT_RELATED_PRODUCT_CATEGORY('','',(#11904));
#11902=PRODUCT_RELATED_PRODUCT_CATEGORY('','',(#11905));
#11903=PRODUCT('Assembly 2','Assembly 2','Assembly 2',(#11909));
#11904=PRODUCT('Part 1','Part 1','Part 1',(#11910));
#11905=PRODUCT('Part 1','Part 1','Part 1',(#11911));
#11906=PRODUCT_CATEGORY('','');
#11907=PRODUCT_CATEGORY('','');
#11908=PRODUCT_CATEGORY('','');
#11909=PRODUCT_CONTEXT('',#11913,'mechanical');
#11910=PRODUCT_CONTEXT('',#11913,'mechanical');
#11911=PRODUCT_CONTEXT('',#11913,'mechanical');
#11912=APPLICATION_PROTOCOL_DEFINITION('international standard',
'ap242_managed_model_based_3d_engineering',2020,#11913);
#11913=APPLICATION_CONTEXT('managed model based 3d engineering');
ENDSEC;
END-ISO-10303-21;
