ISO-10303-21;
HEADER;
/* Generated by software containing ST-Developer
 * from STEP Tools, Inc. (www.steptools.com) 
 */
/* OPTION: using custom renumber hook */

FILE_DESCRIPTION(
/* description */ ('STEP AP242 Edition 2',
'CAx-IF Rec.Pracs.---Representation and Presentation of Product Manufa
cturing Information (PMI)---4.0---2014-10-13',
'CAx-IF Rec.Pracs.---3D Tessellated Geometry---0.4---2014-09-14','2;1',
'CAx-IF Rec.Pracs.---User Defined Attributes---1.5---2016-08-15'),
/* implementation_level */ '2;1');

FILE_NAME(
/* name */ 'Part Studio 1',
/* time_stamp */ '2026-08-19T22:35:50Z',
/* author */ (''),
/* organization */ (''),
/* preprocessor_version */ 'ST-DEVELOPER v20',
/* originating_system */ 'ONSHAPE BY PTC INC, 1.219',
/* authorisation */ '  ');

FILE_SCHEMA (('AP242_MANAGED_MODEL_BASED_3D_ENGINEERING_MIM_LF { 1 0 10303 442 3 1 4 }'));
ENDSEC;

DATA;
#10=SHAPE_REPRESENTATION_RELATIONSHIP('','',#5959,#11);
#11=ADVANCED_BREP_SHAPE_REPRESENTATION('',(#5957),#10458);
#12=ELLIPSE('',#6023,0.0132864874166703,0.005);
#13=ELLIPSE('',#6210,0.0181627183642455,0.005);
#14=B_SPLINE_SURFACE_WITH_KNOTS('',3,1,((#8070,#8071),(#8072,#8073),(#8074,
#8075),(#8076,#8077)),.SURF_OF_LINEAR_EXTRUSION.,.F.,.F.,.F.,(4,4),(2,2),
(0.,1.),(0.,1.),.PIECEWISE_BEZIER_KNOTS.);
#15=B_SPLINE_SURFACE_WITH_KNOTS('',3,1,((#8090,#8091),(#8092,#8093),(#8094,
#8095),(#8096,#8097)),.SURF_OF_LINEAR_EXTRUSION.,.F.,.F.,.F.,(4,4),(2,2),
(0.,1.),(0.,1.),.PIECEWISE_BEZIER_KNOTS.);
#16=B_SPLINE_SURFACE_WITH_KNOTS('',3,1,((#8107,#8108),(#8109,#8110),(#8111,
#8112),(#8113,#8114)),.SURF_OF_LINEAR_EXTRUSION.,.F.,.F.,.F.,(4,4),(2,2),
(0.,1.),(0.,1.),.PIECEWISE_BEZIER_KNOTS.);
#17=B_SPLINE_SURFACE_WITH_KNOTS('',3,1,((#8124,#8125),(#8126,#8127),(#8128,
#8129),(#8130,#8131)),.SURF_OF_LINEAR_EXTRUSION.,.F.,.F.,.F.,(4,4),(2,2),
(0.,1.),(0.,1.),.PIECEWISE_BEZIER_KNOTS.);
#18=B_SPLINE_SURFACE_WITH_KNOTS('',3,1,((#8141,#8142),(#8143,#8144),(#8145,
#8146),(#8147,#8148)),.SURF_OF_LINEAR_EXTRUSION.,.F.,.F.,.F.,(4,4),(2,2),
(0.,1.),(0.,1.),.PIECEWISE_BEZIER_KNOTS.);
#19=B_SPLINE_SURFACE_WITH_KNOTS('',3,1,((#8158,#8159),(#8160,#8161),(#8162,
#8163),(#8164,#8165)),.SURF_OF_LINEAR_EXTRUSION.,.F.,.F.,.F.,(4,4),(2,2),
(0.,1.),(0.,1.),.PIECEWISE_BEZIER_KNOTS.);
#20=B_SPLINE_SURFACE_WITH_KNOTS('',3,1,((#8175,#8176),(#8177,#8178),(#8179,
#8180),(#8181,#8182)),.SURF_OF_LINEAR_EXTRUSION.,.F.,.F.,.F.,(4,4),(2,2),
(0.,1.),(0.,1.),.PIECEWISE_BEZIER_KNOTS.);
#21=B_SPLINE_SURFACE_WITH_KNOTS('',3,1,((#8198,#8199),(#8200,#8201),(#8202,
#8203),(#8204,#8205)),.SURF_OF_LINEAR_EXTRUSION.,.F.,.F.,.F.,(4,4),(2,2),
(0.,1.),(0.,1.),.PIECEWISE_BEZIER_KNOTS.);
#22=B_SPLINE_SURFACE_WITH_KNOTS('',3,1,((#8213,#8214),(#8215,#8216),(#8217,
#8218),(#8219,#8220)),.SURF_OF_LINEAR_EXTRUSION.,.F.,.F.,.F.,(4,4),(2,2),
(0.,1.),(0.,1.),.PIECEWISE_BEZIER_KNOTS.);
#23=B_SPLINE_SURFACE_WITH_KNOTS('',3,1,((#8282,#8283),(#8284,#8285),(#8286,
#8287),(#8288,#8289)),.SURF_OF_LINEAR_EXTRUSION.,.F.,.F.,.F.,(4,4),(2,2),
(0.,1.),(0.,1.),.PIECEWISE_BEZIER_KNOTS.);
#24=B_SPLINE_SURFACE_WITH_KNOTS('',3,1,((#8299,#8300),(#8301,#8302),(#8303,
#8304),(#8305,#8306)),.SURF_OF_LINEAR_EXTRUSION.,.F.,.F.,.F.,(4,4),(2,2),
(0.,1.),(0.,1.),.PIECEWISE_BEZIER_KNOTS.);
#25=B_SPLINE_SURFACE_WITH_KNOTS('',3,1,((#8312,#8313),(#8314,#8315),(#8316,
#8317),(#8318,#8319)),.SURF_OF_LINEAR_EXTRUSION.,.F.,.F.,.F.,(4,4),(2,2),
(0.,1.),(0.,1.),.PIECEWISE_BEZIER_KNOTS.);
#26=B_SPLINE_SURFACE_WITH_KNOTS('',3,1,((#8325,#8326),(#8327,#8328),(#8329,
#8330),(#8331,#8332)),.SURF_OF_LINEAR_EXTRUSION.,.F.,.F.,.F.,(4,4),(2,2),
(0.,1.),(0.,1.),.PIECEWISE_BEZIER_KNOTS.);
#27=B_SPLINE_SURFACE_WITH_KNOTS('',3,1,((#8336,#8337),(#8338,#8339),(#8340,
#8341),(#8342,#8343)),.SURF_OF_LINEAR_EXTRUSION.,.F.,.F.,.F.,(4,4),(2,2),
(0.,1.),(0.,1.),.PIECEWISE_BEZIER_KNOTS.);
#28=B_SPLINE_SURFACE_WITH_KNOTS('',3,1,((#8366,#8367),(#8368,#8369),(#8370,
#8371),(#8372,#8373)),.SURF_OF_LINEAR_EXTRUSION.,.F.,.F.,.F.,(4,4),(2,2),
(0.,1.),(0.,1.),.PIECEWISE_BEZIER_KNOTS.);
#29=B_SPLINE_SURFACE_WITH_KNOTS('',3,1,((#8383,#8384),(#8385,#8386),(#8387,
#8388),(#8389,#8390)),.SURF_OF_LINEAR_EXTRUSION.,.F.,.F.,.F.,(4,4),(2,2),
(0.,1.),(0.,1.),.PIECEWISE_BEZIER_KNOTS.);
#30=B_SPLINE_SURFACE_WITH_KNOTS('',3,1,((#8400,#8401),(#8402,#8403),(#8404,
#8405),(#8406,#8407)),.SURF_OF_LINEAR_EXTRUSION.,.F.,.F.,.F.,(4,4),(2,2),
(0.,1.),(0.,1.),.PIECEWISE_BEZIER_KNOTS.);
#31=B_SPLINE_SURFACE_WITH_KNOTS('',3,1,((#8417,#8418),(#8419,#8420),(#8421,
#8422),(#8423,#8424)),.SURF_OF_LINEAR_EXTRUSION.,.F.,.F.,.F.,(4,4),(2,2),
(0.,1.),(0.,1.),.PIECEWISE_BEZIER_KNOTS.);
#32=B_SPLINE_SURFACE_WITH_KNOTS('',3,1,((#8448,#8449),(#8450,#8451),(#8452,
#8453),(#8454,#8455)),.SURF_OF_LINEAR_EXTRUSION.,.F.,.F.,.F.,(4,4),(2,2),
(0.,1.),(0.,1.),.PIECEWISE_BEZIER_KNOTS.);
#33=B_SPLINE_SURFACE_WITH_KNOTS('',3,1,((#8461,#8462),(#8463,#8464),(#8465,
#8466),(#8467,#8468)),.SURF_OF_LINEAR_EXTRUSION.,.F.,.F.,.F.,(4,4),(2,2),
(0.,1.),(0.,1.),.PIECEWISE_BEZIER_KNOTS.);
#34=B_SPLINE_SURFACE_WITH_KNOTS('',3,1,((#8474,#8475),(#8476,#8477),(#8478,
#8479),(#8480,#8481)),.SURF_OF_LINEAR_EXTRUSION.,.F.,.F.,.F.,(4,4),(2,2),
(0.,1.),(0.,1.),.PIECEWISE_BEZIER_KNOTS.);
#35=B_SPLINE_SURFACE_WITH_KNOTS('',3,1,((#8491,#8492),(#8493,#8494),(#8495,
#8496),(#8497,#8498)),.SURF_OF_LINEAR_EXTRUSION.,.F.,.F.,.F.,(4,4),(2,2),
(0.,1.),(0.,1.),.PIECEWISE_BEZIER_KNOTS.);
#36=B_SPLINE_SURFACE_WITH_KNOTS('',3,1,((#8504,#8505),(#8506,#8507),(#8508,
#8509),(#8510,#8511)),.SURF_OF_LINEAR_EXTRUSION.,.F.,.F.,.F.,(4,4),(2,2),
(0.,1.),(0.,1.),.PIECEWISE_BEZIER_KNOTS.);
#37=B_SPLINE_SURFACE_WITH_KNOTS('',3,1,((#8525,#8526),(#8527,#8528),(#8529,
#8530),(#8531,#8532)),.SURF_OF_LINEAR_EXTRUSION.,.F.,.F.,.F.,(4,4),(2,2),
(0.,1.),(0.,1.),.PIECEWISE_BEZIER_KNOTS.);
#38=B_SPLINE_SURFACE_WITH_KNOTS('',3,1,((#8538,#8539),(#8540,#8541),(#8542,
#8543),(#8544,#8545)),.SURF_OF_LINEAR_EXTRUSION.,.F.,.F.,.F.,(4,4),(2,2),
(0.,1.),(0.,1.),.PIECEWISE_BEZIER_KNOTS.);
#39=B_SPLINE_SURFACE_WITH_KNOTS('',3,1,((#8551,#8552),(#8553,#8554),(#8555,
#8556),(#8557,#8558)),.SURF_OF_LINEAR_EXTRUSION.,.F.,.F.,.F.,(4,4),(2,2),
(0.,1.),(0.,1.),.PIECEWISE_BEZIER_KNOTS.);
#40=B_SPLINE_SURFACE_WITH_KNOTS('',3,1,((#8564,#8565),(#8566,#8567),(#8568,
#8569),(#8570,#8571)),.SURF_OF_LINEAR_EXTRUSION.,.F.,.F.,.F.,(4,4),(2,2),
(0.,1.),(0.,1.),.PIECEWISE_BEZIER_KNOTS.);
#41=B_SPLINE_SURFACE_WITH_KNOTS('',3,1,((#8577,#8578),(#8579,#8580),(#8581,
#8582),(#8583,#8584)),.SURF_OF_LINEAR_EXTRUSION.,.F.,.F.,.F.,(4,4),(2,2),
(0.,1.),(0.,1.),.PIECEWISE_BEZIER_KNOTS.);
#42=B_SPLINE_SURFACE_WITH_KNOTS('',3,1,((#8590,#8591),(#8592,#8593),(#8594,
#8595),(#8596,#8597)),.SURF_OF_LINEAR_EXTRUSION.,.F.,.F.,.F.,(4,4),(2,2),
(0.,1.),(0.,1.),.PIECEWISE_BEZIER_KNOTS.);
#43=B_SPLINE_SURFACE_WITH_KNOTS('',3,1,((#8605,#8606),(#8607,#8608),(#8609,
#8610),(#8611,#8612)),.SURF_OF_LINEAR_EXTRUSION.,.F.,.F.,.F.,(4,4),(2,2),
(0.,1.),(0.,1.),.PIECEWISE_BEZIER_KNOTS.);
#44=B_SPLINE_SURFACE_WITH_KNOTS('',3,1,((#8620,#8621),(#8622,#8623),(#8624,
#8625),(#8626,#8627)),.SURF_OF_LINEAR_EXTRUSION.,.F.,.F.,.F.,(4,4),(2,2),
(0.,1.),(0.,1.),.PIECEWISE_BEZIER_KNOTS.);
#45=B_SPLINE_SURFACE_WITH_KNOTS('',3,1,((#8635,#8636),(#8637,#8638),(#8639,
#8640),(#8641,#8642)),.SURF_OF_LINEAR_EXTRUSION.,.F.,.F.,.F.,(4,4),(2,2),
(0.,1.),(0.,1.),.PIECEWISE_BEZIER_KNOTS.);
#46=B_SPLINE_SURFACE_WITH_KNOTS('',3,1,((#8664,#8665),(#8666,#8667),(#8668,
#8669),(#8670,#8671)),.SURF_OF_LINEAR_EXTRUSION.,.F.,.F.,.F.,(4,4),(2,2),
(0.,1.),(0.,1.),.PIECEWISE_BEZIER_KNOTS.);
#47=B_SPLINE_SURFACE_WITH_KNOTS('',3,1,((#8677,#8678),(#8679,#8680),(#8681,
#8682),(#8683,#8684)),.SURF_OF_LINEAR_EXTRUSION.,.F.,.F.,.F.,(4,4),(2,2),
(0.,1.),(0.,1.),.PIECEWISE_BEZIER_KNOTS.);
#48=B_SPLINE_SURFACE_WITH_KNOTS('',3,1,((#8702,#8703),(#8704,#8705),(#8706,
#8707),(#8708,#8709)),.SURF_OF_LINEAR_EXTRUSION.,.F.,.F.,.F.,(4,4),(2,2),
(0.,1.),(0.,1.),.PIECEWISE_BEZIER_KNOTS.);
#49=B_SPLINE_SURFACE_WITH_KNOTS('',3,1,((#8715,#8716),(#8717,#8718),(#8719,
#8720),(#8721,#8722)),.SURF_OF_LINEAR_EXTRUSION.,.F.,.F.,.F.,(4,4),(2,2),
(0.,1.),(0.,1.),.PIECEWISE_BEZIER_KNOTS.);
#50=B_SPLINE_SURFACE_WITH_KNOTS('',3,1,((#8728,#8729),(#8730,#8731),(#8732,
#8733),(#8734,#8735)),.SURF_OF_LINEAR_EXTRUSION.,.F.,.F.,.F.,(4,4),(2,2),
(0.,1.),(0.,1.),.PIECEWISE_BEZIER_KNOTS.);
#51=B_SPLINE_SURFACE_WITH_KNOTS('',3,1,((#8816,#8817),(#8818,#8819),(#8820,
#8821),(#8822,#8823)),.SURF_OF_LINEAR_EXTRUSION.,.F.,.F.,.F.,(4,4),(2,2),
(0.,1.),(0.,1.),.PIECEWISE_BEZIER_KNOTS.);
#52=B_SPLINE_SURFACE_WITH_KNOTS('',3,1,((#8833,#8834),(#8835,#8836),(#8837,
#8838),(#8839,#8840)),.SURF_OF_LINEAR_EXTRUSION.,.F.,.F.,.F.,(4,4),(2,2),
(0.,1.),(0.,1.),.PIECEWISE_BEZIER_KNOTS.);
#53=B_SPLINE_SURFACE_WITH_KNOTS('',3,1,((#8850,#8851),(#8852,#8853),(#8854,
#8855),(#8856,#8857)),.SURF_OF_LINEAR_EXTRUSION.,.F.,.F.,.F.,(4,4),(2,2),
(0.,1.),(0.,1.),.PIECEWISE_BEZIER_KNOTS.);
#54=B_SPLINE_SURFACE_WITH_KNOTS('',3,1,((#8867,#8868),(#8869,#8870),(#8871,
#8872),(#8873,#8874)),.SURF_OF_LINEAR_EXTRUSION.,.F.,.F.,.F.,(4,4),(2,2),
(0.,1.),(0.,1.),.PIECEWISE_BEZIER_KNOTS.);
#55=B_SPLINE_SURFACE_WITH_KNOTS('',3,1,((#8898,#8899),(#8900,#8901),(#8902,
#8903),(#8904,#8905)),.SURF_OF_LINEAR_EXTRUSION.,.F.,.F.,.F.,(4,4),(2,2),
(0.,1.),(0.,1.),.PIECEWISE_BEZIER_KNOTS.);
#56=B_SPLINE_SURFACE_WITH_KNOTS('',3,1,((#8911,#8912),(#8913,#8914),(#8915,
#8916),(#8917,#8918)),.SURF_OF_LINEAR_EXTRUSION.,.F.,.F.,.F.,(4,4),(2,2),
(0.,1.),(0.,1.),.PIECEWISE_BEZIER_KNOTS.);
#57=B_SPLINE_SURFACE_WITH_KNOTS('',3,1,((#8924,#8925),(#8926,#8927),(#8928,
#8929),(#8930,#8931)),.SURF_OF_LINEAR_EXTRUSION.,.F.,.F.,.F.,(4,4),(2,2),
(0.,1.),(0.,1.),.PIECEWISE_BEZIER_KNOTS.);
#58=B_SPLINE_SURFACE_WITH_KNOTS('',3,1,((#8941,#8942),(#8943,#8944),(#8945,
#8946),(#8947,#8948)),.SURF_OF_LINEAR_EXTRUSION.,.F.,.F.,.F.,(4,4),(2,2),
(0.,1.),(0.,1.),.PIECEWISE_BEZIER_KNOTS.);
#59=B_SPLINE_SURFACE_WITH_KNOTS('',3,1,((#8954,#8955),(#8956,#8957),(#8958,
#8959),(#8960,#8961)),.SURF_OF_LINEAR_EXTRUSION.,.F.,.F.,.F.,(4,4),(2,2),
(0.,1.),(0.,1.),.PIECEWISE_BEZIER_KNOTS.);
#60=B_SPLINE_SURFACE_WITH_KNOTS('',3,1,((#8975,#8976),(#8977,#8978),(#8979,
#8980),(#8981,#8982)),.SURF_OF_LINEAR_EXTRUSION.,.F.,.F.,.F.,(4,4),(2,2),
(0.,1.),(0.,1.),.PIECEWISE_BEZIER_KNOTS.);
#61=B_SPLINE_SURFACE_WITH_KNOTS('',3,1,((#8988,#8989),(#8990,#8991),(#8992,
#8993),(#8994,#8995)),.SURF_OF_LINEAR_EXTRUSION.,.F.,.F.,.F.,(4,4),(2,2),
(0.,1.),(0.,1.),.PIECEWISE_BEZIER_KNOTS.);
#62=B_SPLINE_SURFACE_WITH_KNOTS('',3,1,((#9001,#9002),(#9003,#9004),(#9005,
#9006),(#9007,#9008)),.SURF_OF_LINEAR_EXTRUSION.,.F.,.F.,.F.,(4,4),(2,2),
(0.,1.),(0.,1.),.PIECEWISE_BEZIER_KNOTS.);
#63=B_SPLINE_SURFACE_WITH_KNOTS('',3,1,((#9014,#9015),(#9016,#9017),(#9018,
#9019),(#9020,#9021)),.SURF_OF_LINEAR_EXTRUSION.,.F.,.F.,.F.,(4,4),(2,2),
(0.,1.),(0.,1.),.PIECEWISE_BEZIER_KNOTS.);
#64=B_SPLINE_SURFACE_WITH_KNOTS('',3,1,((#9027,#9028),(#9029,#9030),(#9031,
#9032),(#9033,#9034)),.SURF_OF_LINEAR_EXTRUSION.,.F.,.F.,.F.,(4,4),(2,2),
(0.,1.),(0.,1.),.PIECEWISE_BEZIER_KNOTS.);
#65=B_SPLINE_SURFACE_WITH_KNOTS('',3,1,((#9040,#9041),(#9042,#9043),(#9044,
#9045),(#9046,#9047)),.SURF_OF_LINEAR_EXTRUSION.,.F.,.F.,.F.,(4,4),(2,2),
(0.,1.),(0.,1.),.PIECEWISE_BEZIER_KNOTS.);
#66=B_SPLINE_SURFACE_WITH_KNOTS('',3,1,((#9055,#9056),(#9057,#9058),(#9059,
#9060),(#9061,#9062)),.SURF_OF_LINEAR_EXTRUSION.,.F.,.F.,.F.,(4,4),(2,2),
(0.,1.),(0.,1.),.PIECEWISE_BEZIER_KNOTS.);
#67=B_SPLINE_SURFACE_WITH_KNOTS('',3,1,((#9070,#9071),(#9072,#9073),(#9074,
#9075),(#9076,#9077)),.SURF_OF_LINEAR_EXTRUSION.,.F.,.F.,.F.,(4,4),(2,2),
(0.,1.),(0.,1.),.PIECEWISE_BEZIER_KNOTS.);
#68=B_SPLINE_SURFACE_WITH_KNOTS('',3,1,((#9090,#9091),(#9092,#9093),(#9094,
#9095),(#9096,#9097)),.SURF_OF_LINEAR_EXTRUSION.,.F.,.F.,.F.,(4,4),(2,2),
(0.,1.),(0.,1.),.PIECEWISE_BEZIER_KNOTS.);
#69=B_SPLINE_SURFACE_WITH_KNOTS('',3,1,((#9107,#9108),(#9109,#9110),(#9111,
#9112),(#9113,#9114)),.SURF_OF_LINEAR_EXTRUSION.,.F.,.F.,.F.,(4,4),(2,2),
(0.,1.),(0.,1.),.PIECEWISE_BEZIER_KNOTS.);
#70=B_SPLINE_SURFACE_WITH_KNOTS('',3,1,((#9124,#9125),(#9126,#9127),(#9128,
#9129),(#9130,#9131)),.SURF_OF_LINEAR_EXTRUSION.,.F.,.F.,.F.,(4,4),(2,2),
(0.,1.),(0.,1.),.PIECEWISE_BEZIER_KNOTS.);
#71=B_SPLINE_SURFACE_WITH_KNOTS('',3,1,((#9141,#9142),(#9143,#9144),(#9145,
#9146),(#9147,#9148)),.SURF_OF_LINEAR_EXTRUSION.,.F.,.F.,.F.,(4,4),(2,2),
(0.,1.),(0.,1.),.PIECEWISE_BEZIER_KNOTS.);
#72=B_SPLINE_SURFACE_WITH_KNOTS('',3,1,((#9158,#9159),(#9160,#9161),(#9162,
#9163),(#9164,#9165)),.SURF_OF_LINEAR_EXTRUSION.,.F.,.F.,.F.,(4,4),(2,2),
(0.,1.),(0.,1.),.PIECEWISE_BEZIER_KNOTS.);
#73=B_SPLINE_SURFACE_WITH_KNOTS('',3,1,((#9181,#9182),(#9183,#9184),(#9185,
#9186),(#9187,#9188)),.SURF_OF_LINEAR_EXTRUSION.,.F.,.F.,.F.,(4,4),(2,2),
(0.,1.),(0.,1.),.PIECEWISE_BEZIER_KNOTS.);
#74=B_SPLINE_SURFACE_WITH_KNOTS('',3,1,((#9196,#9197),(#9198,#9199),(#9200,
#9201),(#9202,#9203)),.SURF_OF_LINEAR_EXTRUSION.,.F.,.F.,.F.,(4,4),(2,2),
(0.,1.),(0.,1.),.PIECEWISE_BEZIER_KNOTS.);
#75=B_SPLINE_SURFACE_WITH_KNOTS('',3,1,((#9209,#9210),(#9211,#9212),(#9213,
#9214),(#9215,#9216)),.SURF_OF_LINEAR_EXTRUSION.,.F.,.F.,.F.,(4,4),(2,2),
(0.,1.),(0.,1.),.PIECEWISE_BEZIER_KNOTS.);
#76=B_SPLINE_SURFACE_WITH_KNOTS('',3,1,((#9222,#9223),(#9224,#9225),(#9226,
#9227),(#9228,#9229)),.SURF_OF_LINEAR_EXTRUSION.,.F.,.F.,.F.,(4,4),(2,2),
(0.,1.),(0.,1.),.PIECEWISE_BEZIER_KNOTS.);
#77=B_SPLINE_SURFACE_WITH_KNOTS('',3,1,((#9235,#9236),(#9237,#9238),(#9239,
#9240),(#9241,#9242)),.SURF_OF_LINEAR_EXTRUSION.,.F.,.F.,.F.,(4,4),(2,2),
(0.,1.),(0.,1.),.PIECEWISE_BEZIER_KNOTS.);
#78=B_SPLINE_SURFACE_WITH_KNOTS('',3,1,((#9248,#9249),(#9250,#9251),(#9252,
#9253),(#9254,#9255)),.SURF_OF_LINEAR_EXTRUSION.,.F.,.F.,.F.,(4,4),(2,2),
(0.,1.),(0.,1.),.PIECEWISE_BEZIER_KNOTS.);
#79=B_SPLINE_SURFACE_WITH_KNOTS('',3,1,((#9261,#9262),(#9263,#9264),(#9265,
#9266),(#9267,#9268)),.SURF_OF_LINEAR_EXTRUSION.,.F.,.F.,.F.,(4,4),(2,2),
(0.,1.),(0.,1.),.PIECEWISE_BEZIER_KNOTS.);
#80=B_SPLINE_SURFACE_WITH_KNOTS('',3,1,((#9298,#9299),(#9300,#9301),(#9302,
#9303),(#9304,#9305)),.SURF_OF_LINEAR_EXTRUSION.,.F.,.F.,.F.,(4,4),(2,2),
(0.,1.),(0.,1.),.PIECEWISE_BEZIER_KNOTS.);
#81=B_SPLINE_SURFACE_WITH_KNOTS('',3,1,((#9313,#9314),(#9315,#9316),(#9317,
#9318),(#9319,#9320)),.SURF_OF_LINEAR_EXTRUSION.,.F.,.F.,.F.,(4,4),(2,2),
(0.,1.),(0.,1.),.PIECEWISE_BEZIER_KNOTS.);
#82=B_SPLINE_SURFACE_WITH_KNOTS('',3,1,((#9338,#9339),(#9340,#9341),(#9342,
#9343),(#9344,#9345)),.SURF_OF_LINEAR_EXTRUSION.,.F.,.F.,.F.,(4,4),(2,2),
(0.,1.),(0.,1.),.PIECEWISE_BEZIER_KNOTS.);
#83=B_SPLINE_SURFACE_WITH_KNOTS('',3,1,((#9351,#9352),(#9353,#9354),(#9355,
#9356),(#9357,#9358)),.SURF_OF_LINEAR_EXTRUSION.,.F.,.F.,.F.,(4,4),(2,2),
(0.,1.),(0.,1.),.PIECEWISE_BEZIER_KNOTS.);
#84=B_SPLINE_SURFACE_WITH_KNOTS('',3,1,((#9364,#9365),(#9366,#9367),(#9368,
#9369),(#9370,#9371)),.SURF_OF_LINEAR_EXTRUSION.,.F.,.F.,.F.,(4,4),(2,2),
(0.,1.),(0.,1.),.PIECEWISE_BEZIER_KNOTS.);
#85=B_SPLINE_SURFACE_WITH_KNOTS('',3,1,((#9409,#9410),(#9411,#9412),(#9413,
#9414),(#9415,#9416)),.SURF_OF_LINEAR_EXTRUSION.,.F.,.F.,.F.,(4,4),(2,2),
(0.,1.),(0.,1.),.PIECEWISE_BEZIER_KNOTS.);
#86=B_SPLINE_SURFACE_WITH_KNOTS('',3,1,((#9422,#9423),(#9424,#9425),(#9426,
#9427),(#9428,#9429)),.SURF_OF_LINEAR_EXTRUSION.,.F.,.F.,.F.,(4,4),(2,2),
(0.,1.),(0.,1.),.PIECEWISE_BEZIER_KNOTS.);
#87=B_SPLINE_SURFACE_WITH_KNOTS('',3,1,((#9435,#9436),(#9437,#9438),(#9439,
#9440),(#9441,#9442)),.SURF_OF_LINEAR_EXTRUSION.,.F.,.F.,.F.,(4,4),(2,2),
(0.,1.),(0.,1.),.PIECEWISE_BEZIER_KNOTS.);
#88=B_SPLINE_SURFACE_WITH_KNOTS('',3,1,((#9451,#9452),(#9453,#9454),(#9455,
#9456),(#9457,#9458)),.SURF_OF_LINEAR_EXTRUSION.,.F.,.F.,.F.,(4,4),(2,2),
(0.,1.),(0.,1.),.PIECEWISE_BEZIER_KNOTS.);
#89=B_SPLINE_SURFACE_WITH_KNOTS('',3,1,((#9466,#9467),(#9468,#9469),(#9470,
#9471),(#9472,#9473)),.SURF_OF_LINEAR_EXTRUSION.,.F.,.F.,.F.,(4,4),(2,2),
(0.,1.),(0.,1.),.PIECEWISE_BEZIER_KNOTS.);
#90=B_SPLINE_SURFACE_WITH_KNOTS('',3,1,((#9479,#9480),(#9481,#9482),(#9483,
#9484),(#9485,#9486)),.SURF_OF_LINEAR_EXTRUSION.,.F.,.F.,.F.,(4,4),(2,2),
(0.,1.),(0.,1.),.PIECEWISE_BEZIER_KNOTS.);
#91=B_SPLINE_SURFACE_WITH_KNOTS('',3,1,((#9536,#9537),(#9538,#9539),(#9540,
#9541),(#9542,#9543)),.SURF_OF_LINEAR_EXTRUSION.,.F.,.F.,.F.,(4,4),(2,2),
(0.,1.),(0.,1.),.PIECEWISE_BEZIER_KNOTS.);
#92=B_SPLINE_SURFACE_WITH_KNOTS('',3,1,((#9549,#9550),(#9551,#9552),(#9553,
#9554),(#9555,#9556)),.SURF_OF_LINEAR_EXTRUSION.,.F.,.F.,.F.,(4,4),(2,2),
(0.,1.),(0.,1.),.PIECEWISE_BEZIER_KNOTS.);
#93=B_SPLINE_SURFACE_WITH_KNOTS('',3,1,((#9562,#9563),(#9564,#9565),(#9566,
#9567),(#9568,#9569)),.SURF_OF_LINEAR_EXTRUSION.,.F.,.F.,.F.,(4,4),(2,2),
(0.,1.),(0.,1.),.PIECEWISE_BEZIER_KNOTS.);
#94=B_SPLINE_SURFACE_WITH_KNOTS('',3,1,((#9578,#9579),(#9580,#9581),(#9582,
#9583),(#9584,#9585)),.SURF_OF_LINEAR_EXTRUSION.,.F.,.F.,.F.,(4,4),(2,2),
(0.,1.),(0.,1.),.PIECEWISE_BEZIER_KNOTS.);
#95=B_SPLINE_SURFACE_WITH_KNOTS('',3,1,((#9593,#9594),(#9595,#9596),(#9597,
#9598),(#9599,#9600)),.SURF_OF_LINEAR_EXTRUSION.,.F.,.F.,.F.,(4,4),(2,2),
(0.,1.),(0.,1.),.PIECEWISE_BEZIER_KNOTS.);
#96=B_SPLINE_SURFACE_WITH_KNOTS('',3,1,((#9610,#9611),(#9612,#9613),(#9614,
#9615),(#9616,#9617)),.SURF_OF_LINEAR_EXTRUSION.,.F.,.F.,.F.,(4,4),(2,2),
(0.,1.),(0.,1.),.PIECEWISE_BEZIER_KNOTS.);
#97=B_SPLINE_SURFACE_WITH_KNOTS('',3,1,((#9623,#9624),(#9625,#9626),(#9627,
#9628),(#9629,#9630)),.SURF_OF_LINEAR_EXTRUSION.,.F.,.F.,.F.,(4,4),(2,2),
(0.,1.),(0.,1.),.PIECEWISE_BEZIER_KNOTS.);
#98=B_SPLINE_SURFACE_WITH_KNOTS('',3,1,((#9636,#9637),(#9638,#9639),(#9640,
#9641),(#9642,#9643)),.SURF_OF_LINEAR_EXTRUSION.,.F.,.F.,.F.,(4,4),(2,2),
(0.,1.),(0.,1.),.PIECEWISE_BEZIER_KNOTS.);
#99=B_SPLINE_SURFACE_WITH_KNOTS('',3,1,((#9649,#9650),(#9651,#9652),(#9653,
#9654),(#9655,#9656)),.SURF_OF_LINEAR_EXTRUSION.,.F.,.F.,.F.,(4,4),(2,2),
(0.,1.),(0.,1.),.PIECEWISE_BEZIER_KNOTS.);
#100=B_SPLINE_SURFACE_WITH_KNOTS('',3,1,((#9678,#9679),(#9680,#9681),(#9682,
#9683),(#9684,#9685)),.SURF_OF_LINEAR_EXTRUSION.,.F.,.F.,.F.,(4,4),(2,2),
(0.,1.),(0.,1.),.PIECEWISE_BEZIER_KNOTS.);
#101=B_SPLINE_SURFACE_WITH_KNOTS('',3,1,((#9691,#9692),(#9693,#9694),(#9695,
#9696),(#9697,#9698)),.SURF_OF_LINEAR_EXTRUSION.,.F.,.F.,.F.,(4,4),(2,2),
(0.,1.),(0.,1.),.PIECEWISE_BEZIER_KNOTS.);
#102=B_SPLINE_SURFACE_WITH_KNOTS('',3,1,((#9704,#9705),(#9706,#9707),(#9708,
#9709),(#9710,#9711)),.SURF_OF_LINEAR_EXTRUSION.,.F.,.F.,.F.,(4,4),(2,2),
(0.,1.),(0.,1.),.PIECEWISE_BEZIER_KNOTS.);
#103=B_SPLINE_SURFACE_WITH_KNOTS('',3,1,((#9721,#9722),(#9723,#9724),(#9725,
#9726),(#9727,#9728)),.SURF_OF_LINEAR_EXTRUSION.,.F.,.F.,.F.,(4,4),(2,2),
(0.,1.),(0.,1.),.PIECEWISE_BEZIER_KNOTS.);
#104=B_SPLINE_SURFACE_WITH_KNOTS('',3,1,((#9738,#9739),(#9740,#9741),(#9742,
#9743),(#9744,#9745)),.SURF_OF_LINEAR_EXTRUSION.,.F.,.F.,.F.,(4,4),(2,2),
(0.,1.),(0.,1.),.PIECEWISE_BEZIER_KNOTS.);
#105=B_SPLINE_SURFACE_WITH_KNOTS('',3,1,((#9755,#9756),(#9757,#9758),(#9759,
#9760),(#9761,#9762)),.SURF_OF_LINEAR_EXTRUSION.,.F.,.F.,.F.,(4,4),(2,2),
(0.,1.),(0.,1.),.PIECEWISE_BEZIER_KNOTS.);
#106=B_SPLINE_SURFACE_WITH_KNOTS('',3,1,((#9768,#9769),(#9770,#9771),(#9772,
#9773),(#9774,#9775)),.SURF_OF_LINEAR_EXTRUSION.,.F.,.F.,.F.,(4,4),(2,2),
(0.,1.),(0.,1.),.PIECEWISE_BEZIER_KNOTS.);
#107=B_SPLINE_SURFACE_WITH_KNOTS('',3,1,((#9793,#9794),(#9795,#9796),(#9797,
#9798),(#9799,#9800)),.SURF_OF_LINEAR_EXTRUSION.,.F.,.F.,.F.,(4,4),(2,2),
(0.,1.),(0.,1.),.PIECEWISE_BEZIER_KNOTS.);
#108=B_SPLINE_SURFACE_WITH_KNOTS('',3,1,((#9806,#9807),(#9808,#9809),(#9810,
#9811),(#9812,#9813)),.SURF_OF_LINEAR_EXTRUSION.,.F.,.F.,.F.,(4,4),(2,2),
(0.,1.),(0.,1.),.PIECEWISE_BEZIER_KNOTS.);
#109=B_SPLINE_SURFACE_WITH_KNOTS('',3,1,((#9856,#9857),(#9858,#9859),(#9860,
#9861),(#9862,#9863)),.SURF_OF_LINEAR_EXTRUSION.,.F.,.F.,.F.,(4,4),(2,2),
(0.,1.),(0.,1.),.PIECEWISE_BEZIER_KNOTS.);
#110=B_SPLINE_SURFACE_WITH_KNOTS('',3,1,((#9869,#9870),(#9871,#9872),(#9873,
#9874),(#9875,#9876)),.SURF_OF_LINEAR_EXTRUSION.,.F.,.F.,.F.,(4,4),(2,2),
(0.,1.),(0.,1.),.PIECEWISE_BEZIER_KNOTS.);
#111=B_SPLINE_SURFACE_WITH_KNOTS('',3,1,((#9906,#9907),(#9908,#9909),(#9910,
#9911),(#9912,#9913)),.SURF_OF_LINEAR_EXTRUSION.,.F.,.F.,.F.,(4,4),(2,2),
(0.,1.),(0.,1.),.PIECEWISE_BEZIER_KNOTS.);
#112=B_SPLINE_SURFACE_WITH_KNOTS('',3,1,((#9921,#9922),(#9923,#9924),(#9925,
#9926),(#9927,#9928)),.SURF_OF_LINEAR_EXTRUSION.,.F.,.F.,.F.,(4,4),(2,2),
(0.,1.),(0.,1.),.PIECEWISE_BEZIER_KNOTS.);
#113=B_SPLINE_SURFACE_WITH_KNOTS('',3,1,((#9934,#9935),(#9936,#9937),(#9938,
#9939),(#9940,#9941)),.SURF_OF_LINEAR_EXTRUSION.,.F.,.F.,.F.,(4,4),(2,2),
(0.,1.),(0.,1.),.PIECEWISE_BEZIER_KNOTS.);
#114=B_SPLINE_SURFACE_WITH_KNOTS('',3,1,((#9947,#9948),(#9949,#9950),(#9951,
#9952),(#9953,#9954)),.SURF_OF_LINEAR_EXTRUSION.,.F.,.F.,.F.,(4,4),(2,2),
(0.,1.),(0.,1.),.PIECEWISE_BEZIER_KNOTS.);
#115=B_SPLINE_SURFACE_WITH_KNOTS('',3,1,((#9960,#9961),(#9962,#9963),(#9964,
#9965),(#9966,#9967)),.SURF_OF_LINEAR_EXTRUSION.,.F.,.F.,.F.,(4,4),(2,2),
(0.,1.),(0.,1.),.PIECEWISE_BEZIER_KNOTS.);
#116=B_SPLINE_SURFACE_WITH_KNOTS('',3,1,((#9990,#9991),(#9992,#9993),(#9994,
#9995),(#9996,#9997)),.SURF_OF_LINEAR_EXTRUSION.,.F.,.F.,.F.,(4,4),(2,2),
(0.,1.),(0.,1.),.PIECEWISE_BEZIER_KNOTS.);
#117=B_SPLINE_SURFACE_WITH_KNOTS('',3,1,((#10003,#10004),(#10005,#10006),
(#10007,#10008),(#10009,#10010)),.SURF_OF_LINEAR_EXTRUSION.,.F.,.F.,.F.,
(4,4),(2,2),(0.,1.),(0.,1.),.PIECEWISE_BEZIER_KNOTS.);
#118=B_SPLINE_SURFACE_WITH_KNOTS('',3,1,((#10024,#10025),(#10026,#10027),
(#10028,#10029),(#10030,#10031)),.SURF_OF_LINEAR_EXTRUSION.,.F.,.F.,.F.,
(4,4),(2,2),(0.,1.),(0.,1.),.PIECEWISE_BEZIER_KNOTS.);
#119=B_SPLINE_SURFACE_WITH_KNOTS('',3,1,((#10037,#10038),(#10039,#10040),
(#10041,#10042),(#10043,#10044)),.SURF_OF_LINEAR_EXTRUSION.,.F.,.F.,.F.,
(4,4),(2,2),(0.,1.),(0.,1.),.PIECEWISE_BEZIER_KNOTS.);
#120=B_SPLINE_SURFACE_WITH_KNOTS('',3,1,((#10050,#10051),(#10052,#10053),
(#10054,#10055),(#10056,#10057)),.SURF_OF_LINEAR_EXTRUSION.,.F.,.F.,.F.,
(4,4),(2,2),(0.,1.),(0.,1.),.PIECEWISE_BEZIER_KNOTS.);
#121=B_SPLINE_SURFACE_WITH_KNOTS('',3,1,((#10104,#10105),(#10106,#10107),
(#10108,#10109),(#10110,#10111)),.SURF_OF_LINEAR_EXTRUSION.,.F.,.F.,.F.,
(4,4),(2,2),(0.,1.),(0.,1.),.PIECEWISE_BEZIER_KNOTS.);
#122=B_SPLINE_SURFACE_WITH_KNOTS('',3,1,((#10133,#10134),(#10135,#10136),
(#10137,#10138),(#10139,#10140)),.SURF_OF_LINEAR_EXTRUSION.,.F.,.F.,.F.,
(4,4),(2,2),(0.,1.),(0.,1.),.PIECEWISE_BEZIER_KNOTS.);
#123=B_SPLINE_SURFACE_WITH_KNOTS('',3,1,((#10146,#10147),(#10148,#10149),
(#10150,#10151),(#10152,#10153)),.SURF_OF_LINEAR_EXTRUSION.,.F.,.F.,.F.,
(4,4),(2,2),(0.,1.),(0.,1.),.PIECEWISE_BEZIER_KNOTS.);
#124=B_SPLINE_SURFACE_WITH_KNOTS('',3,1,((#10196,#10197),(#10198,#10199),
(#10200,#10201),(#10202,#10203)),.SURF_OF_LINEAR_EXTRUSION.,.F.,.F.,.F.,
(4,4),(2,2),(0.,1.),(0.,1.),.PIECEWISE_BEZIER_KNOTS.);
#125=B_SPLINE_SURFACE_WITH_KNOTS('',3,1,((#10209,#10210),(#10211,#10212),
(#10213,#10214),(#10215,#10216)),.SURF_OF_LINEAR_EXTRUSION.,.F.,.F.,.F.,
(4,4),(2,2),(0.,1.),(0.,1.),.PIECEWISE_BEZIER_KNOTS.);
#126=B_SPLINE_SURFACE_WITH_KNOTS('',3,1,((#10222,#10223),(#10224,#10225),
(#10226,#10227),(#10228,#10229)),.SURF_OF_LINEAR_EXTRUSION.,.F.,.F.,.F.,
(4,4),(2,2),(0.,1.),(0.,1.),.PIECEWISE_BEZIER_KNOTS.);
#127=B_SPLINE_SURFACE_WITH_KNOTS('',3,1,((#10235,#10236),(#10237,#10238),
(#10239,#10240),(#10241,#10242)),.SURF_OF_LINEAR_EXTRUSION.,.F.,.F.,.F.,
(4,4),(2,2),(0.,1.),(0.,1.),.PIECEWISE_BEZIER_KNOTS.);
#128=B_SPLINE_SURFACE_WITH_KNOTS('',3,1,((#10260,#10261),(#10262,#10263),
(#10264,#10265),(#10266,#10267)),.SURF_OF_LINEAR_EXTRUSION.,.F.,.F.,.F.,
(4,4),(2,2),(0.,1.),(0.,1.),.PIECEWISE_BEZIER_KNOTS.);
#129=B_SPLINE_SURFACE_WITH_KNOTS('',3,1,((#10273,#10274),(#10275,#10276),
(#10277,#10278),(#10279,#10280)),.SURF_OF_LINEAR_EXTRUSION.,.F.,.F.,.F.,
(4,4),(2,2),(0.,1.),(0.,1.),.PIECEWISE_BEZIER_KNOTS.);
#130=B_SPLINE_SURFACE_WITH_KNOTS('',3,1,((#10286,#10287),(#10288,#10289),
(#10290,#10291),(#10292,#10293)),.SURF_OF_LINEAR_EXTRUSION.,.F.,.F.,.F.,
(4,4),(2,2),(0.,1.),(0.,1.),.PIECEWISE_BEZIER_KNOTS.);
#131=B_SPLINE_SURFACE_WITH_KNOTS('',3,1,((#10307,#10308),(#10309,#10310),
(#10311,#10312),(#10313,#10314)),.SURF_OF_LINEAR_EXTRUSION.,.F.,.F.,.F.,
(4,4),(2,2),(0.,1.),(0.,1.),.PIECEWISE_BEZIER_KNOTS.);
#132=B_SPLINE_SURFACE_WITH_KNOTS('',3,1,((#10320,#10321),(#10322,#10323),
(#10324,#10325),(#10326,#10327)),.SURF_OF_LINEAR_EXTRUSION.,.F.,.F.,.F.,
(4,4),(2,2),(0.,1.),(0.,1.),.PIECEWISE_BEZIER_KNOTS.);
#133=B_SPLINE_SURFACE_WITH_KNOTS('',3,1,((#10383,#10384),(#10385,#10386),
(#10387,#10388),(#10389,#10390)),.SURF_OF_LINEAR_EXTRUSION.,.F.,.F.,.F.,
(4,4),(2,2),(0.,1.),(0.,1.),.PIECEWISE_BEZIER_KNOTS.);
#134=B_SPLINE_SURFACE_WITH_KNOTS('',3,1,((#10401,#10402),(#10403,#10404),
(#10405,#10406),(#10407,#10408)),.SURF_OF_LINEAR_EXTRUSION.,.F.,.F.,.F.,
(4,4),(2,2),(0.,1.),(0.,1.),.PIECEWISE_BEZIER_KNOTS.);
#135=B_SPLINE_SURFACE_WITH_KNOTS('',3,1,((#10418,#10419),(#10420,#10421),
(#10422,#10423),(#10424,#10425)),.SURF_OF_LINEAR_EXTRUSION.,.F.,.F.,.F.,
(4,4),(2,2),(0.,1.),(0.,1.),.PIECEWISE_BEZIER_KNOTS.);
#136=B_SPLINE_SURFACE_WITH_KNOTS('',3,1,((#10431,#10432),(#10433,#10434),
(#10435,#10436),(#10437,#10438)),.SURF_OF_LINEAR_EXTRUSION.,.F.,.F.,.F.,
(4,4),(2,2),(0.,1.),(0.,1.),.PIECEWISE_BEZIER_KNOTS.);
#137=CYLINDRICAL_SURFACE('',#5992,0.00145);
#138=CYLINDRICAL_SURFACE('',#5995,0.00145);
#139=CYLINDRICAL_SURFACE('',#5998,0.00145);
#140=CYLINDRICAL_SURFACE('',#6001,0.00145);
#141=CYLINDRICAL_SURFACE('',#6030,0.00466747508736087);
#142=CYLINDRICAL_SURFACE('',#6045,0.00182980845559822);
#143=CYLINDRICAL_SURFACE('',#6048,0.00217032650642437);
#144=CYLINDRICAL_SURFACE('',#6050,0.00201926758719407);
#145=CYLINDRICAL_SURFACE('',#6052,0.00159800632781116);
#146=CYLINDRICAL_SURFACE('',#6054,0.0057311112399298);
#147=CYLINDRICAL_SURFACE('',#6097,0.0200517914675807);
#148=CYLINDRICAL_SURFACE('',#6119,0.00109218663310856);
#149=CYLINDRICAL_SURFACE('',#6121,0.00182967592515837);
#150=CYLINDRICAL_SURFACE('',#6123,0.00650901660638798);
#151=CYLINDRICAL_SURFACE('',#6126,0.00345421780508168);
#152=CYLINDRICAL_SURFACE('',#6128,0.0010438679038529);
#153=CYLINDRICAL_SURFACE('',#6130,0.00710390375038985);
#154=CYLINDRICAL_SURFACE('',#6132,0.000298728039999044);
#155=CYLINDRICAL_SURFACE('',#6134,0.00394699015933903);
#156=CYLINDRICAL_SURFACE('',#6137,0.00293751072625704);
#157=CYLINDRICAL_SURFACE('',#6140,0.00186635655264898);
#158=CYLINDRICAL_SURFACE('',#6142,0.00128678552429243);
#159=CYLINDRICAL_SURFACE('',#6144,0.00156360661456264);
#160=CYLINDRICAL_SURFACE('',#6152,0.00132488203035385);
#161=CYLINDRICAL_SURFACE('',#6166,0.00211908863276439);
#162=CYLINDRICAL_SURFACE('',#6180,0.000802649553786024);
#163=CYLINDRICAL_SURFACE('',#6182,0.00192607073272356);
#164=CYLINDRICAL_SURFACE('',#6185,0.00258308961670501);
#165=CYLINDRICAL_SURFACE('',#6190,0.00316466488844039);
#166=CYLINDRICAL_SURFACE('',#6193,0.00322253862947362);
#167=CYLINDRICAL_SURFACE('',#6202,0.00112210957719725);
#168=CYLINDRICAL_SURFACE('',#6205,0.00114996421030317);
#169=CYLINDRICAL_SURFACE('',#6223,0.005);
#170=CYLINDRICAL_SURFACE('',#6224,0.005);
#171=CYLINDRICAL_SURFACE('',#6225,0.005);
#172=CYLINDRICAL_SURFACE('',#6226,0.005);
#173=CIRCLE('',#5964,0.0057311112399298);
#174=CIRCLE('',#5965,0.00159800632781116);
#175=CIRCLE('',#5966,0.00201926758719407);
#176=CIRCLE('',#5967,0.00217032650642437);
#177=CIRCLE('',#5968,0.00182980845559822);
#178=CIRCLE('',#5969,0.0200517914675807);
#179=CIRCLE('',#5970,0.00293751072625704);
#180=CIRCLE('',#5971,0.00394699015933903);
#181=CIRCLE('',#5972,0.000298728039999044);
#182=CIRCLE('',#5973,0.00710390375038985);
#183=CIRCLE('',#5974,0.0010438679038529);
#184=CIRCLE('',#5975,0.00345421780508168);
#185=CIRCLE('',#5976,0.00650901660638798);
#186=CIRCLE('',#5977,0.00182967592515837);
#187=CIRCLE('',#5978,0.00109218663310856);
#188=CIRCLE('',#5979,0.00128678552429243);
#189=CIRCLE('',#5980,0.00186635655264898);
#190=CIRCLE('',#5981,0.00132488203035385);
#191=CIRCLE('',#5982,0.00156360661456264);
#192=CIRCLE('',#5983,0.00211908863276439);
#193=CIRCLE('',#5984,0.00322253862947362);
#194=CIRCLE('',#5985,0.00316466488844039);
#195=CIRCLE('',#5986,0.00258308961670501);
#196=CIRCLE('',#5987,0.00192607073272356);
#197=CIRCLE('',#5988,0.000802649553786024);
#198=CIRCLE('',#5989,0.00112210957719725);
#199=CIRCLE('',#5993,0.00145);
#200=CIRCLE('',#5994,0.00145);
#201=CIRCLE('',#5996,0.00145);
#202=CIRCLE('',#5997,0.00145);
#203=CIRCLE('',#5999,0.00145);
#204=CIRCLE('',#6000,0.00145);
#205=CIRCLE('',#6002,0.00145);
#206=CIRCLE('',#6003,0.00145);
#207=CIRCLE('',#6005,0.005);
#208=CIRCLE('',#6006,0.005);
#209=CIRCLE('',#6007,0.005);
#210=CIRCLE('',#6008,0.005);
#211=CIRCLE('',#6014,0.005);
#212=CIRCLE('',#6015,0.005);
#213=CIRCLE('',#6016,0.005);
#214=CIRCLE('',#6017,0.005);
#215=CIRCLE('',#6021,0.005);
#216=CIRCLE('',#6025,0.005);
#217=CIRCLE('',#6028,0.005);
#218=CIRCLE('',#6031,0.00466747508736087);
#219=CIRCLE('',#6033,0.005);
#220=CIRCLE('',#6046,0.00182980845559822);
#221=CIRCLE('',#6049,0.00217032650642437);
#222=CIRCLE('',#6051,0.00201926758719407);
#223=CIRCLE('',#6053,0.00159800632781116);
#224=CIRCLE('',#6055,0.0057311112399298);
#225=CIRCLE('',#6098,0.0200517914675807);
#226=CIRCLE('',#6120,0.00109218663310856);
#227=CIRCLE('',#6122,0.00182967592515837);
#228=CIRCLE('',#6124,0.00650901660638798);
#229=CIRCLE('',#6127,0.00345421780508168);
#230=CIRCLE('',#6129,0.0010438679038529);
#231=CIRCLE('',#6131,0.00710390375038985);
#232=CIRCLE('',#6133,0.000298728039999044);
#233=CIRCLE('',#6135,0.00394699015933903);
#234=CIRCLE('',#6138,0.00293751072625704);
#235=CIRCLE('',#6141,0.00186635655264898);
#236=CIRCLE('',#6143,0.00128678552429243);
#237=CIRCLE('',#6145,0.00156360661456264);
#238=CIRCLE('',#6153,0.00132488203035385);
#239=CIRCLE('',#6167,0.00211908863276439);
#240=CIRCLE('',#6181,0.000802649553786024);
#241=CIRCLE('',#6183,0.00192607073272356);
#242=CIRCLE('',#6186,0.00258308961670501);
#243=CIRCLE('',#6191,0.00316466488844039);
#244=CIRCLE('',#6194,0.00322253862947362);
#245=CIRCLE('',#6203,0.00112210957719725);
#246=CIRCLE('',#6206,0.00114996421030317);
#247=CIRCLE('',#6208,0.005);
#248=CIRCLE('',#6212,0.005);
#249=CIRCLE('',#6215,0.005);
#250=B_SPLINE_CURVE_WITH_KNOTS('',2,(#7346,#7347,#7348),.UNSPECIFIED.,.F.,
 .F.,(3,3),(0.,1.),.PIECEWISE_BEZIER_KNOTS.);
#251=B_SPLINE_CURVE_WITH_KNOTS('',2,(#7350,#7351,#7352),.UNSPECIFIED.,.F.,
 .F.,(3,3),(0.,1.),.PIECEWISE_BEZIER_KNOTS.);
#252=B_SPLINE_CURVE_WITH_KNOTS('',2,(#7354,#7355,#7356),.UNSPECIFIED.,.F.,
 .F.,(3,3),(0.,1.),.PIECEWISE_BEZIER_KNOTS.);
#253=B_SPLINE_CURVE_WITH_KNOTS('',2,(#7358,#7359,#7360),.UNSPECIFIED.,.F.,
 .F.,(3,3),(0.,1.),.PIECEWISE_BEZIER_KNOTS.);
#254=B_SPLINE_CURVE_WITH_KNOTS('',2,(#7362,#7363,#7364),.UNSPECIFIED.,.F.,
 .F.,(3,3),(0.,1.),.PIECEWISE_BEZIER_KNOTS.);
#255=B_SPLINE_CURVE_WITH_KNOTS('',2,(#7366,#7367,#7368),.UNSPECIFIED.,.F.,
 .F.,(3,3),(0.,1.),.PIECEWISE_BEZIER_KNOTS.);
#256=B_SPLINE_CURVE_WITH_KNOTS('',2,(#7374,#7375,#7376),.UNSPECIFIED.,.F.,
 .F.,(3,3),(0.,1.),.PIECEWISE_BEZIER_KNOTS.);
#257=B_SPLINE_CURVE_WITH_KNOTS('',2,(#7378,#7379,#7380),.UNSPECIFIED.,.F.,
 .F.,(3,3),(0.,1.),.PIECEWISE_BEZIER_KNOTS.);
#258=B_SPLINE_CURVE_WITH_KNOTS('',2,(#7384,#7385,#7386),.UNSPECIFIED.,.F.,
 .F.,(3,3),(0.,1.),.PIECEWISE_BEZIER_KNOTS.);
#259=B_SPLINE_CURVE_WITH_KNOTS('',2,(#7388,#7389,#7390),.UNSPECIFIED.,.F.,
 .F.,(3,3),(0.,1.),.PIECEWISE_BEZIER_KNOTS.);
#260=B_SPLINE_CURVE_WITH_KNOTS('',2,(#7392,#7393,#7394),.UNSPECIFIED.,.F.,
 .F.,(3,3),(0.,1.),.PIECEWISE_BEZIER_KNOTS.);
#261=B_SPLINE_CURVE_WITH_KNOTS('',2,(#7404,#7405,#7406),.UNSPECIFIED.,.F.,
 .F.,(3,3),(0.,1.),.PIECEWISE_BEZIER_KNOTS.);
#262=B_SPLINE_CURVE_WITH_KNOTS('',2,(#7408,#7409,#7410),.UNSPECIFIED.,.F.,
 .F.,(3,3),(0.,1.),.PIECEWISE_BEZIER_KNOTS.);
#263=B_SPLINE_CURVE_WITH_KNOTS('',2,(#7412,#7413,#7414),.UNSPECIFIED.,.F.,
 .F.,(3,3),(0.,1.),.PIECEWISE_BEZIER_KNOTS.);
#264=B_SPLINE_CURVE_WITH_KNOTS('',2,(#7416,#7417,#7418),.UNSPECIFIED.,.F.,
 .F.,(3,3),(0.,1.),.PIECEWISE_BEZIER_KNOTS.);
#265=B_SPLINE_CURVE_WITH_KNOTS('',2,(#7420,#7421,#7422),.UNSPECIFIED.,.F.,
 .F.,(3,3),(0.,1.),.PIECEWISE_BEZIER_KNOTS.);
#266=B_SPLINE_CURVE_WITH_KNOTS('',2,(#7424,#7425,#7426),.UNSPECIFIED.,.F.,
 .F.,(3,3),(0.,1.),.PIECEWISE_BEZIER_KNOTS.);
#267=B_SPLINE_CURVE_WITH_KNOTS('',2,(#7432,#7433,#7434),.UNSPECIFIED.,.F.,
 .F.,(3,3),(0.,1.),.PIECEWISE_BEZIER_KNOTS.);
#268=B_SPLINE_CURVE_WITH_KNOTS('',2,(#7436,#7437,#7438),.UNSPECIFIED.,.F.,
 .F.,(3,3),(0.,1.),.PIECEWISE_BEZIER_KNOTS.);
#269=B_SPLINE_CURVE_WITH_KNOTS('',2,(#7442,#7443,#7444),.UNSPECIFIED.,.F.,
 .F.,(3,3),(0.,1.),.PIECEWISE_BEZIER_KNOTS.);
#270=B_SPLINE_CURVE_WITH_KNOTS('',2,(#7446,#7447,#7448),.UNSPECIFIED.,.F.,
 .F.,(3,3),(0.,1.),.PIECEWISE_BEZIER_KNOTS.);
#271=B_SPLINE_CURVE_WITH_KNOTS('',2,(#7450,#7451,#7452),.UNSPECIFIED.,.F.,
 .F.,(3,3),(0.,1.),.PIECEWISE_BEZIER_KNOTS.);
#272=B_SPLINE_CURVE_WITH_KNOTS('',2,(#7455,#7456,#7457),.UNSPECIFIED.,.F.,
 .F.,(3,3),(0.,1.),.PIECEWISE_BEZIER_KNOTS.);
#273=B_SPLINE_CURVE_WITH_KNOTS('',2,(#7460,#7461,#7462),.UNSPECIFIED.,.F.,
 .F.,(3,3),(0.,1.),.PIECEWISE_BEZIER_KNOTS.);
#274=B_SPLINE_CURVE_WITH_KNOTS('',2,(#7464,#7465,#7466),.UNSPECIFIED.,.F.,
 .F.,(3,3),(0.,1.),.PIECEWISE_BEZIER_KNOTS.);
#275=B_SPLINE_CURVE_WITH_KNOTS('',2,(#7468,#7469,#7470),.UNSPECIFIED.,.F.,
 .F.,(3,3),(0.,1.),.PIECEWISE_BEZIER_KNOTS.);
#276=B_SPLINE_CURVE_WITH_KNOTS('',2,(#7472,#7473,#7474),.UNSPECIFIED.,.F.,
 .F.,(3,3),(0.,1.),.PIECEWISE_BEZIER_KNOTS.);
#277=B_SPLINE_CURVE_WITH_KNOTS('',2,(#7482,#7483,#7484),.UNSPECIFIED.,.F.,
 .F.,(3,3),(0.,1.),.PIECEWISE_BEZIER_KNOTS.);
#278=B_SPLINE_CURVE_WITH_KNOTS('',2,(#7486,#7487,#7488),.UNSPECIFIED.,.F.,
 .F.,(3,3),(0.,1.),.PIECEWISE_BEZIER_KNOTS.);
#279=B_SPLINE_CURVE_WITH_KNOTS('',2,(#7527,#7528,#7529),.UNSPECIFIED.,.F.,
 .F.,(3,3),(0.,1.),.PIECEWISE_BEZIER_KNOTS.);
#280=B_SPLINE_CURVE_WITH_KNOTS('',2,(#7532,#7533,#7534),.UNSPECIFIED.,.F.,
 .F.,(3,3),(0.,1.),.PIECEWISE_BEZIER_KNOTS.);
#281=B_SPLINE_CURVE_WITH_KNOTS('',2,(#7538,#7539,#7540),.UNSPECIFIED.,.F.,
 .F.,(3,3),(0.,1.),.PIECEWISE_BEZIER_KNOTS.);
#282=B_SPLINE_CURVE_WITH_KNOTS('',2,(#7554,#7555,#7556),.UNSPECIFIED.,.F.,
 .F.,(3,3),(0.,1.),.PIECEWISE_BEZIER_KNOTS.);
#283=B_SPLINE_CURVE_WITH_KNOTS('',2,(#7558,#7559,#7560),.UNSPECIFIED.,.F.,
 .F.,(3,3),(0.,1.),.PIECEWISE_BEZIER_KNOTS.);
#284=B_SPLINE_CURVE_WITH_KNOTS('',2,(#7562,#7563,#7564),.UNSPECIFIED.,.F.,
 .F.,(3,3),(0.,1.),.PIECEWISE_BEZIER_KNOTS.);
#285=B_SPLINE_CURVE_WITH_KNOTS('',2,(#7566,#7567,#7568),.UNSPECIFIED.,.F.,
 .F.,(3,3),(0.,1.),.PIECEWISE_BEZIER_KNOTS.);
#286=B_SPLINE_CURVE_WITH_KNOTS('',2,(#7570,#7571,#7572),.UNSPECIFIED.,.F.,
 .F.,(3,3),(0.,1.),.PIECEWISE_BEZIER_KNOTS.);
#287=B_SPLINE_CURVE_WITH_KNOTS('',2,(#7580,#7581,#7582),.UNSPECIFIED.,.F.,
 .F.,(3,3),(0.,1.),.PIECEWISE_BEZIER_KNOTS.);
#288=B_SPLINE_CURVE_WITH_KNOTS('',2,(#7584,#7585,#7586),.UNSPECIFIED.,.F.,
 .F.,(3,3),(0.,1.),.PIECEWISE_BEZIER_KNOTS.);
#289=B_SPLINE_CURVE_WITH_KNOTS('',2,(#7588,#7589,#7590),.UNSPECIFIED.,.F.,
 .F.,(3,3),(0.,1.),.PIECEWISE_BEZIER_KNOTS.);
#290=B_SPLINE_CURVE_WITH_KNOTS('',2,(#7608,#7609,#7610),.UNSPECIFIED.,.F.,
 .F.,(3,3),(0.,1.),.PIECEWISE_BEZIER_KNOTS.);
#291=B_SPLINE_CURVE_WITH_KNOTS('',2,(#7612,#7613,#7614),.UNSPECIFIED.,.F.,
 .F.,(3,3),(0.,1.),.PIECEWISE_BEZIER_KNOTS.);
#292=B_SPLINE_CURVE_WITH_KNOTS('',2,(#7616,#7617,#7618),.UNSPECIFIED.,.F.,
 .F.,(3,3),(0.,1.),.PIECEWISE_BEZIER_KNOTS.);
#293=B_SPLINE_CURVE_WITH_KNOTS('',2,(#7619,#7620,#7621),.UNSPECIFIED.,.F.,
 .F.,(3,3),(0.,1.),.PIECEWISE_BEZIER_KNOTS.);
#294=B_SPLINE_CURVE_WITH_KNOTS('',2,(#7624,#7625,#7626),.UNSPECIFIED.,.F.,
 .F.,(3,3),(0.,1.),.PIECEWISE_BEZIER_KNOTS.);
#295=B_SPLINE_CURVE_WITH_KNOTS('',2,(#7630,#7631,#7632),.UNSPECIFIED.,.F.,
 .F.,(3,3),(0.,1.),.PIECEWISE_BEZIER_KNOTS.);
#296=B_SPLINE_CURVE_WITH_KNOTS('',2,(#7634,#7635,#7636),.UNSPECIFIED.,.F.,
 .F.,(3,3),(0.,1.),.PIECEWISE_BEZIER_KNOTS.);
#297=B_SPLINE_CURVE_WITH_KNOTS('',2,(#7638,#7639,#7640),.UNSPECIFIED.,.F.,
 .F.,(3,3),(0.,1.),.PIECEWISE_BEZIER_KNOTS.);
#298=B_SPLINE_CURVE_WITH_KNOTS('',2,(#7664,#7665,#7666),.UNSPECIFIED.,.F.,
 .F.,(3,3),(0.,1.),.PIECEWISE_BEZIER_KNOTS.);
#299=B_SPLINE_CURVE_WITH_KNOTS('',2,(#7667,#7668,#7669),.UNSPECIFIED.,.F.,
 .F.,(3,3),(0.,1.),.PIECEWISE_BEZIER_KNOTS.);
#300=B_SPLINE_CURVE_WITH_KNOTS('',2,(#7672,#7673,#7674),.UNSPECIFIED.,.F.,
 .F.,(3,3),(0.,1.),.PIECEWISE_BEZIER_KNOTS.);
#301=B_SPLINE_CURVE_WITH_KNOTS('',2,(#7676,#7677,#7678),.UNSPECIFIED.,.F.,
 .F.,(3,3),(0.,1.),.PIECEWISE_BEZIER_KNOTS.);
#302=B_SPLINE_CURVE_WITH_KNOTS('',2,(#7680,#7681,#7682),.UNSPECIFIED.,.F.,
 .F.,(3,3),(0.,1.),.PIECEWISE_BEZIER_KNOTS.);
#303=B_SPLINE_CURVE_WITH_KNOTS('',2,(#7690,#7691,#7692),.UNSPECIFIED.,.F.,
 .F.,(3,3),(0.,1.),.PIECEWISE_BEZIER_KNOTS.);
#304=B_SPLINE_CURVE_WITH_KNOTS('',2,(#7694,#7695,#7696),.UNSPECIFIED.,.F.,
 .F.,(3,3),(0.,1.),.PIECEWISE_BEZIER_KNOTS.);
#305=B_SPLINE_CURVE_WITH_KNOTS('',2,(#7700,#7701,#7702),.UNSPECIFIED.,.F.,
 .F.,(3,3),(0.,1.),.PIECEWISE_BEZIER_KNOTS.);
#306=B_SPLINE_CURVE_WITH_KNOTS('',2,(#7706,#7707,#7708),.UNSPECIFIED.,.F.,
 .F.,(3,3),(0.,1.),.PIECEWISE_BEZIER_KNOTS.);
#307=B_SPLINE_CURVE_WITH_KNOTS('',2,(#7712,#7713,#7714),.UNSPECIFIED.,.F.,
 .F.,(3,3),(0.,1.),.PIECEWISE_BEZIER_KNOTS.);
#308=B_SPLINE_CURVE_WITH_KNOTS('',2,(#7716,#7717,#7718),.UNSPECIFIED.,.F.,
 .F.,(3,3),(0.,1.),.PIECEWISE_BEZIER_KNOTS.);
#309=B_SPLINE_CURVE_WITH_KNOTS('',2,(#7720,#7721,#7722),.UNSPECIFIED.,.F.,
 .F.,(3,3),(0.,1.),.PIECEWISE_BEZIER_KNOTS.);
#310=B_SPLINE_CURVE_WITH_KNOTS('',2,(#7732,#7733,#7734),.UNSPECIFIED.,.F.,
 .F.,(3,3),(0.,1.),.PIECEWISE_BEZIER_KNOTS.);
#311=B_SPLINE_CURVE_WITH_KNOTS('',2,(#7736,#7737,#7738),.UNSPECIFIED.,.F.,
 .F.,(3,3),(0.,1.),.PIECEWISE_BEZIER_KNOTS.);
#312=B_SPLINE_CURVE_WITH_KNOTS('',2,(#7740,#7741,#7742),.UNSPECIFIED.,.F.,
 .F.,(3,3),(0.,1.),.PIECEWISE_BEZIER_KNOTS.);
#313=B_SPLINE_CURVE_WITH_KNOTS('',2,(#7744,#7745,#7746),.UNSPECIFIED.,.F.,
 .F.,(3,3),(0.,1.),.PIECEWISE_BEZIER_KNOTS.);
#314=B_SPLINE_CURVE_WITH_KNOTS('',2,(#7758,#7759,#7760),.UNSPECIFIED.,.F.,
 .F.,(3,3),(0.,1.),.PIECEWISE_BEZIER_KNOTS.);
#315=B_SPLINE_CURVE_WITH_KNOTS('',2,(#7762,#7763,#7764),.UNSPECIFIED.,.F.,
 .F.,(3,3),(0.,1.),.PIECEWISE_BEZIER_KNOTS.);
#316=B_SPLINE_CURVE_WITH_KNOTS('',2,(#7787,#7788,#7789),.UNSPECIFIED.,.F.,
 .F.,(3,3),(0.,1.),.PIECEWISE_BEZIER_KNOTS.);
#317=B_SPLINE_CURVE_WITH_KNOTS('',2,(#7792,#7793,#7794),.UNSPECIFIED.,.F.,
 .F.,(3,3),(0.,1.),.PIECEWISE_BEZIER_KNOTS.);
#318=B_SPLINE_CURVE_WITH_KNOTS('',2,(#7796,#7797,#7798),.UNSPECIFIED.,.F.,
 .F.,(3,3),(0.,1.),.PIECEWISE_BEZIER_KNOTS.);
#319=B_SPLINE_CURVE_WITH_KNOTS('',2,(#7800,#7801,#7802),.UNSPECIFIED.,.F.,
 .F.,(3,3),(0.,1.),.PIECEWISE_BEZIER_KNOTS.);
#320=B_SPLINE_CURVE_WITH_KNOTS('',2,(#7804,#7805,#7806),.UNSPECIFIED.,.F.,
 .F.,(3,3),(0.,1.),.PIECEWISE_BEZIER_KNOTS.);
#321=B_SPLINE_CURVE_WITH_KNOTS('',2,(#7826,#7827,#7828),.UNSPECIFIED.,.F.,
 .F.,(3,3),(0.,1.),.PIECEWISE_BEZIER_KNOTS.);
#322=B_SPLINE_CURVE_WITH_KNOTS('',2,(#7830,#7831,#7832),.UNSPECIFIED.,.F.,
 .F.,(3,3),(0.,1.),.PIECEWISE_BEZIER_KNOTS.);
#323=B_SPLINE_CURVE_WITH_KNOTS('',2,(#7834,#7835,#7836),.UNSPECIFIED.,.F.,
 .F.,(3,3),(0.,1.),.PIECEWISE_BEZIER_KNOTS.);
#324=B_SPLINE_CURVE_WITH_KNOTS('',2,(#7842,#7843,#7844),.UNSPECIFIED.,.F.,
 .F.,(3,3),(0.,1.),.PIECEWISE_BEZIER_KNOTS.);
#325=B_SPLINE_CURVE_WITH_KNOTS('',2,(#7846,#7847,#7848),.UNSPECIFIED.,.F.,
 .F.,(3,3),(0.,1.),.PIECEWISE_BEZIER_KNOTS.);
#326=B_SPLINE_CURVE_WITH_KNOTS('',2,(#7872,#7873,#7874),.UNSPECIFIED.,.F.,
 .F.,(3,3),(0.,1.),.PIECEWISE_BEZIER_KNOTS.);
#327=B_SPLINE_CURVE_WITH_KNOTS('',2,(#7876,#7877,#7878),.UNSPECIFIED.,.F.,
 .F.,(3,3),(0.,1.),.PIECEWISE_BEZIER_KNOTS.);
#328=B_SPLINE_CURVE_WITH_KNOTS('',2,(#7888,#7889,#7890),.UNSPECIFIED.,.F.,
 .F.,(3,3),(0.,1.),.PIECEWISE_BEZIER_KNOTS.);
#329=B_SPLINE_CURVE_WITH_KNOTS('',2,(#7898,#7899,#7900),.UNSPECIFIED.,.F.,
 .F.,(3,3),(0.,1.),.PIECEWISE_BEZIER_KNOTS.);
#330=B_SPLINE_CURVE_WITH_KNOTS('',2,(#7902,#7903,#7904),.UNSPECIFIED.,.F.,
 .F.,(3,3),(0.,1.),.PIECEWISE_BEZIER_KNOTS.);
#331=B_SPLINE_CURVE_WITH_KNOTS('',2,(#7910,#7911,#7912),.UNSPECIFIED.,.F.,
 .F.,(3,3),(0.,1.),.PIECEWISE_BEZIER_KNOTS.);
#332=B_SPLINE_CURVE_WITH_KNOTS('',2,(#7914,#7915,#7916),.UNSPECIFIED.,.F.,
 .F.,(3,3),(0.,1.),.PIECEWISE_BEZIER_KNOTS.);
#333=B_SPLINE_CURVE_WITH_KNOTS('',2,(#7918,#7919,#7920),.UNSPECIFIED.,.F.,
 .F.,(3,3),(0.,1.),.PIECEWISE_BEZIER_KNOTS.);
#334=B_SPLINE_CURVE_WITH_KNOTS('',2,(#7928,#7929,#7930),.UNSPECIFIED.,.F.,
 .F.,(3,3),(0.,1.),.PIECEWISE_BEZIER_KNOTS.);
#335=B_SPLINE_CURVE_WITH_KNOTS('',2,(#7932,#7933,#7934),.UNSPECIFIED.,.F.,
 .F.,(3,3),(0.,1.),.PIECEWISE_BEZIER_KNOTS.);
#336=B_SPLINE_CURVE_WITH_KNOTS('',2,(#7936,#7937,#7938),.UNSPECIFIED.,.F.,
 .F.,(3,3),(0.,1.),.PIECEWISE_BEZIER_KNOTS.);
#337=B_SPLINE_CURVE_WITH_KNOTS('',2,(#7940,#7941,#7942),.UNSPECIFIED.,.F.,
 .F.,(3,3),(0.,1.),.PIECEWISE_BEZIER_KNOTS.);
#338=B_SPLINE_CURVE_WITH_KNOTS('',2,(#7950,#7951,#7952),.UNSPECIFIED.,.F.,
 .F.,(3,3),(0.,1.),.PIECEWISE_BEZIER_KNOTS.);
#339=B_SPLINE_CURVE_WITH_KNOTS('',2,(#7954,#7955,#7956),.UNSPECIFIED.,.F.,
 .F.,(3,3),(0.,1.),.PIECEWISE_BEZIER_KNOTS.);
#340=B_SPLINE_CURVE_WITH_KNOTS('',2,(#7958,#7959,#7960),.UNSPECIFIED.,.F.,
 .F.,(3,3),(0.,1.),.PIECEWISE_BEZIER_KNOTS.);
#341=B_SPLINE_CURVE_WITH_KNOTS('',2,(#7968,#7969,#7970),.UNSPECIFIED.,.F.,
 .F.,(3,3),(0.,1.),.PIECEWISE_BEZIER_KNOTS.);
#342=B_SPLINE_CURVE_WITH_KNOTS('',2,(#7972,#7973,#7974),.UNSPECIFIED.,.F.,
 .F.,(3,3),(0.,1.),.PIECEWISE_BEZIER_KNOTS.);
#343=B_SPLINE_CURVE_WITH_KNOTS('',2,(#7976,#7977,#7978),.UNSPECIFIED.,.F.,
 .F.,(3,3),(0.,1.),.PIECEWISE_BEZIER_KNOTS.);
#344=B_SPLINE_CURVE_WITH_KNOTS('',2,(#7980,#7981,#7982),.UNSPECIFIED.,.F.,
 .F.,(3,3),(0.,1.),.PIECEWISE_BEZIER_KNOTS.);
#345=B_SPLINE_CURVE_WITH_KNOTS('',2,(#7984,#7985,#7986),.UNSPECIFIED.,.F.,
 .F.,(3,3),(0.,1.),.PIECEWISE_BEZIER_KNOTS.);
#346=B_SPLINE_CURVE_WITH_KNOTS('',2,(#7988,#7989,#7990),.UNSPECIFIED.,.F.,
 .F.,(3,3),(0.,1.),.PIECEWISE_BEZIER_KNOTS.);
#347=B_SPLINE_CURVE_WITH_KNOTS('',2,(#8081,#8082,#8083),.UNSPECIFIED.,.F.,
 .F.,(3,3),(0.,1.),.PIECEWISE_BEZIER_KNOTS.);
#348=B_SPLINE_CURVE_WITH_KNOTS('',2,(#8087,#8088,#8089),.UNSPECIFIED.,.F.,
 .F.,(3,3),(0.,1.),.PIECEWISE_BEZIER_KNOTS.);
#349=B_SPLINE_CURVE_WITH_KNOTS('',2,(#8101,#8102,#8103),.UNSPECIFIED.,.F.,
 .F.,(3,3),(0.,1.),.PIECEWISE_BEZIER_KNOTS.);
#350=B_SPLINE_CURVE_WITH_KNOTS('',2,(#8104,#8105,#8106),.UNSPECIFIED.,.F.,
 .F.,(3,3),(0.,1.),.PIECEWISE_BEZIER_KNOTS.);
#351=B_SPLINE_CURVE_WITH_KNOTS('',2,(#8118,#8119,#8120),.UNSPECIFIED.,.F.,
 .F.,(3,3),(0.,1.),.PIECEWISE_BEZIER_KNOTS.);
#352=B_SPLINE_CURVE_WITH_KNOTS('',2,(#8121,#8122,#8123),.UNSPECIFIED.,.F.,
 .F.,(3,3),(0.,1.),.PIECEWISE_BEZIER_KNOTS.);
#353=B_SPLINE_CURVE_WITH_KNOTS('',2,(#8135,#8136,#8137),.UNSPECIFIED.,.F.,
 .F.,(3,3),(0.,1.),.PIECEWISE_BEZIER_KNOTS.);
#354=B_SPLINE_CURVE_WITH_KNOTS('',2,(#8138,#8139,#8140),.UNSPECIFIED.,.F.,
 .F.,(3,3),(0.,1.),.PIECEWISE_BEZIER_KNOTS.);
#355=B_SPLINE_CURVE_WITH_KNOTS('',2,(#8152,#8153,#8154),.UNSPECIFIED.,.F.,
 .F.,(3,3),(0.,1.),.PIECEWISE_BEZIER_KNOTS.);
#356=B_SPLINE_CURVE_WITH_KNOTS('',2,(#8155,#8156,#8157),.UNSPECIFIED.,.F.,
 .F.,(3,3),(0.,1.),.PIECEWISE_BEZIER_KNOTS.);
#357=B_SPLINE_CURVE_WITH_KNOTS('',2,(#8169,#8170,#8171),.UNSPECIFIED.,.F.,
 .F.,(3,3),(0.,1.),.PIECEWISE_BEZIER_KNOTS.);
#358=B_SPLINE_CURVE_WITH_KNOTS('',2,(#8172,#8173,#8174),.UNSPECIFIED.,.F.,
 .F.,(3,3),(0.,1.),.PIECEWISE_BEZIER_KNOTS.);
#359=B_SPLINE_CURVE_WITH_KNOTS('',2,(#8186,#8187,#8188),.UNSPECIFIED.,.F.,
 .F.,(3,3),(0.,1.),.PIECEWISE_BEZIER_KNOTS.);
#360=B_SPLINE_CURVE_WITH_KNOTS('',2,(#8189,#8190,#8191),.UNSPECIFIED.,.F.,
 .F.,(3,3),(0.,1.),.PIECEWISE_BEZIER_KNOTS.);
#361=B_SPLINE_CURVE_WITH_KNOTS('',2,(#8208,#8209,#8210),.UNSPECIFIED.,.F.,
 .F.,(3,3),(0.,1.),.PIECEWISE_BEZIER_KNOTS.);
#362=B_SPLINE_CURVE_WITH_KNOTS('',3,(#8221,#8222,#8223,#8224),
 .UNSPECIFIED.,.F.,.F.,(4,4),(4.10089528727165E-14,0.000958861974212022),
 .UNSPECIFIED.);
#363=B_SPLINE_CURVE_WITH_KNOTS('',2,(#8228,#8229,#8230),.UNSPECIFIED.,.F.,
 .F.,(3,3),(0.,1.),.PIECEWISE_BEZIER_KNOTS.);
#364=B_SPLINE_CURVE_WITH_KNOTS('',3,(#8268,#8269,#8270,#8271),
 .UNSPECIFIED.,.F.,.F.,(4,4),(1.33989513230348E-13,0.000833684263791887),
 .UNSPECIFIED.);
#365=B_SPLINE_CURVE_WITH_KNOTS('',3,(#8290,#8291,#8292,#8293),
 .UNSPECIFIED.,.F.,.F.,(4,4),(0.,0.00100203253389148),.UNSPECIFIED.);
#366=B_SPLINE_CURVE_WITH_KNOTS('',2,(#8296,#8297,#8298),.UNSPECIFIED.,.F.,
 .F.,(3,3),(0.,1.),.PIECEWISE_BEZIER_KNOTS.);
#367=B_SPLINE_CURVE_WITH_KNOTS('',2,(#8309,#8310,#8311),.UNSPECIFIED.,.F.,
 .F.,(3,3),(0.,1.),.PIECEWISE_BEZIER_KNOTS.);
#368=B_SPLINE_CURVE_WITH_KNOTS('',2,(#8322,#8323,#8324),.UNSPECIFIED.,.F.,
 .F.,(3,3),(0.,1.),.PIECEWISE_BEZIER_KNOTS.);
#369=B_SPLINE_CURVE_WITH_KNOTS('',2,(#8333,#8334,#8335),.UNSPECIFIED.,.F.,
 .F.,(3,3),(0.,1.),.PIECEWISE_BEZIER_KNOTS.);
#370=B_SPLINE_CURVE_WITH_KNOTS('',2,(#8344,#8345,#8346),.UNSPECIFIED.,.F.,
 .F.,(3,3),(0.,1.),.PIECEWISE_BEZIER_KNOTS.);
#371=B_SPLINE_CURVE_WITH_KNOTS('',2,(#8347,#8348,#8349),.UNSPECIFIED.,.F.,
 .F.,(3,3),(0.,1.),.PIECEWISE_BEZIER_KNOTS.);
#372=B_SPLINE_CURVE_WITH_KNOTS('',2,(#8377,#8378,#8379),.UNSPECIFIED.,.F.,
 .F.,(3,3),(0.,1.),.PIECEWISE_BEZIER_KNOTS.);
#373=B_SPLINE_CURVE_WITH_KNOTS('',2,(#8380,#8381,#8382),.UNSPECIFIED.,.F.,
 .F.,(3,3),(0.,1.),.PIECEWISE_BEZIER_KNOTS.);
#374=B_SPLINE_CURVE_WITH_KNOTS('',2,(#8394,#8395,#8396),.UNSPECIFIED.,.F.,
 .F.,(3,3),(0.,1.),.PIECEWISE_BEZIER_KNOTS.);
#375=B_SPLINE_CURVE_WITH_KNOTS('',2,(#8397,#8398,#8399),.UNSPECIFIED.,.F.,
 .F.,(3,3),(0.,1.),.PIECEWISE_BEZIER_KNOTS.);
#376=B_SPLINE_CURVE_WITH_KNOTS('',2,(#8411,#8412,#8413),.UNSPECIFIED.,.F.,
 .F.,(3,3),(0.,1.),.PIECEWISE_BEZIER_KNOTS.);
#377=B_SPLINE_CURVE_WITH_KNOTS('',2,(#8414,#8415,#8416),.UNSPECIFIED.,.F.,
 .F.,(3,3),(0.,1.),.PIECEWISE_BEZIER_KNOTS.);
#378=B_SPLINE_CURVE_WITH_KNOTS('',2,(#8428,#8429,#8430),.UNSPECIFIED.,.F.,
 .F.,(3,3),(0.,1.),.PIECEWISE_BEZIER_KNOTS.);
#379=B_SPLINE_CURVE_WITH_KNOTS('',2,(#8431,#8432,#8433),.UNSPECIFIED.,.F.,
 .F.,(3,3),(0.,1.),.PIECEWISE_BEZIER_KNOTS.);
#380=B_SPLINE_CURVE_WITH_KNOTS('',2,(#8458,#8459,#8460),.UNSPECIFIED.,.F.,
 .F.,(3,3),(0.,1.),.PIECEWISE_BEZIER_KNOTS.);
#381=B_SPLINE_CURVE_WITH_KNOTS('',2,(#8471,#8472,#8473),.UNSPECIFIED.,.F.,
 .F.,(3,3),(0.,1.),.PIECEWISE_BEZIER_KNOTS.);
#382=B_SPLINE_CURVE_WITH_KNOTS('',2,(#8484,#8485,#8486),.UNSPECIFIED.,.F.,
 .F.,(3,3),(0.,1.),.PIECEWISE_BEZIER_KNOTS.);
#383=B_SPLINE_CURVE_WITH_KNOTS('',2,(#8501,#8502,#8503),.UNSPECIFIED.,.F.,
 .F.,(3,3),(0.,1.),.PIECEWISE_BEZIER_KNOTS.);
#384=B_SPLINE_CURVE_WITH_KNOTS('',2,(#8514,#8515,#8516),.UNSPECIFIED.,.F.,
 .F.,(3,3),(0.,1.),.PIECEWISE_BEZIER_KNOTS.);
#385=B_SPLINE_CURVE_WITH_KNOTS('',2,(#8535,#8536,#8537),.UNSPECIFIED.,.F.,
 .F.,(3,3),(0.,1.),.PIECEWISE_BEZIER_KNOTS.);
#386=B_SPLINE_CURVE_WITH_KNOTS('',2,(#8548,#8549,#8550),.UNSPECIFIED.,.F.,
 .F.,(3,3),(0.,1.),.PIECEWISE_BEZIER_KNOTS.);
#387=B_SPLINE_CURVE_WITH_KNOTS('',2,(#8561,#8562,#8563),.UNSPECIFIED.,.F.,
 .F.,(3,3),(0.,1.),.PIECEWISE_BEZIER_KNOTS.);
#388=B_SPLINE_CURVE_WITH_KNOTS('',2,(#8574,#8575,#8576),.UNSPECIFIED.,.F.,
 .F.,(3,3),(0.,1.),.PIECEWISE_BEZIER_KNOTS.);
#389=B_SPLINE_CURVE_WITH_KNOTS('',2,(#8587,#8588,#8589),.UNSPECIFIED.,.F.,
 .F.,(3,3),(0.,1.),.PIECEWISE_BEZIER_KNOTS.);
#390=B_SPLINE_CURVE_WITH_KNOTS('',2,(#8600,#8601,#8602),.UNSPECIFIED.,.F.,
 .F.,(3,3),(0.,1.),.PIECEWISE_BEZIER_KNOTS.);
#391=B_SPLINE_CURVE_WITH_KNOTS('',2,(#8613,#8614,#8615),.UNSPECIFIED.,.F.,
 .F.,(3,3),(0.,1.),.PIECEWISE_BEZIER_KNOTS.);
#392=B_SPLINE_CURVE_WITH_KNOTS('',2,(#8616,#8617,#8618),.UNSPECIFIED.,.F.,
 .F.,(3,3),(0.,1.),.PIECEWISE_BEZIER_KNOTS.);
#393=B_SPLINE_CURVE_WITH_KNOTS('',2,(#8630,#8631,#8632),.UNSPECIFIED.,.F.,
 .F.,(3,3),(0.,1.),.PIECEWISE_BEZIER_KNOTS.);
#394=B_SPLINE_CURVE_WITH_KNOTS('',2,(#8645,#8646,#8647),.UNSPECIFIED.,.F.,
 .F.,(3,3),(0.,1.),.PIECEWISE_BEZIER_KNOTS.);
#395=B_SPLINE_CURVE_WITH_KNOTS('',2,(#8674,#8675,#8676),.UNSPECIFIED.,.F.,
 .F.,(3,3),(0.,1.),.PIECEWISE_BEZIER_KNOTS.);
#396=B_SPLINE_CURVE_WITH_KNOTS('',2,(#8687,#8688,#8689),.UNSPECIFIED.,.F.,
 .F.,(3,3),(0.,1.),.PIECEWISE_BEZIER_KNOTS.);
#397=B_SPLINE_CURVE_WITH_KNOTS('',2,(#8712,#8713,#8714),.UNSPECIFIED.,.F.,
 .F.,(3,3),(0.,1.),.PIECEWISE_BEZIER_KNOTS.);
#398=B_SPLINE_CURVE_WITH_KNOTS('',2,(#8725,#8726,#8727),.UNSPECIFIED.,.F.,
 .F.,(3,3),(0.,1.),.PIECEWISE_BEZIER_KNOTS.);
#399=B_SPLINE_CURVE_WITH_KNOTS('',2,(#8736,#8737,#8738),.UNSPECIFIED.,.F.,
 .F.,(3,3),(0.,1.),.PIECEWISE_BEZIER_KNOTS.);
#400=B_SPLINE_CURVE_WITH_KNOTS('',2,(#8827,#8828,#8829),.UNSPECIFIED.,.F.,
 .F.,(3,3),(0.,1.),.PIECEWISE_BEZIER_KNOTS.);
#401=B_SPLINE_CURVE_WITH_KNOTS('',2,(#8830,#8831,#8832),.UNSPECIFIED.,.F.,
 .F.,(3,3),(0.,1.),.PIECEWISE_BEZIER_KNOTS.);
#402=B_SPLINE_CURVE_WITH_KNOTS('',2,(#8844,#8845,#8846),.UNSPECIFIED.,.F.,
 .F.,(3,3),(0.,1.),.PIECEWISE_BEZIER_KNOTS.);
#403=B_SPLINE_CURVE_WITH_KNOTS('',2,(#8847,#8848,#8849),.UNSPECIFIED.,.F.,
 .F.,(3,3),(0.,1.),.PIECEWISE_BEZIER_KNOTS.);
#404=B_SPLINE_CURVE_WITH_KNOTS('',2,(#8861,#8862,#8863),.UNSPECIFIED.,.F.,
 .F.,(3,3),(0.,1.),.PIECEWISE_BEZIER_KNOTS.);
#405=B_SPLINE_CURVE_WITH_KNOTS('',2,(#8864,#8865,#8866),.UNSPECIFIED.,.F.,
 .F.,(3,3),(0.,1.),.PIECEWISE_BEZIER_KNOTS.);
#406=B_SPLINE_CURVE_WITH_KNOTS('',2,(#8878,#8879,#8880),.UNSPECIFIED.,.F.,
 .F.,(3,3),(0.,1.),.PIECEWISE_BEZIER_KNOTS.);
#407=B_SPLINE_CURVE_WITH_KNOTS('',2,(#8881,#8882,#8883),.UNSPECIFIED.,.F.,
 .F.,(3,3),(0.,1.),.PIECEWISE_BEZIER_KNOTS.);
#408=B_SPLINE_CURVE_WITH_KNOTS('',2,(#8908,#8909,#8910),.UNSPECIFIED.,.F.,
 .F.,(3,3),(0.,1.),.PIECEWISE_BEZIER_KNOTS.);
#409=B_SPLINE_CURVE_WITH_KNOTS('',2,(#8921,#8922,#8923),.UNSPECIFIED.,.F.,
 .F.,(3,3),(0.,1.),.PIECEWISE_BEZIER_KNOTS.);
#410=B_SPLINE_CURVE_WITH_KNOTS('',2,(#8934,#8935,#8936),.UNSPECIFIED.,.F.,
 .F.,(3,3),(0.,1.),.PIECEWISE_BEZIER_KNOTS.);
#411=B_SPLINE_CURVE_WITH_KNOTS('',2,(#8951,#8952,#8953),.UNSPECIFIED.,.F.,
 .F.,(3,3),(0.,1.),.PIECEWISE_BEZIER_KNOTS.);
#412=B_SPLINE_CURVE_WITH_KNOTS('',2,(#8964,#8965,#8966),.UNSPECIFIED.,.F.,
 .F.,(3,3),(0.,1.),.PIECEWISE_BEZIER_KNOTS.);
#413=B_SPLINE_CURVE_WITH_KNOTS('',2,(#8985,#8986,#8987),.UNSPECIFIED.,.F.,
 .F.,(3,3),(0.,1.),.PIECEWISE_BEZIER_KNOTS.);
#414=B_SPLINE_CURVE_WITH_KNOTS('',2,(#8998,#8999,#9000),.UNSPECIFIED.,.F.,
 .F.,(3,3),(0.,1.),.PIECEWISE_BEZIER_KNOTS.);
#415=B_SPLINE_CURVE_WITH_KNOTS('',2,(#9011,#9012,#9013),.UNSPECIFIED.,.F.,
 .F.,(3,3),(0.,1.),.PIECEWISE_BEZIER_KNOTS.);
#416=B_SPLINE_CURVE_WITH_KNOTS('',2,(#9024,#9025,#9026),.UNSPECIFIED.,.F.,
 .F.,(3,3),(0.,1.),.PIECEWISE_BEZIER_KNOTS.);
#417=B_SPLINE_CURVE_WITH_KNOTS('',2,(#9037,#9038,#9039),.UNSPECIFIED.,.F.,
 .F.,(3,3),(0.,1.),.PIECEWISE_BEZIER_KNOTS.);
#418=B_SPLINE_CURVE_WITH_KNOTS('',2,(#9050,#9051,#9052),.UNSPECIFIED.,.F.,
 .F.,(3,3),(0.,1.),.PIECEWISE_BEZIER_KNOTS.);
#419=B_SPLINE_CURVE_WITH_KNOTS('',2,(#9063,#9064,#9065),.UNSPECIFIED.,.F.,
 .F.,(3,3),(0.,1.),.PIECEWISE_BEZIER_KNOTS.);
#420=B_SPLINE_CURVE_WITH_KNOTS('',2,(#9066,#9067,#9068),.UNSPECIFIED.,.F.,
 .F.,(3,3),(0.,1.),.PIECEWISE_BEZIER_KNOTS.);
#421=B_SPLINE_CURVE_WITH_KNOTS('',2,(#9081,#9082,#9083),.UNSPECIFIED.,.F.,
 .F.,(3,3),(0.,1.),.PIECEWISE_BEZIER_KNOTS.);
#422=B_SPLINE_CURVE_WITH_KNOTS('',2,(#9087,#9088,#9089),.UNSPECIFIED.,.F.,
 .F.,(3,3),(0.,1.),.PIECEWISE_BEZIER_KNOTS.);
#423=B_SPLINE_CURVE_WITH_KNOTS('',2,(#9101,#9102,#9103),.UNSPECIFIED.,.F.,
 .F.,(3,3),(0.,1.),.PIECEWISE_BEZIER_KNOTS.);
#424=B_SPLINE_CURVE_WITH_KNOTS('',2,(#9104,#9105,#9106),.UNSPECIFIED.,.F.,
 .F.,(3,3),(0.,1.),.PIECEWISE_BEZIER_KNOTS.);
#425=B_SPLINE_CURVE_WITH_KNOTS('',2,(#9118,#9119,#9120),.UNSPECIFIED.,.F.,
 .F.,(3,3),(0.,1.),.PIECEWISE_BEZIER_KNOTS.);
#426=B_SPLINE_CURVE_WITH_KNOTS('',2,(#9121,#9122,#9123),.UNSPECIFIED.,.F.,
 .F.,(3,3),(0.,1.),.PIECEWISE_BEZIER_KNOTS.);
#427=B_SPLINE_CURVE_WITH_KNOTS('',2,(#9135,#9136,#9137),.UNSPECIFIED.,.F.,
 .F.,(3,3),(0.,1.),.PIECEWISE_BEZIER_KNOTS.);
#428=B_SPLINE_CURVE_WITH_KNOTS('',2,(#9138,#9139,#9140),.UNSPECIFIED.,.F.,
 .F.,(3,3),(0.,1.),.PIECEWISE_BEZIER_KNOTS.);
#429=B_SPLINE_CURVE_WITH_KNOTS('',2,(#9152,#9153,#9154),.UNSPECIFIED.,.F.,
 .F.,(3,3),(0.,1.),.PIECEWISE_BEZIER_KNOTS.);
#430=B_SPLINE_CURVE_WITH_KNOTS('',2,(#9155,#9156,#9157),.UNSPECIFIED.,.F.,
 .F.,(3,3),(0.,1.),.PIECEWISE_BEZIER_KNOTS.);
#431=B_SPLINE_CURVE_WITH_KNOTS('',2,(#9169,#9170,#9171),.UNSPECIFIED.,.F.,
 .F.,(3,3),(0.,1.),.PIECEWISE_BEZIER_KNOTS.);
#432=B_SPLINE_CURVE_WITH_KNOTS('',2,(#9172,#9173,#9174),.UNSPECIFIED.,.F.,
 .F.,(3,3),(0.,1.),.PIECEWISE_BEZIER_KNOTS.);
#433=B_SPLINE_CURVE_WITH_KNOTS('',2,(#9191,#9192,#9193),.UNSPECIFIED.,.F.,
 .F.,(3,3),(0.,1.),.PIECEWISE_BEZIER_KNOTS.);
#434=B_SPLINE_CURVE_WITH_KNOTS('',2,(#9206,#9207,#9208),.UNSPECIFIED.,.F.,
 .F.,(3,3),(0.,1.),.PIECEWISE_BEZIER_KNOTS.);
#435=B_SPLINE_CURVE_WITH_KNOTS('',2,(#9219,#9220,#9221),.UNSPECIFIED.,.F.,
 .F.,(3,3),(0.,1.),.PIECEWISE_BEZIER_KNOTS.);
#436=B_SPLINE_CURVE_WITH_KNOTS('',2,(#9232,#9233,#9234),.UNSPECIFIED.,.F.,
 .F.,(3,3),(0.,1.),.PIECEWISE_BEZIER_KNOTS.);
#437=B_SPLINE_CURVE_WITH_KNOTS('',2,(#9245,#9246,#9247),.UNSPECIFIED.,.F.,
 .F.,(3,3),(0.,1.),.PIECEWISE_BEZIER_KNOTS.);
#438=B_SPLINE_CURVE_WITH_KNOTS('',2,(#9258,#9259,#9260),.UNSPECIFIED.,.F.,
 .F.,(3,3),(0.,1.),.PIECEWISE_BEZIER_KNOTS.);
#439=B_SPLINE_CURVE_WITH_KNOTS('',2,(#9271,#9272,#9273),.UNSPECIFIED.,.F.,
 .F.,(3,3),(0.,1.),.PIECEWISE_BEZIER_KNOTS.);
#440=B_SPLINE_CURVE_WITH_KNOTS('',2,(#9308,#9309,#9310),.UNSPECIFIED.,.F.,
 .F.,(3,3),(0.,1.),.PIECEWISE_BEZIER_KNOTS.);
#441=B_SPLINE_CURVE_WITH_KNOTS('',2,(#9321,#9322,#9323),.UNSPECIFIED.,.F.,
 .F.,(3,3),(0.,1.),.PIECEWISE_BEZIER_KNOTS.);
#442=B_SPLINE_CURVE_WITH_KNOTS('',2,(#9324,#9325,#9326),.UNSPECIFIED.,.F.,
 .F.,(3,3),(0.,1.),.PIECEWISE_BEZIER_KNOTS.);
#443=B_SPLINE_CURVE_WITH_KNOTS('',2,(#9348,#9349,#9350),.UNSPECIFIED.,.F.,
 .F.,(3,3),(0.,1.),.PIECEWISE_BEZIER_KNOTS.);
#444=B_SPLINE_CURVE_WITH_KNOTS('',2,(#9361,#9362,#9363),.UNSPECIFIED.,.F.,
 .F.,(3,3),(0.,1.),.PIECEWISE_BEZIER_KNOTS.);
#445=B_SPLINE_CURVE_WITH_KNOTS('',2,(#9374,#9375,#9376),.UNSPECIFIED.,.F.,
 .F.,(3,3),(0.,1.),.PIECEWISE_BEZIER_KNOTS.);
#446=B_SPLINE_CURVE_WITH_KNOTS('',2,(#9419,#9420,#9421),.UNSPECIFIED.,.F.,
 .F.,(3,3),(0.,1.),.PIECEWISE_BEZIER_KNOTS.);
#447=B_SPLINE_CURVE_WITH_KNOTS('',2,(#9432,#9433,#9434),.UNSPECIFIED.,.F.,
 .F.,(3,3),(0.,1.),.PIECEWISE_BEZIER_KNOTS.);
#448=B_SPLINE_CURVE_WITH_KNOTS('',2,(#9445,#9446,#9447),.UNSPECIFIED.,.F.,
 .F.,(3,3),(0.,1.),.PIECEWISE_BEZIER_KNOTS.);
#449=B_SPLINE_CURVE_WITH_KNOTS('',2,(#9461,#9462,#9463),.UNSPECIFIED.,.F.,
 .F.,(3,3),(0.,1.),.PIECEWISE_BEZIER_KNOTS.);
#450=B_SPLINE_CURVE_WITH_KNOTS('',2,(#9476,#9477,#9478),.UNSPECIFIED.,.F.,
 .F.,(3,3),(0.,1.),.PIECEWISE_BEZIER_KNOTS.);
#451=B_SPLINE_CURVE_WITH_KNOTS('',2,(#9489,#9490,#9491),.UNSPECIFIED.,.F.,
 .F.,(3,3),(0.,1.),.PIECEWISE_BEZIER_KNOTS.);
#452=B_SPLINE_CURVE_WITH_KNOTS('',2,(#9546,#9547,#9548),.UNSPECIFIED.,.F.,
 .F.,(3,3),(0.,1.),.PIECEWISE_BEZIER_KNOTS.);
#453=B_SPLINE_CURVE_WITH_KNOTS('',2,(#9559,#9560,#9561),.UNSPECIFIED.,.F.,
 .F.,(3,3),(0.,1.),.PIECEWISE_BEZIER_KNOTS.);
#454=B_SPLINE_CURVE_WITH_KNOTS('',2,(#9572,#9573,#9574),.UNSPECIFIED.,.F.,
 .F.,(3,3),(0.,1.),.PIECEWISE_BEZIER_KNOTS.);
#455=B_SPLINE_CURVE_WITH_KNOTS('',2,(#9588,#9589,#9590),.UNSPECIFIED.,.F.,
 .F.,(3,3),(0.,1.),.PIECEWISE_BEZIER_KNOTS.);
#456=B_SPLINE_CURVE_WITH_KNOTS('',2,(#9603,#9604,#9605),.UNSPECIFIED.,.F.,
 .F.,(3,3),(0.,1.),.PIECEWISE_BEZIER_KNOTS.);
#457=B_SPLINE_CURVE_WITH_KNOTS('',2,(#9620,#9621,#9622),.UNSPECIFIED.,.F.,
 .F.,(3,3),(0.,1.),.PIECEWISE_BEZIER_KNOTS.);
#458=B_SPLINE_CURVE_WITH_KNOTS('',2,(#9633,#9634,#9635),.UNSPECIFIED.,.F.,
 .F.,(3,3),(0.,1.),.PIECEWISE_BEZIER_KNOTS.);
#459=B_SPLINE_CURVE_WITH_KNOTS('',2,(#9646,#9647,#9648),.UNSPECIFIED.,.F.,
 .F.,(3,3),(0.,1.),.PIECEWISE_BEZIER_KNOTS.);
#460=B_SPLINE_CURVE_WITH_KNOTS('',2,(#9659,#9660,#9661),.UNSPECIFIED.,.F.,
 .F.,(3,3),(0.,1.),.PIECEWISE_BEZIER_KNOTS.);
#461=B_SPLINE_CURVE_WITH_KNOTS('',2,(#9688,#9689,#9690),.UNSPECIFIED.,.F.,
 .F.,(3,3),(0.,1.),.PIECEWISE_BEZIER_KNOTS.);
#462=B_SPLINE_CURVE_WITH_KNOTS('',2,(#9701,#9702,#9703),.UNSPECIFIED.,.F.,
 .F.,(3,3),(0.,1.),.PIECEWISE_BEZIER_KNOTS.);
#463=B_SPLINE_CURVE_WITH_KNOTS('',2,(#9714,#9715,#9716),.UNSPECIFIED.,.F.,
 .F.,(3,3),(0.,1.),.PIECEWISE_BEZIER_KNOTS.);
#464=B_SPLINE_CURVE_WITH_KNOTS('',2,(#9731,#9732,#9733),.UNSPECIFIED.,.F.,
 .F.,(3,3),(0.,1.),.PIECEWISE_BEZIER_KNOTS.);
#465=B_SPLINE_CURVE_WITH_KNOTS('',2,(#9748,#9749,#9750),.UNSPECIFIED.,.F.,
 .F.,(3,3),(0.,1.),.PIECEWISE_BEZIER_KNOTS.);
#466=B_SPLINE_CURVE_WITH_KNOTS('',2,(#9765,#9766,#9767),.UNSPECIFIED.,.F.,
 .F.,(3,3),(0.,1.),.PIECEWISE_BEZIER_KNOTS.);
#467=B_SPLINE_CURVE_WITH_KNOTS('',2,(#9778,#9779,#9780),.UNSPECIFIED.,.F.,
 .F.,(3,3),(0.,1.),.PIECEWISE_BEZIER_KNOTS.);
#468=B_SPLINE_CURVE_WITH_KNOTS('',2,(#9803,#9804,#9805),.UNSPECIFIED.,.F.,
 .F.,(3,3),(0.,1.),.PIECEWISE_BEZIER_KNOTS.);
#469=B_SPLINE_CURVE_WITH_KNOTS('',2,(#9814,#9815,#9816),.UNSPECIFIED.,.F.,
 .F.,(3,3),(0.,1.),.PIECEWISE_BEZIER_KNOTS.);
#470=B_SPLINE_CURVE_WITH_KNOTS('',2,(#9866,#9867,#9868),.UNSPECIFIED.,.F.,
 .F.,(3,3),(0.,1.),.PIECEWISE_BEZIER_KNOTS.);
#471=B_SPLINE_CURVE_WITH_KNOTS('',2,(#9879,#9880,#9881),.UNSPECIFIED.,.F.,
 .F.,(3,3),(0.,1.),.PIECEWISE_BEZIER_KNOTS.);
#472=B_SPLINE_CURVE_WITH_KNOTS('',2,(#9916,#9917,#9918),.UNSPECIFIED.,.F.,
 .F.,(3,3),(0.,1.),.PIECEWISE_BEZIER_KNOTS.);
#473=B_SPLINE_CURVE_WITH_KNOTS('',2,(#9931,#9932,#9933),.UNSPECIFIED.,.F.,
 .F.,(3,3),(0.,1.),.PIECEWISE_BEZIER_KNOTS.);
#474=B_SPLINE_CURVE_WITH_KNOTS('',2,(#9944,#9945,#9946),.UNSPECIFIED.,.F.,
 .F.,(3,3),(0.,1.),.PIECEWISE_BEZIER_KNOTS.);
#475=B_SPLINE_CURVE_WITH_KNOTS('',2,(#9957,#9958,#9959),.UNSPECIFIED.,.F.,
 .F.,(3,3),(0.,1.),.PIECEWISE_BEZIER_KNOTS.);
#476=B_SPLINE_CURVE_WITH_KNOTS('',2,(#9968,#9969,#9970),.UNSPECIFIED.,.F.,
 .F.,(3,3),(0.,1.),.PIECEWISE_BEZIER_KNOTS.);
#477=B_SPLINE_CURVE_WITH_KNOTS('',2,(#10000,#10001,#10002),
 .UNSPECIFIED.,.F.,.F.,(3,3),(0.,1.),.PIECEWISE_BEZIER_KNOTS.);
#478=B_SPLINE_CURVE_WITH_KNOTS('',2,(#10013,#10014,#10015),
 .UNSPECIFIED.,.F.,.F.,(3,3),(0.,1.),.PIECEWISE_BEZIER_KNOTS.);
#479=B_SPLINE_CURVE_WITH_KNOTS('',2,(#10034,#10035,#10036),
 .UNSPECIFIED.,.F.,.F.,(3,3),(0.,1.),.PIECEWISE_BEZIER_KNOTS.);
#480=B_SPLINE_CURVE_WITH_KNOTS('',2,(#10047,#10048,#10049),
 .UNSPECIFIED.,.F.,.F.,(3,3),(0.,1.),.PIECEWISE_BEZIER_KNOTS.);
#481=B_SPLINE_CURVE_WITH_KNOTS('',2,(#10060,#10061,#10062),
 .UNSPECIFIED.,.F.,.F.,(3,3),(0.,1.),.PIECEWISE_BEZIER_KNOTS.);
#482=B_SPLINE_CURVE_WITH_KNOTS('',2,(#10114,#10115,#10116),
 .UNSPECIFIED.,.F.,.F.,(3,3),(0.,1.),.PIECEWISE_BEZIER_KNOTS.);
#483=B_SPLINE_CURVE_WITH_KNOTS('',2,(#10143,#10144,#10145),
 .UNSPECIFIED.,.F.,.F.,(3,3),(0.,1.),.PIECEWISE_BEZIER_KNOTS.);
#484=B_SPLINE_CURVE_WITH_KNOTS('',2,(#10156,#10157,#10158),
 .UNSPECIFIED.,.F.,.F.,(3,3),(0.,1.),.PIECEWISE_BEZIER_KNOTS.);
#485=B_SPLINE_CURVE_WITH_KNOTS('',2,(#10206,#10207,#10208),
 .UNSPECIFIED.,.F.,.F.,(3,3),(0.,1.),.PIECEWISE_BEZIER_KNOTS.);
#486=B_SPLINE_CURVE_WITH_KNOTS('',2,(#10219,#10220,#10221),
 .UNSPECIFIED.,.F.,.F.,(3,3),(0.,1.),.PIECEWISE_BEZIER_KNOTS.);
#487=B_SPLINE_CURVE_WITH_KNOTS('',2,(#10232,#10233,#10234),
 .UNSPECIFIED.,.F.,.F.,(3,3),(0.,1.),.PIECEWISE_BEZIER_KNOTS.);
#488=B_SPLINE_CURVE_WITH_KNOTS('',2,(#10245,#10246,#10247),
 .UNSPECIFIED.,.F.,.F.,(3,3),(0.,1.),.PIECEWISE_BEZIER_KNOTS.);
#489=B_SPLINE_CURVE_WITH_KNOTS('',2,(#10270,#10271,#10272),
 .UNSPECIFIED.,.F.,.F.,(3,3),(0.,1.),.PIECEWISE_BEZIER_KNOTS.);
#490=B_SPLINE_CURVE_WITH_KNOTS('',2,(#10283,#10284,#10285),
 .UNSPECIFIED.,.F.,.F.,(3,3),(0.,1.),.PIECEWISE_BEZIER_KNOTS.);
#491=B_SPLINE_CURVE_WITH_KNOTS('',2,(#10296,#10297,#10298),
 .UNSPECIFIED.,.F.,.F.,(3,3),(0.,1.),.PIECEWISE_BEZIER_KNOTS.);
#492=B_SPLINE_CURVE_WITH_KNOTS('',2,(#10317,#10318,#10319),
 .UNSPECIFIED.,.F.,.F.,(3,3),(0.,1.),.PIECEWISE_BEZIER_KNOTS.);
#493=B_SPLINE_CURVE_WITH_KNOTS('',3,(#10328,#10329,#10330,#10331),
 .UNSPECIFIED.,.F.,.F.,(4,4),(3.91770621535457E-14,6.33867125186683E-5),
 .UNSPECIFIED.);
#494=B_SPLINE_CURVE_WITH_KNOTS('',2,(#10335,#10336,#10337),
 .UNSPECIFIED.,.F.,.F.,(3,3),(0.,1.),.PIECEWISE_BEZIER_KNOTS.);
#495=B_SPLINE_CURVE_WITH_KNOTS('',3,(#10339,#10340,#10341,#10342),
 .UNSPECIFIED.,.F.,.F.,(4,4),(1.56291837681296E-11,0.000664623994577027),
 .UNSPECIFIED.);
#496=B_SPLINE_CURVE_WITH_KNOTS('',3,(#10391,#10392,#10393,#10394),
 .UNSPECIFIED.,.F.,.F.,(4,4),(0.,0.0010831056366532),.UNSPECIFIED.);
#497=B_SPLINE_CURVE_WITH_KNOTS('',2,(#10398,#10399,#10400),
 .UNSPECIFIED.,.F.,.F.,(3,3),(0.,1.),.PIECEWISE_BEZIER_KNOTS.);
#498=B_SPLINE_CURVE_WITH_KNOTS('',3,(#10409,#10410,#10411,#10412),
 .UNSPECIFIED.,.F.,.F.,(4,4),(0.,0.000392308725641274),.UNSPECIFIED.);
#499=B_SPLINE_CURVE_WITH_KNOTS('',2,(#10415,#10416,#10417),
 .UNSPECIFIED.,.F.,.F.,(3,3),(0.,1.),.PIECEWISE_BEZIER_KNOTS.);
#500=B_SPLINE_CURVE_WITH_KNOTS('',2,(#10428,#10429,#10430),
 .UNSPECIFIED.,.F.,.F.,(3,3),(0.,1.),.PIECEWISE_BEZIER_KNOTS.);
#501=B_SPLINE_CURVE_WITH_KNOTS('',2,(#10441,#10442,#10443),
 .UNSPECIFIED.,.F.,.F.,(3,3),(0.,1.),.PIECEWISE_BEZIER_KNOTS.);
#502=ORIENTED_EDGE('',*,*,#2252,.F.);
#503=ORIENTED_EDGE('',*,*,#2253,.F.);
#504=ORIENTED_EDGE('',*,*,#2254,.F.);
#505=ORIENTED_EDGE('',*,*,#2255,.F.);
#506=ORIENTED_EDGE('',*,*,#2256,.T.);
#507=ORIENTED_EDGE('',*,*,#2257,.T.);
#508=ORIENTED_EDGE('',*,*,#2258,.T.);
#509=ORIENTED_EDGE('',*,*,#2259,.T.);
#510=ORIENTED_EDGE('',*,*,#2260,.F.);
#511=ORIENTED_EDGE('',*,*,#2261,.T.);
#512=ORIENTED_EDGE('',*,*,#2262,.T.);
#513=ORIENTED_EDGE('',*,*,#2263,.F.);
#514=ORIENTED_EDGE('',*,*,#2264,.T.);
#515=ORIENTED_EDGE('',*,*,#2265,.T.);
#516=ORIENTED_EDGE('',*,*,#2266,.T.);
#517=ORIENTED_EDGE('',*,*,#2267,.T.);
#518=ORIENTED_EDGE('',*,*,#2268,.T.);
#519=ORIENTED_EDGE('',*,*,#2269,.T.);
#520=ORIENTED_EDGE('',*,*,#2270,.T.);
#521=ORIENTED_EDGE('',*,*,#2271,.T.);
#522=ORIENTED_EDGE('',*,*,#2272,.T.);
#523=ORIENTED_EDGE('',*,*,#2273,.T.);
#524=ORIENTED_EDGE('',*,*,#2274,.T.);
#525=ORIENTED_EDGE('',*,*,#2275,.T.);
#526=ORIENTED_EDGE('',*,*,#2276,.T.);
#527=ORIENTED_EDGE('',*,*,#2277,.T.);
#528=ORIENTED_EDGE('',*,*,#2278,.T.);
#529=ORIENTED_EDGE('',*,*,#2279,.T.);
#530=ORIENTED_EDGE('',*,*,#2280,.T.);
#531=ORIENTED_EDGE('',*,*,#2281,.T.);
#532=ORIENTED_EDGE('',*,*,#2282,.T.);
#533=ORIENTED_EDGE('',*,*,#2283,.T.);
#534=ORIENTED_EDGE('',*,*,#2284,.T.);
#535=ORIENTED_EDGE('',*,*,#2285,.T.);
#536=ORIENTED_EDGE('',*,*,#2286,.T.);
#537=ORIENTED_EDGE('',*,*,#2287,.T.);
#538=ORIENTED_EDGE('',*,*,#2288,.T.);
#539=ORIENTED_EDGE('',*,*,#2289,.T.);
#540=ORIENTED_EDGE('',*,*,#2290,.T.);
#541=ORIENTED_EDGE('',*,*,#2291,.T.);
#542=ORIENTED_EDGE('',*,*,#2292,.T.);
#543=ORIENTED_EDGE('',*,*,#2293,.T.);
#544=ORIENTED_EDGE('',*,*,#2294,.T.);
#545=ORIENTED_EDGE('',*,*,#2295,.T.);
#546=ORIENTED_EDGE('',*,*,#2296,.T.);
#547=ORIENTED_EDGE('',*,*,#2297,.T.);
#548=ORIENTED_EDGE('',*,*,#2298,.T.);
#549=ORIENTED_EDGE('',*,*,#2299,.T.);
#550=ORIENTED_EDGE('',*,*,#2300,.T.);
#551=ORIENTED_EDGE('',*,*,#2301,.T.);
#552=ORIENTED_EDGE('',*,*,#2302,.T.);
#553=ORIENTED_EDGE('',*,*,#2303,.T.);
#554=ORIENTED_EDGE('',*,*,#2304,.T.);
#555=ORIENTED_EDGE('',*,*,#2305,.T.);
#556=ORIENTED_EDGE('',*,*,#2306,.T.);
#557=ORIENTED_EDGE('',*,*,#2307,.T.);
#558=ORIENTED_EDGE('',*,*,#2308,.T.);
#559=ORIENTED_EDGE('',*,*,#2309,.T.);
#560=ORIENTED_EDGE('',*,*,#2310,.T.);
#561=ORIENTED_EDGE('',*,*,#2311,.T.);
#562=ORIENTED_EDGE('',*,*,#2312,.T.);
#563=ORIENTED_EDGE('',*,*,#2313,.T.);
#564=ORIENTED_EDGE('',*,*,#2314,.T.);
#565=ORIENTED_EDGE('',*,*,#2315,.T.);
#566=ORIENTED_EDGE('',*,*,#2316,.T.);
#567=ORIENTED_EDGE('',*,*,#2317,.T.);
#568=ORIENTED_EDGE('',*,*,#2318,.T.);
#569=ORIENTED_EDGE('',*,*,#2319,.T.);
#570=ORIENTED_EDGE('',*,*,#2320,.T.);
#571=ORIENTED_EDGE('',*,*,#2321,.T.);
#572=ORIENTED_EDGE('',*,*,#2322,.T.);
#573=ORIENTED_EDGE('',*,*,#2323,.T.);
#574=ORIENTED_EDGE('',*,*,#2324,.T.);
#575=ORIENTED_EDGE('',*,*,#2325,.T.);
#576=ORIENTED_EDGE('',*,*,#2326,.T.);
#577=ORIENTED_EDGE('',*,*,#2327,.T.);
#578=ORIENTED_EDGE('',*,*,#2328,.T.);
#579=ORIENTED_EDGE('',*,*,#2329,.T.);
#580=ORIENTED_EDGE('',*,*,#2330,.T.);
#581=ORIENTED_EDGE('',*,*,#2331,.T.);
#582=ORIENTED_EDGE('',*,*,#2332,.T.);
#583=ORIENTED_EDGE('',*,*,#2333,.T.);
#584=ORIENTED_EDGE('',*,*,#2334,.T.);
#585=ORIENTED_EDGE('',*,*,#2335,.T.);
#586=ORIENTED_EDGE('',*,*,#2336,.T.);
#587=ORIENTED_EDGE('',*,*,#2337,.T.);
#588=ORIENTED_EDGE('',*,*,#2338,.T.);
#589=ORIENTED_EDGE('',*,*,#2339,.T.);
#590=ORIENTED_EDGE('',*,*,#2340,.T.);
#591=ORIENTED_EDGE('',*,*,#2341,.T.);
#592=ORIENTED_EDGE('',*,*,#2342,.T.);
#593=ORIENTED_EDGE('',*,*,#2343,.T.);
#594=ORIENTED_EDGE('',*,*,#2344,.T.);
#595=ORIENTED_EDGE('',*,*,#2345,.T.);
#596=ORIENTED_EDGE('',*,*,#2346,.T.);
#597=ORIENTED_EDGE('',*,*,#2347,.T.);
#598=ORIENTED_EDGE('',*,*,#2348,.T.);
#599=ORIENTED_EDGE('',*,*,#2349,.T.);
#600=ORIENTED_EDGE('',*,*,#2350,.T.);
#601=ORIENTED_EDGE('',*,*,#2351,.T.);
#602=ORIENTED_EDGE('',*,*,#2352,.T.);
#603=ORIENTED_EDGE('',*,*,#2353,.T.);
#604=ORIENTED_EDGE('',*,*,#2354,.T.);
#605=ORIENTED_EDGE('',*,*,#2355,.T.);
#606=ORIENTED_EDGE('',*,*,#2356,.T.);
#607=ORIENTED_EDGE('',*,*,#2357,.T.);
#608=ORIENTED_EDGE('',*,*,#2358,.T.);
#609=ORIENTED_EDGE('',*,*,#2359,.T.);
#610=ORIENTED_EDGE('',*,*,#2360,.T.);
#611=ORIENTED_EDGE('',*,*,#2361,.T.);
#612=ORIENTED_EDGE('',*,*,#2362,.T.);
#613=ORIENTED_EDGE('',*,*,#2363,.T.);
#614=ORIENTED_EDGE('',*,*,#2364,.T.);
#615=ORIENTED_EDGE('',*,*,#2365,.T.);
#616=ORIENTED_EDGE('',*,*,#2366,.T.);
#617=ORIENTED_EDGE('',*,*,#2367,.T.);
#618=ORIENTED_EDGE('',*,*,#2368,.T.);
#619=ORIENTED_EDGE('',*,*,#2369,.T.);
#620=ORIENTED_EDGE('',*,*,#2370,.T.);
#621=ORIENTED_EDGE('',*,*,#2371,.T.);
#622=ORIENTED_EDGE('',*,*,#2372,.T.);
#623=ORIENTED_EDGE('',*,*,#2373,.T.);
#624=ORIENTED_EDGE('',*,*,#2374,.T.);
#625=ORIENTED_EDGE('',*,*,#2375,.T.);
#626=ORIENTED_EDGE('',*,*,#2376,.T.);
#627=ORIENTED_EDGE('',*,*,#2377,.T.);
#628=ORIENTED_EDGE('',*,*,#2378,.T.);
#629=ORIENTED_EDGE('',*,*,#2379,.T.);
#630=ORIENTED_EDGE('',*,*,#2380,.T.);
#631=ORIENTED_EDGE('',*,*,#2381,.T.);
#632=ORIENTED_EDGE('',*,*,#2382,.T.);
#633=ORIENTED_EDGE('',*,*,#2383,.T.);
#634=ORIENTED_EDGE('',*,*,#2384,.T.);
#635=ORIENTED_EDGE('',*,*,#2385,.T.);
#636=ORIENTED_EDGE('',*,*,#2386,.T.);
#637=ORIENTED_EDGE('',*,*,#2387,.T.);
#638=ORIENTED_EDGE('',*,*,#2388,.T.);
#639=ORIENTED_EDGE('',*,*,#2389,.T.);
#640=ORIENTED_EDGE('',*,*,#2390,.T.);
#641=ORIENTED_EDGE('',*,*,#2391,.T.);
#642=ORIENTED_EDGE('',*,*,#2392,.T.);
#643=ORIENTED_EDGE('',*,*,#2393,.T.);
#644=ORIENTED_EDGE('',*,*,#2394,.T.);
#645=ORIENTED_EDGE('',*,*,#2395,.T.);
#646=ORIENTED_EDGE('',*,*,#2396,.T.);
#647=ORIENTED_EDGE('',*,*,#2397,.T.);
#648=ORIENTED_EDGE('',*,*,#2398,.T.);
#649=ORIENTED_EDGE('',*,*,#2399,.T.);
#650=ORIENTED_EDGE('',*,*,#2400,.T.);
#651=ORIENTED_EDGE('',*,*,#2401,.T.);
#652=ORIENTED_EDGE('',*,*,#2402,.T.);
#653=ORIENTED_EDGE('',*,*,#2403,.T.);
#654=ORIENTED_EDGE('',*,*,#2404,.T.);
#655=ORIENTED_EDGE('',*,*,#2405,.T.);
#656=ORIENTED_EDGE('',*,*,#2406,.T.);
#657=ORIENTED_EDGE('',*,*,#2407,.T.);
#658=ORIENTED_EDGE('',*,*,#2408,.T.);
#659=ORIENTED_EDGE('',*,*,#2409,.T.);
#660=ORIENTED_EDGE('',*,*,#2410,.T.);
#661=ORIENTED_EDGE('',*,*,#2411,.T.);
#662=ORIENTED_EDGE('',*,*,#2412,.T.);
#663=ORIENTED_EDGE('',*,*,#2413,.T.);
#664=ORIENTED_EDGE('',*,*,#2414,.T.);
#665=ORIENTED_EDGE('',*,*,#2415,.T.);
#666=ORIENTED_EDGE('',*,*,#2416,.T.);
#667=ORIENTED_EDGE('',*,*,#2417,.T.);
#668=ORIENTED_EDGE('',*,*,#2418,.T.);
#669=ORIENTED_EDGE('',*,*,#2419,.T.);
#670=ORIENTED_EDGE('',*,*,#2420,.T.);
#671=ORIENTED_EDGE('',*,*,#2421,.T.);
#672=ORIENTED_EDGE('',*,*,#2422,.T.);
#673=ORIENTED_EDGE('',*,*,#2423,.T.);
#674=ORIENTED_EDGE('',*,*,#2424,.T.);
#675=ORIENTED_EDGE('',*,*,#2425,.T.);
#676=ORIENTED_EDGE('',*,*,#2426,.T.);
#677=ORIENTED_EDGE('',*,*,#2427,.T.);
#678=ORIENTED_EDGE('',*,*,#2428,.T.);
#679=ORIENTED_EDGE('',*,*,#2429,.T.);
#680=ORIENTED_EDGE('',*,*,#2430,.T.);
#681=ORIENTED_EDGE('',*,*,#2431,.T.);
#682=ORIENTED_EDGE('',*,*,#2432,.T.);
#683=ORIENTED_EDGE('',*,*,#2433,.T.);
#684=ORIENTED_EDGE('',*,*,#2434,.T.);
#685=ORIENTED_EDGE('',*,*,#2435,.T.);
#686=ORIENTED_EDGE('',*,*,#2436,.T.);
#687=ORIENTED_EDGE('',*,*,#2437,.T.);
#688=ORIENTED_EDGE('',*,*,#2438,.T.);
#689=ORIENTED_EDGE('',*,*,#2439,.T.);
#690=ORIENTED_EDGE('',*,*,#2440,.T.);
#691=ORIENTED_EDGE('',*,*,#2441,.T.);
#692=ORIENTED_EDGE('',*,*,#2442,.T.);
#693=ORIENTED_EDGE('',*,*,#2443,.T.);
#694=ORIENTED_EDGE('',*,*,#2444,.T.);
#695=ORIENTED_EDGE('',*,*,#2445,.T.);
#696=ORIENTED_EDGE('',*,*,#2446,.T.);
#697=ORIENTED_EDGE('',*,*,#2447,.T.);
#698=ORIENTED_EDGE('',*,*,#2448,.T.);
#699=ORIENTED_EDGE('',*,*,#2449,.T.);
#700=ORIENTED_EDGE('',*,*,#2450,.T.);
#701=ORIENTED_EDGE('',*,*,#2451,.T.);
#702=ORIENTED_EDGE('',*,*,#2452,.T.);
#703=ORIENTED_EDGE('',*,*,#2453,.T.);
#704=ORIENTED_EDGE('',*,*,#2454,.T.);
#705=ORIENTED_EDGE('',*,*,#2455,.T.);
#706=ORIENTED_EDGE('',*,*,#2456,.T.);
#707=ORIENTED_EDGE('',*,*,#2457,.T.);
#708=ORIENTED_EDGE('',*,*,#2458,.T.);
#709=ORIENTED_EDGE('',*,*,#2459,.T.);
#710=ORIENTED_EDGE('',*,*,#2460,.T.);
#711=ORIENTED_EDGE('',*,*,#2461,.T.);
#712=ORIENTED_EDGE('',*,*,#2462,.T.);
#713=ORIENTED_EDGE('',*,*,#2463,.T.);
#714=ORIENTED_EDGE('',*,*,#2464,.T.);
#715=ORIENTED_EDGE('',*,*,#2465,.T.);
#716=ORIENTED_EDGE('',*,*,#2466,.T.);
#717=ORIENTED_EDGE('',*,*,#2467,.T.);
#718=ORIENTED_EDGE('',*,*,#2468,.T.);
#719=ORIENTED_EDGE('',*,*,#2469,.T.);
#720=ORIENTED_EDGE('',*,*,#2470,.T.);
#721=ORIENTED_EDGE('',*,*,#2471,.T.);
#722=ORIENTED_EDGE('',*,*,#2472,.T.);
#723=ORIENTED_EDGE('',*,*,#2473,.T.);
#724=ORIENTED_EDGE('',*,*,#2474,.T.);
#725=ORIENTED_EDGE('',*,*,#2475,.T.);
#726=ORIENTED_EDGE('',*,*,#2476,.T.);
#727=ORIENTED_EDGE('',*,*,#2477,.T.);
#728=ORIENTED_EDGE('',*,*,#2478,.T.);
#729=ORIENTED_EDGE('',*,*,#2479,.T.);
#730=ORIENTED_EDGE('',*,*,#2480,.T.);
#731=ORIENTED_EDGE('',*,*,#2481,.T.);
#732=ORIENTED_EDGE('',*,*,#2482,.T.);
#733=ORIENTED_EDGE('',*,*,#2483,.T.);
#734=ORIENTED_EDGE('',*,*,#2484,.T.);
#735=ORIENTED_EDGE('',*,*,#2485,.F.);
#736=ORIENTED_EDGE('',*,*,#2486,.T.);
#737=ORIENTED_EDGE('',*,*,#2487,.T.);
#738=ORIENTED_EDGE('',*,*,#2488,.T.);
#739=ORIENTED_EDGE('',*,*,#2489,.T.);
#740=ORIENTED_EDGE('',*,*,#2490,.T.);
#741=ORIENTED_EDGE('',*,*,#2491,.T.);
#742=ORIENTED_EDGE('',*,*,#2492,.T.);
#743=ORIENTED_EDGE('',*,*,#2493,.T.);
#744=ORIENTED_EDGE('',*,*,#2494,.F.);
#745=ORIENTED_EDGE('',*,*,#2495,.T.);
#746=ORIENTED_EDGE('',*,*,#2496,.T.);
#747=ORIENTED_EDGE('',*,*,#2497,.T.);
#748=ORIENTED_EDGE('',*,*,#2498,.F.);
#749=ORIENTED_EDGE('',*,*,#2499,.T.);
#750=ORIENTED_EDGE('',*,*,#2500,.T.);
#751=ORIENTED_EDGE('',*,*,#2501,.T.);
#752=ORIENTED_EDGE('',*,*,#2502,.F.);
#753=ORIENTED_EDGE('',*,*,#2503,.T.);
#754=ORIENTED_EDGE('',*,*,#2504,.F.);
#755=ORIENTED_EDGE('',*,*,#2505,.T.);
#756=ORIENTED_EDGE('',*,*,#2506,.F.);
#757=ORIENTED_EDGE('',*,*,#2507,.T.);
#758=ORIENTED_EDGE('',*,*,#2508,.F.);
#759=ORIENTED_EDGE('',*,*,#2509,.T.);
#760=ORIENTED_EDGE('',*,*,#2496,.F.);
#761=ORIENTED_EDGE('',*,*,#2510,.T.);
#762=ORIENTED_EDGE('',*,*,#2260,.T.);
#763=ORIENTED_EDGE('',*,*,#2511,.T.);
#764=ORIENTED_EDGE('',*,*,#2485,.T.);
#765=ORIENTED_EDGE('',*,*,#2512,.T.);
#766=ORIENTED_EDGE('',*,*,#2500,.F.);
#767=ORIENTED_EDGE('',*,*,#2513,.T.);
#768=ORIENTED_EDGE('',*,*,#2502,.T.);
#769=ORIENTED_EDGE('',*,*,#2504,.T.);
#770=ORIENTED_EDGE('',*,*,#2506,.T.);
#771=ORIENTED_EDGE('',*,*,#2508,.T.);
#772=ORIENTED_EDGE('',*,*,#2514,.T.);
#773=ORIENTED_EDGE('',*,*,#2515,.T.);
#774=ORIENTED_EDGE('',*,*,#2516,.F.);
#775=ORIENTED_EDGE('',*,*,#2517,.T.);
#776=ORIENTED_EDGE('',*,*,#2518,.F.);
#777=ORIENTED_EDGE('',*,*,#2519,.F.);
#778=ORIENTED_EDGE('',*,*,#2520,.F.);
#779=ORIENTED_EDGE('',*,*,#2516,.T.);
#780=ORIENTED_EDGE('',*,*,#2521,.F.);
#781=ORIENTED_EDGE('',*,*,#2522,.T.);
#782=ORIENTED_EDGE('',*,*,#2523,.F.);
#783=ORIENTED_EDGE('',*,*,#2519,.T.);
#784=ORIENTED_EDGE('',*,*,#2254,.T.);
#785=ORIENTED_EDGE('',*,*,#2524,.T.);
#786=ORIENTED_EDGE('',*,*,#2514,.F.);
#787=ORIENTED_EDGE('',*,*,#2525,.T.);
#788=ORIENTED_EDGE('',*,*,#2526,.F.);
#789=ORIENTED_EDGE('',*,*,#2262,.F.);
#790=ORIENTED_EDGE('',*,*,#2527,.T.);
#791=ORIENTED_EDGE('',*,*,#2494,.T.);
#792=ORIENTED_EDGE('',*,*,#2528,.T.);
#793=ORIENTED_EDGE('',*,*,#2498,.T.);
#794=ORIENTED_EDGE('',*,*,#2529,.T.);
#795=ORIENTED_EDGE('',*,*,#2462,.F.);
#796=ORIENTED_EDGE('',*,*,#2530,.T.);
#797=ORIENTED_EDGE('',*,*,#2258,.F.);
#798=ORIENTED_EDGE('',*,*,#2531,.T.);
#799=ORIENTED_EDGE('',*,*,#2255,.T.);
#800=ORIENTED_EDGE('',*,*,#2525,.F.);
#801=ORIENTED_EDGE('',*,*,#2517,.F.);
#802=ORIENTED_EDGE('',*,*,#2520,.T.);
#803=ORIENTED_EDGE('',*,*,#2523,.T.);
#804=ORIENTED_EDGE('',*,*,#2509,.F.);
#805=ORIENTED_EDGE('',*,*,#2507,.F.);
#806=ORIENTED_EDGE('',*,*,#2505,.F.);
#807=ORIENTED_EDGE('',*,*,#2503,.F.);
#808=ORIENTED_EDGE('',*,*,#2515,.F.);
#809=ORIENTED_EDGE('',*,*,#2524,.F.);
#810=ORIENTED_EDGE('',*,*,#2253,.T.);
#811=ORIENTED_EDGE('',*,*,#2532,.F.);
#812=ORIENTED_EDGE('',*,*,#2256,.F.);
#813=ORIENTED_EDGE('',*,*,#2533,.T.);
#814=ORIENTED_EDGE('',*,*,#2521,.T.);
#815=ORIENTED_EDGE('',*,*,#2518,.T.);
#816=ORIENTED_EDGE('',*,*,#2534,.F.);
#817=ORIENTED_EDGE('',*,*,#2535,.T.);
#818=ORIENTED_EDGE('',*,*,#2536,.T.);
#819=ORIENTED_EDGE('',*,*,#2537,.F.);
#820=ORIENTED_EDGE('',*,*,#2538,.F.);
#821=ORIENTED_EDGE('',*,*,#2539,.T.);
#822=ORIENTED_EDGE('',*,*,#2534,.T.);
#823=ORIENTED_EDGE('',*,*,#2540,.F.);
#824=ORIENTED_EDGE('',*,*,#2541,.F.);
#825=ORIENTED_EDGE('',*,*,#2542,.T.);
#826=ORIENTED_EDGE('',*,*,#2538,.T.);
#827=ORIENTED_EDGE('',*,*,#2543,.F.);
#828=ORIENTED_EDGE('',*,*,#2544,.F.);
#829=ORIENTED_EDGE('',*,*,#2545,.T.);
#830=ORIENTED_EDGE('',*,*,#2541,.T.);
#831=ORIENTED_EDGE('',*,*,#2546,.F.);
#832=ORIENTED_EDGE('',*,*,#2547,.F.);
#833=ORIENTED_EDGE('',*,*,#2548,.T.);
#834=ORIENTED_EDGE('',*,*,#2544,.T.);
#835=ORIENTED_EDGE('',*,*,#2549,.F.);
#836=ORIENTED_EDGE('',*,*,#2550,.F.);
#837=ORIENTED_EDGE('',*,*,#2551,.T.);
#838=ORIENTED_EDGE('',*,*,#2547,.T.);
#839=ORIENTED_EDGE('',*,*,#2552,.F.);
#840=ORIENTED_EDGE('',*,*,#2553,.F.);
#841=ORIENTED_EDGE('',*,*,#2554,.T.);
#842=ORIENTED_EDGE('',*,*,#2550,.T.);
#843=ORIENTED_EDGE('',*,*,#2555,.F.);
#844=ORIENTED_EDGE('',*,*,#2556,.F.);
#845=ORIENTED_EDGE('',*,*,#2557,.T.);
#846=ORIENTED_EDGE('',*,*,#2553,.T.);
#847=ORIENTED_EDGE('',*,*,#2558,.F.);
#848=ORIENTED_EDGE('',*,*,#2559,.F.);
#849=ORIENTED_EDGE('',*,*,#2560,.T.);
#850=ORIENTED_EDGE('',*,*,#2561,.T.);
#851=ORIENTED_EDGE('',*,*,#2488,.F.);
#852=ORIENTED_EDGE('',*,*,#2487,.F.);
#853=ORIENTED_EDGE('',*,*,#2562,.T.);
#854=ORIENTED_EDGE('',*,*,#2563,.F.);
#855=ORIENTED_EDGE('',*,*,#2564,.T.);
#856=ORIENTED_EDGE('',*,*,#2559,.T.);
#857=ORIENTED_EDGE('',*,*,#2563,.T.);
#858=ORIENTED_EDGE('',*,*,#2565,.T.);
#859=ORIENTED_EDGE('',*,*,#2566,.F.);
#860=ORIENTED_EDGE('',*,*,#2567,.T.);
#861=ORIENTED_EDGE('',*,*,#2566,.T.);
#862=ORIENTED_EDGE('',*,*,#2568,.T.);
#863=ORIENTED_EDGE('',*,*,#2569,.F.);
#864=ORIENTED_EDGE('',*,*,#2570,.T.);
#865=ORIENTED_EDGE('',*,*,#2569,.T.);
#866=ORIENTED_EDGE('',*,*,#2571,.T.);
#867=ORIENTED_EDGE('',*,*,#2572,.F.);
#868=ORIENTED_EDGE('',*,*,#2573,.T.);
#869=ORIENTED_EDGE('',*,*,#2572,.T.);
#870=ORIENTED_EDGE('',*,*,#2574,.T.);
#871=ORIENTED_EDGE('',*,*,#2575,.F.);
#872=ORIENTED_EDGE('',*,*,#2576,.T.);
#873=ORIENTED_EDGE('',*,*,#2575,.T.);
#874=ORIENTED_EDGE('',*,*,#2577,.T.);
#875=ORIENTED_EDGE('',*,*,#2578,.F.);
#876=ORIENTED_EDGE('',*,*,#2579,.T.);
#877=ORIENTED_EDGE('',*,*,#2578,.T.);
#878=ORIENTED_EDGE('',*,*,#2580,.T.);
#879=ORIENTED_EDGE('',*,*,#2581,.F.);
#880=ORIENTED_EDGE('',*,*,#2582,.T.);
#881=ORIENTED_EDGE('',*,*,#2581,.T.);
#882=ORIENTED_EDGE('',*,*,#2583,.T.);
#883=ORIENTED_EDGE('',*,*,#2584,.F.);
#884=ORIENTED_EDGE('',*,*,#2585,.T.);
#885=ORIENTED_EDGE('',*,*,#2584,.T.);
#886=ORIENTED_EDGE('',*,*,#2586,.T.);
#887=ORIENTED_EDGE('',*,*,#2587,.F.);
#888=ORIENTED_EDGE('',*,*,#2588,.T.);
#889=ORIENTED_EDGE('',*,*,#2587,.T.);
#890=ORIENTED_EDGE('',*,*,#2589,.T.);
#891=ORIENTED_EDGE('',*,*,#2492,.F.);
#892=ORIENTED_EDGE('',*,*,#2590,.F.);
#893=ORIENTED_EDGE('',*,*,#2591,.T.);
#894=ORIENTED_EDGE('',*,*,#2592,.F.);
#895=ORIENTED_EDGE('',*,*,#2593,.T.);
#896=ORIENTED_EDGE('',*,*,#2590,.T.);
#897=ORIENTED_EDGE('',*,*,#2491,.F.);
#898=ORIENTED_EDGE('',*,*,#2594,.F.);
#899=ORIENTED_EDGE('',*,*,#2595,.T.);
#900=ORIENTED_EDGE('',*,*,#2592,.T.);
#901=ORIENTED_EDGE('',*,*,#2490,.F.);
#902=ORIENTED_EDGE('',*,*,#2561,.F.);
#903=ORIENTED_EDGE('',*,*,#2596,.T.);
#904=ORIENTED_EDGE('',*,*,#2594,.T.);
#905=ORIENTED_EDGE('',*,*,#2489,.F.);
#906=ORIENTED_EDGE('',*,*,#2536,.F.);
#907=ORIENTED_EDGE('',*,*,#2597,.T.);
#908=ORIENTED_EDGE('',*,*,#2556,.T.);
#909=ORIENTED_EDGE('',*,*,#2598,.F.);
#910=ORIENTED_EDGE('',*,*,#2560,.F.);
#911=ORIENTED_EDGE('',*,*,#2564,.F.);
#912=ORIENTED_EDGE('',*,*,#2567,.F.);
#913=ORIENTED_EDGE('',*,*,#2570,.F.);
#914=ORIENTED_EDGE('',*,*,#2573,.F.);
#915=ORIENTED_EDGE('',*,*,#2576,.F.);
#916=ORIENTED_EDGE('',*,*,#2579,.F.);
#917=ORIENTED_EDGE('',*,*,#2582,.F.);
#918=ORIENTED_EDGE('',*,*,#2585,.F.);
#919=ORIENTED_EDGE('',*,*,#2588,.F.);
#920=ORIENTED_EDGE('',*,*,#2591,.F.);
#921=ORIENTED_EDGE('',*,*,#2593,.F.);
#922=ORIENTED_EDGE('',*,*,#2595,.F.);
#923=ORIENTED_EDGE('',*,*,#2596,.F.);
#924=ORIENTED_EDGE('',*,*,#2535,.F.);
#925=ORIENTED_EDGE('',*,*,#2539,.F.);
#926=ORIENTED_EDGE('',*,*,#2542,.F.);
#927=ORIENTED_EDGE('',*,*,#2545,.F.);
#928=ORIENTED_EDGE('',*,*,#2548,.F.);
#929=ORIENTED_EDGE('',*,*,#2551,.F.);
#930=ORIENTED_EDGE('',*,*,#2554,.F.);
#931=ORIENTED_EDGE('',*,*,#2557,.F.);
#932=ORIENTED_EDGE('',*,*,#2597,.F.);
#933=ORIENTED_EDGE('',*,*,#2599,.F.);
#934=ORIENTED_EDGE('',*,*,#2600,.T.);
#935=ORIENTED_EDGE('',*,*,#2601,.T.);
#936=ORIENTED_EDGE('',*,*,#2602,.F.);
#937=ORIENTED_EDGE('',*,*,#2603,.F.);
#938=ORIENTED_EDGE('',*,*,#2604,.T.);
#939=ORIENTED_EDGE('',*,*,#2599,.T.);
#940=ORIENTED_EDGE('',*,*,#2605,.F.);
#941=ORIENTED_EDGE('',*,*,#2606,.F.);
#942=ORIENTED_EDGE('',*,*,#2607,.T.);
#943=ORIENTED_EDGE('',*,*,#2603,.T.);
#944=ORIENTED_EDGE('',*,*,#2608,.F.);
#945=ORIENTED_EDGE('',*,*,#2609,.F.);
#946=ORIENTED_EDGE('',*,*,#2610,.T.);
#947=ORIENTED_EDGE('',*,*,#2606,.T.);
#948=ORIENTED_EDGE('',*,*,#2611,.F.);
#949=ORIENTED_EDGE('',*,*,#2612,.F.);
#950=ORIENTED_EDGE('',*,*,#2613,.T.);
#951=ORIENTED_EDGE('',*,*,#2609,.T.);
#952=ORIENTED_EDGE('',*,*,#2614,.F.);
#953=ORIENTED_EDGE('',*,*,#2615,.F.);
#954=ORIENTED_EDGE('',*,*,#2616,.T.);
#955=ORIENTED_EDGE('',*,*,#2612,.T.);
#956=ORIENTED_EDGE('',*,*,#2617,.F.);
#957=ORIENTED_EDGE('',*,*,#2618,.F.);
#958=ORIENTED_EDGE('',*,*,#2619,.T.);
#959=ORIENTED_EDGE('',*,*,#2620,.T.);
#960=ORIENTED_EDGE('',*,*,#2283,.F.);
#961=ORIENTED_EDGE('',*,*,#2621,.F.);
#962=ORIENTED_EDGE('',*,*,#2622,.T.);
#963=ORIENTED_EDGE('',*,*,#2618,.T.);
#964=ORIENTED_EDGE('',*,*,#2282,.F.);
#965=ORIENTED_EDGE('',*,*,#2623,.F.);
#966=ORIENTED_EDGE('',*,*,#2624,.T.);
#967=ORIENTED_EDGE('',*,*,#2621,.T.);
#968=ORIENTED_EDGE('',*,*,#2299,.F.);
#969=ORIENTED_EDGE('',*,*,#2625,.F.);
#970=ORIENTED_EDGE('',*,*,#2626,.T.);
#971=ORIENTED_EDGE('',*,*,#2623,.T.);
#972=ORIENTED_EDGE('',*,*,#2298,.F.);
#973=ORIENTED_EDGE('',*,*,#2627,.F.);
#974=ORIENTED_EDGE('',*,*,#2628,.T.);
#975=ORIENTED_EDGE('',*,*,#2625,.T.);
#976=ORIENTED_EDGE('',*,*,#2297,.F.);
#977=ORIENTED_EDGE('',*,*,#2629,.F.);
#978=ORIENTED_EDGE('',*,*,#2630,.T.);
#979=ORIENTED_EDGE('',*,*,#2627,.T.);
#980=ORIENTED_EDGE('',*,*,#2296,.F.);
#981=ORIENTED_EDGE('',*,*,#2631,.F.);
#982=ORIENTED_EDGE('',*,*,#2632,.T.);
#983=ORIENTED_EDGE('',*,*,#2629,.T.);
#984=ORIENTED_EDGE('',*,*,#2295,.F.);
#985=ORIENTED_EDGE('',*,*,#2633,.F.);
#986=ORIENTED_EDGE('',*,*,#2634,.T.);
#987=ORIENTED_EDGE('',*,*,#2631,.T.);
#988=ORIENTED_EDGE('',*,*,#2294,.F.);
#989=ORIENTED_EDGE('',*,*,#2635,.F.);
#990=ORIENTED_EDGE('',*,*,#2636,.T.);
#991=ORIENTED_EDGE('',*,*,#2633,.T.);
#992=ORIENTED_EDGE('',*,*,#2293,.F.);
#993=ORIENTED_EDGE('',*,*,#2637,.F.);
#994=ORIENTED_EDGE('',*,*,#2638,.T.);
#995=ORIENTED_EDGE('',*,*,#2635,.T.);
#996=ORIENTED_EDGE('',*,*,#2292,.F.);
#997=ORIENTED_EDGE('',*,*,#2639,.F.);
#998=ORIENTED_EDGE('',*,*,#2640,.T.);
#999=ORIENTED_EDGE('',*,*,#2637,.T.);
#1000=ORIENTED_EDGE('',*,*,#2291,.F.);
#1001=ORIENTED_EDGE('',*,*,#2641,.F.);
#1002=ORIENTED_EDGE('',*,*,#2642,.T.);
#1003=ORIENTED_EDGE('',*,*,#2639,.T.);
#1004=ORIENTED_EDGE('',*,*,#2290,.F.);
#1005=ORIENTED_EDGE('',*,*,#2643,.F.);
#1006=ORIENTED_EDGE('',*,*,#2644,.T.);
#1007=ORIENTED_EDGE('',*,*,#2641,.T.);
#1008=ORIENTED_EDGE('',*,*,#2289,.F.);
#1009=ORIENTED_EDGE('',*,*,#2645,.F.);
#1010=ORIENTED_EDGE('',*,*,#2646,.T.);
#1011=ORIENTED_EDGE('',*,*,#2643,.T.);
#1012=ORIENTED_EDGE('',*,*,#2288,.F.);
#1013=ORIENTED_EDGE('',*,*,#2647,.F.);
#1014=ORIENTED_EDGE('',*,*,#2648,.T.);
#1015=ORIENTED_EDGE('',*,*,#2645,.T.);
#1016=ORIENTED_EDGE('',*,*,#2287,.F.);
#1017=ORIENTED_EDGE('',*,*,#2649,.F.);
#1018=ORIENTED_EDGE('',*,*,#2650,.T.);
#1019=ORIENTED_EDGE('',*,*,#2647,.T.);
#1020=ORIENTED_EDGE('',*,*,#2286,.F.);
#1021=ORIENTED_EDGE('',*,*,#2651,.F.);
#1022=ORIENTED_EDGE('',*,*,#2652,.T.);
#1023=ORIENTED_EDGE('',*,*,#2649,.T.);
#1024=ORIENTED_EDGE('',*,*,#2285,.F.);
#1025=ORIENTED_EDGE('',*,*,#2620,.F.);
#1026=ORIENTED_EDGE('',*,*,#2653,.T.);
#1027=ORIENTED_EDGE('',*,*,#2651,.T.);
#1028=ORIENTED_EDGE('',*,*,#2284,.F.);
#1029=ORIENTED_EDGE('',*,*,#2601,.F.);
#1030=ORIENTED_EDGE('',*,*,#2654,.T.);
#1031=ORIENTED_EDGE('',*,*,#2615,.T.);
#1032=ORIENTED_EDGE('',*,*,#2655,.F.);
#1033=ORIENTED_EDGE('',*,*,#2619,.F.);
#1034=ORIENTED_EDGE('',*,*,#2622,.F.);
#1035=ORIENTED_EDGE('',*,*,#2624,.F.);
#1036=ORIENTED_EDGE('',*,*,#2626,.F.);
#1037=ORIENTED_EDGE('',*,*,#2628,.F.);
#1038=ORIENTED_EDGE('',*,*,#2630,.F.);
#1039=ORIENTED_EDGE('',*,*,#2632,.F.);
#1040=ORIENTED_EDGE('',*,*,#2634,.F.);
#1041=ORIENTED_EDGE('',*,*,#2636,.F.);
#1042=ORIENTED_EDGE('',*,*,#2638,.F.);
#1043=ORIENTED_EDGE('',*,*,#2640,.F.);
#1044=ORIENTED_EDGE('',*,*,#2642,.F.);
#1045=ORIENTED_EDGE('',*,*,#2644,.F.);
#1046=ORIENTED_EDGE('',*,*,#2646,.F.);
#1047=ORIENTED_EDGE('',*,*,#2648,.F.);
#1048=ORIENTED_EDGE('',*,*,#2650,.F.);
#1049=ORIENTED_EDGE('',*,*,#2652,.F.);
#1050=ORIENTED_EDGE('',*,*,#2653,.F.);
#1051=ORIENTED_EDGE('',*,*,#2600,.F.);
#1052=ORIENTED_EDGE('',*,*,#2604,.F.);
#1053=ORIENTED_EDGE('',*,*,#2607,.F.);
#1054=ORIENTED_EDGE('',*,*,#2610,.F.);
#1055=ORIENTED_EDGE('',*,*,#2613,.F.);
#1056=ORIENTED_EDGE('',*,*,#2616,.F.);
#1057=ORIENTED_EDGE('',*,*,#2654,.F.);
#1058=ORIENTED_EDGE('',*,*,#2656,.F.);
#1059=ORIENTED_EDGE('',*,*,#2657,.T.);
#1060=ORIENTED_EDGE('',*,*,#2658,.T.);
#1061=ORIENTED_EDGE('',*,*,#2301,.F.);
#1062=ORIENTED_EDGE('',*,*,#2659,.F.);
#1063=ORIENTED_EDGE('',*,*,#2660,.T.);
#1064=ORIENTED_EDGE('',*,*,#2656,.T.);
#1065=ORIENTED_EDGE('',*,*,#2300,.F.);
#1066=ORIENTED_EDGE('',*,*,#2661,.F.);
#1067=ORIENTED_EDGE('',*,*,#2662,.T.);
#1068=ORIENTED_EDGE('',*,*,#2659,.T.);
#1069=ORIENTED_EDGE('',*,*,#2313,.F.);
#1070=ORIENTED_EDGE('',*,*,#2663,.F.);
#1071=ORIENTED_EDGE('',*,*,#2664,.T.);
#1072=ORIENTED_EDGE('',*,*,#2661,.T.);
#1073=ORIENTED_EDGE('',*,*,#2312,.F.);
#1074=ORIENTED_EDGE('',*,*,#2665,.F.);
#1075=ORIENTED_EDGE('',*,*,#2666,.T.);
#1076=ORIENTED_EDGE('',*,*,#2663,.T.);
#1077=ORIENTED_EDGE('',*,*,#2311,.F.);
#1078=ORIENTED_EDGE('',*,*,#2667,.F.);
#1079=ORIENTED_EDGE('',*,*,#2668,.T.);
#1080=ORIENTED_EDGE('',*,*,#2665,.T.);
#1081=ORIENTED_EDGE('',*,*,#2310,.F.);
#1082=ORIENTED_EDGE('',*,*,#2669,.F.);
#1083=ORIENTED_EDGE('',*,*,#2670,.T.);
#1084=ORIENTED_EDGE('',*,*,#2667,.T.);
#1085=ORIENTED_EDGE('',*,*,#2309,.F.);
#1086=ORIENTED_EDGE('',*,*,#2671,.F.);
#1087=ORIENTED_EDGE('',*,*,#2672,.T.);
#1088=ORIENTED_EDGE('',*,*,#2669,.T.);
#1089=ORIENTED_EDGE('',*,*,#2308,.F.);
#1090=ORIENTED_EDGE('',*,*,#2673,.F.);
#1091=ORIENTED_EDGE('',*,*,#2674,.T.);
#1092=ORIENTED_EDGE('',*,*,#2671,.T.);
#1093=ORIENTED_EDGE('',*,*,#2307,.F.);
#1094=ORIENTED_EDGE('',*,*,#2675,.F.);
#1095=ORIENTED_EDGE('',*,*,#2676,.T.);
#1096=ORIENTED_EDGE('',*,*,#2673,.T.);
#1097=ORIENTED_EDGE('',*,*,#2306,.F.);
#1098=ORIENTED_EDGE('',*,*,#2677,.F.);
#1099=ORIENTED_EDGE('',*,*,#2678,.T.);
#1100=ORIENTED_EDGE('',*,*,#2675,.T.);
#1101=ORIENTED_EDGE('',*,*,#2305,.F.);
#1102=ORIENTED_EDGE('',*,*,#2679,.F.);
#1103=ORIENTED_EDGE('',*,*,#2680,.T.);
#1104=ORIENTED_EDGE('',*,*,#2677,.T.);
#1105=ORIENTED_EDGE('',*,*,#2304,.F.);
#1106=ORIENTED_EDGE('',*,*,#2681,.F.);
#1107=ORIENTED_EDGE('',*,*,#2682,.T.);
#1108=ORIENTED_EDGE('',*,*,#2679,.T.);
#1109=ORIENTED_EDGE('',*,*,#2303,.F.);
#1110=ORIENTED_EDGE('',*,*,#2658,.F.);
#1111=ORIENTED_EDGE('',*,*,#2683,.T.);
#1112=ORIENTED_EDGE('',*,*,#2681,.T.);
#1113=ORIENTED_EDGE('',*,*,#2302,.F.);
#1114=ORIENTED_EDGE('',*,*,#2657,.F.);
#1115=ORIENTED_EDGE('',*,*,#2660,.F.);
#1116=ORIENTED_EDGE('',*,*,#2662,.F.);
#1117=ORIENTED_EDGE('',*,*,#2664,.F.);
#1118=ORIENTED_EDGE('',*,*,#2666,.F.);
#1119=ORIENTED_EDGE('',*,*,#2668,.F.);
#1120=ORIENTED_EDGE('',*,*,#2670,.F.);
#1121=ORIENTED_EDGE('',*,*,#2672,.F.);
#1122=ORIENTED_EDGE('',*,*,#2674,.F.);
#1123=ORIENTED_EDGE('',*,*,#2676,.F.);
#1124=ORIENTED_EDGE('',*,*,#2678,.F.);
#1125=ORIENTED_EDGE('',*,*,#2680,.F.);
#1126=ORIENTED_EDGE('',*,*,#2682,.F.);
#1127=ORIENTED_EDGE('',*,*,#2683,.F.);
#1128=ORIENTED_EDGE('',*,*,#2684,.F.);
#1129=ORIENTED_EDGE('',*,*,#2685,.T.);
#1130=ORIENTED_EDGE('',*,*,#2686,.T.);
#1131=ORIENTED_EDGE('',*,*,#2315,.F.);
#1132=ORIENTED_EDGE('',*,*,#2687,.F.);
#1133=ORIENTED_EDGE('',*,*,#2688,.T.);
#1134=ORIENTED_EDGE('',*,*,#2684,.T.);
#1135=ORIENTED_EDGE('',*,*,#2314,.F.);
#1136=ORIENTED_EDGE('',*,*,#2689,.F.);
#1137=ORIENTED_EDGE('',*,*,#2690,.T.);
#1138=ORIENTED_EDGE('',*,*,#2687,.T.);
#1139=ORIENTED_EDGE('',*,*,#2328,.F.);
#1140=ORIENTED_EDGE('',*,*,#2691,.F.);
#1141=ORIENTED_EDGE('',*,*,#2692,.T.);
#1142=ORIENTED_EDGE('',*,*,#2689,.T.);
#1143=ORIENTED_EDGE('',*,*,#2327,.F.);
#1144=ORIENTED_EDGE('',*,*,#2693,.F.);
#1145=ORIENTED_EDGE('',*,*,#2694,.T.);
#1146=ORIENTED_EDGE('',*,*,#2691,.T.);
#1147=ORIENTED_EDGE('',*,*,#2326,.F.);
#1148=ORIENTED_EDGE('',*,*,#2695,.F.);
#1149=ORIENTED_EDGE('',*,*,#2696,.T.);
#1150=ORIENTED_EDGE('',*,*,#2693,.T.);
#1151=ORIENTED_EDGE('',*,*,#2325,.F.);
#1152=ORIENTED_EDGE('',*,*,#2697,.F.);
#1153=ORIENTED_EDGE('',*,*,#2698,.T.);
#1154=ORIENTED_EDGE('',*,*,#2695,.T.);
#1155=ORIENTED_EDGE('',*,*,#2324,.F.);
#1156=ORIENTED_EDGE('',*,*,#2699,.F.);
#1157=ORIENTED_EDGE('',*,*,#2700,.T.);
#1158=ORIENTED_EDGE('',*,*,#2697,.T.);
#1159=ORIENTED_EDGE('',*,*,#2323,.F.);
#1160=ORIENTED_EDGE('',*,*,#2701,.F.);
#1161=ORIENTED_EDGE('',*,*,#2702,.T.);
#1162=ORIENTED_EDGE('',*,*,#2699,.T.);
#1163=ORIENTED_EDGE('',*,*,#2322,.F.);
#1164=ORIENTED_EDGE('',*,*,#2703,.F.);
#1165=ORIENTED_EDGE('',*,*,#2704,.T.);
#1166=ORIENTED_EDGE('',*,*,#2701,.T.);
#1167=ORIENTED_EDGE('',*,*,#2321,.F.);
#1168=ORIENTED_EDGE('',*,*,#2705,.F.);
#1169=ORIENTED_EDGE('',*,*,#2706,.T.);
#1170=ORIENTED_EDGE('',*,*,#2703,.T.);
#1171=ORIENTED_EDGE('',*,*,#2320,.F.);
#1172=ORIENTED_EDGE('',*,*,#2707,.F.);
#1173=ORIENTED_EDGE('',*,*,#2708,.T.);
#1174=ORIENTED_EDGE('',*,*,#2705,.T.);
#1175=ORIENTED_EDGE('',*,*,#2319,.F.);
#1176=ORIENTED_EDGE('',*,*,#2709,.F.);
#1177=ORIENTED_EDGE('',*,*,#2710,.T.);
#1178=ORIENTED_EDGE('',*,*,#2707,.T.);
#1179=ORIENTED_EDGE('',*,*,#2318,.F.);
#1180=ORIENTED_EDGE('',*,*,#2711,.F.);
#1181=ORIENTED_EDGE('',*,*,#2712,.T.);
#1182=ORIENTED_EDGE('',*,*,#2709,.T.);
#1183=ORIENTED_EDGE('',*,*,#2317,.F.);
#1184=ORIENTED_EDGE('',*,*,#2686,.F.);
#1185=ORIENTED_EDGE('',*,*,#2713,.T.);
#1186=ORIENTED_EDGE('',*,*,#2711,.T.);
#1187=ORIENTED_EDGE('',*,*,#2316,.F.);
#1188=ORIENTED_EDGE('',*,*,#2685,.F.);
#1189=ORIENTED_EDGE('',*,*,#2688,.F.);
#1190=ORIENTED_EDGE('',*,*,#2690,.F.);
#1191=ORIENTED_EDGE('',*,*,#2692,.F.);
#1192=ORIENTED_EDGE('',*,*,#2694,.F.);
#1193=ORIENTED_EDGE('',*,*,#2696,.F.);
#1194=ORIENTED_EDGE('',*,*,#2698,.F.);
#1195=ORIENTED_EDGE('',*,*,#2700,.F.);
#1196=ORIENTED_EDGE('',*,*,#2702,.F.);
#1197=ORIENTED_EDGE('',*,*,#2704,.F.);
#1198=ORIENTED_EDGE('',*,*,#2706,.F.);
#1199=ORIENTED_EDGE('',*,*,#2708,.F.);
#1200=ORIENTED_EDGE('',*,*,#2710,.F.);
#1201=ORIENTED_EDGE('',*,*,#2712,.F.);
#1202=ORIENTED_EDGE('',*,*,#2713,.F.);
#1203=ORIENTED_EDGE('',*,*,#2714,.F.);
#1204=ORIENTED_EDGE('',*,*,#2715,.T.);
#1205=ORIENTED_EDGE('',*,*,#2716,.T.);
#1206=ORIENTED_EDGE('',*,*,#2717,.F.);
#1207=ORIENTED_EDGE('',*,*,#2718,.F.);
#1208=ORIENTED_EDGE('',*,*,#2719,.T.);
#1209=ORIENTED_EDGE('',*,*,#2714,.T.);
#1210=ORIENTED_EDGE('',*,*,#2720,.F.);
#1211=ORIENTED_EDGE('',*,*,#2721,.F.);
#1212=ORIENTED_EDGE('',*,*,#2722,.T.);
#1213=ORIENTED_EDGE('',*,*,#2718,.T.);
#1214=ORIENTED_EDGE('',*,*,#2723,.F.);
#1215=ORIENTED_EDGE('',*,*,#2724,.F.);
#1216=ORIENTED_EDGE('',*,*,#2725,.T.);
#1217=ORIENTED_EDGE('',*,*,#2721,.T.);
#1218=ORIENTED_EDGE('',*,*,#2726,.F.);
#1219=ORIENTED_EDGE('',*,*,#2727,.F.);
#1220=ORIENTED_EDGE('',*,*,#2728,.T.);
#1221=ORIENTED_EDGE('',*,*,#2724,.T.);
#1222=ORIENTED_EDGE('',*,*,#2729,.F.);
#1223=ORIENTED_EDGE('',*,*,#2730,.F.);
#1224=ORIENTED_EDGE('',*,*,#2731,.T.);
#1225=ORIENTED_EDGE('',*,*,#2727,.T.);
#1226=ORIENTED_EDGE('',*,*,#2732,.F.);
#1227=ORIENTED_EDGE('',*,*,#2733,.F.);
#1228=ORIENTED_EDGE('',*,*,#2734,.T.);
#1229=ORIENTED_EDGE('',*,*,#2735,.T.);
#1230=ORIENTED_EDGE('',*,*,#2265,.F.);
#1231=ORIENTED_EDGE('',*,*,#2736,.F.);
#1232=ORIENTED_EDGE('',*,*,#2737,.T.);
#1233=ORIENTED_EDGE('',*,*,#2733,.T.);
#1234=ORIENTED_EDGE('',*,*,#2264,.F.);
#1235=ORIENTED_EDGE('',*,*,#2738,.F.);
#1236=ORIENTED_EDGE('',*,*,#2739,.T.);
#1237=ORIENTED_EDGE('',*,*,#2736,.T.);
#1238=ORIENTED_EDGE('',*,*,#2281,.F.);
#1239=ORIENTED_EDGE('',*,*,#2740,.F.);
#1240=ORIENTED_EDGE('',*,*,#2741,.T.);
#1241=ORIENTED_EDGE('',*,*,#2738,.T.);
#1242=ORIENTED_EDGE('',*,*,#2280,.F.);
#1243=ORIENTED_EDGE('',*,*,#2742,.F.);
#1244=ORIENTED_EDGE('',*,*,#2743,.T.);
#1245=ORIENTED_EDGE('',*,*,#2740,.T.);
#1246=ORIENTED_EDGE('',*,*,#2279,.F.);
#1247=ORIENTED_EDGE('',*,*,#2744,.F.);
#1248=ORIENTED_EDGE('',*,*,#2745,.T.);
#1249=ORIENTED_EDGE('',*,*,#2742,.T.);
#1250=ORIENTED_EDGE('',*,*,#2278,.F.);
#1251=ORIENTED_EDGE('',*,*,#2746,.F.);
#1252=ORIENTED_EDGE('',*,*,#2747,.T.);
#1253=ORIENTED_EDGE('',*,*,#2744,.T.);
#1254=ORIENTED_EDGE('',*,*,#2277,.F.);
#1255=ORIENTED_EDGE('',*,*,#2748,.F.);
#1256=ORIENTED_EDGE('',*,*,#2749,.T.);
#1257=ORIENTED_EDGE('',*,*,#2746,.T.);
#1258=ORIENTED_EDGE('',*,*,#2276,.F.);
#1259=ORIENTED_EDGE('',*,*,#2750,.F.);
#1260=ORIENTED_EDGE('',*,*,#2751,.T.);
#1261=ORIENTED_EDGE('',*,*,#2748,.T.);
#1262=ORIENTED_EDGE('',*,*,#2275,.F.);
#1263=ORIENTED_EDGE('',*,*,#2752,.F.);
#1264=ORIENTED_EDGE('',*,*,#2753,.T.);
#1265=ORIENTED_EDGE('',*,*,#2750,.T.);
#1266=ORIENTED_EDGE('',*,*,#2274,.F.);
#1267=ORIENTED_EDGE('',*,*,#2754,.F.);
#1268=ORIENTED_EDGE('',*,*,#2755,.T.);
#1269=ORIENTED_EDGE('',*,*,#2752,.T.);
#1270=ORIENTED_EDGE('',*,*,#2273,.F.);
#1271=ORIENTED_EDGE('',*,*,#2756,.F.);
#1272=ORIENTED_EDGE('',*,*,#2757,.T.);
#1273=ORIENTED_EDGE('',*,*,#2754,.T.);
#1274=ORIENTED_EDGE('',*,*,#2272,.F.);
#1275=ORIENTED_EDGE('',*,*,#2758,.F.);
#1276=ORIENTED_EDGE('',*,*,#2759,.T.);
#1277=ORIENTED_EDGE('',*,*,#2756,.T.);
#1278=ORIENTED_EDGE('',*,*,#2271,.F.);
#1279=ORIENTED_EDGE('',*,*,#2760,.F.);
#1280=ORIENTED_EDGE('',*,*,#2761,.T.);
#1281=ORIENTED_EDGE('',*,*,#2758,.T.);
#1282=ORIENTED_EDGE('',*,*,#2270,.F.);
#1283=ORIENTED_EDGE('',*,*,#2762,.F.);
#1284=ORIENTED_EDGE('',*,*,#2763,.T.);
#1285=ORIENTED_EDGE('',*,*,#2760,.T.);
#1286=ORIENTED_EDGE('',*,*,#2269,.F.);
#1287=ORIENTED_EDGE('',*,*,#2764,.F.);
#1288=ORIENTED_EDGE('',*,*,#2765,.T.);
#1289=ORIENTED_EDGE('',*,*,#2762,.T.);
#1290=ORIENTED_EDGE('',*,*,#2268,.F.);
#1291=ORIENTED_EDGE('',*,*,#2766,.F.);
#1292=ORIENTED_EDGE('',*,*,#2767,.T.);
#1293=ORIENTED_EDGE('',*,*,#2764,.T.);
#1294=ORIENTED_EDGE('',*,*,#2267,.F.);
#1295=ORIENTED_EDGE('',*,*,#2735,.F.);
#1296=ORIENTED_EDGE('',*,*,#2768,.T.);
#1297=ORIENTED_EDGE('',*,*,#2766,.T.);
#1298=ORIENTED_EDGE('',*,*,#2266,.F.);
#1299=ORIENTED_EDGE('',*,*,#2716,.F.);
#1300=ORIENTED_EDGE('',*,*,#2769,.T.);
#1301=ORIENTED_EDGE('',*,*,#2730,.T.);
#1302=ORIENTED_EDGE('',*,*,#2770,.F.);
#1303=ORIENTED_EDGE('',*,*,#2734,.F.);
#1304=ORIENTED_EDGE('',*,*,#2737,.F.);
#1305=ORIENTED_EDGE('',*,*,#2739,.F.);
#1306=ORIENTED_EDGE('',*,*,#2741,.F.);
#1307=ORIENTED_EDGE('',*,*,#2743,.F.);
#1308=ORIENTED_EDGE('',*,*,#2745,.F.);
#1309=ORIENTED_EDGE('',*,*,#2747,.F.);
#1310=ORIENTED_EDGE('',*,*,#2749,.F.);
#1311=ORIENTED_EDGE('',*,*,#2751,.F.);
#1312=ORIENTED_EDGE('',*,*,#2753,.F.);
#1313=ORIENTED_EDGE('',*,*,#2755,.F.);
#1314=ORIENTED_EDGE('',*,*,#2757,.F.);
#1315=ORIENTED_EDGE('',*,*,#2759,.F.);
#1316=ORIENTED_EDGE('',*,*,#2761,.F.);
#1317=ORIENTED_EDGE('',*,*,#2763,.F.);
#1318=ORIENTED_EDGE('',*,*,#2765,.F.);
#1319=ORIENTED_EDGE('',*,*,#2767,.F.);
#1320=ORIENTED_EDGE('',*,*,#2768,.F.);
#1321=ORIENTED_EDGE('',*,*,#2715,.F.);
#1322=ORIENTED_EDGE('',*,*,#2719,.F.);
#1323=ORIENTED_EDGE('',*,*,#2722,.F.);
#1324=ORIENTED_EDGE('',*,*,#2725,.F.);
#1325=ORIENTED_EDGE('',*,*,#2728,.F.);
#1326=ORIENTED_EDGE('',*,*,#2731,.F.);
#1327=ORIENTED_EDGE('',*,*,#2769,.F.);
#1328=ORIENTED_EDGE('',*,*,#2771,.F.);
#1329=ORIENTED_EDGE('',*,*,#2772,.T.);
#1330=ORIENTED_EDGE('',*,*,#2773,.T.);
#1331=ORIENTED_EDGE('',*,*,#2774,.F.);
#1332=ORIENTED_EDGE('',*,*,#2775,.F.);
#1333=ORIENTED_EDGE('',*,*,#2776,.T.);
#1334=ORIENTED_EDGE('',*,*,#2771,.T.);
#1335=ORIENTED_EDGE('',*,*,#2777,.F.);
#1336=ORIENTED_EDGE('',*,*,#2778,.F.);
#1337=ORIENTED_EDGE('',*,*,#2779,.T.);
#1338=ORIENTED_EDGE('',*,*,#2775,.T.);
#1339=ORIENTED_EDGE('',*,*,#2780,.F.);
#1340=ORIENTED_EDGE('',*,*,#2781,.F.);
#1341=ORIENTED_EDGE('',*,*,#2782,.T.);
#1342=ORIENTED_EDGE('',*,*,#2778,.T.);
#1343=ORIENTED_EDGE('',*,*,#2783,.F.);
#1344=ORIENTED_EDGE('',*,*,#2784,.F.);
#1345=ORIENTED_EDGE('',*,*,#2785,.T.);
#1346=ORIENTED_EDGE('',*,*,#2781,.T.);
#1347=ORIENTED_EDGE('',*,*,#2786,.F.);
#1348=ORIENTED_EDGE('',*,*,#2787,.F.);
#1349=ORIENTED_EDGE('',*,*,#2788,.T.);
#1350=ORIENTED_EDGE('',*,*,#2784,.T.);
#1351=ORIENTED_EDGE('',*,*,#2789,.F.);
#1352=ORIENTED_EDGE('',*,*,#2790,.F.);
#1353=ORIENTED_EDGE('',*,*,#2791,.T.);
#1354=ORIENTED_EDGE('',*,*,#2787,.T.);
#1355=ORIENTED_EDGE('',*,*,#2792,.F.);
#1356=ORIENTED_EDGE('',*,*,#2793,.F.);
#1357=ORIENTED_EDGE('',*,*,#2794,.T.);
#1358=ORIENTED_EDGE('',*,*,#2795,.T.);
#1359=ORIENTED_EDGE('',*,*,#2330,.F.);
#1360=ORIENTED_EDGE('',*,*,#2796,.F.);
#1361=ORIENTED_EDGE('',*,*,#2797,.T.);
#1362=ORIENTED_EDGE('',*,*,#2793,.T.);
#1363=ORIENTED_EDGE('',*,*,#2329,.F.);
#1364=ORIENTED_EDGE('',*,*,#2798,.F.);
#1365=ORIENTED_EDGE('',*,*,#2799,.T.);
#1366=ORIENTED_EDGE('',*,*,#2796,.T.);
#1367=ORIENTED_EDGE('',*,*,#2343,.F.);
#1368=ORIENTED_EDGE('',*,*,#2800,.F.);
#1369=ORIENTED_EDGE('',*,*,#2801,.T.);
#1370=ORIENTED_EDGE('',*,*,#2798,.T.);
#1371=ORIENTED_EDGE('',*,*,#2342,.F.);
#1372=ORIENTED_EDGE('',*,*,#2802,.F.);
#1373=ORIENTED_EDGE('',*,*,#2803,.T.);
#1374=ORIENTED_EDGE('',*,*,#2800,.T.);
#1375=ORIENTED_EDGE('',*,*,#2341,.F.);
#1376=ORIENTED_EDGE('',*,*,#2804,.F.);
#1377=ORIENTED_EDGE('',*,*,#2805,.T.);
#1378=ORIENTED_EDGE('',*,*,#2802,.T.);
#1379=ORIENTED_EDGE('',*,*,#2340,.F.);
#1380=ORIENTED_EDGE('',*,*,#2806,.F.);
#1381=ORIENTED_EDGE('',*,*,#2807,.T.);
#1382=ORIENTED_EDGE('',*,*,#2804,.T.);
#1383=ORIENTED_EDGE('',*,*,#2339,.F.);
#1384=ORIENTED_EDGE('',*,*,#2808,.F.);
#1385=ORIENTED_EDGE('',*,*,#2809,.T.);
#1386=ORIENTED_EDGE('',*,*,#2806,.T.);
#1387=ORIENTED_EDGE('',*,*,#2338,.F.);
#1388=ORIENTED_EDGE('',*,*,#2810,.F.);
#1389=ORIENTED_EDGE('',*,*,#2811,.T.);
#1390=ORIENTED_EDGE('',*,*,#2808,.T.);
#1391=ORIENTED_EDGE('',*,*,#2337,.F.);
#1392=ORIENTED_EDGE('',*,*,#2812,.F.);
#1393=ORIENTED_EDGE('',*,*,#2813,.T.);
#1394=ORIENTED_EDGE('',*,*,#2810,.T.);
#1395=ORIENTED_EDGE('',*,*,#2336,.F.);
#1396=ORIENTED_EDGE('',*,*,#2814,.F.);
#1397=ORIENTED_EDGE('',*,*,#2815,.T.);
#1398=ORIENTED_EDGE('',*,*,#2812,.T.);
#1399=ORIENTED_EDGE('',*,*,#2335,.F.);
#1400=ORIENTED_EDGE('',*,*,#2816,.F.);
#1401=ORIENTED_EDGE('',*,*,#2817,.T.);
#1402=ORIENTED_EDGE('',*,*,#2814,.T.);
#1403=ORIENTED_EDGE('',*,*,#2334,.F.);
#1404=ORIENTED_EDGE('',*,*,#2818,.F.);
#1405=ORIENTED_EDGE('',*,*,#2819,.T.);
#1406=ORIENTED_EDGE('',*,*,#2816,.T.);
#1407=ORIENTED_EDGE('',*,*,#2333,.F.);
#1408=ORIENTED_EDGE('',*,*,#2820,.F.);
#1409=ORIENTED_EDGE('',*,*,#2821,.T.);
#1410=ORIENTED_EDGE('',*,*,#2818,.T.);
#1411=ORIENTED_EDGE('',*,*,#2332,.F.);
#1412=ORIENTED_EDGE('',*,*,#2795,.F.);
#1413=ORIENTED_EDGE('',*,*,#2822,.T.);
#1414=ORIENTED_EDGE('',*,*,#2820,.T.);
#1415=ORIENTED_EDGE('',*,*,#2331,.F.);
#1416=ORIENTED_EDGE('',*,*,#2773,.F.);
#1417=ORIENTED_EDGE('',*,*,#2823,.T.);
#1418=ORIENTED_EDGE('',*,*,#2790,.T.);
#1419=ORIENTED_EDGE('',*,*,#2824,.F.);
#1420=ORIENTED_EDGE('',*,*,#2794,.F.);
#1421=ORIENTED_EDGE('',*,*,#2797,.F.);
#1422=ORIENTED_EDGE('',*,*,#2799,.F.);
#1423=ORIENTED_EDGE('',*,*,#2801,.F.);
#1424=ORIENTED_EDGE('',*,*,#2803,.F.);
#1425=ORIENTED_EDGE('',*,*,#2805,.F.);
#1426=ORIENTED_EDGE('',*,*,#2807,.F.);
#1427=ORIENTED_EDGE('',*,*,#2809,.F.);
#1428=ORIENTED_EDGE('',*,*,#2811,.F.);
#1429=ORIENTED_EDGE('',*,*,#2813,.F.);
#1430=ORIENTED_EDGE('',*,*,#2815,.F.);
#1431=ORIENTED_EDGE('',*,*,#2817,.F.);
#1432=ORIENTED_EDGE('',*,*,#2819,.F.);
#1433=ORIENTED_EDGE('',*,*,#2821,.F.);
#1434=ORIENTED_EDGE('',*,*,#2822,.F.);
#1435=ORIENTED_EDGE('',*,*,#2772,.F.);
#1436=ORIENTED_EDGE('',*,*,#2776,.F.);
#1437=ORIENTED_EDGE('',*,*,#2779,.F.);
#1438=ORIENTED_EDGE('',*,*,#2782,.F.);
#1439=ORIENTED_EDGE('',*,*,#2785,.F.);
#1440=ORIENTED_EDGE('',*,*,#2788,.F.);
#1441=ORIENTED_EDGE('',*,*,#2791,.F.);
#1442=ORIENTED_EDGE('',*,*,#2823,.F.);
#1443=ORIENTED_EDGE('',*,*,#2825,.F.);
#1444=ORIENTED_EDGE('',*,*,#2826,.T.);
#1445=ORIENTED_EDGE('',*,*,#2827,.T.);
#1446=ORIENTED_EDGE('',*,*,#2345,.F.);
#1447=ORIENTED_EDGE('',*,*,#2828,.F.);
#1448=ORIENTED_EDGE('',*,*,#2829,.T.);
#1449=ORIENTED_EDGE('',*,*,#2825,.T.);
#1450=ORIENTED_EDGE('',*,*,#2344,.F.);
#1451=ORIENTED_EDGE('',*,*,#2830,.F.);
#1452=ORIENTED_EDGE('',*,*,#2831,.T.);
#1453=ORIENTED_EDGE('',*,*,#2828,.T.);
#1454=ORIENTED_EDGE('',*,*,#2360,.F.);
#1455=ORIENTED_EDGE('',*,*,#2832,.F.);
#1456=ORIENTED_EDGE('',*,*,#2833,.T.);
#1457=ORIENTED_EDGE('',*,*,#2830,.T.);
#1458=ORIENTED_EDGE('',*,*,#2359,.F.);
#1459=ORIENTED_EDGE('',*,*,#2834,.F.);
#1460=ORIENTED_EDGE('',*,*,#2835,.T.);
#1461=ORIENTED_EDGE('',*,*,#2832,.T.);
#1462=ORIENTED_EDGE('',*,*,#2358,.F.);
#1463=ORIENTED_EDGE('',*,*,#2836,.F.);
#1464=ORIENTED_EDGE('',*,*,#2837,.T.);
#1465=ORIENTED_EDGE('',*,*,#2834,.T.);
#1466=ORIENTED_EDGE('',*,*,#2357,.F.);
#1467=ORIENTED_EDGE('',*,*,#2838,.F.);
#1468=ORIENTED_EDGE('',*,*,#2839,.T.);
#1469=ORIENTED_EDGE('',*,*,#2836,.T.);
#1470=ORIENTED_EDGE('',*,*,#2356,.F.);
#1471=ORIENTED_EDGE('',*,*,#2840,.F.);
#1472=ORIENTED_EDGE('',*,*,#2841,.T.);
#1473=ORIENTED_EDGE('',*,*,#2838,.T.);
#1474=ORIENTED_EDGE('',*,*,#2355,.F.);
#1475=ORIENTED_EDGE('',*,*,#2842,.F.);
#1476=ORIENTED_EDGE('',*,*,#2843,.T.);
#1477=ORIENTED_EDGE('',*,*,#2840,.T.);
#1478=ORIENTED_EDGE('',*,*,#2354,.F.);
#1479=ORIENTED_EDGE('',*,*,#2844,.F.);
#1480=ORIENTED_EDGE('',*,*,#2845,.T.);
#1481=ORIENTED_EDGE('',*,*,#2842,.T.);
#1482=ORIENTED_EDGE('',*,*,#2353,.F.);
#1483=ORIENTED_EDGE('',*,*,#2846,.F.);
#1484=ORIENTED_EDGE('',*,*,#2847,.T.);
#1485=ORIENTED_EDGE('',*,*,#2844,.T.);
#1486=ORIENTED_EDGE('',*,*,#2352,.F.);
#1487=ORIENTED_EDGE('',*,*,#2848,.F.);
#1488=ORIENTED_EDGE('',*,*,#2849,.T.);
#1489=ORIENTED_EDGE('',*,*,#2846,.T.);
#1490=ORIENTED_EDGE('',*,*,#2351,.F.);
#1491=ORIENTED_EDGE('',*,*,#2850,.F.);
#1492=ORIENTED_EDGE('',*,*,#2851,.T.);
#1493=ORIENTED_EDGE('',*,*,#2848,.T.);
#1494=ORIENTED_EDGE('',*,*,#2350,.F.);
#1495=ORIENTED_EDGE('',*,*,#2852,.F.);
#1496=ORIENTED_EDGE('',*,*,#2853,.T.);
#1497=ORIENTED_EDGE('',*,*,#2850,.T.);
#1498=ORIENTED_EDGE('',*,*,#2349,.F.);
#1499=ORIENTED_EDGE('',*,*,#2854,.F.);
#1500=ORIENTED_EDGE('',*,*,#2855,.T.);
#1501=ORIENTED_EDGE('',*,*,#2852,.T.);
#1502=ORIENTED_EDGE('',*,*,#2348,.F.);
#1503=ORIENTED_EDGE('',*,*,#2856,.F.);
#1504=ORIENTED_EDGE('',*,*,#2857,.T.);
#1505=ORIENTED_EDGE('',*,*,#2854,.T.);
#1506=ORIENTED_EDGE('',*,*,#2347,.F.);
#1507=ORIENTED_EDGE('',*,*,#2827,.F.);
#1508=ORIENTED_EDGE('',*,*,#2858,.T.);
#1509=ORIENTED_EDGE('',*,*,#2856,.T.);
#1510=ORIENTED_EDGE('',*,*,#2346,.F.);
#1511=ORIENTED_EDGE('',*,*,#2826,.F.);
#1512=ORIENTED_EDGE('',*,*,#2829,.F.);
#1513=ORIENTED_EDGE('',*,*,#2831,.F.);
#1514=ORIENTED_EDGE('',*,*,#2833,.F.);
#1515=ORIENTED_EDGE('',*,*,#2835,.F.);
#1516=ORIENTED_EDGE('',*,*,#2837,.F.);
#1517=ORIENTED_EDGE('',*,*,#2839,.F.);
#1518=ORIENTED_EDGE('',*,*,#2841,.F.);
#1519=ORIENTED_EDGE('',*,*,#2843,.F.);
#1520=ORIENTED_EDGE('',*,*,#2845,.F.);
#1521=ORIENTED_EDGE('',*,*,#2847,.F.);
#1522=ORIENTED_EDGE('',*,*,#2849,.F.);
#1523=ORIENTED_EDGE('',*,*,#2851,.F.);
#1524=ORIENTED_EDGE('',*,*,#2853,.F.);
#1525=ORIENTED_EDGE('',*,*,#2855,.F.);
#1526=ORIENTED_EDGE('',*,*,#2857,.F.);
#1527=ORIENTED_EDGE('',*,*,#2858,.F.);
#1528=ORIENTED_EDGE('',*,*,#2859,.F.);
#1529=ORIENTED_EDGE('',*,*,#2860,.T.);
#1530=ORIENTED_EDGE('',*,*,#2861,.T.);
#1531=ORIENTED_EDGE('',*,*,#2362,.F.);
#1532=ORIENTED_EDGE('',*,*,#2862,.F.);
#1533=ORIENTED_EDGE('',*,*,#2863,.T.);
#1534=ORIENTED_EDGE('',*,*,#2859,.T.);
#1535=ORIENTED_EDGE('',*,*,#2361,.F.);
#1536=ORIENTED_EDGE('',*,*,#2864,.F.);
#1537=ORIENTED_EDGE('',*,*,#2865,.T.);
#1538=ORIENTED_EDGE('',*,*,#2862,.T.);
#1539=ORIENTED_EDGE('',*,*,#2378,.F.);
#1540=ORIENTED_EDGE('',*,*,#2866,.F.);
#1541=ORIENTED_EDGE('',*,*,#2867,.T.);
#1542=ORIENTED_EDGE('',*,*,#2864,.T.);
#1543=ORIENTED_EDGE('',*,*,#2377,.F.);
#1544=ORIENTED_EDGE('',*,*,#2868,.F.);
#1545=ORIENTED_EDGE('',*,*,#2869,.T.);
#1546=ORIENTED_EDGE('',*,*,#2866,.T.);
#1547=ORIENTED_EDGE('',*,*,#2376,.F.);
#1548=ORIENTED_EDGE('',*,*,#2870,.F.);
#1549=ORIENTED_EDGE('',*,*,#2871,.T.);
#1550=ORIENTED_EDGE('',*,*,#2868,.T.);
#1551=ORIENTED_EDGE('',*,*,#2375,.F.);
#1552=ORIENTED_EDGE('',*,*,#2872,.F.);
#1553=ORIENTED_EDGE('',*,*,#2873,.T.);
#1554=ORIENTED_EDGE('',*,*,#2870,.T.);
#1555=ORIENTED_EDGE('',*,*,#2374,.F.);
#1556=ORIENTED_EDGE('',*,*,#2874,.F.);
#1557=ORIENTED_EDGE('',*,*,#2875,.T.);
#1558=ORIENTED_EDGE('',*,*,#2872,.T.);
#1559=ORIENTED_EDGE('',*,*,#2373,.F.);
#1560=ORIENTED_EDGE('',*,*,#2876,.F.);
#1561=ORIENTED_EDGE('',*,*,#2877,.T.);
#1562=ORIENTED_EDGE('',*,*,#2874,.T.);
#1563=ORIENTED_EDGE('',*,*,#2372,.F.);
#1564=ORIENTED_EDGE('',*,*,#2878,.F.);
#1565=ORIENTED_EDGE('',*,*,#2879,.T.);
#1566=ORIENTED_EDGE('',*,*,#2876,.T.);
#1567=ORIENTED_EDGE('',*,*,#2371,.F.);
#1568=ORIENTED_EDGE('',*,*,#2880,.F.);
#1569=ORIENTED_EDGE('',*,*,#2881,.T.);
#1570=ORIENTED_EDGE('',*,*,#2878,.T.);
#1571=ORIENTED_EDGE('',*,*,#2370,.F.);
#1572=ORIENTED_EDGE('',*,*,#2882,.F.);
#1573=ORIENTED_EDGE('',*,*,#2883,.T.);
#1574=ORIENTED_EDGE('',*,*,#2880,.T.);
#1575=ORIENTED_EDGE('',*,*,#2369,.F.);
#1576=ORIENTED_EDGE('',*,*,#2884,.F.);
#1577=ORIENTED_EDGE('',*,*,#2885,.T.);
#1578=ORIENTED_EDGE('',*,*,#2882,.T.);
#1579=ORIENTED_EDGE('',*,*,#2368,.F.);
#1580=ORIENTED_EDGE('',*,*,#2886,.F.);
#1581=ORIENTED_EDGE('',*,*,#2887,.T.);
#1582=ORIENTED_EDGE('',*,*,#2884,.T.);
#1583=ORIENTED_EDGE('',*,*,#2367,.F.);
#1584=ORIENTED_EDGE('',*,*,#2888,.F.);
#1585=ORIENTED_EDGE('',*,*,#2889,.T.);
#1586=ORIENTED_EDGE('',*,*,#2886,.T.);
#1587=ORIENTED_EDGE('',*,*,#2366,.F.);
#1588=ORIENTED_EDGE('',*,*,#2890,.F.);
#1589=ORIENTED_EDGE('',*,*,#2891,.T.);
#1590=ORIENTED_EDGE('',*,*,#2888,.T.);
#1591=ORIENTED_EDGE('',*,*,#2365,.F.);
#1592=ORIENTED_EDGE('',*,*,#2892,.F.);
#1593=ORIENTED_EDGE('',*,*,#2893,.T.);
#1594=ORIENTED_EDGE('',*,*,#2890,.T.);
#1595=ORIENTED_EDGE('',*,*,#2364,.F.);
#1596=ORIENTED_EDGE('',*,*,#2861,.F.);
#1597=ORIENTED_EDGE('',*,*,#2894,.T.);
#1598=ORIENTED_EDGE('',*,*,#2892,.T.);
#1599=ORIENTED_EDGE('',*,*,#2363,.F.);
#1600=ORIENTED_EDGE('',*,*,#2860,.F.);
#1601=ORIENTED_EDGE('',*,*,#2863,.F.);
#1602=ORIENTED_EDGE('',*,*,#2865,.F.);
#1603=ORIENTED_EDGE('',*,*,#2867,.F.);
#1604=ORIENTED_EDGE('',*,*,#2869,.F.);
#1605=ORIENTED_EDGE('',*,*,#2871,.F.);
#1606=ORIENTED_EDGE('',*,*,#2873,.F.);
#1607=ORIENTED_EDGE('',*,*,#2875,.F.);
#1608=ORIENTED_EDGE('',*,*,#2877,.F.);
#1609=ORIENTED_EDGE('',*,*,#2879,.F.);
#1610=ORIENTED_EDGE('',*,*,#2881,.F.);
#1611=ORIENTED_EDGE('',*,*,#2883,.F.);
#1612=ORIENTED_EDGE('',*,*,#2885,.F.);
#1613=ORIENTED_EDGE('',*,*,#2887,.F.);
#1614=ORIENTED_EDGE('',*,*,#2889,.F.);
#1615=ORIENTED_EDGE('',*,*,#2891,.F.);
#1616=ORIENTED_EDGE('',*,*,#2893,.F.);
#1617=ORIENTED_EDGE('',*,*,#2894,.F.);
#1618=ORIENTED_EDGE('',*,*,#2895,.F.);
#1619=ORIENTED_EDGE('',*,*,#2896,.T.);
#1620=ORIENTED_EDGE('',*,*,#2897,.T.);
#1621=ORIENTED_EDGE('',*,*,#2380,.F.);
#1622=ORIENTED_EDGE('',*,*,#2898,.F.);
#1623=ORIENTED_EDGE('',*,*,#2899,.T.);
#1624=ORIENTED_EDGE('',*,*,#2895,.T.);
#1625=ORIENTED_EDGE('',*,*,#2379,.F.);
#1626=ORIENTED_EDGE('',*,*,#2900,.F.);
#1627=ORIENTED_EDGE('',*,*,#2901,.T.);
#1628=ORIENTED_EDGE('',*,*,#2898,.T.);
#1629=ORIENTED_EDGE('',*,*,#2404,.F.);
#1630=ORIENTED_EDGE('',*,*,#2902,.F.);
#1631=ORIENTED_EDGE('',*,*,#2903,.T.);
#1632=ORIENTED_EDGE('',*,*,#2900,.T.);
#1633=ORIENTED_EDGE('',*,*,#2403,.F.);
#1634=ORIENTED_EDGE('',*,*,#2904,.F.);
#1635=ORIENTED_EDGE('',*,*,#2905,.T.);
#1636=ORIENTED_EDGE('',*,*,#2902,.T.);
#1637=ORIENTED_EDGE('',*,*,#2402,.F.);
#1638=ORIENTED_EDGE('',*,*,#2906,.F.);
#1639=ORIENTED_EDGE('',*,*,#2907,.T.);
#1640=ORIENTED_EDGE('',*,*,#2904,.T.);
#1641=ORIENTED_EDGE('',*,*,#2401,.F.);
#1642=ORIENTED_EDGE('',*,*,#2908,.F.);
#1643=ORIENTED_EDGE('',*,*,#2909,.T.);
#1644=ORIENTED_EDGE('',*,*,#2906,.T.);
#1645=ORIENTED_EDGE('',*,*,#2400,.F.);
#1646=ORIENTED_EDGE('',*,*,#2910,.F.);
#1647=ORIENTED_EDGE('',*,*,#2911,.T.);
#1648=ORIENTED_EDGE('',*,*,#2908,.T.);
#1649=ORIENTED_EDGE('',*,*,#2399,.F.);
#1650=ORIENTED_EDGE('',*,*,#2912,.F.);
#1651=ORIENTED_EDGE('',*,*,#2913,.T.);
#1652=ORIENTED_EDGE('',*,*,#2910,.T.);
#1653=ORIENTED_EDGE('',*,*,#2398,.F.);
#1654=ORIENTED_EDGE('',*,*,#2914,.F.);
#1655=ORIENTED_EDGE('',*,*,#2915,.T.);
#1656=ORIENTED_EDGE('',*,*,#2912,.T.);
#1657=ORIENTED_EDGE('',*,*,#2397,.F.);
#1658=ORIENTED_EDGE('',*,*,#2916,.F.);
#1659=ORIENTED_EDGE('',*,*,#2917,.T.);
#1660=ORIENTED_EDGE('',*,*,#2914,.T.);
#1661=ORIENTED_EDGE('',*,*,#2396,.F.);
#1662=ORIENTED_EDGE('',*,*,#2918,.F.);
#1663=ORIENTED_EDGE('',*,*,#2919,.T.);
#1664=ORIENTED_EDGE('',*,*,#2916,.T.);
#1665=ORIENTED_EDGE('',*,*,#2395,.F.);
#1666=ORIENTED_EDGE('',*,*,#2920,.F.);
#1667=ORIENTED_EDGE('',*,*,#2921,.T.);
#1668=ORIENTED_EDGE('',*,*,#2918,.T.);
#1669=ORIENTED_EDGE('',*,*,#2394,.F.);
#1670=ORIENTED_EDGE('',*,*,#2922,.F.);
#1671=ORIENTED_EDGE('',*,*,#2923,.T.);
#1672=ORIENTED_EDGE('',*,*,#2920,.T.);
#1673=ORIENTED_EDGE('',*,*,#2393,.F.);
#1674=ORIENTED_EDGE('',*,*,#2924,.F.);
#1675=ORIENTED_EDGE('',*,*,#2925,.T.);
#1676=ORIENTED_EDGE('',*,*,#2922,.T.);
#1677=ORIENTED_EDGE('',*,*,#2392,.F.);
#1678=ORIENTED_EDGE('',*,*,#2926,.F.);
#1679=ORIENTED_EDGE('',*,*,#2927,.T.);
#1680=ORIENTED_EDGE('',*,*,#2924,.T.);
#1681=ORIENTED_EDGE('',*,*,#2391,.F.);
#1682=ORIENTED_EDGE('',*,*,#2928,.F.);
#1683=ORIENTED_EDGE('',*,*,#2929,.T.);
#1684=ORIENTED_EDGE('',*,*,#2926,.T.);
#1685=ORIENTED_EDGE('',*,*,#2390,.F.);
#1686=ORIENTED_EDGE('',*,*,#2930,.F.);
#1687=ORIENTED_EDGE('',*,*,#2931,.T.);
#1688=ORIENTED_EDGE('',*,*,#2928,.T.);
#1689=ORIENTED_EDGE('',*,*,#2389,.F.);
#1690=ORIENTED_EDGE('',*,*,#2932,.F.);
#1691=ORIENTED_EDGE('',*,*,#2933,.T.);
#1692=ORIENTED_EDGE('',*,*,#2930,.T.);
#1693=ORIENTED_EDGE('',*,*,#2388,.F.);
#1694=ORIENTED_EDGE('',*,*,#2934,.F.);
#1695=ORIENTED_EDGE('',*,*,#2935,.T.);
#1696=ORIENTED_EDGE('',*,*,#2932,.T.);
#1697=ORIENTED_EDGE('',*,*,#2387,.F.);
#1698=ORIENTED_EDGE('',*,*,#2936,.F.);
#1699=ORIENTED_EDGE('',*,*,#2937,.T.);
#1700=ORIENTED_EDGE('',*,*,#2934,.T.);
#1701=ORIENTED_EDGE('',*,*,#2386,.F.);
#1702=ORIENTED_EDGE('',*,*,#2938,.F.);
#1703=ORIENTED_EDGE('',*,*,#2939,.T.);
#1704=ORIENTED_EDGE('',*,*,#2936,.T.);
#1705=ORIENTED_EDGE('',*,*,#2385,.F.);
#1706=ORIENTED_EDGE('',*,*,#2940,.F.);
#1707=ORIENTED_EDGE('',*,*,#2941,.T.);
#1708=ORIENTED_EDGE('',*,*,#2938,.T.);
#1709=ORIENTED_EDGE('',*,*,#2384,.F.);
#1710=ORIENTED_EDGE('',*,*,#2942,.F.);
#1711=ORIENTED_EDGE('',*,*,#2943,.T.);
#1712=ORIENTED_EDGE('',*,*,#2940,.T.);
#1713=ORIENTED_EDGE('',*,*,#2383,.F.);
#1714=ORIENTED_EDGE('',*,*,#2944,.F.);
#1715=ORIENTED_EDGE('',*,*,#2945,.T.);
#1716=ORIENTED_EDGE('',*,*,#2942,.T.);
#1717=ORIENTED_EDGE('',*,*,#2382,.F.);
#1718=ORIENTED_EDGE('',*,*,#2897,.F.);
#1719=ORIENTED_EDGE('',*,*,#2946,.T.);
#1720=ORIENTED_EDGE('',*,*,#2944,.T.);
#1721=ORIENTED_EDGE('',*,*,#2381,.F.);
#1722=ORIENTED_EDGE('',*,*,#2896,.F.);
#1723=ORIENTED_EDGE('',*,*,#2899,.F.);
#1724=ORIENTED_EDGE('',*,*,#2901,.F.);
#1725=ORIENTED_EDGE('',*,*,#2903,.F.);
#1726=ORIENTED_EDGE('',*,*,#2905,.F.);
#1727=ORIENTED_EDGE('',*,*,#2907,.F.);
#1728=ORIENTED_EDGE('',*,*,#2909,.F.);
#1729=ORIENTED_EDGE('',*,*,#2911,.F.);
#1730=ORIENTED_EDGE('',*,*,#2913,.F.);
#1731=ORIENTED_EDGE('',*,*,#2915,.F.);
#1732=ORIENTED_EDGE('',*,*,#2917,.F.);
#1733=ORIENTED_EDGE('',*,*,#2919,.F.);
#1734=ORIENTED_EDGE('',*,*,#2921,.F.);
#1735=ORIENTED_EDGE('',*,*,#2923,.F.);
#1736=ORIENTED_EDGE('',*,*,#2925,.F.);
#1737=ORIENTED_EDGE('',*,*,#2927,.F.);
#1738=ORIENTED_EDGE('',*,*,#2929,.F.);
#1739=ORIENTED_EDGE('',*,*,#2931,.F.);
#1740=ORIENTED_EDGE('',*,*,#2933,.F.);
#1741=ORIENTED_EDGE('',*,*,#2935,.F.);
#1742=ORIENTED_EDGE('',*,*,#2937,.F.);
#1743=ORIENTED_EDGE('',*,*,#2939,.F.);
#1744=ORIENTED_EDGE('',*,*,#2941,.F.);
#1745=ORIENTED_EDGE('',*,*,#2943,.F.);
#1746=ORIENTED_EDGE('',*,*,#2945,.F.);
#1747=ORIENTED_EDGE('',*,*,#2946,.F.);
#1748=ORIENTED_EDGE('',*,*,#2947,.F.);
#1749=ORIENTED_EDGE('',*,*,#2948,.T.);
#1750=ORIENTED_EDGE('',*,*,#2949,.T.);
#1751=ORIENTED_EDGE('',*,*,#2406,.F.);
#1752=ORIENTED_EDGE('',*,*,#2950,.F.);
#1753=ORIENTED_EDGE('',*,*,#2951,.T.);
#1754=ORIENTED_EDGE('',*,*,#2947,.T.);
#1755=ORIENTED_EDGE('',*,*,#2405,.F.);
#1756=ORIENTED_EDGE('',*,*,#2952,.F.);
#1757=ORIENTED_EDGE('',*,*,#2953,.T.);
#1758=ORIENTED_EDGE('',*,*,#2950,.T.);
#1759=ORIENTED_EDGE('',*,*,#2417,.F.);
#1760=ORIENTED_EDGE('',*,*,#2954,.F.);
#1761=ORIENTED_EDGE('',*,*,#2955,.T.);
#1762=ORIENTED_EDGE('',*,*,#2952,.T.);
#1763=ORIENTED_EDGE('',*,*,#2416,.F.);
#1764=ORIENTED_EDGE('',*,*,#2956,.F.);
#1765=ORIENTED_EDGE('',*,*,#2957,.T.);
#1766=ORIENTED_EDGE('',*,*,#2954,.T.);
#1767=ORIENTED_EDGE('',*,*,#2415,.F.);
#1768=ORIENTED_EDGE('',*,*,#2958,.F.);
#1769=ORIENTED_EDGE('',*,*,#2959,.T.);
#1770=ORIENTED_EDGE('',*,*,#2956,.T.);
#1771=ORIENTED_EDGE('',*,*,#2414,.F.);
#1772=ORIENTED_EDGE('',*,*,#2960,.F.);
#1773=ORIENTED_EDGE('',*,*,#2961,.T.);
#1774=ORIENTED_EDGE('',*,*,#2958,.T.);
#1775=ORIENTED_EDGE('',*,*,#2413,.F.);
#1776=ORIENTED_EDGE('',*,*,#2962,.F.);
#1777=ORIENTED_EDGE('',*,*,#2963,.T.);
#1778=ORIENTED_EDGE('',*,*,#2960,.T.);
#1779=ORIENTED_EDGE('',*,*,#2412,.F.);
#1780=ORIENTED_EDGE('',*,*,#2964,.F.);
#1781=ORIENTED_EDGE('',*,*,#2965,.T.);
#1782=ORIENTED_EDGE('',*,*,#2962,.T.);
#1783=ORIENTED_EDGE('',*,*,#2411,.F.);
#1784=ORIENTED_EDGE('',*,*,#2966,.F.);
#1785=ORIENTED_EDGE('',*,*,#2967,.T.);
#1786=ORIENTED_EDGE('',*,*,#2964,.T.);
#1787=ORIENTED_EDGE('',*,*,#2410,.F.);
#1788=ORIENTED_EDGE('',*,*,#2968,.F.);
#1789=ORIENTED_EDGE('',*,*,#2969,.T.);
#1790=ORIENTED_EDGE('',*,*,#2966,.T.);
#1791=ORIENTED_EDGE('',*,*,#2409,.F.);
#1792=ORIENTED_EDGE('',*,*,#2970,.F.);
#1793=ORIENTED_EDGE('',*,*,#2971,.T.);
#1794=ORIENTED_EDGE('',*,*,#2968,.T.);
#1795=ORIENTED_EDGE('',*,*,#2408,.F.);
#1796=ORIENTED_EDGE('',*,*,#2949,.F.);
#1797=ORIENTED_EDGE('',*,*,#2972,.T.);
#1798=ORIENTED_EDGE('',*,*,#2970,.T.);
#1799=ORIENTED_EDGE('',*,*,#2407,.F.);
#1800=ORIENTED_EDGE('',*,*,#2948,.F.);
#1801=ORIENTED_EDGE('',*,*,#2951,.F.);
#1802=ORIENTED_EDGE('',*,*,#2953,.F.);
#1803=ORIENTED_EDGE('',*,*,#2955,.F.);
#1804=ORIENTED_EDGE('',*,*,#2957,.F.);
#1805=ORIENTED_EDGE('',*,*,#2959,.F.);
#1806=ORIENTED_EDGE('',*,*,#2961,.F.);
#1807=ORIENTED_EDGE('',*,*,#2963,.F.);
#1808=ORIENTED_EDGE('',*,*,#2965,.F.);
#1809=ORIENTED_EDGE('',*,*,#2967,.F.);
#1810=ORIENTED_EDGE('',*,*,#2969,.F.);
#1811=ORIENTED_EDGE('',*,*,#2971,.F.);
#1812=ORIENTED_EDGE('',*,*,#2972,.F.);
#1813=ORIENTED_EDGE('',*,*,#2973,.F.);
#1814=ORIENTED_EDGE('',*,*,#2974,.T.);
#1815=ORIENTED_EDGE('',*,*,#2975,.T.);
#1816=ORIENTED_EDGE('',*,*,#2419,.F.);
#1817=ORIENTED_EDGE('',*,*,#2976,.F.);
#1818=ORIENTED_EDGE('',*,*,#2977,.T.);
#1819=ORIENTED_EDGE('',*,*,#2973,.T.);
#1820=ORIENTED_EDGE('',*,*,#2418,.F.);
#1821=ORIENTED_EDGE('',*,*,#2978,.F.);
#1822=ORIENTED_EDGE('',*,*,#2979,.T.);
#1823=ORIENTED_EDGE('',*,*,#2976,.T.);
#1824=ORIENTED_EDGE('',*,*,#2421,.F.);
#1825=ORIENTED_EDGE('',*,*,#2975,.F.);
#1826=ORIENTED_EDGE('',*,*,#2980,.T.);
#1827=ORIENTED_EDGE('',*,*,#2978,.T.);
#1828=ORIENTED_EDGE('',*,*,#2420,.F.);
#1829=ORIENTED_EDGE('',*,*,#2974,.F.);
#1830=ORIENTED_EDGE('',*,*,#2977,.F.);
#1831=ORIENTED_EDGE('',*,*,#2979,.F.);
#1832=ORIENTED_EDGE('',*,*,#2980,.F.);
#1833=ORIENTED_EDGE('',*,*,#2981,.F.);
#1834=ORIENTED_EDGE('',*,*,#2982,.T.);
#1835=ORIENTED_EDGE('',*,*,#2983,.T.);
#1836=ORIENTED_EDGE('',*,*,#2423,.F.);
#1837=ORIENTED_EDGE('',*,*,#2984,.F.);
#1838=ORIENTED_EDGE('',*,*,#2985,.T.);
#1839=ORIENTED_EDGE('',*,*,#2981,.T.);
#1840=ORIENTED_EDGE('',*,*,#2422,.F.);
#1841=ORIENTED_EDGE('',*,*,#2986,.F.);
#1842=ORIENTED_EDGE('',*,*,#2987,.T.);
#1843=ORIENTED_EDGE('',*,*,#2984,.T.);
#1844=ORIENTED_EDGE('',*,*,#2426,.F.);
#1845=ORIENTED_EDGE('',*,*,#2988,.F.);
#1846=ORIENTED_EDGE('',*,*,#2989,.T.);
#1847=ORIENTED_EDGE('',*,*,#2986,.T.);
#1848=ORIENTED_EDGE('',*,*,#2425,.F.);
#1849=ORIENTED_EDGE('',*,*,#2983,.F.);
#1850=ORIENTED_EDGE('',*,*,#2990,.T.);
#1851=ORIENTED_EDGE('',*,*,#2988,.T.);
#1852=ORIENTED_EDGE('',*,*,#2424,.F.);
#1853=ORIENTED_EDGE('',*,*,#2982,.F.);
#1854=ORIENTED_EDGE('',*,*,#2985,.F.);
#1855=ORIENTED_EDGE('',*,*,#2987,.F.);
#1856=ORIENTED_EDGE('',*,*,#2989,.F.);
#1857=ORIENTED_EDGE('',*,*,#2990,.F.);
#1858=ORIENTED_EDGE('',*,*,#2991,.F.);
#1859=ORIENTED_EDGE('',*,*,#2992,.T.);
#1860=ORIENTED_EDGE('',*,*,#2993,.T.);
#1861=ORIENTED_EDGE('',*,*,#2428,.F.);
#1862=ORIENTED_EDGE('',*,*,#2994,.F.);
#1863=ORIENTED_EDGE('',*,*,#2995,.T.);
#1864=ORIENTED_EDGE('',*,*,#2991,.T.);
#1865=ORIENTED_EDGE('',*,*,#2427,.F.);
#1866=ORIENTED_EDGE('',*,*,#2996,.F.);
#1867=ORIENTED_EDGE('',*,*,#2997,.T.);
#1868=ORIENTED_EDGE('',*,*,#2994,.T.);
#1869=ORIENTED_EDGE('',*,*,#2444,.F.);
#1870=ORIENTED_EDGE('',*,*,#2998,.F.);
#1871=ORIENTED_EDGE('',*,*,#2999,.T.);
#1872=ORIENTED_EDGE('',*,*,#2996,.T.);
#1873=ORIENTED_EDGE('',*,*,#2443,.F.);
#1874=ORIENTED_EDGE('',*,*,#3000,.F.);
#1875=ORIENTED_EDGE('',*,*,#3001,.T.);
#1876=ORIENTED_EDGE('',*,*,#2998,.T.);
#1877=ORIENTED_EDGE('',*,*,#2442,.F.);
#1878=ORIENTED_EDGE('',*,*,#3002,.F.);
#1879=ORIENTED_EDGE('',*,*,#3003,.T.);
#1880=ORIENTED_EDGE('',*,*,#3000,.T.);
#1881=ORIENTED_EDGE('',*,*,#2441,.F.);
#1882=ORIENTED_EDGE('',*,*,#3004,.F.);
#1883=ORIENTED_EDGE('',*,*,#3005,.T.);
#1884=ORIENTED_EDGE('',*,*,#3002,.T.);
#1885=ORIENTED_EDGE('',*,*,#2440,.F.);
#1886=ORIENTED_EDGE('',*,*,#3006,.F.);
#1887=ORIENTED_EDGE('',*,*,#3007,.T.);
#1888=ORIENTED_EDGE('',*,*,#3004,.T.);
#1889=ORIENTED_EDGE('',*,*,#2439,.F.);
#1890=ORIENTED_EDGE('',*,*,#3008,.F.);
#1891=ORIENTED_EDGE('',*,*,#3009,.T.);
#1892=ORIENTED_EDGE('',*,*,#3006,.T.);
#1893=ORIENTED_EDGE('',*,*,#2438,.F.);
#1894=ORIENTED_EDGE('',*,*,#3010,.F.);
#1895=ORIENTED_EDGE('',*,*,#3011,.T.);
#1896=ORIENTED_EDGE('',*,*,#3008,.T.);
#1897=ORIENTED_EDGE('',*,*,#2437,.F.);
#1898=ORIENTED_EDGE('',*,*,#3012,.F.);
#1899=ORIENTED_EDGE('',*,*,#3013,.T.);
#1900=ORIENTED_EDGE('',*,*,#3010,.T.);
#1901=ORIENTED_EDGE('',*,*,#2436,.F.);
#1902=ORIENTED_EDGE('',*,*,#3014,.F.);
#1903=ORIENTED_EDGE('',*,*,#3015,.T.);
#1904=ORIENTED_EDGE('',*,*,#3012,.T.);
#1905=ORIENTED_EDGE('',*,*,#2435,.F.);
#1906=ORIENTED_EDGE('',*,*,#3016,.F.);
#1907=ORIENTED_EDGE('',*,*,#3017,.T.);
#1908=ORIENTED_EDGE('',*,*,#3014,.T.);
#1909=ORIENTED_EDGE('',*,*,#2434,.F.);
#1910=ORIENTED_EDGE('',*,*,#3018,.F.);
#1911=ORIENTED_EDGE('',*,*,#3019,.T.);
#1912=ORIENTED_EDGE('',*,*,#3016,.T.);
#1913=ORIENTED_EDGE('',*,*,#2433,.F.);
#1914=ORIENTED_EDGE('',*,*,#3020,.F.);
#1915=ORIENTED_EDGE('',*,*,#3021,.T.);
#1916=ORIENTED_EDGE('',*,*,#3018,.T.);
#1917=ORIENTED_EDGE('',*,*,#2432,.F.);
#1918=ORIENTED_EDGE('',*,*,#3022,.F.);
#1919=ORIENTED_EDGE('',*,*,#3023,.T.);
#1920=ORIENTED_EDGE('',*,*,#3020,.T.);
#1921=ORIENTED_EDGE('',*,*,#2431,.F.);
#1922=ORIENTED_EDGE('',*,*,#3024,.F.);
#1923=ORIENTED_EDGE('',*,*,#3025,.T.);
#1924=ORIENTED_EDGE('',*,*,#3022,.T.);
#1925=ORIENTED_EDGE('',*,*,#2430,.F.);
#1926=ORIENTED_EDGE('',*,*,#2993,.F.);
#1927=ORIENTED_EDGE('',*,*,#3026,.T.);
#1928=ORIENTED_EDGE('',*,*,#3024,.T.);
#1929=ORIENTED_EDGE('',*,*,#2429,.F.);
#1930=ORIENTED_EDGE('',*,*,#2992,.F.);
#1931=ORIENTED_EDGE('',*,*,#2995,.F.);
#1932=ORIENTED_EDGE('',*,*,#2997,.F.);
#1933=ORIENTED_EDGE('',*,*,#2999,.F.);
#1934=ORIENTED_EDGE('',*,*,#3001,.F.);
#1935=ORIENTED_EDGE('',*,*,#3003,.F.);
#1936=ORIENTED_EDGE('',*,*,#3005,.F.);
#1937=ORIENTED_EDGE('',*,*,#3007,.F.);
#1938=ORIENTED_EDGE('',*,*,#3009,.F.);
#1939=ORIENTED_EDGE('',*,*,#3011,.F.);
#1940=ORIENTED_EDGE('',*,*,#3013,.F.);
#1941=ORIENTED_EDGE('',*,*,#3015,.F.);
#1942=ORIENTED_EDGE('',*,*,#3017,.F.);
#1943=ORIENTED_EDGE('',*,*,#3019,.F.);
#1944=ORIENTED_EDGE('',*,*,#3021,.F.);
#1945=ORIENTED_EDGE('',*,*,#3023,.F.);
#1946=ORIENTED_EDGE('',*,*,#3025,.F.);
#1947=ORIENTED_EDGE('',*,*,#3026,.F.);
#1948=ORIENTED_EDGE('',*,*,#3027,.F.);
#1949=ORIENTED_EDGE('',*,*,#3028,.T.);
#1950=ORIENTED_EDGE('',*,*,#3029,.T.);
#1951=ORIENTED_EDGE('',*,*,#2446,.F.);
#1952=ORIENTED_EDGE('',*,*,#3030,.F.);
#1953=ORIENTED_EDGE('',*,*,#3031,.T.);
#1954=ORIENTED_EDGE('',*,*,#3027,.T.);
#1955=ORIENTED_EDGE('',*,*,#2445,.F.);
#1956=ORIENTED_EDGE('',*,*,#3032,.F.);
#1957=ORIENTED_EDGE('',*,*,#3033,.T.);
#1958=ORIENTED_EDGE('',*,*,#3030,.T.);
#1959=ORIENTED_EDGE('',*,*,#2461,.F.);
#1960=ORIENTED_EDGE('',*,*,#3034,.F.);
#1961=ORIENTED_EDGE('',*,*,#3035,.T.);
#1962=ORIENTED_EDGE('',*,*,#3032,.T.);
#1963=ORIENTED_EDGE('',*,*,#2460,.F.);
#1964=ORIENTED_EDGE('',*,*,#3036,.F.);
#1965=ORIENTED_EDGE('',*,*,#3037,.T.);
#1966=ORIENTED_EDGE('',*,*,#3034,.T.);
#1967=ORIENTED_EDGE('',*,*,#2459,.F.);
#1968=ORIENTED_EDGE('',*,*,#3038,.F.);
#1969=ORIENTED_EDGE('',*,*,#3039,.T.);
#1970=ORIENTED_EDGE('',*,*,#3036,.T.);
#1971=ORIENTED_EDGE('',*,*,#2458,.F.);
#1972=ORIENTED_EDGE('',*,*,#3040,.F.);
#1973=ORIENTED_EDGE('',*,*,#3041,.T.);
#1974=ORIENTED_EDGE('',*,*,#3038,.T.);
#1975=ORIENTED_EDGE('',*,*,#2457,.F.);
#1976=ORIENTED_EDGE('',*,*,#3042,.F.);
#1977=ORIENTED_EDGE('',*,*,#3043,.T.);
#1978=ORIENTED_EDGE('',*,*,#3040,.T.);
#1979=ORIENTED_EDGE('',*,*,#2456,.F.);
#1980=ORIENTED_EDGE('',*,*,#3044,.F.);
#1981=ORIENTED_EDGE('',*,*,#3045,.T.);
#1982=ORIENTED_EDGE('',*,*,#3042,.T.);
#1983=ORIENTED_EDGE('',*,*,#2455,.F.);
#1984=ORIENTED_EDGE('',*,*,#3046,.F.);
#1985=ORIENTED_EDGE('',*,*,#3047,.T.);
#1986=ORIENTED_EDGE('',*,*,#3044,.T.);
#1987=ORIENTED_EDGE('',*,*,#2454,.F.);
#1988=ORIENTED_EDGE('',*,*,#3048,.F.);
#1989=ORIENTED_EDGE('',*,*,#3049,.T.);
#1990=ORIENTED_EDGE('',*,*,#3046,.T.);
#1991=ORIENTED_EDGE('',*,*,#2453,.F.);
#1992=ORIENTED_EDGE('',*,*,#3050,.F.);
#1993=ORIENTED_EDGE('',*,*,#3051,.T.);
#1994=ORIENTED_EDGE('',*,*,#3048,.T.);
#1995=ORIENTED_EDGE('',*,*,#2452,.F.);
#1996=ORIENTED_EDGE('',*,*,#3052,.F.);
#1997=ORIENTED_EDGE('',*,*,#3053,.T.);
#1998=ORIENTED_EDGE('',*,*,#3050,.T.);
#1999=ORIENTED_EDGE('',*,*,#2451,.F.);
#2000=ORIENTED_EDGE('',*,*,#3054,.F.);
#2001=ORIENTED_EDGE('',*,*,#3055,.T.);
#2002=ORIENTED_EDGE('',*,*,#3052,.T.);
#2003=ORIENTED_EDGE('',*,*,#2450,.F.);
#2004=ORIENTED_EDGE('',*,*,#3056,.F.);
#2005=ORIENTED_EDGE('',*,*,#3057,.T.);
#2006=ORIENTED_EDGE('',*,*,#3054,.T.);
#2007=ORIENTED_EDGE('',*,*,#2449,.F.);
#2008=ORIENTED_EDGE('',*,*,#3058,.F.);
#2009=ORIENTED_EDGE('',*,*,#3059,.T.);
#2010=ORIENTED_EDGE('',*,*,#3056,.T.);
#2011=ORIENTED_EDGE('',*,*,#2448,.F.);
#2012=ORIENTED_EDGE('',*,*,#3029,.F.);
#2013=ORIENTED_EDGE('',*,*,#3060,.T.);
#2014=ORIENTED_EDGE('',*,*,#3058,.T.);
#2015=ORIENTED_EDGE('',*,*,#2447,.F.);
#2016=ORIENTED_EDGE('',*,*,#3028,.F.);
#2017=ORIENTED_EDGE('',*,*,#3031,.F.);
#2018=ORIENTED_EDGE('',*,*,#3033,.F.);
#2019=ORIENTED_EDGE('',*,*,#3035,.F.);
#2020=ORIENTED_EDGE('',*,*,#3037,.F.);
#2021=ORIENTED_EDGE('',*,*,#3039,.F.);
#2022=ORIENTED_EDGE('',*,*,#3041,.F.);
#2023=ORIENTED_EDGE('',*,*,#3043,.F.);
#2024=ORIENTED_EDGE('',*,*,#3045,.F.);
#2025=ORIENTED_EDGE('',*,*,#3047,.F.);
#2026=ORIENTED_EDGE('',*,*,#3049,.F.);
#2027=ORIENTED_EDGE('',*,*,#3051,.F.);
#2028=ORIENTED_EDGE('',*,*,#3053,.F.);
#2029=ORIENTED_EDGE('',*,*,#3055,.F.);
#2030=ORIENTED_EDGE('',*,*,#3057,.F.);
#2031=ORIENTED_EDGE('',*,*,#3059,.F.);
#2032=ORIENTED_EDGE('',*,*,#3060,.F.);
#2033=ORIENTED_EDGE('',*,*,#3061,.F.);
#2034=ORIENTED_EDGE('',*,*,#3062,.T.);
#2035=ORIENTED_EDGE('',*,*,#3063,.T.);
#2036=ORIENTED_EDGE('',*,*,#2479,.F.);
#2037=ORIENTED_EDGE('',*,*,#3064,.F.);
#2038=ORIENTED_EDGE('',*,*,#3065,.T.);
#2039=ORIENTED_EDGE('',*,*,#3061,.T.);
#2040=ORIENTED_EDGE('',*,*,#2478,.F.);
#2041=ORIENTED_EDGE('',*,*,#3066,.F.);
#2042=ORIENTED_EDGE('',*,*,#3067,.T.);
#2043=ORIENTED_EDGE('',*,*,#3064,.T.);
#2044=ORIENTED_EDGE('',*,*,#2477,.F.);
#2045=ORIENTED_EDGE('',*,*,#3068,.F.);
#2046=ORIENTED_EDGE('',*,*,#3069,.T.);
#2047=ORIENTED_EDGE('',*,*,#3066,.T.);
#2048=ORIENTED_EDGE('',*,*,#2476,.F.);
#2049=ORIENTED_EDGE('',*,*,#3070,.F.);
#2050=ORIENTED_EDGE('',*,*,#3071,.T.);
#2051=ORIENTED_EDGE('',*,*,#3068,.T.);
#2052=ORIENTED_EDGE('',*,*,#2475,.F.);
#2053=ORIENTED_EDGE('',*,*,#3072,.F.);
#2054=ORIENTED_EDGE('',*,*,#3073,.T.);
#2055=ORIENTED_EDGE('',*,*,#3070,.T.);
#2056=ORIENTED_EDGE('',*,*,#2474,.F.);
#2057=ORIENTED_EDGE('',*,*,#3074,.F.);
#2058=ORIENTED_EDGE('',*,*,#3075,.T.);
#2059=ORIENTED_EDGE('',*,*,#3072,.T.);
#2060=ORIENTED_EDGE('',*,*,#2473,.F.);
#2061=ORIENTED_EDGE('',*,*,#3076,.F.);
#2062=ORIENTED_EDGE('',*,*,#3077,.T.);
#2063=ORIENTED_EDGE('',*,*,#3074,.T.);
#2064=ORIENTED_EDGE('',*,*,#2472,.F.);
#2065=ORIENTED_EDGE('',*,*,#3078,.F.);
#2066=ORIENTED_EDGE('',*,*,#3079,.T.);
#2067=ORIENTED_EDGE('',*,*,#3076,.T.);
#2068=ORIENTED_EDGE('',*,*,#2471,.F.);
#2069=ORIENTED_EDGE('',*,*,#3080,.F.);
#2070=ORIENTED_EDGE('',*,*,#3081,.T.);
#2071=ORIENTED_EDGE('',*,*,#3078,.T.);
#2072=ORIENTED_EDGE('',*,*,#2470,.F.);
#2073=ORIENTED_EDGE('',*,*,#3082,.F.);
#2074=ORIENTED_EDGE('',*,*,#3083,.T.);
#2075=ORIENTED_EDGE('',*,*,#3080,.T.);
#2076=ORIENTED_EDGE('',*,*,#2469,.F.);
#2077=ORIENTED_EDGE('',*,*,#3084,.F.);
#2078=ORIENTED_EDGE('',*,*,#3085,.T.);
#2079=ORIENTED_EDGE('',*,*,#3082,.T.);
#2080=ORIENTED_EDGE('',*,*,#2468,.F.);
#2081=ORIENTED_EDGE('',*,*,#3086,.F.);
#2082=ORIENTED_EDGE('',*,*,#3087,.T.);
#2083=ORIENTED_EDGE('',*,*,#3084,.T.);
#2084=ORIENTED_EDGE('',*,*,#2467,.F.);
#2085=ORIENTED_EDGE('',*,*,#3088,.F.);
#2086=ORIENTED_EDGE('',*,*,#3089,.T.);
#2087=ORIENTED_EDGE('',*,*,#3086,.T.);
#2088=ORIENTED_EDGE('',*,*,#2466,.F.);
#2089=ORIENTED_EDGE('',*,*,#3090,.F.);
#2090=ORIENTED_EDGE('',*,*,#3091,.T.);
#2091=ORIENTED_EDGE('',*,*,#3088,.T.);
#2092=ORIENTED_EDGE('',*,*,#2465,.F.);
#2093=ORIENTED_EDGE('',*,*,#2464,.F.);
#2094=ORIENTED_EDGE('',*,*,#3092,.T.);
#2095=ORIENTED_EDGE('',*,*,#3093,.F.);
#2096=ORIENTED_EDGE('',*,*,#3094,.T.);
#2097=ORIENTED_EDGE('',*,*,#3090,.T.);
#2098=ORIENTED_EDGE('',*,*,#3093,.T.);
#2099=ORIENTED_EDGE('',*,*,#3095,.T.);
#2100=ORIENTED_EDGE('',*,*,#3096,.F.);
#2101=ORIENTED_EDGE('',*,*,#3097,.T.);
#2102=ORIENTED_EDGE('',*,*,#3096,.T.);
#2103=ORIENTED_EDGE('',*,*,#3098,.T.);
#2104=ORIENTED_EDGE('',*,*,#3099,.F.);
#2105=ORIENTED_EDGE('',*,*,#3100,.T.);
#2106=ORIENTED_EDGE('',*,*,#3099,.T.);
#2107=ORIENTED_EDGE('',*,*,#3101,.T.);
#2108=ORIENTED_EDGE('',*,*,#3102,.F.);
#2109=ORIENTED_EDGE('',*,*,#3103,.T.);
#2110=ORIENTED_EDGE('',*,*,#3102,.T.);
#2111=ORIENTED_EDGE('',*,*,#3104,.T.);
#2112=ORIENTED_EDGE('',*,*,#3105,.F.);
#2113=ORIENTED_EDGE('',*,*,#3106,.T.);
#2114=ORIENTED_EDGE('',*,*,#3105,.T.);
#2115=ORIENTED_EDGE('',*,*,#3107,.T.);
#2116=ORIENTED_EDGE('',*,*,#3108,.F.);
#2117=ORIENTED_EDGE('',*,*,#3109,.T.);
#2118=ORIENTED_EDGE('',*,*,#3108,.T.);
#2119=ORIENTED_EDGE('',*,*,#3110,.T.);
#2120=ORIENTED_EDGE('',*,*,#3111,.F.);
#2121=ORIENTED_EDGE('',*,*,#3112,.T.);
#2122=ORIENTED_EDGE('',*,*,#3111,.T.);
#2123=ORIENTED_EDGE('',*,*,#3113,.T.);
#2124=ORIENTED_EDGE('',*,*,#3114,.F.);
#2125=ORIENTED_EDGE('',*,*,#3115,.T.);
#2126=ORIENTED_EDGE('',*,*,#3114,.T.);
#2127=ORIENTED_EDGE('',*,*,#3116,.T.);
#2128=ORIENTED_EDGE('',*,*,#3117,.F.);
#2129=ORIENTED_EDGE('',*,*,#3118,.T.);
#2130=ORIENTED_EDGE('',*,*,#3117,.T.);
#2131=ORIENTED_EDGE('',*,*,#3119,.T.);
#2132=ORIENTED_EDGE('',*,*,#2483,.F.);
#2133=ORIENTED_EDGE('',*,*,#3120,.F.);
#2134=ORIENTED_EDGE('',*,*,#3121,.T.);
#2135=ORIENTED_EDGE('',*,*,#3122,.F.);
#2136=ORIENTED_EDGE('',*,*,#3123,.T.);
#2137=ORIENTED_EDGE('',*,*,#3120,.T.);
#2138=ORIENTED_EDGE('',*,*,#2482,.F.);
#2139=ORIENTED_EDGE('',*,*,#3124,.F.);
#2140=ORIENTED_EDGE('',*,*,#3125,.T.);
#2141=ORIENTED_EDGE('',*,*,#3122,.T.);
#2142=ORIENTED_EDGE('',*,*,#2481,.F.);
#2143=ORIENTED_EDGE('',*,*,#3063,.F.);
#2144=ORIENTED_EDGE('',*,*,#3126,.T.);
#2145=ORIENTED_EDGE('',*,*,#3124,.T.);
#2146=ORIENTED_EDGE('',*,*,#2480,.F.);
#2147=ORIENTED_EDGE('',*,*,#3062,.F.);
#2148=ORIENTED_EDGE('',*,*,#3065,.F.);
#2149=ORIENTED_EDGE('',*,*,#3067,.F.);
#2150=ORIENTED_EDGE('',*,*,#3069,.F.);
#2151=ORIENTED_EDGE('',*,*,#3071,.F.);
#2152=ORIENTED_EDGE('',*,*,#3073,.F.);
#2153=ORIENTED_EDGE('',*,*,#3075,.F.);
#2154=ORIENTED_EDGE('',*,*,#3077,.F.);
#2155=ORIENTED_EDGE('',*,*,#3079,.F.);
#2156=ORIENTED_EDGE('',*,*,#3081,.F.);
#2157=ORIENTED_EDGE('',*,*,#3083,.F.);
#2158=ORIENTED_EDGE('',*,*,#3085,.F.);
#2159=ORIENTED_EDGE('',*,*,#3087,.F.);
#2160=ORIENTED_EDGE('',*,*,#3089,.F.);
#2161=ORIENTED_EDGE('',*,*,#3091,.F.);
#2162=ORIENTED_EDGE('',*,*,#3094,.F.);
#2163=ORIENTED_EDGE('',*,*,#3097,.F.);
#2164=ORIENTED_EDGE('',*,*,#3100,.F.);
#2165=ORIENTED_EDGE('',*,*,#3103,.F.);
#2166=ORIENTED_EDGE('',*,*,#3106,.F.);
#2167=ORIENTED_EDGE('',*,*,#3109,.F.);
#2168=ORIENTED_EDGE('',*,*,#3112,.F.);
#2169=ORIENTED_EDGE('',*,*,#3115,.F.);
#2170=ORIENTED_EDGE('',*,*,#3118,.F.);
#2171=ORIENTED_EDGE('',*,*,#3121,.F.);
#2172=ORIENTED_EDGE('',*,*,#3123,.F.);
#2173=ORIENTED_EDGE('',*,*,#3125,.F.);
#2174=ORIENTED_EDGE('',*,*,#3126,.F.);
#2175=ORIENTED_EDGE('',*,*,#2540,.T.);
#2176=ORIENTED_EDGE('',*,*,#2537,.T.);
#2177=ORIENTED_EDGE('',*,*,#2598,.T.);
#2178=ORIENTED_EDGE('',*,*,#2558,.T.);
#2179=ORIENTED_EDGE('',*,*,#2555,.T.);
#2180=ORIENTED_EDGE('',*,*,#2552,.T.);
#2181=ORIENTED_EDGE('',*,*,#2549,.T.);
#2182=ORIENTED_EDGE('',*,*,#2546,.T.);
#2183=ORIENTED_EDGE('',*,*,#2543,.T.);
#2184=ORIENTED_EDGE('',*,*,#2605,.T.);
#2185=ORIENTED_EDGE('',*,*,#2602,.T.);
#2186=ORIENTED_EDGE('',*,*,#2655,.T.);
#2187=ORIENTED_EDGE('',*,*,#2617,.T.);
#2188=ORIENTED_EDGE('',*,*,#2614,.T.);
#2189=ORIENTED_EDGE('',*,*,#2611,.T.);
#2190=ORIENTED_EDGE('',*,*,#2608,.T.);
#2191=ORIENTED_EDGE('',*,*,#2720,.T.);
#2192=ORIENTED_EDGE('',*,*,#2717,.T.);
#2193=ORIENTED_EDGE('',*,*,#2770,.T.);
#2194=ORIENTED_EDGE('',*,*,#2732,.T.);
#2195=ORIENTED_EDGE('',*,*,#2729,.T.);
#2196=ORIENTED_EDGE('',*,*,#2726,.T.);
#2197=ORIENTED_EDGE('',*,*,#2723,.T.);
#2198=ORIENTED_EDGE('',*,*,#2777,.T.);
#2199=ORIENTED_EDGE('',*,*,#2774,.T.);
#2200=ORIENTED_EDGE('',*,*,#2824,.T.);
#2201=ORIENTED_EDGE('',*,*,#2792,.T.);
#2202=ORIENTED_EDGE('',*,*,#2789,.T.);
#2203=ORIENTED_EDGE('',*,*,#2786,.T.);
#2204=ORIENTED_EDGE('',*,*,#2783,.T.);
#2205=ORIENTED_EDGE('',*,*,#2780,.T.);
#2206=ORIENTED_EDGE('',*,*,#2527,.F.);
#2207=ORIENTED_EDGE('',*,*,#2261,.F.);
#2208=ORIENTED_EDGE('',*,*,#2510,.F.);
#2209=ORIENTED_EDGE('',*,*,#2495,.F.);
#2210=ORIENTED_EDGE('',*,*,#2528,.F.);
#2211=ORIENTED_EDGE('',*,*,#2497,.F.);
#2212=ORIENTED_EDGE('',*,*,#2513,.F.);
#2213=ORIENTED_EDGE('',*,*,#2499,.F.);
#2214=ORIENTED_EDGE('',*,*,#2529,.F.);
#2215=ORIENTED_EDGE('',*,*,#2501,.F.);
#2216=ORIENTED_EDGE('',*,*,#2512,.F.);
#2217=ORIENTED_EDGE('',*,*,#2484,.F.);
#2218=ORIENTED_EDGE('',*,*,#3119,.F.);
#2219=ORIENTED_EDGE('',*,*,#3116,.F.);
#2220=ORIENTED_EDGE('',*,*,#3113,.F.);
#2221=ORIENTED_EDGE('',*,*,#3110,.F.);
#2222=ORIENTED_EDGE('',*,*,#3107,.F.);
#2223=ORIENTED_EDGE('',*,*,#3104,.F.);
#2224=ORIENTED_EDGE('',*,*,#3101,.F.);
#2225=ORIENTED_EDGE('',*,*,#3098,.F.);
#2226=ORIENTED_EDGE('',*,*,#3095,.F.);
#2227=ORIENTED_EDGE('',*,*,#3092,.F.);
#2228=ORIENTED_EDGE('',*,*,#2463,.F.);
#2229=ORIENTED_EDGE('',*,*,#2562,.F.);
#2230=ORIENTED_EDGE('',*,*,#2486,.F.);
#2231=ORIENTED_EDGE('',*,*,#2511,.F.);
#2232=ORIENTED_EDGE('',*,*,#2259,.F.);
#2233=ORIENTED_EDGE('',*,*,#2530,.F.);
#2234=ORIENTED_EDGE('',*,*,#2493,.F.);
#2235=ORIENTED_EDGE('',*,*,#2589,.F.);
#2236=ORIENTED_EDGE('',*,*,#2586,.F.);
#2237=ORIENTED_EDGE('',*,*,#2583,.F.);
#2238=ORIENTED_EDGE('',*,*,#2580,.F.);
#2239=ORIENTED_EDGE('',*,*,#2577,.F.);
#2240=ORIENTED_EDGE('',*,*,#2574,.F.);
#2241=ORIENTED_EDGE('',*,*,#2571,.F.);
#2242=ORIENTED_EDGE('',*,*,#2568,.F.);
#2243=ORIENTED_EDGE('',*,*,#2565,.F.);
#2244=ORIENTED_EDGE('',*,*,#2526,.T.);
#2245=ORIENTED_EDGE('',*,*,#2522,.F.);
#2246=ORIENTED_EDGE('',*,*,#2533,.F.);
#2247=ORIENTED_EDGE('',*,*,#2263,.T.);
#2248=ORIENTED_EDGE('',*,*,#2531,.F.);
#2249=ORIENTED_EDGE('',*,*,#2257,.F.);
#2250=ORIENTED_EDGE('',*,*,#2532,.T.);
#2251=ORIENTED_EDGE('',*,*,#2252,.T.);
#2252=EDGE_CURVE('',#3127,#3128,#3713,.T.);
#2253=EDGE_CURVE('',#3129,#3127,#3714,.T.);
#2254=EDGE_CURVE('',#3130,#3129,#3715,.T.);
#2255=EDGE_CURVE('',#3128,#3130,#3716,.T.);
#2256=EDGE_CURVE('',#3131,#3132,#3717,.T.);
#2257=EDGE_CURVE('',#3132,#3133,#3718,.T.);
#2258=EDGE_CURVE('',#3133,#3134,#3719,.T.);
#2259=EDGE_CURVE('',#3134,#3135,#3720,.T.);
#2260=EDGE_CURVE('',#3136,#3135,#3721,.T.);
#2261=EDGE_CURVE('',#3136,#3137,#3722,.F.);
#2262=EDGE_CURVE('',#3137,#3138,#3723,.T.);
#2263=EDGE_CURVE('',#3131,#3138,#3724,.T.);
#2264=EDGE_CURVE('',#3139,#3140,#3725,.T.);
#2265=EDGE_CURVE('',#3140,#3141,#3726,.T.);
#2266=EDGE_CURVE('',#3141,#3142,#3727,.T.);
#2267=EDGE_CURVE('',#3142,#3143,#250,.T.);
#2268=EDGE_CURVE('',#3143,#3144,#251,.T.);
#2269=EDGE_CURVE('',#3144,#3145,#252,.T.);
#2270=EDGE_CURVE('',#3145,#3146,#253,.T.);
#2271=EDGE_CURVE('',#3146,#3147,#254,.T.);
#2272=EDGE_CURVE('',#3147,#3148,#255,.T.);
#2273=EDGE_CURVE('',#3148,#3149,#3728,.T.);
#2274=EDGE_CURVE('',#3149,#3150,#3729,.T.);
#2275=EDGE_CURVE('',#3150,#3151,#256,.T.);
#2276=EDGE_CURVE('',#3151,#3152,#257,.T.);
#2277=EDGE_CURVE('',#3152,#3153,#3730,.T.);
#2278=EDGE_CURVE('',#3153,#3154,#258,.T.);
#2279=EDGE_CURVE('',#3154,#3155,#259,.T.);
#2280=EDGE_CURVE('',#3155,#3156,#260,.T.);
#2281=EDGE_CURVE('',#3156,#3139,#3731,.T.);
#2282=EDGE_CURVE('',#3157,#3158,#3732,.T.);
#2283=EDGE_CURVE('',#3158,#3159,#3733,.T.);
#2284=EDGE_CURVE('',#3159,#3160,#3734,.T.);
#2285=EDGE_CURVE('',#3160,#3161,#261,.T.);
#2286=EDGE_CURVE('',#3161,#3162,#262,.T.);
#2287=EDGE_CURVE('',#3162,#3163,#263,.T.);
#2288=EDGE_CURVE('',#3163,#3164,#264,.T.);
#2289=EDGE_CURVE('',#3164,#3165,#265,.T.);
#2290=EDGE_CURVE('',#3165,#3166,#266,.T.);
#2291=EDGE_CURVE('',#3166,#3167,#3735,.T.);
#2292=EDGE_CURVE('',#3167,#3168,#3736,.T.);
#2293=EDGE_CURVE('',#3168,#3169,#267,.T.);
#2294=EDGE_CURVE('',#3169,#3170,#268,.T.);
#2295=EDGE_CURVE('',#3170,#3171,#3737,.T.);
#2296=EDGE_CURVE('',#3171,#3172,#269,.T.);
#2297=EDGE_CURVE('',#3172,#3173,#270,.T.);
#2298=EDGE_CURVE('',#3173,#3174,#271,.T.);
#2299=EDGE_CURVE('',#3174,#3157,#3738,.T.);
#2300=EDGE_CURVE('',#3175,#3176,#272,.T.);
#2301=EDGE_CURVE('',#3176,#3177,#273,.T.);
#2302=EDGE_CURVE('',#3177,#3178,#274,.T.);
#2303=EDGE_CURVE('',#3178,#3179,#275,.T.);
#2304=EDGE_CURVE('',#3179,#3180,#276,.T.);
#2305=EDGE_CURVE('',#3180,#3181,#3739,.T.);
#2306=EDGE_CURVE('',#3181,#3182,#173,.T.);
#2307=EDGE_CURVE('',#3182,#3183,#174,.T.);
#2308=EDGE_CURVE('',#3183,#3184,#277,.T.);
#2309=EDGE_CURVE('',#3184,#3185,#278,.T.);
#2310=EDGE_CURVE('',#3185,#3186,#175,.T.);
#2311=EDGE_CURVE('',#3186,#3187,#176,.T.);
#2312=EDGE_CURVE('',#3187,#3188,#3740,.T.);
#2313=EDGE_CURVE('',#3188,#3175,#177,.F.);
#2314=EDGE_CURVE('',#3189,#3190,#3741,.T.);
#2315=EDGE_CURVE('',#3190,#3191,#3742,.T.);
#2316=EDGE_CURVE('',#3191,#3192,#3743,.T.);
#2317=EDGE_CURVE('',#3192,#3193,#3744,.T.);
#2318=EDGE_CURVE('',#3193,#3194,#3745,.T.);
#2319=EDGE_CURVE('',#3194,#3195,#3746,.T.);
#2320=EDGE_CURVE('',#3195,#3196,#3747,.T.);
#2321=EDGE_CURVE('',#3196,#3197,#3748,.T.);
#2322=EDGE_CURVE('',#3197,#3198,#3749,.T.);
#2323=EDGE_CURVE('',#3198,#3199,#3750,.T.);
#2324=EDGE_CURVE('',#3199,#3200,#3751,.T.);
#2325=EDGE_CURVE('',#3200,#3201,#3752,.T.);
#2326=EDGE_CURVE('',#3201,#3202,#3753,.T.);
#2327=EDGE_CURVE('',#3202,#3203,#3754,.T.);
#2328=EDGE_CURVE('',#3203,#3189,#3755,.T.);
#2329=EDGE_CURVE('',#3204,#3205,#279,.T.);
#2330=EDGE_CURVE('',#3205,#3206,#280,.T.);
#2331=EDGE_CURVE('',#3206,#3207,#3756,.T.);
#2332=EDGE_CURVE('',#3207,#3208,#281,.T.);
#2333=EDGE_CURVE('',#3208,#3209,#3757,.T.);
#2334=EDGE_CURVE('',#3209,#3210,#3758,.T.);
#2335=EDGE_CURVE('',#3210,#3211,#3759,.T.);
#2336=EDGE_CURVE('',#3211,#3212,#3760,.T.);
#2337=EDGE_CURVE('',#3212,#3213,#3761,.T.);
#2338=EDGE_CURVE('',#3213,#3214,#3762,.T.);
#2339=EDGE_CURVE('',#3214,#3215,#282,.T.);
#2340=EDGE_CURVE('',#3215,#3216,#283,.T.);
#2341=EDGE_CURVE('',#3216,#3217,#284,.T.);
#2342=EDGE_CURVE('',#3217,#3218,#285,.T.);
#2343=EDGE_CURVE('',#3218,#3204,#286,.T.);
#2344=EDGE_CURVE('',#3219,#3220,#3763,.T.);
#2345=EDGE_CURVE('',#3220,#3221,#3764,.T.);
#2346=EDGE_CURVE('',#3221,#3222,#3765,.T.);
#2347=EDGE_CURVE('',#3222,#3223,#287,.T.);
#2348=EDGE_CURVE('',#3223,#3224,#288,.T.);
#2349=EDGE_CURVE('',#3224,#3225,#289,.T.);
#2350=EDGE_CURVE('',#3225,#3226,#3766,.T.);
#2351=EDGE_CURVE('',#3226,#3227,#3767,.T.);
#2352=EDGE_CURVE('',#3227,#3228,#3768,.T.);
#2353=EDGE_CURVE('',#3228,#3229,#3769,.T.);
#2354=EDGE_CURVE('',#3229,#3230,#3770,.T.);
#2355=EDGE_CURVE('',#3230,#3231,#178,.F.);
#2356=EDGE_CURVE('',#3231,#3232,#3771,.T.);
#2357=EDGE_CURVE('',#3232,#3233,#3772,.T.);
#2358=EDGE_CURVE('',#3233,#3234,#290,.T.);
#2359=EDGE_CURVE('',#3234,#3235,#291,.T.);
#2360=EDGE_CURVE('',#3235,#3219,#292,.T.);
#2361=EDGE_CURVE('',#3236,#3237,#293,.T.);
#2362=EDGE_CURVE('',#3237,#3238,#294,.T.);
#2363=EDGE_CURVE('',#3238,#3239,#3773,.T.);
#2364=EDGE_CURVE('',#3239,#3240,#295,.T.);
#2365=EDGE_CURVE('',#3240,#3241,#296,.T.);
#2366=EDGE_CURVE('',#3241,#3242,#297,.T.);
#2367=EDGE_CURVE('',#3242,#3243,#3774,.T.);
#2368=EDGE_CURVE('',#3243,#3244,#3775,.T.);
#2369=EDGE_CURVE('',#3244,#3245,#3776,.T.);
#2370=EDGE_CURVE('',#3245,#3246,#3777,.T.);
#2371=EDGE_CURVE('',#3246,#3247,#3778,.T.);
#2372=EDGE_CURVE('',#3247,#3248,#3779,.T.);
#2373=EDGE_CURVE('',#3248,#3249,#3780,.T.);
#2374=EDGE_CURVE('',#3249,#3250,#3781,.T.);
#2375=EDGE_CURVE('',#3250,#3251,#3782,.T.);
#2376=EDGE_CURVE('',#3251,#3252,#3783,.T.);
#2377=EDGE_CURVE('',#3252,#3253,#3784,.T.);
#2378=EDGE_CURVE('',#3253,#3236,#298,.T.);
#2379=EDGE_CURVE('',#3254,#3255,#299,.T.);
#2380=EDGE_CURVE('',#3255,#3256,#300,.T.);
#2381=EDGE_CURVE('',#3256,#3257,#301,.T.);
#2382=EDGE_CURVE('',#3257,#3258,#302,.T.);
#2383=EDGE_CURVE('',#3258,#3259,#179,.F.);
#2384=EDGE_CURVE('',#3259,#3260,#3785,.T.);
#2385=EDGE_CURVE('',#3260,#3261,#180,.T.);
#2386=EDGE_CURVE('',#3261,#3262,#303,.T.);
#2387=EDGE_CURVE('',#3262,#3263,#304,.T.);
#2388=EDGE_CURVE('',#3263,#3264,#181,.T.);
#2389=EDGE_CURVE('',#3264,#3265,#305,.T.);
#2390=EDGE_CURVE('',#3265,#3266,#182,.T.);
#2391=EDGE_CURVE('',#3266,#3267,#306,.T.);
#2392=EDGE_CURVE('',#3267,#3268,#183,.F.);
#2393=EDGE_CURVE('',#3268,#3269,#307,.T.);
#2394=EDGE_CURVE('',#3269,#3270,#308,.T.);
#2395=EDGE_CURVE('',#3270,#3271,#309,.T.);
#2396=EDGE_CURVE('',#3271,#3272,#184,.F.);
#2397=EDGE_CURVE('',#3272,#3273,#3786,.T.);
#2398=EDGE_CURVE('',#3273,#3274,#185,.T.);
#2399=EDGE_CURVE('',#3274,#3275,#186,.T.);
#2400=EDGE_CURVE('',#3275,#3276,#310,.T.);
#2401=EDGE_CURVE('',#3276,#3277,#311,.T.);
#2402=EDGE_CURVE('',#3277,#3278,#312,.T.);
#2403=EDGE_CURVE('',#3278,#3279,#313,.T.);
#2404=EDGE_CURVE('',#3279,#3254,#187,.F.);
#2405=EDGE_CURVE('',#3280,#3281,#188,.F.);
#2406=EDGE_CURVE('',#3281,#3282,#189,.F.);
#2407=EDGE_CURVE('',#3282,#3283,#3787,.T.);
#2408=EDGE_CURVE('',#3283,#3284,#190,.T.);
#2409=EDGE_CURVE('',#3284,#3285,#314,.T.);
#2410=EDGE_CURVE('',#3285,#3286,#315,.T.);
#2411=EDGE_CURVE('',#3286,#3287,#3788,.T.);
#2412=EDGE_CURVE('',#3287,#3288,#3789,.T.);
#2413=EDGE_CURVE('',#3288,#3289,#3790,.T.);
#2414=EDGE_CURVE('',#3289,#3290,#3791,.T.);
#2415=EDGE_CURVE('',#3290,#3291,#3792,.T.);
#2416=EDGE_CURVE('',#3291,#3292,#3793,.T.);
#2417=EDGE_CURVE('',#3292,#3280,#191,.F.);
#2418=EDGE_CURVE('',#3293,#3294,#3794,.T.);
#2419=EDGE_CURVE('',#3294,#3295,#3795,.T.);
#2420=EDGE_CURVE('',#3295,#3296,#3796,.T.);
#2421=EDGE_CURVE('',#3296,#3293,#3797,.T.);
#2422=EDGE_CURVE('',#3297,#3298,#316,.T.);
#2423=EDGE_CURVE('',#3298,#3299,#317,.T.);
#2424=EDGE_CURVE('',#3299,#3300,#318,.T.);
#2425=EDGE_CURVE('',#3300,#3301,#319,.T.);
#2426=EDGE_CURVE('',#3301,#3297,#320,.T.);
#2427=EDGE_CURVE('',#3302,#3303,#3798,.T.);
#2428=EDGE_CURVE('',#3303,#3304,#3799,.T.);
#2429=EDGE_CURVE('',#3304,#3305,#3800,.T.);
#2430=EDGE_CURVE('',#3305,#3306,#3801,.T.);
#2431=EDGE_CURVE('',#3306,#3307,#3802,.T.);
#2432=EDGE_CURVE('',#3307,#3308,#3803,.T.);
#2433=EDGE_CURVE('',#3308,#3309,#3804,.T.);
#2434=EDGE_CURVE('',#3309,#3310,#3805,.T.);
#2435=EDGE_CURVE('',#3310,#3311,#3806,.T.);
#2436=EDGE_CURVE('',#3311,#3312,#321,.T.);
#2437=EDGE_CURVE('',#3312,#3313,#322,.T.);
#2438=EDGE_CURVE('',#3313,#3314,#323,.T.);
#2439=EDGE_CURVE('',#3314,#3315,#3807,.T.);
#2440=EDGE_CURVE('',#3315,#3316,#192,.T.);
#2441=EDGE_CURVE('',#3316,#3317,#324,.T.);
#2442=EDGE_CURVE('',#3317,#3318,#325,.T.);
#2443=EDGE_CURVE('',#3318,#3319,#3808,.T.);
#2444=EDGE_CURVE('',#3319,#3302,#3809,.T.);
#2445=EDGE_CURVE('',#3320,#3321,#3810,.T.);
#2446=EDGE_CURVE('',#3321,#3322,#3811,.T.);
#2447=EDGE_CURVE('',#3322,#3323,#3812,.T.);
#2448=EDGE_CURVE('',#3323,#3324,#193,.F.);
#2449=EDGE_CURVE('',#3324,#3325,#3813,.T.);
#2450=EDGE_CURVE('',#3325,#3326,#194,.F.);
#2451=EDGE_CURVE('',#3326,#3327,#3814,.T.);
#2452=EDGE_CURVE('',#3327,#3328,#3815,.T.);
#2453=EDGE_CURVE('',#3328,#3329,#3816,.T.);
#2454=EDGE_CURVE('',#3329,#3330,#326,.T.);
#2455=EDGE_CURVE('',#3330,#3331,#327,.T.);
#2456=EDGE_CURVE('',#3331,#3332,#195,.F.);
#2457=EDGE_CURVE('',#3332,#3333,#3817,.T.);
#2458=EDGE_CURVE('',#3333,#3334,#196,.T.);
#2459=EDGE_CURVE('',#3334,#3335,#197,.T.);
#2460=EDGE_CURVE('',#3335,#3336,#328,.T.);
#2461=EDGE_CURVE('',#3336,#3320,#3818,.T.);
#2462=EDGE_CURVE('',#3337,#3338,#3819,.T.);
#2463=EDGE_CURVE('',#3338,#3339,#3820,.T.);
#2464=EDGE_CURVE('',#3339,#3340,#329,.T.);
#2465=EDGE_CURVE('',#3340,#3341,#330,.T.);
#2466=EDGE_CURVE('',#3341,#3342,#3821,.T.);
#2467=EDGE_CURVE('',#3342,#3343,#198,.F.);
#2468=EDGE_CURVE('',#3343,#3344,#331,.T.);
#2469=EDGE_CURVE('',#3344,#3345,#332,.T.);
#2470=EDGE_CURVE('',#3345,#3346,#333,.T.);
#2471=EDGE_CURVE('',#3346,#3347,#3822,.T.);
#2472=EDGE_CURVE('',#3347,#3348,#3823,.T.);
#2473=EDGE_CURVE('',#3348,#3349,#3824,.T.);
#2474=EDGE_CURVE('',#3349,#3350,#334,.T.);
#2475=EDGE_CURVE('',#3350,#3351,#335,.T.);
#2476=EDGE_CURVE('',#3351,#3352,#336,.T.);
#2477=EDGE_CURVE('',#3352,#3353,#337,.T.);
#2478=EDGE_CURVE('',#3353,#3354,#3825,.T.);
#2479=EDGE_CURVE('',#3354,#3355,#3826,.T.);
#2480=EDGE_CURVE('',#3355,#3356,#3827,.T.);
#2481=EDGE_CURVE('',#3356,#3357,#338,.T.);
#2482=EDGE_CURVE('',#3357,#3358,#339,.T.);
#2483=EDGE_CURVE('',#3358,#3359,#340,.T.);
#2484=EDGE_CURVE('',#3359,#3360,#3828,.T.);
#2485=EDGE_CURVE('',#3361,#3360,#3829,.T.);
#2486=EDGE_CURVE('',#3361,#3362,#3830,.F.);
#2487=EDGE_CURVE('',#3362,#3363,#341,.T.);
#2488=EDGE_CURVE('',#3363,#3364,#342,.T.);
#2489=EDGE_CURVE('',#3364,#3365,#343,.T.);
#2490=EDGE_CURVE('',#3365,#3366,#344,.T.);
#2491=EDGE_CURVE('',#3366,#3367,#345,.T.);
#2492=EDGE_CURVE('',#3367,#3368,#346,.T.);
#2493=EDGE_CURVE('',#3368,#3337,#3831,.F.);
#2494=EDGE_CURVE('',#3369,#3370,#3832,.T.);
#2495=EDGE_CURVE('',#3369,#3371,#3833,.T.);
#2496=EDGE_CURVE('',#3371,#3372,#3834,.T.);
#2497=EDGE_CURVE('',#3372,#3370,#3835,.F.);
#2498=EDGE_CURVE('',#3373,#3374,#3836,.T.);
#2499=EDGE_CURVE('',#3373,#3375,#3837,.T.);
#2500=EDGE_CURVE('',#3375,#3376,#3838,.T.);
#2501=EDGE_CURVE('',#3376,#3374,#3839,.F.);
#2502=EDGE_CURVE('',#3377,#3377,#199,.T.);
#2503=EDGE_CURVE('',#3378,#3378,#200,.T.);
#2504=EDGE_CURVE('',#3379,#3379,#201,.T.);
#2505=EDGE_CURVE('',#3380,#3380,#202,.T.);
#2506=EDGE_CURVE('',#3381,#3381,#203,.T.);
#2507=EDGE_CURVE('',#3382,#3382,#204,.T.);
#2508=EDGE_CURVE('',#3383,#3383,#205,.T.);
#2509=EDGE_CURVE('',#3384,#3384,#206,.T.);
#2510=EDGE_CURVE('',#3371,#3136,#207,.F.);
#2511=EDGE_CURVE('',#3135,#3361,#208,.F.);
#2512=EDGE_CURVE('',#3360,#3376,#209,.F.);
#2513=EDGE_CURVE('',#3375,#3372,#210,.F.);
#2514=EDGE_CURVE('',#3385,#3386,#3840,.T.);
#2515=EDGE_CURVE('',#3386,#3387,#3841,.T.);
#2516=EDGE_CURVE('',#3388,#3387,#3842,.T.);
#2517=EDGE_CURVE('',#3388,#3385,#3843,.T.);
#2518=EDGE_CURVE('',#3389,#3387,#3844,.T.);
#2519=EDGE_CURVE('',#3390,#3389,#3845,.T.);
#2520=EDGE_CURVE('',#3388,#3390,#3846,.T.);
#2521=EDGE_CURVE('',#3391,#3389,#3847,.T.);
#2522=EDGE_CURVE('',#3391,#3392,#3848,.T.);
#2523=EDGE_CURVE('',#3390,#3392,#3849,.T.);
#2524=EDGE_CURVE('',#3129,#3386,#3850,.T.);
#2525=EDGE_CURVE('',#3385,#3130,#3851,.T.);
#2526=EDGE_CURVE('',#3138,#3392,#3852,.T.);
#2527=EDGE_CURVE('',#3137,#3369,#211,.T.);
#2528=EDGE_CURVE('',#3370,#3373,#212,.T.);
#2529=EDGE_CURVE('',#3374,#3338,#213,.T.);
#2530=EDGE_CURVE('',#3337,#3134,#214,.T.);
#2531=EDGE_CURVE('',#3133,#3128,#3853,.T.);
#2532=EDGE_CURVE('',#3132,#3127,#3854,.T.);
#2533=EDGE_CURVE('',#3131,#3391,#3855,.T.);
#2534=EDGE_CURVE('',#3393,#3394,#3856,.T.);
#2535=EDGE_CURVE('',#3393,#3395,#347,.T.);
#2536=EDGE_CURVE('',#3395,#3396,#3857,.T.);
#2537=EDGE_CURVE('',#3394,#3396,#348,.T.);
#2538=EDGE_CURVE('',#3397,#3398,#3858,.T.);
#2539=EDGE_CURVE('',#3397,#3393,#349,.T.);
#2540=EDGE_CURVE('',#3398,#3394,#350,.T.);
#2541=EDGE_CURVE('',#3399,#3400,#3859,.T.);
#2542=EDGE_CURVE('',#3399,#3397,#351,.T.);
#2543=EDGE_CURVE('',#3400,#3398,#352,.T.);
#2544=EDGE_CURVE('',#3401,#3402,#3860,.T.);
#2545=EDGE_CURVE('',#3401,#3399,#353,.T.);
#2546=EDGE_CURVE('',#3402,#3400,#354,.T.);
#2547=EDGE_CURVE('',#3403,#3404,#3861,.T.);
#2548=EDGE_CURVE('',#3403,#3401,#355,.T.);
#2549=EDGE_CURVE('',#3404,#3402,#356,.T.);
#2550=EDGE_CURVE('',#3405,#3406,#3862,.T.);
#2551=EDGE_CURVE('',#3405,#3403,#357,.T.);
#2552=EDGE_CURVE('',#3406,#3404,#358,.T.);
#2553=EDGE_CURVE('',#3407,#3408,#3863,.T.);
#2554=EDGE_CURVE('',#3407,#3405,#359,.T.);
#2555=EDGE_CURVE('',#3408,#3406,#360,.T.);
#2556=EDGE_CURVE('',#3409,#3410,#3864,.T.);
#2557=EDGE_CURVE('',#3409,#3407,#3865,.T.);
#2558=EDGE_CURVE('',#3410,#3408,#3866,.T.);
#2559=EDGE_CURVE('',#3411,#3363,#3867,.T.);
#2560=EDGE_CURVE('',#3411,#3412,#361,.T.);
#2561=EDGE_CURVE('',#3412,#3364,#3868,.T.);
#2562=EDGE_CURVE('',#3362,#3413,#362,.T.);
#2563=EDGE_CURVE('',#3414,#3413,#3869,.T.);
#2564=EDGE_CURVE('',#3414,#3411,#363,.T.);
#2565=EDGE_CURVE('',#3413,#3415,#215,.T.);
#2566=EDGE_CURVE('',#3416,#3415,#3870,.T.);
#2567=EDGE_CURVE('',#3416,#3414,#3871,.T.);
#2568=EDGE_CURVE('',#3415,#3417,#12,.T.);
#2569=EDGE_CURVE('',#3418,#3417,#3872,.T.);
#2570=EDGE_CURVE('',#3418,#3416,#3873,.T.);
#2571=EDGE_CURVE('',#3417,#3419,#216,.T.);
#2572=EDGE_CURVE('',#3420,#3419,#3874,.T.);
#2573=EDGE_CURVE('',#3420,#3418,#3875,.T.);
#2574=EDGE_CURVE('',#3419,#3421,#3876,.F.);
#2575=EDGE_CURVE('',#3422,#3421,#3877,.T.);
#2576=EDGE_CURVE('',#3422,#3420,#3878,.T.);
#2577=EDGE_CURVE('',#3421,#3423,#217,.T.);
#2578=EDGE_CURVE('',#3424,#3423,#3879,.T.);
#2579=EDGE_CURVE('',#3424,#3422,#3880,.T.);
#2580=EDGE_CURVE('',#3423,#3425,#3881,.T.);
#2581=EDGE_CURVE('',#3426,#3425,#3882,.T.);
#2582=EDGE_CURVE('',#3426,#3424,#3883,.T.);
#2583=EDGE_CURVE('',#3425,#3427,#364,.T.);
#2584=EDGE_CURVE('',#3428,#3427,#3884,.T.);
#2585=EDGE_CURVE('',#3428,#3426,#218,.F.);
#2586=EDGE_CURVE('',#3427,#3429,#219,.T.);
#2587=EDGE_CURVE('',#3430,#3429,#3885,.T.);
#2588=EDGE_CURVE('',#3430,#3428,#3886,.T.);
#2589=EDGE_CURVE('',#3429,#3368,#365,.T.);
#2590=EDGE_CURVE('',#3431,#3367,#3887,.T.);
#2591=EDGE_CURVE('',#3431,#3430,#366,.T.);
#2592=EDGE_CURVE('',#3432,#3366,#3888,.T.);
#2593=EDGE_CURVE('',#3432,#3431,#367,.T.);
#2594=EDGE_CURVE('',#3433,#3365,#3889,.T.);
#2595=EDGE_CURVE('',#3433,#3432,#368,.T.);
#2596=EDGE_CURVE('',#3412,#3433,#369,.T.);
#2597=EDGE_CURVE('',#3395,#3409,#370,.T.);
#2598=EDGE_CURVE('',#3396,#3410,#371,.T.);
#2599=EDGE_CURVE('',#3434,#3435,#3890,.T.);
#2600=EDGE_CURVE('',#3434,#3436,#3891,.T.);
#2601=EDGE_CURVE('',#3436,#3437,#3892,.T.);
#2602=EDGE_CURVE('',#3435,#3437,#3893,.T.);
#2603=EDGE_CURVE('',#3438,#3439,#3894,.T.);
#2604=EDGE_CURVE('',#3438,#3434,#3895,.T.);
#2605=EDGE_CURVE('',#3439,#3435,#3896,.T.);
#2606=EDGE_CURVE('',#3440,#3441,#3897,.T.);
#2607=EDGE_CURVE('',#3440,#3438,#372,.T.);
#2608=EDGE_CURVE('',#3441,#3439,#373,.T.);
#2609=EDGE_CURVE('',#3442,#3443,#3898,.T.);
#2610=EDGE_CURVE('',#3442,#3440,#374,.T.);
#2611=EDGE_CURVE('',#3443,#3441,#375,.T.);
#2612=EDGE_CURVE('',#3444,#3445,#3899,.T.);
#2613=EDGE_CURVE('',#3444,#3442,#376,.T.);
#2614=EDGE_CURVE('',#3445,#3443,#377,.T.);
#2615=EDGE_CURVE('',#3446,#3447,#3900,.T.);
#2616=EDGE_CURVE('',#3446,#3444,#378,.T.);
#2617=EDGE_CURVE('',#3447,#3445,#379,.T.);
#2618=EDGE_CURVE('',#3448,#3158,#3901,.T.);
#2619=EDGE_CURVE('',#3448,#3449,#3902,.T.);
#2620=EDGE_CURVE('',#3449,#3159,#3903,.T.);
#2621=EDGE_CURVE('',#3450,#3157,#3904,.T.);
#2622=EDGE_CURVE('',#3450,#3448,#3905,.T.);
#2623=EDGE_CURVE('',#3451,#3174,#3906,.T.);
#2624=EDGE_CURVE('',#3451,#3450,#3907,.T.);
#2625=EDGE_CURVE('',#3452,#3173,#3908,.T.);
#2626=EDGE_CURVE('',#3452,#3451,#380,.T.);
#2627=EDGE_CURVE('',#3453,#3172,#3909,.T.);
#2628=EDGE_CURVE('',#3453,#3452,#381,.T.);
#2629=EDGE_CURVE('',#3454,#3171,#3910,.T.);
#2630=EDGE_CURVE('',#3454,#3453,#382,.T.);
#2631=EDGE_CURVE('',#3455,#3170,#3911,.T.);
#2632=EDGE_CURVE('',#3455,#3454,#3912,.T.);
#2633=EDGE_CURVE('',#3456,#3169,#3913,.T.);
#2634=EDGE_CURVE('',#3456,#3455,#383,.T.);
#2635=EDGE_CURVE('',#3457,#3168,#3914,.T.);
#2636=EDGE_CURVE('',#3457,#3456,#384,.T.);
#2637=EDGE_CURVE('',#3458,#3167,#3915,.T.);
#2638=EDGE_CURVE('',#3458,#3457,#3916,.T.);
#2639=EDGE_CURVE('',#3459,#3166,#3917,.T.);
#2640=EDGE_CURVE('',#3459,#3458,#3918,.T.);
#2641=EDGE_CURVE('',#3460,#3165,#3919,.T.);
#2642=EDGE_CURVE('',#3460,#3459,#385,.T.);
#2643=EDGE_CURVE('',#3461,#3164,#3920,.T.);
#2644=EDGE_CURVE('',#3461,#3460,#386,.T.);
#2645=EDGE_CURVE('',#3462,#3163,#3921,.T.);
#2646=EDGE_CURVE('',#3462,#3461,#387,.T.);
#2647=EDGE_CURVE('',#3463,#3162,#3922,.T.);
#2648=EDGE_CURVE('',#3463,#3462,#388,.T.);
#2649=EDGE_CURVE('',#3464,#3161,#3923,.T.);
#2650=EDGE_CURVE('',#3464,#3463,#389,.T.);
#2651=EDGE_CURVE('',#3465,#3160,#3924,.T.);
#2652=EDGE_CURVE('',#3465,#3464,#390,.T.);
#2653=EDGE_CURVE('',#3449,#3465,#3925,.T.);
#2654=EDGE_CURVE('',#3436,#3446,#391,.T.);
#2655=EDGE_CURVE('',#3437,#3447,#392,.T.);
#2656=EDGE_CURVE('',#3466,#3176,#3926,.T.);
#2657=EDGE_CURVE('',#3466,#3467,#393,.T.);
#2658=EDGE_CURVE('',#3467,#3177,#3927,.T.);
#2659=EDGE_CURVE('',#3468,#3175,#3928,.T.);
#2660=EDGE_CURVE('',#3468,#3466,#394,.T.);
#2661=EDGE_CURVE('',#3469,#3188,#3929,.T.);
#2662=EDGE_CURVE('',#3469,#3468,#220,.F.);
#2663=EDGE_CURVE('',#3470,#3187,#3930,.T.);
#2664=EDGE_CURVE('',#3470,#3469,#3931,.T.);
#2665=EDGE_CURVE('',#3471,#3186,#3932,.T.);
#2666=EDGE_CURVE('',#3471,#3470,#221,.T.);
#2667=EDGE_CURVE('',#3472,#3185,#3933,.T.);
#2668=EDGE_CURVE('',#3472,#3471,#222,.T.);
#2669=EDGE_CURVE('',#3473,#3184,#3934,.T.);
#2670=EDGE_CURVE('',#3473,#3472,#395,.T.);
#2671=EDGE_CURVE('',#3474,#3183,#3935,.T.);
#2672=EDGE_CURVE('',#3474,#3473,#396,.T.);
#2673=EDGE_CURVE('',#3475,#3182,#3936,.T.);
#2674=EDGE_CURVE('',#3475,#3474,#223,.T.);
#2675=EDGE_CURVE('',#3476,#3181,#3937,.T.);
#2676=EDGE_CURVE('',#3476,#3475,#224,.T.);
#2677=EDGE_CURVE('',#3477,#3180,#3938,.T.);
#2678=EDGE_CURVE('',#3477,#3476,#3939,.T.);
#2679=EDGE_CURVE('',#3478,#3179,#3940,.T.);
#2680=EDGE_CURVE('',#3478,#3477,#397,.T.);
#2681=EDGE_CURVE('',#3479,#3178,#3941,.T.);
#2682=EDGE_CURVE('',#3479,#3478,#398,.T.);
#2683=EDGE_CURVE('',#3467,#3479,#399,.T.);
#2684=EDGE_CURVE('',#3480,#3190,#3942,.T.);
#2685=EDGE_CURVE('',#3480,#3481,#3943,.T.);
#2686=EDGE_CURVE('',#3481,#3191,#3944,.T.);
#2687=EDGE_CURVE('',#3482,#3189,#3945,.T.);
#2688=EDGE_CURVE('',#3482,#3480,#3946,.T.);
#2689=EDGE_CURVE('',#3483,#3203,#3947,.T.);
#2690=EDGE_CURVE('',#3483,#3482,#3948,.T.);
#2691=EDGE_CURVE('',#3484,#3202,#3949,.T.);
#2692=EDGE_CURVE('',#3484,#3483,#3950,.T.);
#2693=EDGE_CURVE('',#3485,#3201,#3951,.T.);
#2694=EDGE_CURVE('',#3485,#3484,#3952,.T.);
#2695=EDGE_CURVE('',#3486,#3200,#3953,.T.);
#2696=EDGE_CURVE('',#3486,#3485,#3954,.T.);
#2697=EDGE_CURVE('',#3487,#3199,#3955,.T.);
#2698=EDGE_CURVE('',#3487,#3486,#3956,.T.);
#2699=EDGE_CURVE('',#3488,#3198,#3957,.T.);
#2700=EDGE_CURVE('',#3488,#3487,#3958,.T.);
#2701=EDGE_CURVE('',#3489,#3197,#3959,.T.);
#2702=EDGE_CURVE('',#3489,#3488,#3960,.T.);
#2703=EDGE_CURVE('',#3490,#3196,#3961,.T.);
#2704=EDGE_CURVE('',#3490,#3489,#3962,.T.);
#2705=EDGE_CURVE('',#3491,#3195,#3963,.T.);
#2706=EDGE_CURVE('',#3491,#3490,#3964,.T.);
#2707=EDGE_CURVE('',#3492,#3194,#3965,.T.);
#2708=EDGE_CURVE('',#3492,#3491,#3966,.T.);
#2709=EDGE_CURVE('',#3493,#3193,#3967,.T.);
#2710=EDGE_CURVE('',#3493,#3492,#3968,.T.);
#2711=EDGE_CURVE('',#3494,#3192,#3969,.T.);
#2712=EDGE_CURVE('',#3494,#3493,#3970,.T.);
#2713=EDGE_CURVE('',#3481,#3494,#3971,.T.);
#2714=EDGE_CURVE('',#3495,#3496,#3972,.T.);
#2715=EDGE_CURVE('',#3495,#3497,#3973,.T.);
#2716=EDGE_CURVE('',#3497,#3498,#3974,.T.);
#2717=EDGE_CURVE('',#3496,#3498,#3975,.T.);
#2718=EDGE_CURVE('',#3499,#3500,#3976,.T.);
#2719=EDGE_CURVE('',#3499,#3495,#3977,.T.);
#2720=EDGE_CURVE('',#3500,#3496,#3978,.T.);
#2721=EDGE_CURVE('',#3501,#3502,#3979,.T.);
#2722=EDGE_CURVE('',#3501,#3499,#400,.T.);
#2723=EDGE_CURVE('',#3502,#3500,#401,.T.);
#2724=EDGE_CURVE('',#3503,#3504,#3980,.T.);
#2725=EDGE_CURVE('',#3503,#3501,#402,.T.);
#2726=EDGE_CURVE('',#3504,#3502,#403,.T.);
#2727=EDGE_CURVE('',#3505,#3506,#3981,.T.);
#2728=EDGE_CURVE('',#3505,#3503,#404,.T.);
#2729=EDGE_CURVE('',#3506,#3504,#405,.T.);
#2730=EDGE_CURVE('',#3507,#3508,#3982,.T.);
#2731=EDGE_CURVE('',#3507,#3505,#406,.T.);
#2732=EDGE_CURVE('',#3508,#3506,#407,.T.);
#2733=EDGE_CURVE('',#3509,#3140,#3983,.T.);
#2734=EDGE_CURVE('',#3509,#3510,#3984,.T.);
#2735=EDGE_CURVE('',#3510,#3141,#3985,.T.);
#2736=EDGE_CURVE('',#3511,#3139,#3986,.T.);
#2737=EDGE_CURVE('',#3511,#3509,#3987,.T.);
#2738=EDGE_CURVE('',#3512,#3156,#3988,.T.);
#2739=EDGE_CURVE('',#3512,#3511,#3989,.T.);
#2740=EDGE_CURVE('',#3513,#3155,#3990,.T.);
#2741=EDGE_CURVE('',#3513,#3512,#408,.T.);
#2742=EDGE_CURVE('',#3514,#3154,#3991,.T.);
#2743=EDGE_CURVE('',#3514,#3513,#409,.T.);
#2744=EDGE_CURVE('',#3515,#3153,#3992,.T.);
#2745=EDGE_CURVE('',#3515,#3514,#410,.T.);
#2746=EDGE_CURVE('',#3516,#3152,#3993,.T.);
#2747=EDGE_CURVE('',#3516,#3515,#3994,.T.);
#2748=EDGE_CURVE('',#3517,#3151,#3995,.T.);
#2749=EDGE_CURVE('',#3517,#3516,#411,.T.);
#2750=EDGE_CURVE('',#3518,#3150,#3996,.T.);
#2751=EDGE_CURVE('',#3518,#3517,#412,.T.);
#2752=EDGE_CURVE('',#3519,#3149,#3997,.T.);
#2753=EDGE_CURVE('',#3519,#3518,#3998,.T.);
#2754=EDGE_CURVE('',#3520,#3148,#3999,.T.);
#2755=EDGE_CURVE('',#3520,#3519,#4000,.T.);
#2756=EDGE_CURVE('',#3521,#3147,#4001,.T.);
#2757=EDGE_CURVE('',#3521,#3520,#413,.T.);
#2758=EDGE_CURVE('',#3522,#3146,#4002,.T.);
#2759=EDGE_CURVE('',#3522,#3521,#414,.T.);
#2760=EDGE_CURVE('',#3523,#3145,#4003,.T.);
#2761=EDGE_CURVE('',#3523,#3522,#415,.T.);
#2762=EDGE_CURVE('',#3524,#3144,#4004,.T.);
#2763=EDGE_CURVE('',#3524,#3523,#416,.T.);
#2764=EDGE_CURVE('',#3525,#3143,#4005,.T.);
#2765=EDGE_CURVE('',#3525,#3524,#417,.T.);
#2766=EDGE_CURVE('',#3526,#3142,#4006,.T.);
#2767=EDGE_CURVE('',#3526,#3525,#418,.T.);
#2768=EDGE_CURVE('',#3510,#3526,#4007,.T.);
#2769=EDGE_CURVE('',#3497,#3507,#419,.T.);
#2770=EDGE_CURVE('',#3498,#3508,#420,.T.);
#2771=EDGE_CURVE('',#3527,#3528,#4008,.T.);
#2772=EDGE_CURVE('',#3527,#3529,#421,.T.);
#2773=EDGE_CURVE('',#3529,#3530,#4009,.T.);
#2774=EDGE_CURVE('',#3528,#3530,#422,.T.);
#2775=EDGE_CURVE('',#3531,#3532,#4010,.T.);
#2776=EDGE_CURVE('',#3531,#3527,#423,.T.);
#2777=EDGE_CURVE('',#3532,#3528,#424,.T.);
#2778=EDGE_CURVE('',#3533,#3534,#4011,.T.);
#2779=EDGE_CURVE('',#3533,#3531,#425,.T.);
#2780=EDGE_CURVE('',#3534,#3532,#426,.T.);
#2781=EDGE_CURVE('',#3535,#3536,#4012,.T.);
#2782=EDGE_CURVE('',#3535,#3533,#427,.T.);
#2783=EDGE_CURVE('',#3536,#3534,#428,.T.);
#2784=EDGE_CURVE('',#3537,#3538,#4013,.T.);
#2785=EDGE_CURVE('',#3537,#3535,#429,.T.);
#2786=EDGE_CURVE('',#3538,#3536,#430,.T.);
#2787=EDGE_CURVE('',#3539,#3540,#4014,.T.);
#2788=EDGE_CURVE('',#3539,#3537,#431,.T.);
#2789=EDGE_CURVE('',#3540,#3538,#432,.T.);
#2790=EDGE_CURVE('',#3541,#3542,#4015,.T.);
#2791=EDGE_CURVE('',#3541,#3539,#4016,.T.);
#2792=EDGE_CURVE('',#3542,#3540,#4017,.T.);
#2793=EDGE_CURVE('',#3543,#3205,#4018,.T.);
#2794=EDGE_CURVE('',#3543,#3544,#433,.T.);
#2795=EDGE_CURVE('',#3544,#3206,#4019,.T.);
#2796=EDGE_CURVE('',#3545,#3204,#4020,.T.);
#2797=EDGE_CURVE('',#3545,#3543,#434,.T.);
#2798=EDGE_CURVE('',#3546,#3218,#4021,.T.);
#2799=EDGE_CURVE('',#3546,#3545,#435,.T.);
#2800=EDGE_CURVE('',#3547,#3217,#4022,.T.);
#2801=EDGE_CURVE('',#3547,#3546,#436,.T.);
#2802=EDGE_CURVE('',#3548,#3216,#4023,.T.);
#2803=EDGE_CURVE('',#3548,#3547,#437,.T.);
#2804=EDGE_CURVE('',#3549,#3215,#4024,.T.);
#2805=EDGE_CURVE('',#3549,#3548,#438,.T.);
#2806=EDGE_CURVE('',#3550,#3214,#4025,.T.);
#2807=EDGE_CURVE('',#3550,#3549,#439,.T.);
#2808=EDGE_CURVE('',#3551,#3213,#4026,.T.);
#2809=EDGE_CURVE('',#3551,#3550,#4027,.T.);
#2810=EDGE_CURVE('',#3552,#3212,#4028,.T.);
#2811=EDGE_CURVE('',#3552,#3551,#4029,.T.);
#2812=EDGE_CURVE('',#3553,#3211,#4030,.T.);
#2813=EDGE_CURVE('',#3553,#3552,#4031,.T.);
#2814=EDGE_CURVE('',#3554,#3210,#4032,.T.);
#2815=EDGE_CURVE('',#3554,#3553,#4033,.T.);
#2816=EDGE_CURVE('',#3555,#3209,#4034,.T.);
#2817=EDGE_CURVE('',#3555,#3554,#4035,.T.);
#2818=EDGE_CURVE('',#3556,#3208,#4036,.T.);
#2819=EDGE_CURVE('',#3556,#3555,#4037,.T.);
#2820=EDGE_CURVE('',#3557,#3207,#4038,.T.);
#2821=EDGE_CURVE('',#3557,#3556,#440,.T.);
#2822=EDGE_CURVE('',#3544,#3557,#4039,.T.);
#2823=EDGE_CURVE('',#3529,#3541,#441,.T.);
#2824=EDGE_CURVE('',#3530,#3542,#442,.T.);
#2825=EDGE_CURVE('',#3558,#3220,#4040,.T.);
#2826=EDGE_CURVE('',#3558,#3559,#4041,.T.);
#2827=EDGE_CURVE('',#3559,#3221,#4042,.T.);
#2828=EDGE_CURVE('',#3560,#3219,#4043,.T.);
#2829=EDGE_CURVE('',#3560,#3558,#4044,.T.);
#2830=EDGE_CURVE('',#3561,#3235,#4045,.T.);
#2831=EDGE_CURVE('',#3561,#3560,#443,.T.);
#2832=EDGE_CURVE('',#3562,#3234,#4046,.T.);
#2833=EDGE_CURVE('',#3562,#3561,#444,.T.);
#2834=EDGE_CURVE('',#3563,#3233,#4047,.T.);
#2835=EDGE_CURVE('',#3563,#3562,#445,.T.);
#2836=EDGE_CURVE('',#3564,#3232,#4048,.T.);
#2837=EDGE_CURVE('',#3564,#3563,#4049,.T.);
#2838=EDGE_CURVE('',#3565,#3231,#4050,.T.);
#2839=EDGE_CURVE('',#3565,#3564,#4051,.T.);
#2840=EDGE_CURVE('',#3566,#3230,#4052,.T.);
#2841=EDGE_CURVE('',#3566,#3565,#225,.F.);
#2842=EDGE_CURVE('',#3567,#3229,#4053,.T.);
#2843=EDGE_CURVE('',#3567,#3566,#4054,.T.);
#2844=EDGE_CURVE('',#3568,#3228,#4055,.T.);
#2845=EDGE_CURVE('',#3568,#3567,#4056,.T.);
#2846=EDGE_CURVE('',#3569,#3227,#4057,.T.);
#2847=EDGE_CURVE('',#3569,#3568,#4058,.T.);
#2848=EDGE_CURVE('',#3570,#3226,#4059,.T.);
#2849=EDGE_CURVE('',#3570,#3569,#4060,.T.);
#2850=EDGE_CURVE('',#3571,#3225,#4061,.T.);
#2851=EDGE_CURVE('',#3571,#3570,#4062,.T.);
#2852=EDGE_CURVE('',#3572,#3224,#4063,.T.);
#2853=EDGE_CURVE('',#3572,#3571,#446,.T.);
#2854=EDGE_CURVE('',#3573,#3223,#4064,.T.);
#2855=EDGE_CURVE('',#3573,#3572,#447,.T.);
#2856=EDGE_CURVE('',#3574,#3222,#4065,.T.);
#2857=EDGE_CURVE('',#3574,#3573,#448,.T.);
#2858=EDGE_CURVE('',#3559,#3574,#4066,.T.);
#2859=EDGE_CURVE('',#3575,#3237,#4067,.T.);
#2860=EDGE_CURVE('',#3575,#3576,#449,.T.);
#2861=EDGE_CURVE('',#3576,#3238,#4068,.T.);
#2862=EDGE_CURVE('',#3577,#3236,#4069,.T.);
#2863=EDGE_CURVE('',#3577,#3575,#450,.T.);
#2864=EDGE_CURVE('',#3578,#3253,#4070,.T.);
#2865=EDGE_CURVE('',#3578,#3577,#451,.T.);
#2866=EDGE_CURVE('',#3579,#3252,#4071,.T.);
#2867=EDGE_CURVE('',#3579,#3578,#4072,.T.);
#2868=EDGE_CURVE('',#3580,#3251,#4073,.T.);
#2869=EDGE_CURVE('',#3580,#3579,#4074,.T.);
#2870=EDGE_CURVE('',#3581,#3250,#4075,.T.);
#2871=EDGE_CURVE('',#3581,#3580,#4076,.T.);
#2872=EDGE_CURVE('',#3582,#3249,#4077,.T.);
#2873=EDGE_CURVE('',#3582,#3581,#4078,.T.);
#2874=EDGE_CURVE('',#3583,#3248,#4079,.T.);
#2875=EDGE_CURVE('',#3583,#3582,#4080,.T.);
#2876=EDGE_CURVE('',#3584,#3247,#4081,.T.);
#2877=EDGE_CURVE('',#3584,#3583,#4082,.T.);
#2878=EDGE_CURVE('',#3585,#3246,#4083,.T.);
#2879=EDGE_CURVE('',#3585,#3584,#4084,.T.);
#2880=EDGE_CURVE('',#3586,#3245,#4085,.T.);
#2881=EDGE_CURVE('',#3586,#3585,#4086,.T.);
#2882=EDGE_CURVE('',#3587,#3244,#4087,.T.);
#2883=EDGE_CURVE('',#3587,#3586,#4088,.T.);
#2884=EDGE_CURVE('',#3588,#3243,#4089,.T.);
#2885=EDGE_CURVE('',#3588,#3587,#4090,.T.);
#2886=EDGE_CURVE('',#3589,#3242,#4091,.T.);
#2887=EDGE_CURVE('',#3589,#3588,#4092,.T.);
#2888=EDGE_CURVE('',#3590,#3241,#4093,.T.);
#2889=EDGE_CURVE('',#3590,#3589,#452,.T.);
#2890=EDGE_CURVE('',#3591,#3240,#4094,.T.);
#2891=EDGE_CURVE('',#3591,#3590,#453,.T.);
#2892=EDGE_CURVE('',#3592,#3239,#4095,.T.);
#2893=EDGE_CURVE('',#3592,#3591,#454,.T.);
#2894=EDGE_CURVE('',#3576,#3592,#4096,.T.);
#2895=EDGE_CURVE('',#3593,#3255,#4097,.T.);
#2896=EDGE_CURVE('',#3593,#3594,#455,.T.);
#2897=EDGE_CURVE('',#3594,#3256,#4098,.T.);
#2898=EDGE_CURVE('',#3595,#3254,#4099,.T.);
#2899=EDGE_CURVE('',#3595,#3593,#456,.T.);
#2900=EDGE_CURVE('',#3596,#3279,#4100,.T.);
#2901=EDGE_CURVE('',#3596,#3595,#226,.F.);
#2902=EDGE_CURVE('',#3597,#3278,#4101,.T.);
#2903=EDGE_CURVE('',#3597,#3596,#457,.T.);
#2904=EDGE_CURVE('',#3598,#3277,#4102,.T.);
#2905=EDGE_CURVE('',#3598,#3597,#458,.T.);
#2906=EDGE_CURVE('',#3599,#3276,#4103,.T.);
#2907=EDGE_CURVE('',#3599,#3598,#459,.T.);
#2908=EDGE_CURVE('',#3600,#3275,#4104,.T.);
#2909=EDGE_CURVE('',#3600,#3599,#460,.T.);
#2910=EDGE_CURVE('',#3601,#3274,#4105,.T.);
#2911=EDGE_CURVE('',#3601,#3600,#227,.T.);
#2912=EDGE_CURVE('',#3602,#3273,#4106,.T.);
#2913=EDGE_CURVE('',#3602,#3601,#228,.T.);
#2914=EDGE_CURVE('',#3603,#3272,#4107,.T.);
#2915=EDGE_CURVE('',#3603,#3602,#4108,.T.);
#2916=EDGE_CURVE('',#3604,#3271,#4109,.T.);
#2917=EDGE_CURVE('',#3604,#3603,#229,.F.);
#2918=EDGE_CURVE('',#3605,#3270,#4110,.T.);
#2919=EDGE_CURVE('',#3605,#3604,#461,.T.);
#2920=EDGE_CURVE('',#3606,#3269,#4111,.T.);
#2921=EDGE_CURVE('',#3606,#3605,#462,.T.);
#2922=EDGE_CURVE('',#3607,#3268,#4112,.T.);
#2923=EDGE_CURVE('',#3607,#3606,#463,.T.);
#2924=EDGE_CURVE('',#3608,#3267,#4113,.T.);
#2925=EDGE_CURVE('',#3608,#3607,#230,.F.);
#2926=EDGE_CURVE('',#3609,#3266,#4114,.T.);
#2927=EDGE_CURVE('',#3609,#3608,#464,.T.);
#2928=EDGE_CURVE('',#3610,#3265,#4115,.T.);
#2929=EDGE_CURVE('',#3610,#3609,#231,.T.);
#2930=EDGE_CURVE('',#3611,#3264,#4116,.T.);
#2931=EDGE_CURVE('',#3611,#3610,#465,.T.);
#2932=EDGE_CURVE('',#3612,#3263,#4117,.T.);
#2933=EDGE_CURVE('',#3612,#3611,#232,.T.);
#2934=EDGE_CURVE('',#3613,#3262,#4118,.T.);
#2935=EDGE_CURVE('',#3613,#3612,#466,.T.);
#2936=EDGE_CURVE('',#3614,#3261,#4119,.T.);
#2937=EDGE_CURVE('',#3614,#3613,#467,.T.);
#2938=EDGE_CURVE('',#3615,#3260,#4120,.T.);
#2939=EDGE_CURVE('',#3615,#3614,#233,.T.);
#2940=EDGE_CURVE('',#3616,#3259,#4121,.T.);
#2941=EDGE_CURVE('',#3616,#3615,#4122,.T.);
#2942=EDGE_CURVE('',#3617,#3258,#4123,.T.);
#2943=EDGE_CURVE('',#3617,#3616,#234,.F.);
#2944=EDGE_CURVE('',#3618,#3257,#4124,.T.);
#2945=EDGE_CURVE('',#3618,#3617,#468,.T.);
#2946=EDGE_CURVE('',#3594,#3618,#469,.T.);
#2947=EDGE_CURVE('',#3619,#3281,#4125,.T.);
#2948=EDGE_CURVE('',#3619,#3620,#235,.F.);
#2949=EDGE_CURVE('',#3620,#3282,#4126,.T.);
#2950=EDGE_CURVE('',#3621,#3280,#4127,.T.);
#2951=EDGE_CURVE('',#3621,#3619,#236,.F.);
#2952=EDGE_CURVE('',#3622,#3292,#4128,.T.);
#2953=EDGE_CURVE('',#3622,#3621,#237,.F.);
#2954=EDGE_CURVE('',#3623,#3291,#4129,.T.);
#2955=EDGE_CURVE('',#3623,#3622,#4130,.T.);
#2956=EDGE_CURVE('',#3624,#3290,#4131,.T.);
#2957=EDGE_CURVE('',#3624,#3623,#4132,.T.);
#2958=EDGE_CURVE('',#3625,#3289,#4133,.T.);
#2959=EDGE_CURVE('',#3625,#3624,#4134,.T.);
#2960=EDGE_CURVE('',#3626,#3288,#4135,.T.);
#2961=EDGE_CURVE('',#3626,#3625,#4136,.T.);
#2962=EDGE_CURVE('',#3627,#3287,#4137,.T.);
#2963=EDGE_CURVE('',#3627,#3626,#4138,.T.);
#2964=EDGE_CURVE('',#3628,#3286,#4139,.T.);
#2965=EDGE_CURVE('',#3628,#3627,#4140,.T.);
#2966=EDGE_CURVE('',#3629,#3285,#4141,.T.);
#2967=EDGE_CURVE('',#3629,#3628,#470,.T.);
#2968=EDGE_CURVE('',#3630,#3284,#4142,.T.);
#2969=EDGE_CURVE('',#3630,#3629,#471,.T.);
#2970=EDGE_CURVE('',#3631,#3283,#4143,.T.);
#2971=EDGE_CURVE('',#3631,#3630,#238,.T.);
#2972=EDGE_CURVE('',#3620,#3631,#4144,.T.);
#2973=EDGE_CURVE('',#3632,#3294,#4145,.T.);
#2974=EDGE_CURVE('',#3632,#3633,#4146,.T.);
#2975=EDGE_CURVE('',#3633,#3295,#4147,.T.);
#2976=EDGE_CURVE('',#3634,#3293,#4148,.T.);
#2977=EDGE_CURVE('',#3634,#3632,#4149,.T.);
#2978=EDGE_CURVE('',#3635,#3296,#4150,.T.);
#2979=EDGE_CURVE('',#3635,#3634,#4151,.T.);
#2980=EDGE_CURVE('',#3633,#3635,#4152,.T.);
#2981=EDGE_CURVE('',#3636,#3298,#4153,.T.);
#2982=EDGE_CURVE('',#3636,#3637,#472,.T.);
#2983=EDGE_CURVE('',#3637,#3299,#4154,.T.);
#2984=EDGE_CURVE('',#3638,#3297,#4155,.T.);
#2985=EDGE_CURVE('',#3638,#3636,#473,.T.);
#2986=EDGE_CURVE('',#3639,#3301,#4156,.T.);
#2987=EDGE_CURVE('',#3639,#3638,#474,.T.);
#2988=EDGE_CURVE('',#3640,#3300,#4157,.T.);
#2989=EDGE_CURVE('',#3640,#3639,#475,.T.);
#2990=EDGE_CURVE('',#3637,#3640,#476,.T.);
#2991=EDGE_CURVE('',#3641,#3303,#4158,.T.);
#2992=EDGE_CURVE('',#3641,#3642,#4159,.T.);
#2993=EDGE_CURVE('',#3642,#3304,#4160,.T.);
#2994=EDGE_CURVE('',#3643,#3302,#4161,.T.);
#2995=EDGE_CURVE('',#3643,#3641,#4162,.T.);
#2996=EDGE_CURVE('',#3644,#3319,#4163,.T.);
#2997=EDGE_CURVE('',#3644,#3643,#4164,.T.);
#2998=EDGE_CURVE('',#3645,#3318,#4165,.T.);
#2999=EDGE_CURVE('',#3645,#3644,#4166,.T.);
#3000=EDGE_CURVE('',#3646,#3317,#4167,.T.);
#3001=EDGE_CURVE('',#3646,#3645,#477,.T.);
#3002=EDGE_CURVE('',#3647,#3316,#4168,.T.);
#3003=EDGE_CURVE('',#3647,#3646,#478,.T.);
#3004=EDGE_CURVE('',#3648,#3315,#4169,.T.);
#3005=EDGE_CURVE('',#3648,#3647,#239,.T.);
#3006=EDGE_CURVE('',#3649,#3314,#4170,.T.);
#3007=EDGE_CURVE('',#3649,#3648,#4171,.T.);
#3008=EDGE_CURVE('',#3650,#3313,#4172,.T.);
#3009=EDGE_CURVE('',#3650,#3649,#479,.T.);
#3010=EDGE_CURVE('',#3651,#3312,#4173,.T.);
#3011=EDGE_CURVE('',#3651,#3650,#480,.T.);
#3012=EDGE_CURVE('',#3652,#3311,#4174,.T.);
#3013=EDGE_CURVE('',#3652,#3651,#481,.T.);
#3014=EDGE_CURVE('',#3653,#3310,#4175,.T.);
#3015=EDGE_CURVE('',#3653,#3652,#4176,.T.);
#3016=EDGE_CURVE('',#3654,#3309,#4177,.T.);
#3017=EDGE_CURVE('',#3654,#3653,#4178,.T.);
#3018=EDGE_CURVE('',#3655,#3308,#4179,.T.);
#3019=EDGE_CURVE('',#3655,#3654,#4180,.T.);
#3020=EDGE_CURVE('',#3656,#3307,#4181,.T.);
#3021=EDGE_CURVE('',#3656,#3655,#4182,.T.);
#3022=EDGE_CURVE('',#3657,#3306,#4183,.T.);
#3023=EDGE_CURVE('',#3657,#3656,#4184,.T.);
#3024=EDGE_CURVE('',#3658,#3305,#4185,.T.);
#3025=EDGE_CURVE('',#3658,#3657,#4186,.T.);
#3026=EDGE_CURVE('',#3642,#3658,#4187,.T.);
#3027=EDGE_CURVE('',#3659,#3321,#4188,.T.);
#3028=EDGE_CURVE('',#3659,#3660,#4189,.T.);
#3029=EDGE_CURVE('',#3660,#3322,#4190,.T.);
#3030=EDGE_CURVE('',#3661,#3320,#4191,.T.);
#3031=EDGE_CURVE('',#3661,#3659,#4192,.T.);
#3032=EDGE_CURVE('',#3662,#3336,#4193,.T.);
#3033=EDGE_CURVE('',#3662,#3661,#4194,.T.);
#3034=EDGE_CURVE('',#3663,#3335,#4195,.T.);
#3035=EDGE_CURVE('',#3663,#3662,#482,.T.);
#3036=EDGE_CURVE('',#3664,#3334,#4196,.T.);
#3037=EDGE_CURVE('',#3664,#3663,#240,.T.);
#3038=EDGE_CURVE('',#3665,#3333,#4197,.T.);
#3039=EDGE_CURVE('',#3665,#3664,#241,.T.);
#3040=EDGE_CURVE('',#3666,#3332,#4198,.T.);
#3041=EDGE_CURVE('',#3666,#3665,#4199,.T.);
#3042=EDGE_CURVE('',#3667,#3331,#4200,.T.);
#3043=EDGE_CURVE('',#3667,#3666,#242,.F.);
#3044=EDGE_CURVE('',#3668,#3330,#4201,.T.);
#3045=EDGE_CURVE('',#3668,#3667,#483,.T.);
#3046=EDGE_CURVE('',#3669,#3329,#4202,.T.);
#3047=EDGE_CURVE('',#3669,#3668,#484,.T.);
#3048=EDGE_CURVE('',#3670,#3328,#4203,.T.);
#3049=EDGE_CURVE('',#3670,#3669,#4204,.T.);
#3050=EDGE_CURVE('',#3671,#3327,#4205,.T.);
#3051=EDGE_CURVE('',#3671,#3670,#4206,.T.);
#3052=EDGE_CURVE('',#3672,#3326,#4207,.T.);
#3053=EDGE_CURVE('',#3672,#3671,#4208,.T.);
#3054=EDGE_CURVE('',#3673,#3325,#4209,.T.);
#3055=EDGE_CURVE('',#3673,#3672,#243,.F.);
#3056=EDGE_CURVE('',#3674,#3324,#4210,.T.);
#3057=EDGE_CURVE('',#3674,#3673,#4211,.T.);
#3058=EDGE_CURVE('',#3675,#3323,#4212,.T.);
#3059=EDGE_CURVE('',#3675,#3674,#244,.F.);
#3060=EDGE_CURVE('',#3660,#3675,#4213,.T.);
#3061=EDGE_CURVE('',#3676,#3354,#4214,.T.);
#3062=EDGE_CURVE('',#3676,#3677,#4215,.T.);
#3063=EDGE_CURVE('',#3677,#3355,#4216,.T.);
#3064=EDGE_CURVE('',#3678,#3353,#4217,.T.);
#3065=EDGE_CURVE('',#3678,#3676,#4218,.T.);
#3066=EDGE_CURVE('',#3679,#3352,#4219,.T.);
#3067=EDGE_CURVE('',#3679,#3678,#485,.T.);
#3068=EDGE_CURVE('',#3680,#3351,#4220,.T.);
#3069=EDGE_CURVE('',#3680,#3679,#486,.T.);
#3070=EDGE_CURVE('',#3681,#3350,#4221,.T.);
#3071=EDGE_CURVE('',#3681,#3680,#487,.T.);
#3072=EDGE_CURVE('',#3682,#3349,#4222,.T.);
#3073=EDGE_CURVE('',#3682,#3681,#488,.T.);
#3074=EDGE_CURVE('',#3683,#3348,#4223,.T.);
#3075=EDGE_CURVE('',#3683,#3682,#4224,.T.);
#3076=EDGE_CURVE('',#3684,#3347,#4225,.T.);
#3077=EDGE_CURVE('',#3684,#3683,#4226,.T.);
#3078=EDGE_CURVE('',#3685,#3346,#4227,.T.);
#3079=EDGE_CURVE('',#3685,#3684,#4228,.T.);
#3080=EDGE_CURVE('',#3686,#3345,#4229,.T.);
#3081=EDGE_CURVE('',#3686,#3685,#489,.T.);
#3082=EDGE_CURVE('',#3687,#3344,#4230,.T.);
#3083=EDGE_CURVE('',#3687,#3686,#490,.T.);
#3084=EDGE_CURVE('',#3688,#3343,#4231,.T.);
#3085=EDGE_CURVE('',#3688,#3687,#491,.T.);
#3086=EDGE_CURVE('',#3689,#3342,#4232,.T.);
#3087=EDGE_CURVE('',#3689,#3688,#245,.F.);
#3088=EDGE_CURVE('',#3690,#3341,#4233,.T.);
#3089=EDGE_CURVE('',#3690,#3689,#4234,.T.);
#3090=EDGE_CURVE('',#3691,#3340,#4235,.T.);
#3091=EDGE_CURVE('',#3691,#3690,#492,.T.);
#3092=EDGE_CURVE('',#3339,#3692,#493,.T.);
#3093=EDGE_CURVE('',#3693,#3692,#4236,.T.);
#3094=EDGE_CURVE('',#3693,#3691,#494,.T.);
#3095=EDGE_CURVE('',#3692,#3694,#495,.T.);
#3096=EDGE_CURVE('',#3695,#3694,#4237,.T.);
#3097=EDGE_CURVE('',#3695,#3693,#246,.F.);
#3098=EDGE_CURVE('',#3694,#3696,#247,.T.);
#3099=EDGE_CURVE('',#3697,#3696,#4238,.T.);
#3100=EDGE_CURVE('',#3697,#3695,#4239,.T.);
#3101=EDGE_CURVE('',#3696,#3698,#13,.T.);
#3102=EDGE_CURVE('',#3699,#3698,#4240,.T.);
#3103=EDGE_CURVE('',#3699,#3697,#4241,.T.);
#3104=EDGE_CURVE('',#3698,#3700,#248,.T.);
#3105=EDGE_CURVE('',#3701,#3700,#4242,.T.);
#3106=EDGE_CURVE('',#3701,#3699,#4243,.T.);
#3107=EDGE_CURVE('',#3700,#3702,#4244,.F.);
#3108=EDGE_CURVE('',#3703,#3702,#4245,.T.);
#3109=EDGE_CURVE('',#3703,#3701,#4246,.T.);
#3110=EDGE_CURVE('',#3702,#3704,#249,.T.);
#3111=EDGE_CURVE('',#3705,#3704,#4247,.T.);
#3112=EDGE_CURVE('',#3705,#3703,#4248,.T.);
#3113=EDGE_CURVE('',#3704,#3706,#4249,.T.);
#3114=EDGE_CURVE('',#3707,#3706,#4250,.T.);
#3115=EDGE_CURVE('',#3707,#3705,#4251,.T.);
#3116=EDGE_CURVE('',#3706,#3708,#496,.T.);
#3117=EDGE_CURVE('',#3709,#3708,#4252,.T.);
#3118=EDGE_CURVE('',#3709,#3707,#497,.T.);
#3119=EDGE_CURVE('',#3708,#3359,#498,.T.);
#3120=EDGE_CURVE('',#3710,#3358,#4253,.T.);
#3121=EDGE_CURVE('',#3710,#3709,#499,.T.);
#3122=EDGE_CURVE('',#3711,#3357,#4254,.T.);
#3123=EDGE_CURVE('',#3711,#3710,#500,.T.);
#3124=EDGE_CURVE('',#3712,#3356,#4255,.T.);
#3125=EDGE_CURVE('',#3712,#3711,#501,.T.);
#3126=EDGE_CURVE('',#3677,#3712,#4256,.T.);
#3127=VERTEX_POINT('',#7314);
#3128=VERTEX_POINT('',#7315);
#3129=VERTEX_POINT('',#7317);
#3130=VERTEX_POINT('',#7319);
#3131=VERTEX_POINT('',#7323);
#3132=VERTEX_POINT('',#7324);
#3133=VERTEX_POINT('',#7326);
#3134=VERTEX_POINT('',#7328);
#3135=VERTEX_POINT('',#7330);
#3136=VERTEX_POINT('',#7332);
#3137=VERTEX_POINT('',#7334);
#3138=VERTEX_POINT('',#7336);
#3139=VERTEX_POINT('',#7340);
#3140=VERTEX_POINT('',#7341);
#3141=VERTEX_POINT('',#7343);
#3142=VERTEX_POINT('',#7345);
#3143=VERTEX_POINT('',#7349);
#3144=VERTEX_POINT('',#7353);
#3145=VERTEX_POINT('',#7357);
#3146=VERTEX_POINT('',#7361);
#3147=VERTEX_POINT('',#7365);
#3148=VERTEX_POINT('',#7369);
#3149=VERTEX_POINT('',#7371);
#3150=VERTEX_POINT('',#7373);
#3151=VERTEX_POINT('',#7377);
#3152=VERTEX_POINT('',#7381);
#3153=VERTEX_POINT('',#7383);
#3154=VERTEX_POINT('',#7387);
#3155=VERTEX_POINT('',#7391);
#3156=VERTEX_POINT('',#7395);
#3157=VERTEX_POINT('',#7398);
#3158=VERTEX_POINT('',#7399);
#3159=VERTEX_POINT('',#7401);
#3160=VERTEX_POINT('',#7403);
#3161=VERTEX_POINT('',#7407);
#3162=VERTEX_POINT('',#7411);
#3163=VERTEX_POINT('',#7415);
#3164=VERTEX_POINT('',#7419);
#3165=VERTEX_POINT('',#7423);
#3166=VERTEX_POINT('',#7427);
#3167=VERTEX_POINT('',#7429);
#3168=VERTEX_POINT('',#7431);
#3169=VERTEX_POINT('',#7435);
#3170=VERTEX_POINT('',#7439);
#3171=VERTEX_POINT('',#7441);
#3172=VERTEX_POINT('',#7445);
#3173=VERTEX_POINT('',#7449);
#3174=VERTEX_POINT('',#7453);
#3175=VERTEX_POINT('',#7458);
#3176=VERTEX_POINT('',#7459);
#3177=VERTEX_POINT('',#7463);
#3178=VERTEX_POINT('',#7467);
#3179=VERTEX_POINT('',#7471);
#3180=VERTEX_POINT('',#7475);
#3181=VERTEX_POINT('',#7477);
#3182=VERTEX_POINT('',#7479);
#3183=VERTEX_POINT('',#7481);
#3184=VERTEX_POINT('',#7485);
#3185=VERTEX_POINT('',#7489);
#3186=VERTEX_POINT('',#7491);
#3187=VERTEX_POINT('',#7493);
#3188=VERTEX_POINT('',#7495);
#3189=VERTEX_POINT('',#7498);
#3190=VERTEX_POINT('',#7499);
#3191=VERTEX_POINT('',#7501);
#3192=VERTEX_POINT('',#7503);
#3193=VERTEX_POINT('',#7505);
#3194=VERTEX_POINT('',#7507);
#3195=VERTEX_POINT('',#7509);
#3196=VERTEX_POINT('',#7511);
#3197=VERTEX_POINT('',#7513);
#3198=VERTEX_POINT('',#7515);
#3199=VERTEX_POINT('',#7517);
#3200=VERTEX_POINT('',#7519);
#3201=VERTEX_POINT('',#7521);
#3202=VERTEX_POINT('',#7523);
#3203=VERTEX_POINT('',#7525);
#3204=VERTEX_POINT('',#7530);
#3205=VERTEX_POINT('',#7531);
#3206=VERTEX_POINT('',#7535);
#3207=VERTEX_POINT('',#7537);
#3208=VERTEX_POINT('',#7541);
#3209=VERTEX_POINT('',#7543);
#3210=VERTEX_POINT('',#7545);
#3211=VERTEX_POINT('',#7547);
#3212=VERTEX_POINT('',#7549);
#3213=VERTEX_POINT('',#7551);
#3214=VERTEX_POINT('',#7553);
#3215=VERTEX_POINT('',#7557);
#3216=VERTEX_POINT('',#7561);
#3217=VERTEX_POINT('',#7565);
#3218=VERTEX_POINT('',#7569);
#3219=VERTEX_POINT('',#7574);
#3220=VERTEX_POINT('',#7575);
#3221=VERTEX_POINT('',#7577);
#3222=VERTEX_POINT('',#7579);
#3223=VERTEX_POINT('',#7583);
#3224=VERTEX_POINT('',#7587);
#3225=VERTEX_POINT('',#7591);
#3226=VERTEX_POINT('',#7593);
#3227=VERTEX_POINT('',#7595);
#3228=VERTEX_POINT('',#7597);
#3229=VERTEX_POINT('',#7599);
#3230=VERTEX_POINT('',#7601);
#3231=VERTEX_POINT('',#7603);
#3232=VERTEX_POINT('',#7605);
#3233=VERTEX_POINT('',#7607);
#3234=VERTEX_POINT('',#7611);
#3235=VERTEX_POINT('',#7615);
#3236=VERTEX_POINT('',#7622);
#3237=VERTEX_POINT('',#7623);
#3238=VERTEX_POINT('',#7627);
#3239=VERTEX_POINT('',#7629);
#3240=VERTEX_POINT('',#7633);
#3241=VERTEX_POINT('',#7637);
#3242=VERTEX_POINT('',#7641);
#3243=VERTEX_POINT('',#7643);
#3244=VERTEX_POINT('',#7645);
#3245=VERTEX_POINT('',#7647);
#3246=VERTEX_POINT('',#7649);
#3247=VERTEX_POINT('',#7651);
#3248=VERTEX_POINT('',#7653);
#3249=VERTEX_POINT('',#7655);
#3250=VERTEX_POINT('',#7657);
#3251=VERTEX_POINT('',#7659);
#3252=VERTEX_POINT('',#7661);
#3253=VERTEX_POINT('',#7663);
#3254=VERTEX_POINT('',#7670);
#3255=VERTEX_POINT('',#7671);
#3256=VERTEX_POINT('',#7675);
#3257=VERTEX_POINT('',#7679);
#3258=VERTEX_POINT('',#7683);
#3259=VERTEX_POINT('',#7685);
#3260=VERTEX_POINT('',#7687);
#3261=VERTEX_POINT('',#7689);
#3262=VERTEX_POINT('',#7693);
#3263=VERTEX_POINT('',#7697);
#3264=VERTEX_POINT('',#7699);
#3265=VERTEX_POINT('',#7703);
#3266=VERTEX_POINT('',#7705);
#3267=VERTEX_POINT('',#7709);
#3268=VERTEX_POINT('',#7711);
#3269=VERTEX_POINT('',#7715);
#3270=VERTEX_POINT('',#7719);
#3271=VERTEX_POINT('',#7723);
#3272=VERTEX_POINT('',#7725);
#3273=VERTEX_POINT('',#7727);
#3274=VERTEX_POINT('',#7729);
#3275=VERTEX_POINT('',#7731);
#3276=VERTEX_POINT('',#7735);
#3277=VERTEX_POINT('',#7739);
#3278=VERTEX_POINT('',#7743);
#3279=VERTEX_POINT('',#7747);
#3280=VERTEX_POINT('',#7750);
#3281=VERTEX_POINT('',#7751);
#3282=VERTEX_POINT('',#7753);
#3283=VERTEX_POINT('',#7755);
#3284=VERTEX_POINT('',#7757);
#3285=VERTEX_POINT('',#7761);
#3286=VERTEX_POINT('',#7765);
#3287=VERTEX_POINT('',#7767);
#3288=VERTEX_POINT('',#7769);
#3289=VERTEX_POINT('',#7771);
#3290=VERTEX_POINT('',#7773);
#3291=VERTEX_POINT('',#7775);
#3292=VERTEX_POINT('',#7777);
#3293=VERTEX_POINT('',#7780);
#3294=VERTEX_POINT('',#7781);
#3295=VERTEX_POINT('',#7783);
#3296=VERTEX_POINT('',#7785);
#3297=VERTEX_POINT('',#7790);
#3298=VERTEX_POINT('',#7791);
#3299=VERTEX_POINT('',#7795);
#3300=VERTEX_POINT('',#7799);
#3301=VERTEX_POINT('',#7803);
#3302=VERTEX_POINT('',#7808);
#3303=VERTEX_POINT('',#7809);
#3304=VERTEX_POINT('',#7811);
#3305=VERTEX_POINT('',#7813);
#3306=VERTEX_POINT('',#7815);
#3307=VERTEX_POINT('',#7817);
#3308=VERTEX_POINT('',#7819);
#3309=VERTEX_POINT('',#7821);
#3310=VERTEX_POINT('',#7823);
#3311=VERTEX_POINT('',#7825);
#3312=VERTEX_POINT('',#7829);
#3313=VERTEX_POINT('',#7833);
#3314=VERTEX_POINT('',#7837);
#3315=VERTEX_POINT('',#7839);
#3316=VERTEX_POINT('',#7841);
#3317=VERTEX_POINT('',#7845);
#3318=VERTEX_POINT('',#7849);
#3319=VERTEX_POINT('',#7851);
#3320=VERTEX_POINT('',#7854);
#3321=VERTEX_POINT('',#7855);
#3322=VERTEX_POINT('',#7857);
#3323=VERTEX_POINT('',#7859);
#3324=VERTEX_POINT('',#7861);
#3325=VERTEX_POINT('',#7863);
#3326=VERTEX_POINT('',#7865);
#3327=VERTEX_POINT('',#7867);
#3328=VERTEX_POINT('',#7869);
#3329=VERTEX_POINT('',#7871);
#3330=VERTEX_POINT('',#7875);
#3331=VERTEX_POINT('',#7879);
#3332=VERTEX_POINT('',#7881);
#3333=VERTEX_POINT('',#7883);
#3334=VERTEX_POINT('',#7885);
#3335=VERTEX_POINT('',#7887);
#3336=VERTEX_POINT('',#7891);
#3337=VERTEX_POINT('',#7894);
#3338=VERTEX_POINT('',#7895);
#3339=VERTEX_POINT('',#7897);
#3340=VERTEX_POINT('',#7901);
#3341=VERTEX_POINT('',#7905);
#3342=VERTEX_POINT('',#7907);
#3343=VERTEX_POINT('',#7909);
#3344=VERTEX_POINT('',#7913);
#3345=VERTEX_POINT('',#7917);
#3346=VERTEX_POINT('',#7921);
#3347=VERTEX_POINT('',#7923);
#3348=VERTEX_POINT('',#7925);
#3349=VERTEX_POINT('',#7927);
#3350=VERTEX_POINT('',#7931);
#3351=VERTEX_POINT('',#7935);
#3352=VERTEX_POINT('',#7939);
#3353=VERTEX_POINT('',#7943);
#3354=VERTEX_POINT('',#7945);
#3355=VERTEX_POINT('',#7947);
#3356=VERTEX_POINT('',#7949);
#3357=VERTEX_POINT('',#7953);
#3358=VERTEX_POINT('',#7957);
#3359=VERTEX_POINT('',#7961);
#3360=VERTEX_POINT('',#7963);
#3361=VERTEX_POINT('',#7965);
#3362=VERTEX_POINT('',#7967);
#3363=VERTEX_POINT('',#7971);
#3364=VERTEX_POINT('',#7975);
#3365=VERTEX_POINT('',#7979);
#3366=VERTEX_POINT('',#7983);
#3367=VERTEX_POINT('',#7987);
#3368=VERTEX_POINT('',#7991);
#3369=VERTEX_POINT('',#7995);
#3370=VERTEX_POINT('',#7996);
#3371=VERTEX_POINT('',#7998);
#3372=VERTEX_POINT('',#8000);
#3373=VERTEX_POINT('',#8004);
#3374=VERTEX_POINT('',#8005);
#3375=VERTEX_POINT('',#8007);
#3376=VERTEX_POINT('',#8009);
#3377=VERTEX_POINT('',#8013);
#3378=VERTEX_POINT('',#8015);
#3379=VERTEX_POINT('',#8018);
#3380=VERTEX_POINT('',#8020);
#3381=VERTEX_POINT('',#8023);
#3382=VERTEX_POINT('',#8025);
#3383=VERTEX_POINT('',#8028);
#3384=VERTEX_POINT('',#8030);
#3385=VERTEX_POINT('',#8038);
#3386=VERTEX_POINT('',#8039);
#3387=VERTEX_POINT('',#8041);
#3388=VERTEX_POINT('',#8043);
#3389=VERTEX_POINT('',#8047);
#3390=VERTEX_POINT('',#8049);
#3391=VERTEX_POINT('',#8053);
#3392=VERTEX_POINT('',#8055);
#3393=VERTEX_POINT('',#8079);
#3394=VERTEX_POINT('',#8080);
#3395=VERTEX_POINT('',#8084);
#3396=VERTEX_POINT('',#8086);
#3397=VERTEX_POINT('',#8099);
#3398=VERTEX_POINT('',#8100);
#3399=VERTEX_POINT('',#8116);
#3400=VERTEX_POINT('',#8117);
#3401=VERTEX_POINT('',#8133);
#3402=VERTEX_POINT('',#8134);
#3403=VERTEX_POINT('',#8150);
#3404=VERTEX_POINT('',#8151);
#3405=VERTEX_POINT('',#8167);
#3406=VERTEX_POINT('',#8168);
#3407=VERTEX_POINT('',#8184);
#3408=VERTEX_POINT('',#8185);
#3409=VERTEX_POINT('',#8194);
#3410=VERTEX_POINT('',#8195);
#3411=VERTEX_POINT('',#8207);
#3412=VERTEX_POINT('',#8211);
#3413=VERTEX_POINT('',#8225);
#3414=VERTEX_POINT('',#8227);
#3415=VERTEX_POINT('',#8233);
#3416=VERTEX_POINT('',#8235);
#3417=VERTEX_POINT('',#8239);
#3418=VERTEX_POINT('',#8241);
#3419=VERTEX_POINT('',#8245);
#3420=VERTEX_POINT('',#8247);
#3421=VERTEX_POINT('',#8251);
#3422=VERTEX_POINT('',#8253);
#3423=VERTEX_POINT('',#8257);
#3424=VERTEX_POINT('',#8259);
#3425=VERTEX_POINT('',#8263);
#3426=VERTEX_POINT('',#8265);
#3427=VERTEX_POINT('',#8272);
#3428=VERTEX_POINT('',#8274);
#3429=VERTEX_POINT('',#8278);
#3430=VERTEX_POINT('',#8280);
#3431=VERTEX_POINT('',#8295);
#3432=VERTEX_POINT('',#8308);
#3433=VERTEX_POINT('',#8321);
#3434=VERTEX_POINT('',#8353);
#3435=VERTEX_POINT('',#8354);
#3436=VERTEX_POINT('',#8356);
#3437=VERTEX_POINT('',#8358);
#3438=VERTEX_POINT('',#8362);
#3439=VERTEX_POINT('',#8363);
#3440=VERTEX_POINT('',#8375);
#3441=VERTEX_POINT('',#8376);
#3442=VERTEX_POINT('',#8392);
#3443=VERTEX_POINT('',#8393);
#3444=VERTEX_POINT('',#8409);
#3445=VERTEX_POINT('',#8410);
#3446=VERTEX_POINT('',#8426);
#3447=VERTEX_POINT('',#8427);
#3448=VERTEX_POINT('',#8436);
#3449=VERTEX_POINT('',#8438);
#3450=VERTEX_POINT('',#8442);
#3451=VERTEX_POINT('',#8446);
#3452=VERTEX_POINT('',#8457);
#3453=VERTEX_POINT('',#8470);
#3454=VERTEX_POINT('',#8483);
#3455=VERTEX_POINT('',#8489);
#3456=VERTEX_POINT('',#8500);
#3457=VERTEX_POINT('',#8513);
#3458=VERTEX_POINT('',#8519);
#3459=VERTEX_POINT('',#8523);
#3460=VERTEX_POINT('',#8534);
#3461=VERTEX_POINT('',#8547);
#3462=VERTEX_POINT('',#8560);
#3463=VERTEX_POINT('',#8573);
#3464=VERTEX_POINT('',#8586);
#3465=VERTEX_POINT('',#8599);
#3466=VERTEX_POINT('',#8629);
#3467=VERTEX_POINT('',#8633);
#3468=VERTEX_POINT('',#8644);
#3469=VERTEX_POINT('',#8650);
#3470=VERTEX_POINT('',#8654);
#3471=VERTEX_POINT('',#8658);
#3472=VERTEX_POINT('',#8662);
#3473=VERTEX_POINT('',#8673);
#3474=VERTEX_POINT('',#8686);
#3475=VERTEX_POINT('',#8692);
#3476=VERTEX_POINT('',#8696);
#3477=VERTEX_POINT('',#8700);
#3478=VERTEX_POINT('',#8711);
#3479=VERTEX_POINT('',#8724);
#3480=VERTEX_POINT('',#8742);
#3481=VERTEX_POINT('',#8744);
#3482=VERTEX_POINT('',#8748);
#3483=VERTEX_POINT('',#8752);
#3484=VERTEX_POINT('',#8756);
#3485=VERTEX_POINT('',#8760);
#3486=VERTEX_POINT('',#8764);
#3487=VERTEX_POINT('',#8768);
#3488=VERTEX_POINT('',#8772);
#3489=VERTEX_POINT('',#8776);
#3490=VERTEX_POINT('',#8780);
#3491=VERTEX_POINT('',#8784);
#3492=VERTEX_POINT('',#8788);
#3493=VERTEX_POINT('',#8792);
#3494=VERTEX_POINT('',#8796);
#3495=VERTEX_POINT('',#8803);
#3496=VERTEX_POINT('',#8804);
#3497=VERTEX_POINT('',#8806);
#3498=VERTEX_POINT('',#8808);
#3499=VERTEX_POINT('',#8812);
#3500=VERTEX_POINT('',#8813);
#3501=VERTEX_POINT('',#8825);
#3502=VERTEX_POINT('',#8826);
#3503=VERTEX_POINT('',#8842);
#3504=VERTEX_POINT('',#8843);
#3505=VERTEX_POINT('',#8859);
#3506=VERTEX_POINT('',#8860);
#3507=VERTEX_POINT('',#8876);
#3508=VERTEX_POINT('',#8877);
#3509=VERTEX_POINT('',#8886);
#3510=VERTEX_POINT('',#8888);
#3511=VERTEX_POINT('',#8892);
#3512=VERTEX_POINT('',#8896);
#3513=VERTEX_POINT('',#8907);
#3514=VERTEX_POINT('',#8920);
#3515=VERTEX_POINT('',#8933);
#3516=VERTEX_POINT('',#8939);
#3517=VERTEX_POINT('',#8950);
#3518=VERTEX_POINT('',#8963);
#3519=VERTEX_POINT('',#8969);
#3520=VERTEX_POINT('',#8973);
#3521=VERTEX_POINT('',#8984);
#3522=VERTEX_POINT('',#8997);
#3523=VERTEX_POINT('',#9010);
#3524=VERTEX_POINT('',#9023);
#3525=VERTEX_POINT('',#9036);
#3526=VERTEX_POINT('',#9049);
#3527=VERTEX_POINT('',#9079);
#3528=VERTEX_POINT('',#9080);
#3529=VERTEX_POINT('',#9084);
#3530=VERTEX_POINT('',#9086);
#3531=VERTEX_POINT('',#9099);
#3532=VERTEX_POINT('',#9100);
#3533=VERTEX_POINT('',#9116);
#3534=VERTEX_POINT('',#9117);
#3535=VERTEX_POINT('',#9133);
#3536=VERTEX_POINT('',#9134);
#3537=VERTEX_POINT('',#9150);
#3538=VERTEX_POINT('',#9151);
#3539=VERTEX_POINT('',#9167);
#3540=VERTEX_POINT('',#9168);
#3541=VERTEX_POINT('',#9177);
#3542=VERTEX_POINT('',#9178);
#3543=VERTEX_POINT('',#9190);
#3544=VERTEX_POINT('',#9194);
#3545=VERTEX_POINT('',#9205);
#3546=VERTEX_POINT('',#9218);
#3547=VERTEX_POINT('',#9231);
#3548=VERTEX_POINT('',#9244);
#3549=VERTEX_POINT('',#9257);
#3550=VERTEX_POINT('',#9270);
#3551=VERTEX_POINT('',#9276);
#3552=VERTEX_POINT('',#9280);
#3553=VERTEX_POINT('',#9284);
#3554=VERTEX_POINT('',#9288);
#3555=VERTEX_POINT('',#9292);
#3556=VERTEX_POINT('',#9296);
#3557=VERTEX_POINT('',#9307);
#3558=VERTEX_POINT('',#9330);
#3559=VERTEX_POINT('',#9332);
#3560=VERTEX_POINT('',#9336);
#3561=VERTEX_POINT('',#9347);
#3562=VERTEX_POINT('',#9360);
#3563=VERTEX_POINT('',#9373);
#3564=VERTEX_POINT('',#9379);
#3565=VERTEX_POINT('',#9383);
#3566=VERTEX_POINT('',#9387);
#3567=VERTEX_POINT('',#9391);
#3568=VERTEX_POINT('',#9395);
#3569=VERTEX_POINT('',#9399);
#3570=VERTEX_POINT('',#9403);
#3571=VERTEX_POINT('',#9407);
#3572=VERTEX_POINT('',#9418);
#3573=VERTEX_POINT('',#9431);
#3574=VERTEX_POINT('',#9444);
#3575=VERTEX_POINT('',#9460);
#3576=VERTEX_POINT('',#9464);
#3577=VERTEX_POINT('',#9475);
#3578=VERTEX_POINT('',#9488);
#3579=VERTEX_POINT('',#9494);
#3580=VERTEX_POINT('',#9498);
#3581=VERTEX_POINT('',#9502);
#3582=VERTEX_POINT('',#9506);
#3583=VERTEX_POINT('',#9510);
#3584=VERTEX_POINT('',#9514);
#3585=VERTEX_POINT('',#9518);
#3586=VERTEX_POINT('',#9522);
#3587=VERTEX_POINT('',#9526);
#3588=VERTEX_POINT('',#9530);
#3589=VERTEX_POINT('',#9534);
#3590=VERTEX_POINT('',#9545);
#3591=VERTEX_POINT('',#9558);
#3592=VERTEX_POINT('',#9571);
#3593=VERTEX_POINT('',#9587);
#3594=VERTEX_POINT('',#9591);
#3595=VERTEX_POINT('',#9602);
#3596=VERTEX_POINT('',#9608);
#3597=VERTEX_POINT('',#9619);
#3598=VERTEX_POINT('',#9632);
#3599=VERTEX_POINT('',#9645);
#3600=VERTEX_POINT('',#9658);
#3601=VERTEX_POINT('',#9664);
#3602=VERTEX_POINT('',#9668);
#3603=VERTEX_POINT('',#9672);
#3604=VERTEX_POINT('',#9676);
#3605=VERTEX_POINT('',#9687);
#3606=VERTEX_POINT('',#9700);
#3607=VERTEX_POINT('',#9713);
#3608=VERTEX_POINT('',#9719);
#3609=VERTEX_POINT('',#9730);
#3610=VERTEX_POINT('',#9736);
#3611=VERTEX_POINT('',#9747);
#3612=VERTEX_POINT('',#9753);
#3613=VERTEX_POINT('',#9764);
#3614=VERTEX_POINT('',#9777);
#3615=VERTEX_POINT('',#9783);
#3616=VERTEX_POINT('',#9787);
#3617=VERTEX_POINT('',#9791);
#3618=VERTEX_POINT('',#9802);
#3619=VERTEX_POINT('',#9820);
#3620=VERTEX_POINT('',#9822);
#3621=VERTEX_POINT('',#9826);
#3622=VERTEX_POINT('',#9830);
#3623=VERTEX_POINT('',#9834);
#3624=VERTEX_POINT('',#9838);
#3625=VERTEX_POINT('',#9842);
#3626=VERTEX_POINT('',#9846);
#3627=VERTEX_POINT('',#9850);
#3628=VERTEX_POINT('',#9854);
#3629=VERTEX_POINT('',#9865);
#3630=VERTEX_POINT('',#9878);
#3631=VERTEX_POINT('',#9884);
#3632=VERTEX_POINT('',#9891);
#3633=VERTEX_POINT('',#9893);
#3634=VERTEX_POINT('',#9897);
#3635=VERTEX_POINT('',#9901);
#3636=VERTEX_POINT('',#9915);
#3637=VERTEX_POINT('',#9919);
#3638=VERTEX_POINT('',#9930);
#3639=VERTEX_POINT('',#9943);
#3640=VERTEX_POINT('',#9956);
#3641=VERTEX_POINT('',#9974);
#3642=VERTEX_POINT('',#9976);
#3643=VERTEX_POINT('',#9980);
#3644=VERTEX_POINT('',#9984);
#3645=VERTEX_POINT('',#9988);
#3646=VERTEX_POINT('',#9999);
#3647=VERTEX_POINT('',#10012);
#3648=VERTEX_POINT('',#10018);
#3649=VERTEX_POINT('',#10022);
#3650=VERTEX_POINT('',#10033);
#3651=VERTEX_POINT('',#10046);
#3652=VERTEX_POINT('',#10059);
#3653=VERTEX_POINT('',#10065);
#3654=VERTEX_POINT('',#10069);
#3655=VERTEX_POINT('',#10073);
#3656=VERTEX_POINT('',#10077);
#3657=VERTEX_POINT('',#10081);
#3658=VERTEX_POINT('',#10085);
#3659=VERTEX_POINT('',#10092);
#3660=VERTEX_POINT('',#10094);
#3661=VERTEX_POINT('',#10098);
#3662=VERTEX_POINT('',#10102);
#3663=VERTEX_POINT('',#10113);
#3664=VERTEX_POINT('',#10119);
#3665=VERTEX_POINT('',#10123);
#3666=VERTEX_POINT('',#10127);
#3667=VERTEX_POINT('',#10131);
#3668=VERTEX_POINT('',#10142);
#3669=VERTEX_POINT('',#10155);
#3670=VERTEX_POINT('',#10161);
#3671=VERTEX_POINT('',#10165);
#3672=VERTEX_POINT('',#10169);
#3673=VERTEX_POINT('',#10173);
#3674=VERTEX_POINT('',#10177);
#3675=VERTEX_POINT('',#10181);
#3676=VERTEX_POINT('',#10188);
#3677=VERTEX_POINT('',#10190);
#3678=VERTEX_POINT('',#10194);
#3679=VERTEX_POINT('',#10205);
#3680=VERTEX_POINT('',#10218);
#3681=VERTEX_POINT('',#10231);
#3682=VERTEX_POINT('',#10244);
#3683=VERTEX_POINT('',#10250);
#3684=VERTEX_POINT('',#10254);
#3685=VERTEX_POINT('',#10258);
#3686=VERTEX_POINT('',#10269);
#3687=VERTEX_POINT('',#10282);
#3688=VERTEX_POINT('',#10295);
#3689=VERTEX_POINT('',#10301);
#3690=VERTEX_POINT('',#10305);
#3691=VERTEX_POINT('',#10316);
#3692=VERTEX_POINT('',#10332);
#3693=VERTEX_POINT('',#10334);
#3694=VERTEX_POINT('',#10343);
#3695=VERTEX_POINT('',#10345);
#3696=VERTEX_POINT('',#10349);
#3697=VERTEX_POINT('',#10351);
#3698=VERTEX_POINT('',#10355);
#3699=VERTEX_POINT('',#10357);
#3700=VERTEX_POINT('',#10361);
#3701=VERTEX_POINT('',#10363);
#3702=VERTEX_POINT('',#10367);
#3703=VERTEX_POINT('',#10369);
#3704=VERTEX_POINT('',#10373);
#3705=VERTEX_POINT('',#10375);
#3706=VERTEX_POINT('',#10379);
#3707=VERTEX_POINT('',#10381);
#3708=VERTEX_POINT('',#10395);
#3709=VERTEX_POINT('',#10397);
#3710=VERTEX_POINT('',#10414);
#3711=VERTEX_POINT('',#10427);
#3712=VERTEX_POINT('',#10440);
#3713=LINE('',#7313,#4257);
#3714=LINE('',#7316,#4258);
#3715=LINE('',#7318,#4259);
#3716=LINE('',#7320,#4260);
#3717=LINE('',#7322,#4261);
#3718=LINE('',#7325,#4262);
#3719=LINE('',#7327,#4263);
#3720=LINE('',#7329,#4264);
#3721=LINE('',#7331,#4265);
#3722=LINE('',#7333,#4266);
#3723=LINE('',#7335,#4267);
#3724=LINE('',#7337,#4268);
#3725=LINE('',#7339,#4269);
#3726=LINE('',#7342,#4270);
#3727=LINE('',#7344,#4271);
#3728=LINE('',#7370,#4272);
#3729=LINE('',#7372,#4273);
#3730=LINE('',#7382,#4274);
#3731=LINE('',#7396,#4275);
#3732=LINE('',#7397,#4276);
#3733=LINE('',#7400,#4277);
#3734=LINE('',#7402,#4278);
#3735=LINE('',#7428,#4279);
#3736=LINE('',#7430,#4280);
#3737=LINE('',#7440,#4281);
#3738=LINE('',#7454,#4282);
#3739=LINE('',#7476,#4283);
#3740=LINE('',#7494,#4284);
#3741=LINE('',#7497,#4285);
#3742=LINE('',#7500,#4286);
#3743=LINE('',#7502,#4287);
#3744=LINE('',#7504,#4288);
#3745=LINE('',#7506,#4289);
#3746=LINE('',#7508,#4290);
#3747=LINE('',#7510,#4291);
#3748=LINE('',#7512,#4292);
#3749=LINE('',#7514,#4293);
#3750=LINE('',#7516,#4294);
#3751=LINE('',#7518,#4295);
#3752=LINE('',#7520,#4296);
#3753=LINE('',#7522,#4297);
#3754=LINE('',#7524,#4298);
#3755=LINE('',#7526,#4299);
#3756=LINE('',#7536,#4300);
#3757=LINE('',#7542,#4301);
#3758=LINE('',#7544,#4302);
#3759=LINE('',#7546,#4303);
#3760=LINE('',#7548,#4304);
#3761=LINE('',#7550,#4305);
#3762=LINE('',#7552,#4306);
#3763=LINE('',#7573,#4307);
#3764=LINE('',#7576,#4308);
#3765=LINE('',#7578,#4309);
#3766=LINE('',#7592,#4310);
#3767=LINE('',#7594,#4311);
#3768=LINE('',#7596,#4312);
#3769=LINE('',#7598,#4313);
#3770=LINE('',#7600,#4314);
#3771=LINE('',#7604,#4315);
#3772=LINE('',#7606,#4316);
#3773=LINE('',#7628,#4317);
#3774=LINE('',#7642,#4318);
#3775=LINE('',#7644,#4319);
#3776=LINE('',#7646,#4320);
#3777=LINE('',#7648,#4321);
#3778=LINE('',#7650,#4322);
#3779=LINE('',#7652,#4323);
#3780=LINE('',#7654,#4324);
#3781=LINE('',#7656,#4325);
#3782=LINE('',#7658,#4326);
#3783=LINE('',#7660,#4327);
#3784=LINE('',#7662,#4328);
#3785=LINE('',#7686,#4329);
#3786=LINE('',#7726,#4330);
#3787=LINE('',#7754,#4331);
#3788=LINE('',#7766,#4332);
#3789=LINE('',#7768,#4333);
#3790=LINE('',#7770,#4334);
#3791=LINE('',#7772,#4335);
#3792=LINE('',#7774,#4336);
#3793=LINE('',#7776,#4337);
#3794=LINE('',#7779,#4338);
#3795=LINE('',#7782,#4339);
#3796=LINE('',#7784,#4340);
#3797=LINE('',#7786,#4341);
#3798=LINE('',#7807,#4342);
#3799=LINE('',#7810,#4343);
#3800=LINE('',#7812,#4344);
#3801=LINE('',#7814,#4345);
#3802=LINE('',#7816,#4346);
#3803=LINE('',#7818,#4347);
#3804=LINE('',#7820,#4348);
#3805=LINE('',#7822,#4349);
#3806=LINE('',#7824,#4350);
#3807=LINE('',#7838,#4351);
#3808=LINE('',#7850,#4352);
#3809=LINE('',#7852,#4353);
#3810=LINE('',#7853,#4354);
#3811=LINE('',#7856,#4355);
#3812=LINE('',#7858,#4356);
#3813=LINE('',#7862,#4357);
#3814=LINE('',#7866,#4358);
#3815=LINE('',#7868,#4359);
#3816=LINE('',#7870,#4360);
#3817=LINE('',#7882,#4361);
#3818=LINE('',#7892,#4362);
#3819=LINE('',#7893,#4363);
#3820=LINE('',#7896,#4364);
#3821=LINE('',#7906,#4365);
#3822=LINE('',#7922,#4366);
#3823=LINE('',#7924,#4367);
#3824=LINE('',#7926,#4368);
#3825=LINE('',#7944,#4369);
#3826=LINE('',#7946,#4370);
#3827=LINE('',#7948,#4371);
#3828=LINE('',#7962,#4372);
#3829=LINE('',#7964,#4373);
#3830=LINE('',#7966,#4374);
#3831=LINE('',#7992,#4375);
#3832=LINE('',#7994,#4376);
#3833=LINE('',#7997,#4377);
#3834=LINE('',#7999,#4378);
#3835=LINE('',#8001,#4379);
#3836=LINE('',#8003,#4380);
#3837=LINE('',#8006,#4381);
#3838=LINE('',#8008,#4382);
#3839=LINE('',#8010,#4383);
#3840=LINE('',#8037,#4384);
#3841=LINE('',#8040,#4385);
#3842=LINE('',#8042,#4386);
#3843=LINE('',#8044,#4387);
#3844=LINE('',#8046,#4388);
#3845=LINE('',#8048,#4389);
#3846=LINE('',#8050,#4390);
#3847=LINE('',#8052,#4391);
#3848=LINE('',#8054,#4392);
#3849=LINE('',#8056,#4393);
#3850=LINE('',#8058,#4394);
#3851=LINE('',#8059,#4395);
#3852=LINE('',#8061,#4396);
#3853=LINE('',#8066,#4397);
#3854=LINE('',#8068,#4398);
#3855=LINE('',#8069,#4399);
#3856=LINE('',#8078,#4400);
#3857=LINE('',#8085,#4401);
#3858=LINE('',#8098,#4402);
#3859=LINE('',#8115,#4403);
#3860=LINE('',#8132,#4404);
#3861=LINE('',#8149,#4405);
#3862=LINE('',#8166,#4406);
#3863=LINE('',#8183,#4407);
#3864=LINE('',#8193,#4408);
#3865=LINE('',#8196,#4409);
#3866=LINE('',#8197,#4410);
#3867=LINE('',#8206,#4411);
#3868=LINE('',#8212,#4412);
#3869=LINE('',#8226,#4413);
#3870=LINE('',#8234,#4414);
#3871=LINE('',#8236,#4415);
#3872=LINE('',#8240,#4416);
#3873=LINE('',#8242,#4417);
#3874=LINE('',#8246,#4418);
#3875=LINE('',#8248,#4419);
#3876=LINE('',#8250,#4420);
#3877=LINE('',#8252,#4421);
#3878=LINE('',#8254,#4422);
#3879=LINE('',#8258,#4423);
#3880=LINE('',#8260,#4424);
#3881=LINE('',#8262,#4425);
#3882=LINE('',#8264,#4426);
#3883=LINE('',#8266,#4427);
#3884=LINE('',#8273,#4428);
#3885=LINE('',#8279,#4429);
#3886=LINE('',#8281,#4430);
#3887=LINE('',#8294,#4431);
#3888=LINE('',#8307,#4432);
#3889=LINE('',#8320,#4433);
#3890=LINE('',#8352,#4434);
#3891=LINE('',#8355,#4435);
#3892=LINE('',#8357,#4436);
#3893=LINE('',#8359,#4437);
#3894=LINE('',#8361,#4438);
#3895=LINE('',#8364,#4439);
#3896=LINE('',#8365,#4440);
#3897=LINE('',#8374,#4441);
#3898=LINE('',#8391,#4442);
#3899=LINE('',#8408,#4443);
#3900=LINE('',#8425,#4444);
#3901=LINE('',#8435,#4445);
#3902=LINE('',#8437,#4446);
#3903=LINE('',#8439,#4447);
#3904=LINE('',#8441,#4448);
#3905=LINE('',#8443,#4449);
#3906=LINE('',#8445,#4450);
#3907=LINE('',#8447,#4451);
#3908=LINE('',#8456,#4452);
#3909=LINE('',#8469,#4453);
#3910=LINE('',#8482,#4454);
#3911=LINE('',#8488,#4455);
#3912=LINE('',#8490,#4456);
#3913=LINE('',#8499,#4457);
#3914=LINE('',#8512,#4458);
#3915=LINE('',#8518,#4459);
#3916=LINE('',#8520,#4460);
#3917=LINE('',#8522,#4461);
#3918=LINE('',#8524,#4462);
#3919=LINE('',#8533,#4463);
#3920=LINE('',#8546,#4464);
#3921=LINE('',#8559,#4465);
#3922=LINE('',#8572,#4466);
#3923=LINE('',#8585,#4467);
#3924=LINE('',#8598,#4468);
#3925=LINE('',#8604,#4469);
#3926=LINE('',#8628,#4470);
#3927=LINE('',#8634,#4471);
#3928=LINE('',#8643,#4472);
#3929=LINE('',#8649,#4473);
#3930=LINE('',#8653,#4474);
#3931=LINE('',#8655,#4475);
#3932=LINE('',#8657,#4476);
#3933=LINE('',#8661,#4477);
#3934=LINE('',#8672,#4478);
#3935=LINE('',#8685,#4479);
#3936=LINE('',#8691,#4480);
#3937=LINE('',#8695,#4481);
#3938=LINE('',#8699,#4482);
#3939=LINE('',#8701,#4483);
#3940=LINE('',#8710,#4484);
#3941=LINE('',#8723,#4485);
#3942=LINE('',#8741,#4486);
#3943=LINE('',#8743,#4487);
#3944=LINE('',#8745,#4488);
#3945=LINE('',#8747,#4489);
#3946=LINE('',#8749,#4490);
#3947=LINE('',#8751,#4491);
#3948=LINE('',#8753,#4492);
#3949=LINE('',#8755,#4493);
#3950=LINE('',#8757,#4494);
#3951=LINE('',#8759,#4495);
#3952=LINE('',#8761,#4496);
#3953=LINE('',#8763,#4497);
#3954=LINE('',#8765,#4498);
#3955=LINE('',#8767,#4499);
#3956=LINE('',#8769,#4500);
#3957=LINE('',#8771,#4501);
#3958=LINE('',#8773,#4502);
#3959=LINE('',#8775,#4503);
#3960=LINE('',#8777,#4504);
#3961=LINE('',#8779,#4505);
#3962=LINE('',#8781,#4506);
#3963=LINE('',#8783,#4507);
#3964=LINE('',#8785,#4508);
#3965=LINE('',#8787,#4509);
#3966=LINE('',#8789,#4510);
#3967=LINE('',#8791,#4511);
#3968=LINE('',#8793,#4512);
#3969=LINE('',#8795,#4513);
#3970=LINE('',#8797,#4514);
#3971=LINE('',#8799,#4515);
#3972=LINE('',#8802,#4516);
#3973=LINE('',#8805,#4517);
#3974=LINE('',#8807,#4518);
#3975=LINE('',#8809,#4519);
#3976=LINE('',#8811,#4520);
#3977=LINE('',#8814,#4521);
#3978=LINE('',#8815,#4522);
#3979=LINE('',#8824,#4523);
#3980=LINE('',#8841,#4524);
#3981=LINE('',#8858,#4525);
#3982=LINE('',#8875,#4526);
#3983=LINE('',#8885,#4527);
#3984=LINE('',#8887,#4528);
#3985=LINE('',#8889,#4529);
#3986=LINE('',#8891,#4530);
#3987=LINE('',#8893,#4531);
#3988=LINE('',#8895,#4532);
#3989=LINE('',#8897,#4533);
#3990=LINE('',#8906,#4534);
#3991=LINE('',#8919,#4535);
#3992=LINE('',#8932,#4536);
#3993=LINE('',#8938,#4537);
#3994=LINE('',#8940,#4538);
#3995=LINE('',#8949,#4539);
#3996=LINE('',#8962,#4540);
#3997=LINE('',#8968,#4541);
#3998=LINE('',#8970,#4542);
#3999=LINE('',#8972,#4543);
#4000=LINE('',#8974,#4544);
#4001=LINE('',#8983,#4545);
#4002=LINE('',#8996,#4546);
#4003=LINE('',#9009,#4547);
#4004=LINE('',#9022,#4548);
#4005=LINE('',#9035,#4549);
#4006=LINE('',#9048,#4550);
#4007=LINE('',#9054,#4551);
#4008=LINE('',#9078,#4552);
#4009=LINE('',#9085,#4553);
#4010=LINE('',#9098,#4554);
#4011=LINE('',#9115,#4555);
#4012=LINE('',#9132,#4556);
#4013=LINE('',#9149,#4557);
#4014=LINE('',#9166,#4558);
#4015=LINE('',#9176,#4559);
#4016=LINE('',#9179,#4560);
#4017=LINE('',#9180,#4561);
#4018=LINE('',#9189,#4562);
#4019=LINE('',#9195,#4563);
#4020=LINE('',#9204,#4564);
#4021=LINE('',#9217,#4565);
#4022=LINE('',#9230,#4566);
#4023=LINE('',#9243,#4567);
#4024=LINE('',#9256,#4568);
#4025=LINE('',#9269,#4569);
#4026=LINE('',#9275,#4570);
#4027=LINE('',#9277,#4571);
#4028=LINE('',#9279,#4572);
#4029=LINE('',#9281,#4573);
#4030=LINE('',#9283,#4574);
#4031=LINE('',#9285,#4575);
#4032=LINE('',#9287,#4576);
#4033=LINE('',#9289,#4577);
#4034=LINE('',#9291,#4578);
#4035=LINE('',#9293,#4579);
#4036=LINE('',#9295,#4580);
#4037=LINE('',#9297,#4581);
#4038=LINE('',#9306,#4582);
#4039=LINE('',#9312,#4583);
#4040=LINE('',#9329,#4584);
#4041=LINE('',#9331,#4585);
#4042=LINE('',#9333,#4586);
#4043=LINE('',#9335,#4587);
#4044=LINE('',#9337,#4588);
#4045=LINE('',#9346,#4589);
#4046=LINE('',#9359,#4590);
#4047=LINE('',#9372,#4591);
#4048=LINE('',#9378,#4592);
#4049=LINE('',#9380,#4593);
#4050=LINE('',#9382,#4594);
#4051=LINE('',#9384,#4595);
#4052=LINE('',#9386,#4596);
#4053=LINE('',#9390,#4597);
#4054=LINE('',#9392,#4598);
#4055=LINE('',#9394,#4599);
#4056=LINE('',#9396,#4600);
#4057=LINE('',#9398,#4601);
#4058=LINE('',#9400,#4602);
#4059=LINE('',#9402,#4603);
#4060=LINE('',#9404,#4604);
#4061=LINE('',#9406,#4605);
#4062=LINE('',#9408,#4606);
#4063=LINE('',#9417,#4607);
#4064=LINE('',#9430,#4608);
#4065=LINE('',#9443,#4609);
#4066=LINE('',#9449,#4610);
#4067=LINE('',#9459,#4611);
#4068=LINE('',#9465,#4612);
#4069=LINE('',#9474,#4613);
#4070=LINE('',#9487,#4614);
#4071=LINE('',#9493,#4615);
#4072=LINE('',#9495,#4616);
#4073=LINE('',#9497,#4617);
#4074=LINE('',#9499,#4618);
#4075=LINE('',#9501,#4619);
#4076=LINE('',#9503,#4620);
#4077=LINE('',#9505,#4621);
#4078=LINE('',#9507,#4622);
#4079=LINE('',#9509,#4623);
#4080=LINE('',#9511,#4624);
#4081=LINE('',#9513,#4625);
#4082=LINE('',#9515,#4626);
#4083=LINE('',#9517,#4627);
#4084=LINE('',#9519,#4628);
#4085=LINE('',#9521,#4629);
#4086=LINE('',#9523,#4630);
#4087=LINE('',#9525,#4631);
#4088=LINE('',#9527,#4632);
#4089=LINE('',#9529,#4633);
#4090=LINE('',#9531,#4634);
#4091=LINE('',#9533,#4635);
#4092=LINE('',#9535,#4636);
#4093=LINE('',#9544,#4637);
#4094=LINE('',#9557,#4638);
#4095=LINE('',#9570,#4639);
#4096=LINE('',#9576,#4640);
#4097=LINE('',#9586,#4641);
#4098=LINE('',#9592,#4642);
#4099=LINE('',#9601,#4643);
#4100=LINE('',#9607,#4644);
#4101=LINE('',#9618,#4645);
#4102=LINE('',#9631,#4646);
#4103=LINE('',#9644,#4647);
#4104=LINE('',#9657,#4648);
#4105=LINE('',#9663,#4649);
#4106=LINE('',#9667,#4650);
#4107=LINE('',#9671,#4651);
#4108=LINE('',#9673,#4652);
#4109=LINE('',#9675,#4653);
#4110=LINE('',#9686,#4654);
#4111=LINE('',#9699,#4655);
#4112=LINE('',#9712,#4656);
#4113=LINE('',#9718,#4657);
#4114=LINE('',#9729,#4658);
#4115=LINE('',#9735,#4659);
#4116=LINE('',#9746,#4660);
#4117=LINE('',#9752,#4661);
#4118=LINE('',#9763,#4662);
#4119=LINE('',#9776,#4663);
#4120=LINE('',#9782,#4664);
#4121=LINE('',#9786,#4665);
#4122=LINE('',#9788,#4666);
#4123=LINE('',#9790,#4667);
#4124=LINE('',#9801,#4668);
#4125=LINE('',#9819,#4669);
#4126=LINE('',#9823,#4670);
#4127=LINE('',#9825,#4671);
#4128=LINE('',#9829,#4672);
#4129=LINE('',#9833,#4673);
#4130=LINE('',#9835,#4674);
#4131=LINE('',#9837,#4675);
#4132=LINE('',#9839,#4676);
#4133=LINE('',#9841,#4677);
#4134=LINE('',#9843,#4678);
#4135=LINE('',#9845,#4679);
#4136=LINE('',#9847,#4680);
#4137=LINE('',#9849,#4681);
#4138=LINE('',#9851,#4682);
#4139=LINE('',#9853,#4683);
#4140=LINE('',#9855,#4684);
#4141=LINE('',#9864,#4685);
#4142=LINE('',#9877,#4686);
#4143=LINE('',#9883,#4687);
#4144=LINE('',#9887,#4688);
#4145=LINE('',#9890,#4689);
#4146=LINE('',#9892,#4690);
#4147=LINE('',#9894,#4691);
#4148=LINE('',#9896,#4692);
#4149=LINE('',#9898,#4693);
#4150=LINE('',#9900,#4694);
#4151=LINE('',#9902,#4695);
#4152=LINE('',#9904,#4696);
#4153=LINE('',#9914,#4697);
#4154=LINE('',#9920,#4698);
#4155=LINE('',#9929,#4699);
#4156=LINE('',#9942,#4700);
#4157=LINE('',#9955,#4701);
#4158=LINE('',#9973,#4702);
#4159=LINE('',#9975,#4703);
#4160=LINE('',#9977,#4704);
#4161=LINE('',#9979,#4705);
#4162=LINE('',#9981,#4706);
#4163=LINE('',#9983,#4707);
#4164=LINE('',#9985,#4708);
#4165=LINE('',#9987,#4709);
#4166=LINE('',#9989,#4710);
#4167=LINE('',#9998,#4711);
#4168=LINE('',#10011,#4712);
#4169=LINE('',#10017,#4713);
#4170=LINE('',#10021,#4714);
#4171=LINE('',#10023,#4715);
#4172=LINE('',#10032,#4716);
#4173=LINE('',#10045,#4717);
#4174=LINE('',#10058,#4718);
#4175=LINE('',#10064,#4719);
#4176=LINE('',#10066,#4720);
#4177=LINE('',#10068,#4721);
#4178=LINE('',#10070,#4722);
#4179=LINE('',#10072,#4723);
#4180=LINE('',#10074,#4724);
#4181=LINE('',#10076,#4725);
#4182=LINE('',#10078,#4726);
#4183=LINE('',#10080,#4727);
#4184=LINE('',#10082,#4728);
#4185=LINE('',#10084,#4729);
#4186=LINE('',#10086,#4730);
#4187=LINE('',#10088,#4731);
#4188=LINE('',#10091,#4732);
#4189=LINE('',#10093,#4733);
#4190=LINE('',#10095,#4734);
#4191=LINE('',#10097,#4735);
#4192=LINE('',#10099,#4736);
#4193=LINE('',#10101,#4737);
#4194=LINE('',#10103,#4738);
#4195=LINE('',#10112,#4739);
#4196=LINE('',#10118,#4740);
#4197=LINE('',#10122,#4741);
#4198=LINE('',#10126,#4742);
#4199=LINE('',#10128,#4743);
#4200=LINE('',#10130,#4744);
#4201=LINE('',#10141,#4745);
#4202=LINE('',#10154,#4746);
#4203=LINE('',#10160,#4747);
#4204=LINE('',#10162,#4748);
#4205=LINE('',#10164,#4749);
#4206=LINE('',#10166,#4750);
#4207=LINE('',#10168,#4751);
#4208=LINE('',#10170,#4752);
#4209=LINE('',#10172,#4753);
#4210=LINE('',#10176,#4754);
#4211=LINE('',#10178,#4755);
#4212=LINE('',#10180,#4756);
#4213=LINE('',#10184,#4757);
#4214=LINE('',#10187,#4758);
#4215=LINE('',#10189,#4759);
#4216=LINE('',#10191,#4760);
#4217=LINE('',#10193,#4761);
#4218=LINE('',#10195,#4762);
#4219=LINE('',#10204,#4763);
#4220=LINE('',#10217,#4764);
#4221=LINE('',#10230,#4765);
#4222=LINE('',#10243,#4766);
#4223=LINE('',#10249,#4767);
#4224=LINE('',#10251,#4768);
#4225=LINE('',#10253,#4769);
#4226=LINE('',#10255,#4770);
#4227=LINE('',#10257,#4771);
#4228=LINE('',#10259,#4772);
#4229=LINE('',#10268,#4773);
#4230=LINE('',#10281,#4774);
#4231=LINE('',#10294,#4775);
#4232=LINE('',#10300,#4776);
#4233=LINE('',#10304,#4777);
#4234=LINE('',#10306,#4778);
#4235=LINE('',#10315,#4779);
#4236=LINE('',#10333,#4780);
#4237=LINE('',#10344,#4781);
#4238=LINE('',#10350,#4782);
#4239=LINE('',#10352,#4783);
#4240=LINE('',#10356,#4784);
#4241=LINE('',#10358,#4785);
#4242=LINE('',#10362,#4786);
#4243=LINE('',#10364,#4787);
#4244=LINE('',#10366,#4788);
#4245=LINE('',#10368,#4789);
#4246=LINE('',#10370,#4790);
#4247=LINE('',#10374,#4791);
#4248=LINE('',#10376,#4792);
#4249=LINE('',#10378,#4793);
#4250=LINE('',#10380,#4794);
#4251=LINE('',#10382,#4795);
#4252=LINE('',#10396,#4796);
#4253=LINE('',#10413,#4797);
#4254=LINE('',#10426,#4798);
#4255=LINE('',#10439,#4799);
#4256=LINE('',#10445,#4800);
#4257=VECTOR('',#6233,1.);
#4258=VECTOR('',#6234,1.);
#4259=VECTOR('',#6235,1.);
#4260=VECTOR('',#6236,1.);
#4261=VECTOR('',#6239,1.);
#4262=VECTOR('',#6240,1.);
#4263=VECTOR('',#6241,1.);
#4264=VECTOR('',#6242,1.);
#4265=VECTOR('',#6243,1.);
#4266=VECTOR('',#6244,1.);
#4267=VECTOR('',#6245,1.);
#4268=VECTOR('',#6246,1.);
#4269=VECTOR('',#6249,1.);
#4270=VECTOR('',#6250,1.);
#4271=VECTOR('',#6251,1.);
#4272=VECTOR('',#6252,1.);
#4273=VECTOR('',#6253,1.);
#4274=VECTOR('',#6254,1.);
#4275=VECTOR('',#6255,1.);
#4276=VECTOR('',#6256,1.);
#4277=VECTOR('',#6257,1.);
#4278=VECTOR('',#6258,1.);
#4279=VECTOR('',#6259,1.);
#4280=VECTOR('',#6260,1.);
#4281=VECTOR('',#6261,1.);
#4282=VECTOR('',#6262,1.);
#4283=VECTOR('',#6263,1.);
#4284=VECTOR('',#6272,1.);
#4285=VECTOR('',#6275,1.);
#4286=VECTOR('',#6276,1.);
#4287=VECTOR('',#6277,1.);
#4288=VECTOR('',#6278,1.);
#4289=VECTOR('',#6279,1.);
#4290=VECTOR('',#6280,1.);
#4291=VECTOR('',#6281,1.);
#4292=VECTOR('',#6282,1.);
#4293=VECTOR('',#6283,1.);
#4294=VECTOR('',#6284,1.);
#4295=VECTOR('',#6285,1.);
#4296=VECTOR('',#6286,1.);
#4297=VECTOR('',#6287,1.);
#4298=VECTOR('',#6288,1.);
#4299=VECTOR('',#6289,1.);
#4300=VECTOR('',#6290,1.);
#4301=VECTOR('',#6291,1.);
#4302=VECTOR('',#6292,1.);
#4303=VECTOR('',#6293,1.);
#4304=VECTOR('',#6294,1.);
#4305=VECTOR('',#6295,1.);
#4306=VECTOR('',#6296,1.);
#4307=VECTOR('',#6297,1.);
#4308=VECTOR('',#6298,1.);
#4309=VECTOR('',#6299,1.);
#4310=VECTOR('',#6300,1.);
#4311=VECTOR('',#6301,1.);
#4312=VECTOR('',#6302,1.);
#4313=VECTOR('',#6303,1.);
#4314=VECTOR('',#6304,1.);
#4315=VECTOR('',#6307,1.);
#4316=VECTOR('',#6308,1.);
#4317=VECTOR('',#6309,1.);
#4318=VECTOR('',#6310,1.);
#4319=VECTOR('',#6311,1.);
#4320=VECTOR('',#6312,1.);
#4321=VECTOR('',#6313,1.);
#4322=VECTOR('',#6314,1.);
#4323=VECTOR('',#6315,1.);
#4324=VECTOR('',#6316,1.);
#4325=VECTOR('',#6317,1.);
#4326=VECTOR('',#6318,1.);
#4327=VECTOR('',#6319,1.);
#4328=VECTOR('',#6320,1.);
#4329=VECTOR('',#6323,1.);
#4330=VECTOR('',#6334,1.);
#4331=VECTOR('',#6345,1.);
#4332=VECTOR('',#6348,1.);
#4333=VECTOR('',#6349,1.);
#4334=VECTOR('',#6350,1.);
#4335=VECTOR('',#6351,1.);
#4336=VECTOR('',#6352,1.);
#4337=VECTOR('',#6353,1.);
#4338=VECTOR('',#6356,1.);
#4339=VECTOR('',#6357,1.);
#4340=VECTOR('',#6358,1.);
#4341=VECTOR('',#6359,1.);
#4342=VECTOR('',#6360,1.);
#4343=VECTOR('',#6361,1.);
#4344=VECTOR('',#6362,1.);
#4345=VECTOR('',#6363,1.);
#4346=VECTOR('',#6364,1.);
#4347=VECTOR('',#6365,1.);
#4348=VECTOR('',#6366,1.);
#4349=VECTOR('',#6367,1.);
#4350=VECTOR('',#6368,1.);
#4351=VECTOR('',#6369,1.);
#4352=VECTOR('',#6372,1.);
#4353=VECTOR('',#6373,1.);
#4354=VECTOR('',#6374,1.);
#4355=VECTOR('',#6375,1.);
#4356=VECTOR('',#6376,1.);
#4357=VECTOR('',#6379,1.);
#4358=VECTOR('',#6382,1.);
#4359=VECTOR('',#6383,1.);
#4360=VECTOR('',#6384,1.);
#4361=VECTOR('',#6387,1.);
#4362=VECTOR('',#6392,1.);
#4363=VECTOR('',#6393,1.);
#4364=VECTOR('',#6394,1.);
#4365=VECTOR('',#6395,1.);
#4366=VECTOR('',#6398,1.);
#4367=VECTOR('',#6399,1.);
#4368=VECTOR('',#6400,1.);
#4369=VECTOR('',#6401,1.);
#4370=VECTOR('',#6402,1.);
#4371=VECTOR('',#6403,1.);
#4372=VECTOR('',#6404,1.);
#4373=VECTOR('',#6405,1.);
#4374=VECTOR('',#6406,1.);
#4375=VECTOR('',#6407,1.);
#4376=VECTOR('',#6410,1.);
#4377=VECTOR('',#6411,1.);
#4378=VECTOR('',#6412,1.);
#4379=VECTOR('',#6413,1.);
#4380=VECTOR('',#6416,1.);
#4381=VECTOR('',#6417,1.);
#4382=VECTOR('',#6418,1.);
#4383=VECTOR('',#6419,1.);
#4384=VECTOR('',#6456,1.);
#4385=VECTOR('',#6457,1.);
#4386=VECTOR('',#6458,1.);
#4387=VECTOR('',#6459,1.);
#4388=VECTOR('',#6462,1.);
#4389=VECTOR('',#6463,1.);
#4390=VECTOR('',#6464,1.);
#4391=VECTOR('',#6467,1.);
#4392=VECTOR('',#6468,1.);
#4393=VECTOR('',#6469,1.);
#4394=VECTOR('',#6472,1.);
#4395=VECTOR('',#6473,1.);
#4396=VECTOR('',#6476,1.);
#4397=VECTOR('',#6485,1.);
#4398=VECTOR('',#6488,1.);
#4399=VECTOR('',#6489,1.);
#4400=VECTOR('',#6490,1.);
#4401=VECTOR('',#6491,1.);
#4402=VECTOR('',#6492,1.);
#4403=VECTOR('',#6493,1.);
#4404=VECTOR('',#6494,1.);
#4405=VECTOR('',#6495,1.);
#4406=VECTOR('',#6496,1.);
#4407=VECTOR('',#6497,1.);
#4408=VECTOR('',#6500,1.);
#4409=VECTOR('',#6501,1.);
#4410=VECTOR('',#6502,1.);
#4411=VECTOR('',#6503,1.);
#4412=VECTOR('',#6504,1.);
#4413=VECTOR('',#6505,1.);
#4414=VECTOR('',#6510,1.);
#4415=VECTOR('',#6511,1.);
#4416=VECTOR('',#6516,1.);
#4417=VECTOR('',#6517,1.);
#4418=VECTOR('',#6522,1.);
#4419=VECTOR('',#6523,1.);
#4420=VECTOR('',#6526,1.);
#4421=VECTOR('',#6527,1.);
#4422=VECTOR('',#6528,1.);
#4423=VECTOR('',#6533,1.);
#4424=VECTOR('',#6534,1.);
#4425=VECTOR('',#6537,1.);
#4426=VECTOR('',#6538,1.);
#4427=VECTOR('',#6539,1.);
#4428=VECTOR('',#6542,1.);
#4429=VECTOR('',#6549,1.);
#4430=VECTOR('',#6550,1.);
#4431=VECTOR('',#6551,1.);
#4432=VECTOR('',#6552,1.);
#4433=VECTOR('',#6553,1.);
#4434=VECTOR('',#6558,1.);
#4435=VECTOR('',#6559,1.);
#4436=VECTOR('',#6560,1.);
#4437=VECTOR('',#6561,1.);
#4438=VECTOR('',#6564,1.);
#4439=VECTOR('',#6565,1.);
#4440=VECTOR('',#6566,1.);
#4441=VECTOR('',#6567,1.);
#4442=VECTOR('',#6568,1.);
#4443=VECTOR('',#6569,1.);
#4444=VECTOR('',#6570,1.);
#4445=VECTOR('',#6573,1.);
#4446=VECTOR('',#6574,1.);
#4447=VECTOR('',#6575,1.);
#4448=VECTOR('',#6578,1.);
#4449=VECTOR('',#6579,1.);
#4450=VECTOR('',#6582,1.);
#4451=VECTOR('',#6583,1.);
#4452=VECTOR('',#6584,1.);
#4453=VECTOR('',#6585,1.);
#4454=VECTOR('',#6586,1.);
#4455=VECTOR('',#6589,1.);
#4456=VECTOR('',#6590,1.);
#4457=VECTOR('',#6591,1.);
#4458=VECTOR('',#6592,1.);
#4459=VECTOR('',#6595,1.);
#4460=VECTOR('',#6596,1.);
#4461=VECTOR('',#6599,1.);
#4462=VECTOR('',#6600,1.);
#4463=VECTOR('',#6601,1.);
#4464=VECTOR('',#6602,1.);
#4465=VECTOR('',#6603,1.);
#4466=VECTOR('',#6604,1.);
#4467=VECTOR('',#6605,1.);
#4468=VECTOR('',#6606,1.);
#4469=VECTOR('',#6609,1.);
#4470=VECTOR('',#6612,1.);
#4471=VECTOR('',#6613,1.);
#4472=VECTOR('',#6614,1.);
#4473=VECTOR('',#6617,1.);
#4474=VECTOR('',#6622,1.);
#4475=VECTOR('',#6623,1.);
#4476=VECTOR('',#6626,1.);
#4477=VECTOR('',#6631,1.);
#4478=VECTOR('',#6634,1.);
#4479=VECTOR('',#6635,1.);
#4480=VECTOR('',#6638,1.);
#4481=VECTOR('',#6643,1.);
#4482=VECTOR('',#6648,1.);
#4483=VECTOR('',#6649,1.);
#4484=VECTOR('',#6650,1.);
#4485=VECTOR('',#6651,1.);
#4486=VECTOR('',#6656,1.);
#4487=VECTOR('',#6657,1.);
#4488=VECTOR('',#6658,1.);
#4489=VECTOR('',#6661,1.);
#4490=VECTOR('',#6662,1.);
#4491=VECTOR('',#6665,1.);
#4492=VECTOR('',#6666,1.);
#4493=VECTOR('',#6669,1.);
#4494=VECTOR('',#6670,1.);
#4495=VECTOR('',#6673,1.);
#4496=VECTOR('',#6674,1.);
#4497=VECTOR('',#6677,1.);
#4498=VECTOR('',#6678,1.);
#4499=VECTOR('',#6681,1.);
#4500=VECTOR('',#6682,1.);
#4501=VECTOR('',#6685,1.);
#4502=VECTOR('',#6686,1.);
#4503=VECTOR('',#6689,1.);
#4504=VECTOR('',#6690,1.);
#4505=VECTOR('',#6693,1.);
#4506=VECTOR('',#6694,1.);
#4507=VECTOR('',#6697,1.);
#4508=VECTOR('',#6698,1.);
#4509=VECTOR('',#6701,1.);
#4510=VECTOR('',#6702,1.);
#4511=VECTOR('',#6705,1.);
#4512=VECTOR('',#6706,1.);
#4513=VECTOR('',#6709,1.);
#4514=VECTOR('',#6710,1.);
#4515=VECTOR('',#6713,1.);
#4516=VECTOR('',#6718,1.);
#4517=VECTOR('',#6719,1.);
#4518=VECTOR('',#6720,1.);
#4519=VECTOR('',#6721,1.);
#4520=VECTOR('',#6724,1.);
#4521=VECTOR('',#6725,1.);
#4522=VECTOR('',#6726,1.);
#4523=VECTOR('',#6727,1.);
#4524=VECTOR('',#6728,1.);
#4525=VECTOR('',#6729,1.);
#4526=VECTOR('',#6730,1.);
#4527=VECTOR('',#6733,1.);
#4528=VECTOR('',#6734,1.);
#4529=VECTOR('',#6735,1.);
#4530=VECTOR('',#6738,1.);
#4531=VECTOR('',#6739,1.);
#4532=VECTOR('',#6742,1.);
#4533=VECTOR('',#6743,1.);
#4534=VECTOR('',#6744,1.);
#4535=VECTOR('',#6745,1.);
#4536=VECTOR('',#6746,1.);
#4537=VECTOR('',#6749,1.);
#4538=VECTOR('',#6750,1.);
#4539=VECTOR('',#6751,1.);
#4540=VECTOR('',#6752,1.);
#4541=VECTOR('',#6755,1.);
#4542=VECTOR('',#6756,1.);
#4543=VECTOR('',#6759,1.);
#4544=VECTOR('',#6760,1.);
#4545=VECTOR('',#6761,1.);
#4546=VECTOR('',#6762,1.);
#4547=VECTOR('',#6763,1.);
#4548=VECTOR('',#6764,1.);
#4549=VECTOR('',#6765,1.);
#4550=VECTOR('',#6766,1.);
#4551=VECTOR('',#6769,1.);
#4552=VECTOR('',#6772,1.);
#4553=VECTOR('',#6773,1.);
#4554=VECTOR('',#6774,1.);
#4555=VECTOR('',#6775,1.);
#4556=VECTOR('',#6776,1.);
#4557=VECTOR('',#6777,1.);
#4558=VECTOR('',#6778,1.);
#4559=VECTOR('',#6781,1.);
#4560=VECTOR('',#6782,1.);
#4561=VECTOR('',#6783,1.);
#4562=VECTOR('',#6784,1.);
#4563=VECTOR('',#6785,1.);
#4564=VECTOR('',#6786,1.);
#4565=VECTOR('',#6787,1.);
#4566=VECTOR('',#6788,1.);
#4567=VECTOR('',#6789,1.);
#4568=VECTOR('',#6790,1.);
#4569=VECTOR('',#6791,1.);
#4570=VECTOR('',#6794,1.);
#4571=VECTOR('',#6795,1.);
#4572=VECTOR('',#6798,1.);
#4573=VECTOR('',#6799,1.);
#4574=VECTOR('',#6802,1.);
#4575=VECTOR('',#6803,1.);
#4576=VECTOR('',#6806,1.);
#4577=VECTOR('',#6807,1.);
#4578=VECTOR('',#6810,1.);
#4579=VECTOR('',#6811,1.);
#4580=VECTOR('',#6814,1.);
#4581=VECTOR('',#6815,1.);
#4582=VECTOR('',#6816,1.);
#4583=VECTOR('',#6819,1.);
#4584=VECTOR('',#6824,1.);
#4585=VECTOR('',#6825,1.);
#4586=VECTOR('',#6826,1.);
#4587=VECTOR('',#6829,1.);
#4588=VECTOR('',#6830,1.);
#4589=VECTOR('',#6831,1.);
#4590=VECTOR('',#6832,1.);
#4591=VECTOR('',#6833,1.);
#4592=VECTOR('',#6836,1.);
#4593=VECTOR('',#6837,1.);
#4594=VECTOR('',#6840,1.);
#4595=VECTOR('',#6841,1.);
#4596=VECTOR('',#6844,1.);
#4597=VECTOR('',#6849,1.);
#4598=VECTOR('',#6850,1.);
#4599=VECTOR('',#6853,1.);
#4600=VECTOR('',#6854,1.);
#4601=VECTOR('',#6857,1.);
#4602=VECTOR('',#6858,1.);
#4603=VECTOR('',#6861,1.);
#4604=VECTOR('',#6862,1.);
#4605=VECTOR('',#6865,1.);
#4606=VECTOR('',#6866,1.);
#4607=VECTOR('',#6867,1.);
#4608=VECTOR('',#6868,1.);
#4609=VECTOR('',#6869,1.);
#4610=VECTOR('',#6872,1.);
#4611=VECTOR('',#6875,1.);
#4612=VECTOR('',#6876,1.);
#4613=VECTOR('',#6877,1.);
#4614=VECTOR('',#6878,1.);
#4615=VECTOR('',#6881,1.);
#4616=VECTOR('',#6882,1.);
#4617=VECTOR('',#6885,1.);
#4618=VECTOR('',#6886,1.);
#4619=VECTOR('',#6889,1.);
#4620=VECTOR('',#6890,1.);
#4621=VECTOR('',#6893,1.);
#4622=VECTOR('',#6894,1.);
#4623=VECTOR('',#6897,1.);
#4624=VECTOR('',#6898,1.);
#4625=VECTOR('',#6901,1.);
#4626=VECTOR('',#6902,1.);
#4627=VECTOR('',#6905,1.);
#4628=VECTOR('',#6906,1.);
#4629=VECTOR('',#6909,1.);
#4630=VECTOR('',#6910,1.);
#4631=VECTOR('',#6913,1.);
#4632=VECTOR('',#6914,1.);
#4633=VECTOR('',#6917,1.);
#4634=VECTOR('',#6918,1.);
#4635=VECTOR('',#6921,1.);
#4636=VECTOR('',#6922,1.);
#4637=VECTOR('',#6923,1.);
#4638=VECTOR('',#6924,1.);
#4639=VECTOR('',#6925,1.);
#4640=VECTOR('',#6928,1.);
#4641=VECTOR('',#6931,1.);
#4642=VECTOR('',#6932,1.);
#4643=VECTOR('',#6933,1.);
#4644=VECTOR('',#6936,1.);
#4645=VECTOR('',#6939,1.);
#4646=VECTOR('',#6940,1.);
#4647=VECTOR('',#6941,1.);
#4648=VECTOR('',#6942,1.);
#4649=VECTOR('',#6945,1.);
#4650=VECTOR('',#6950,1.);
#4651=VECTOR('',#6955,1.);
#4652=VECTOR('',#6956,1.);
#4653=VECTOR('',#6959,1.);
#4654=VECTOR('',#6962,1.);
#4655=VECTOR('',#6963,1.);
#4656=VECTOR('',#6964,1.);
#4657=VECTOR('',#6967,1.);
#4658=VECTOR('',#6970,1.);
#4659=VECTOR('',#6973,1.);
#4660=VECTOR('',#6976,1.);
#4661=VECTOR('',#6979,1.);
#4662=VECTOR('',#6982,1.);
#4663=VECTOR('',#6983,1.);
#4664=VECTOR('',#6986,1.);
#4665=VECTOR('',#6991,1.);
#4666=VECTOR('',#6992,1.);
#4667=VECTOR('',#6995,1.);
#4668=VECTOR('',#6998,1.);
#4669=VECTOR('',#7003,1.);
#4670=VECTOR('',#7006,1.);
#4671=VECTOR('',#7009,1.);
#4672=VECTOR('',#7014,1.);
#4673=VECTOR('',#7019,1.);
#4674=VECTOR('',#7020,1.);
#4675=VECTOR('',#7023,1.);
#4676=VECTOR('',#7024,1.);
#4677=VECTOR('',#7027,1.);
#4678=VECTOR('',#7028,1.);
#4679=VECTOR('',#7031,1.);
#4680=VECTOR('',#7032,1.);
#4681=VECTOR('',#7035,1.);
#4682=VECTOR('',#7036,1.);
#4683=VECTOR('',#7039,1.);
#4684=VECTOR('',#7040,1.);
#4685=VECTOR('',#7041,1.);
#4686=VECTOR('',#7042,1.);
#4687=VECTOR('',#7045,1.);
#4688=VECTOR('',#7050,1.);
#4689=VECTOR('',#7055,1.);
#4690=VECTOR('',#7056,1.);
#4691=VECTOR('',#7057,1.);
#4692=VECTOR('',#7060,1.);
#4693=VECTOR('',#7061,1.);
#4694=VECTOR('',#7064,1.);
#4695=VECTOR('',#7065,1.);
#4696=VECTOR('',#7068,1.);
#4697=VECTOR('',#7071,1.);
#4698=VECTOR('',#7072,1.);
#4699=VECTOR('',#7073,1.);
#4700=VECTOR('',#7074,1.);
#4701=VECTOR('',#7075,1.);
#4702=VECTOR('',#7080,1.);
#4703=VECTOR('',#7081,1.);
#4704=VECTOR('',#7082,1.);
#4705=VECTOR('',#7085,1.);
#4706=VECTOR('',#7086,1.);
#4707=VECTOR('',#7089,1.);
#4708=VECTOR('',#7090,1.);
#4709=VECTOR('',#7093,1.);
#4710=VECTOR('',#7094,1.);
#4711=VECTOR('',#7095,1.);
#4712=VECTOR('',#7096,1.);
#4713=VECTOR('',#7099,1.);
#4714=VECTOR('',#7104,1.);
#4715=VECTOR('',#7105,1.);
#4716=VECTOR('',#7106,1.);
#4717=VECTOR('',#7107,1.);
#4718=VECTOR('',#7108,1.);
#4719=VECTOR('',#7111,1.);
#4720=VECTOR('',#7112,1.);
#4721=VECTOR('',#7115,1.);
#4722=VECTOR('',#7116,1.);
#4723=VECTOR('',#7119,1.);
#4724=VECTOR('',#7120,1.);
#4725=VECTOR('',#7123,1.);
#4726=VECTOR('',#7124,1.);
#4727=VECTOR('',#7127,1.);
#4728=VECTOR('',#7128,1.);
#4729=VECTOR('',#7131,1.);
#4730=VECTOR('',#7132,1.);
#4731=VECTOR('',#7135,1.);
#4732=VECTOR('',#7140,1.);
#4733=VECTOR('',#7141,1.);
#4734=VECTOR('',#7142,1.);
#4735=VECTOR('',#7145,1.);
#4736=VECTOR('',#7146,1.);
#4737=VECTOR('',#7149,1.);
#4738=VECTOR('',#7150,1.);
#4739=VECTOR('',#7151,1.);
#4740=VECTOR('',#7154,1.);
#4741=VECTOR('',#7159,1.);
#4742=VECTOR('',#7164,1.);
#4743=VECTOR('',#7165,1.);
#4744=VECTOR('',#7168,1.);
#4745=VECTOR('',#7171,1.);
#4746=VECTOR('',#7172,1.);
#4747=VECTOR('',#7175,1.);
#4748=VECTOR('',#7176,1.);
#4749=VECTOR('',#7179,1.);
#4750=VECTOR('',#7180,1.);
#4751=VECTOR('',#7183,1.);
#4752=VECTOR('',#7184,1.);
#4753=VECTOR('',#7187,1.);
#4754=VECTOR('',#7192,1.);
#4755=VECTOR('',#7193,1.);
#4756=VECTOR('',#7196,1.);
#4757=VECTOR('',#7201,1.);
#4758=VECTOR('',#7206,1.);
#4759=VECTOR('',#7207,1.);
#4760=VECTOR('',#7208,1.);
#4761=VECTOR('',#7211,1.);
#4762=VECTOR('',#7212,1.);
#4763=VECTOR('',#7213,1.);
#4764=VECTOR('',#7214,1.);
#4765=VECTOR('',#7215,1.);
#4766=VECTOR('',#7216,1.);
#4767=VECTOR('',#7219,1.);
#4768=VECTOR('',#7220,1.);
#4769=VECTOR('',#7223,1.);
#4770=VECTOR('',#7224,1.);
#4771=VECTOR('',#7227,1.);
#4772=VECTOR('',#7228,1.);
#4773=VECTOR('',#7229,1.);
#4774=VECTOR('',#7230,1.);
#4775=VECTOR('',#7231,1.);
#4776=VECTOR('',#7234,1.);
#4777=VECTOR('',#7239,1.);
#4778=VECTOR('',#7240,1.);
#4779=VECTOR('',#7241,1.);
#4780=VECTOR('',#7242,1.);
#4781=VECTOR('',#7245,1.);
#4782=VECTOR('',#7252,1.);
#4783=VECTOR('',#7253,1.);
#4784=VECTOR('',#7258,1.);
#4785=VECTOR('',#7259,1.);
#4786=VECTOR('',#7264,1.);
#4787=VECTOR('',#7265,1.);
#4788=VECTOR('',#7268,1.);
#4789=VECTOR('',#7269,1.);
#4790=VECTOR('',#7270,1.);
#4791=VECTOR('',#7275,1.);
#4792=VECTOR('',#7276,1.);
#4793=VECTOR('',#7279,1.);
#4794=VECTOR('',#7280,1.);
#4795=VECTOR('',#7281,1.);
#4796=VECTOR('',#7282,1.);
#4797=VECTOR('',#7283,1.);
#4798=VECTOR('',#7284,1.);
#4799=VECTOR('',#7285,1.);
#4800=VECTOR('',#7288,1.);
#4801=EDGE_LOOP('',(#502,#503,#504,#505));
#4802=EDGE_LOOP('',(#506,#507,#508,#509,#510,#511,#512,#513));
#4803=EDGE_LOOP('',(#514,#515,#516,#517,#518,#519,#520,#521,#522,#523,#524,
#525,#526,#527,#528,#529,#530,#531));
#4804=EDGE_LOOP('',(#532,#533,#534,#535,#536,#537,#538,#539,#540,#541,#542,
#543,#544,#545,#546,#547,#548,#549));
#4805=EDGE_LOOP('',(#550,#551,#552,#553,#554,#555,#556,#557,#558,#559,#560,
#561,#562,#563));
#4806=EDGE_LOOP('',(#564,#565,#566,#567,#568,#569,#570,#571,#572,#573,#574,
#575,#576,#577,#578));
#4807=EDGE_LOOP('',(#579,#580,#581,#582,#583,#584,#585,#586,#587,#588,#589,
#590,#591,#592,#593));
#4808=EDGE_LOOP('',(#594,#595,#596,#597,#598,#599,#600,#601,#602,#603,#604,
#605,#606,#607,#608,#609,#610));
#4809=EDGE_LOOP('',(#611,#612,#613,#614,#615,#616,#617,#618,#619,#620,#621,
#622,#623,#624,#625,#626,#627,#628));
#4810=EDGE_LOOP('',(#629,#630,#631,#632,#633,#634,#635,#636,#637,#638,#639,
#640,#641,#642,#643,#644,#645,#646,#647,#648,#649,#650,#651,#652,#653,#654));
#4811=EDGE_LOOP('',(#655,#656,#657,#658,#659,#660,#661,#662,#663,#664,#665,
#666,#667));
#4812=EDGE_LOOP('',(#668,#669,#670,#671));
#4813=EDGE_LOOP('',(#672,#673,#674,#675,#676));
#4814=EDGE_LOOP('',(#677,#678,#679,#680,#681,#682,#683,#684,#685,#686,#687,
#688,#689,#690,#691,#692,#693,#694));
#4815=EDGE_LOOP('',(#695,#696,#697,#698,#699,#700,#701,#702,#703,#704,#705,
#706,#707,#708,#709,#710,#711));
#4816=EDGE_LOOP('',(#712,#713,#714,#715,#716,#717,#718,#719,#720,#721,#722,
#723,#724,#725,#726,#727,#728,#729,#730,#731,#732,#733,#734,#735,#736,#737,
#738,#739,#740,#741,#742,#743));
#4817=EDGE_LOOP('',(#744,#745,#746,#747));
#4818=EDGE_LOOP('',(#748,#749,#750,#751));
#4819=EDGE_LOOP('',(#752));
#4820=EDGE_LOOP('',(#753));
#4821=EDGE_LOOP('',(#754));
#4822=EDGE_LOOP('',(#755));
#4823=EDGE_LOOP('',(#756));
#4824=EDGE_LOOP('',(#757));
#4825=EDGE_LOOP('',(#758));
#4826=EDGE_LOOP('',(#759));
#4827=EDGE_LOOP('',(#760,#761,#762,#763,#764,#765,#766,#767));
#4828=EDGE_LOOP('',(#768));
#4829=EDGE_LOOP('',(#769));
#4830=EDGE_LOOP('',(#770));
#4831=EDGE_LOOP('',(#771));
#4832=EDGE_LOOP('',(#772,#773,#774,#775));
#4833=EDGE_LOOP('',(#776,#777,#778,#779));
#4834=EDGE_LOOP('',(#780,#781,#782,#783));
#4835=EDGE_LOOP('',(#784,#785,#786,#787));
#4836=EDGE_LOOP('',(#788,#789,#790,#791,#792,#793,#794,#795,#796,#797,#798,
#799,#800,#801,#802,#803));
#4837=EDGE_LOOP('',(#804));
#4838=EDGE_LOOP('',(#805));
#4839=EDGE_LOOP('',(#806));
#4840=EDGE_LOOP('',(#807));
#4841=EDGE_LOOP('',(#808,#809,#810,#811,#812,#813,#814,#815));
#4842=EDGE_LOOP('',(#816,#817,#818,#819));
#4843=EDGE_LOOP('',(#820,#821,#822,#823));
#4844=EDGE_LOOP('',(#824,#825,#826,#827));
#4845=EDGE_LOOP('',(#828,#829,#830,#831));
#4846=EDGE_LOOP('',(#832,#833,#834,#835));
#4847=EDGE_LOOP('',(#836,#837,#838,#839));
#4848=EDGE_LOOP('',(#840,#841,#842,#843));
#4849=EDGE_LOOP('',(#844,#845,#846,#847));
#4850=EDGE_LOOP('',(#848,#849,#850,#851));
#4851=EDGE_LOOP('',(#852,#853,#854,#855,#856));
#4852=EDGE_LOOP('',(#857,#858,#859,#860));
#4853=EDGE_LOOP('',(#861,#862,#863,#864));
#4854=EDGE_LOOP('',(#865,#866,#867,#868));
#4855=EDGE_LOOP('',(#869,#870,#871,#872));
#4856=EDGE_LOOP('',(#873,#874,#875,#876));
#4857=EDGE_LOOP('',(#877,#878,#879,#880));
#4858=EDGE_LOOP('',(#881,#882,#883,#884));
#4859=EDGE_LOOP('',(#885,#886,#887,#888));
#4860=EDGE_LOOP('',(#889,#890,#891,#892,#893));
#4861=EDGE_LOOP('',(#894,#895,#896,#897));
#4862=EDGE_LOOP('',(#898,#899,#900,#901));
#4863=EDGE_LOOP('',(#902,#903,#904,#905));
#4864=EDGE_LOOP('',(#906,#907,#908,#909));
#4865=EDGE_LOOP('',(#910,#911,#912,#913,#914,#915,#916,#917,#918,#919,#920,
#921,#922,#923));
#4866=EDGE_LOOP('',(#924,#925,#926,#927,#928,#929,#930,#931,#932));
#4867=EDGE_LOOP('',(#933,#934,#935,#936));
#4868=EDGE_LOOP('',(#937,#938,#939,#940));
#4869=EDGE_LOOP('',(#941,#942,#943,#944));
#4870=EDGE_LOOP('',(#945,#946,#947,#948));
#4871=EDGE_LOOP('',(#949,#950,#951,#952));
#4872=EDGE_LOOP('',(#953,#954,#955,#956));
#4873=EDGE_LOOP('',(#957,#958,#959,#960));
#4874=EDGE_LOOP('',(#961,#962,#963,#964));
#4875=EDGE_LOOP('',(#965,#966,#967,#968));
#4876=EDGE_LOOP('',(#969,#970,#971,#972));
#4877=EDGE_LOOP('',(#973,#974,#975,#976));
#4878=EDGE_LOOP('',(#977,#978,#979,#980));
#4879=EDGE_LOOP('',(#981,#982,#983,#984));
#4880=EDGE_LOOP('',(#985,#986,#987,#988));
#4881=EDGE_LOOP('',(#989,#990,#991,#992));
#4882=EDGE_LOOP('',(#993,#994,#995,#996));
#4883=EDGE_LOOP('',(#997,#998,#999,#1000));
#4884=EDGE_LOOP('',(#1001,#1002,#1003,#1004));
#4885=EDGE_LOOP('',(#1005,#1006,#1007,#1008));
#4886=EDGE_LOOP('',(#1009,#1010,#1011,#1012));
#4887=EDGE_LOOP('',(#1013,#1014,#1015,#1016));
#4888=EDGE_LOOP('',(#1017,#1018,#1019,#1020));
#4889=EDGE_LOOP('',(#1021,#1022,#1023,#1024));
#4890=EDGE_LOOP('',(#1025,#1026,#1027,#1028));
#4891=EDGE_LOOP('',(#1029,#1030,#1031,#1032));
#4892=EDGE_LOOP('',(#1033,#1034,#1035,#1036,#1037,#1038,#1039,#1040,#1041,
#1042,#1043,#1044,#1045,#1046,#1047,#1048,#1049,#1050));
#4893=EDGE_LOOP('',(#1051,#1052,#1053,#1054,#1055,#1056,#1057));
#4894=EDGE_LOOP('',(#1058,#1059,#1060,#1061));
#4895=EDGE_LOOP('',(#1062,#1063,#1064,#1065));
#4896=EDGE_LOOP('',(#1066,#1067,#1068,#1069));
#4897=EDGE_LOOP('',(#1070,#1071,#1072,#1073));
#4898=EDGE_LOOP('',(#1074,#1075,#1076,#1077));
#4899=EDGE_LOOP('',(#1078,#1079,#1080,#1081));
#4900=EDGE_LOOP('',(#1082,#1083,#1084,#1085));
#4901=EDGE_LOOP('',(#1086,#1087,#1088,#1089));
#4902=EDGE_LOOP('',(#1090,#1091,#1092,#1093));
#4903=EDGE_LOOP('',(#1094,#1095,#1096,#1097));
#4904=EDGE_LOOP('',(#1098,#1099,#1100,#1101));
#4905=EDGE_LOOP('',(#1102,#1103,#1104,#1105));
#4906=EDGE_LOOP('',(#1106,#1107,#1108,#1109));
#4907=EDGE_LOOP('',(#1110,#1111,#1112,#1113));
#4908=EDGE_LOOP('',(#1114,#1115,#1116,#1117,#1118,#1119,#1120,#1121,#1122,
#1123,#1124,#1125,#1126,#1127));
#4909=EDGE_LOOP('',(#1128,#1129,#1130,#1131));
#4910=EDGE_LOOP('',(#1132,#1133,#1134,#1135));
#4911=EDGE_LOOP('',(#1136,#1137,#1138,#1139));
#4912=EDGE_LOOP('',(#1140,#1141,#1142,#1143));
#4913=EDGE_LOOP('',(#1144,#1145,#1146,#1147));
#4914=EDGE_LOOP('',(#1148,#1149,#1150,#1151));
#4915=EDGE_LOOP('',(#1152,#1153,#1154,#1155));
#4916=EDGE_LOOP('',(#1156,#1157,#1158,#1159));
#4917=EDGE_LOOP('',(#1160,#1161,#1162,#1163));
#4918=EDGE_LOOP('',(#1164,#1165,#1166,#1167));
#4919=EDGE_LOOP('',(#1168,#1169,#1170,#1171));
#4920=EDGE_LOOP('',(#1172,#1173,#1174,#1175));
#4921=EDGE_LOOP('',(#1176,#1177,#1178,#1179));
#4922=EDGE_LOOP('',(#1180,#1181,#1182,#1183));
#4923=EDGE_LOOP('',(#1184,#1185,#1186,#1187));
#4924=EDGE_LOOP('',(#1188,#1189,#1190,#1191,#1192,#1193,#1194,#1195,#1196,
#1197,#1198,#1199,#1200,#1201,#1202));
#4925=EDGE_LOOP('',(#1203,#1204,#1205,#1206));
#4926=EDGE_LOOP('',(#1207,#1208,#1209,#1210));
#4927=EDGE_LOOP('',(#1211,#1212,#1213,#1214));
#4928=EDGE_LOOP('',(#1215,#1216,#1217,#1218));
#4929=EDGE_LOOP('',(#1219,#1220,#1221,#1222));
#4930=EDGE_LOOP('',(#1223,#1224,#1225,#1226));
#4931=EDGE_LOOP('',(#1227,#1228,#1229,#1230));
#4932=EDGE_LOOP('',(#1231,#1232,#1233,#1234));
#4933=EDGE_LOOP('',(#1235,#1236,#1237,#1238));
#4934=EDGE_LOOP('',(#1239,#1240,#1241,#1242));
#4935=EDGE_LOOP('',(#1243,#1244,#1245,#1246));
#4936=EDGE_LOOP('',(#1247,#1248,#1249,#1250));
#4937=EDGE_LOOP('',(#1251,#1252,#1253,#1254));
#4938=EDGE_LOOP('',(#1255,#1256,#1257,#1258));
#4939=EDGE_LOOP('',(#1259,#1260,#1261,#1262));
#4940=EDGE_LOOP('',(#1263,#1264,#1265,#1266));
#4941=EDGE_LOOP('',(#1267,#1268,#1269,#1270));
#4942=EDGE_LOOP('',(#1271,#1272,#1273,#1274));
#4943=EDGE_LOOP('',(#1275,#1276,#1277,#1278));
#4944=EDGE_LOOP('',(#1279,#1280,#1281,#1282));
#4945=EDGE_LOOP('',(#1283,#1284,#1285,#1286));
#4946=EDGE_LOOP('',(#1287,#1288,#1289,#1290));
#4947=EDGE_LOOP('',(#1291,#1292,#1293,#1294));
#4948=EDGE_LOOP('',(#1295,#1296,#1297,#1298));
#4949=EDGE_LOOP('',(#1299,#1300,#1301,#1302));
#4950=EDGE_LOOP('',(#1303,#1304,#1305,#1306,#1307,#1308,#1309,#1310,#1311,
#1312,#1313,#1314,#1315,#1316,#1317,#1318,#1319,#1320));
#4951=EDGE_LOOP('',(#1321,#1322,#1323,#1324,#1325,#1326,#1327));
#4952=EDGE_LOOP('',(#1328,#1329,#1330,#1331));
#4953=EDGE_LOOP('',(#1332,#1333,#1334,#1335));
#4954=EDGE_LOOP('',(#1336,#1337,#1338,#1339));
#4955=EDGE_LOOP('',(#1340,#1341,#1342,#1343));
#4956=EDGE_LOOP('',(#1344,#1345,#1346,#1347));
#4957=EDGE_LOOP('',(#1348,#1349,#1350,#1351));
#4958=EDGE_LOOP('',(#1352,#1353,#1354,#1355));
#4959=EDGE_LOOP('',(#1356,#1357,#1358,#1359));
#4960=EDGE_LOOP('',(#1360,#1361,#1362,#1363));
#4961=EDGE_LOOP('',(#1364,#1365,#1366,#1367));
#4962=EDGE_LOOP('',(#1368,#1369,#1370,#1371));
#4963=EDGE_LOOP('',(#1372,#1373,#1374,#1375));
#4964=EDGE_LOOP('',(#1376,#1377,#1378,#1379));
#4965=EDGE_LOOP('',(#1380,#1381,#1382,#1383));
#4966=EDGE_LOOP('',(#1384,#1385,#1386,#1387));
#4967=EDGE_LOOP('',(#1388,#1389,#1390,#1391));
#4968=EDGE_LOOP('',(#1392,#1393,#1394,#1395));
#4969=EDGE_LOOP('',(#1396,#1397,#1398,#1399));
#4970=EDGE_LOOP('',(#1400,#1401,#1402,#1403));
#4971=EDGE_LOOP('',(#1404,#1405,#1406,#1407));
#4972=EDGE_LOOP('',(#1408,#1409,#1410,#1411));
#4973=EDGE_LOOP('',(#1412,#1413,#1414,#1415));
#4974=EDGE_LOOP('',(#1416,#1417,#1418,#1419));
#4975=EDGE_LOOP('',(#1420,#1421,#1422,#1423,#1424,#1425,#1426,#1427,#1428,
#1429,#1430,#1431,#1432,#1433,#1434));
#4976=EDGE_LOOP('',(#1435,#1436,#1437,#1438,#1439,#1440,#1441,#1442));
#4977=EDGE_LOOP('',(#1443,#1444,#1445,#1446));
#4978=EDGE_LOOP('',(#1447,#1448,#1449,#1450));
#4979=EDGE_LOOP('',(#1451,#1452,#1453,#1454));
#4980=EDGE_LOOP('',(#1455,#1456,#1457,#1458));
#4981=EDGE_LOOP('',(#1459,#1460,#1461,#1462));
#4982=EDGE_LOOP('',(#1463,#1464,#1465,#1466));
#4983=EDGE_LOOP('',(#1467,#1468,#1469,#1470));
#4984=EDGE_LOOP('',(#1471,#1472,#1473,#1474));
#4985=EDGE_LOOP('',(#1475,#1476,#1477,#1478));
#4986=EDGE_LOOP('',(#1479,#1480,#1481,#1482));
#4987=EDGE_LOOP('',(#1483,#1484,#1485,#1486));
#4988=EDGE_LOOP('',(#1487,#1488,#1489,#1490));
#4989=EDGE_LOOP('',(#1491,#1492,#1493,#1494));
#4990=EDGE_LOOP('',(#1495,#1496,#1497,#1498));
#4991=EDGE_LOOP('',(#1499,#1500,#1501,#1502));
#4992=EDGE_LOOP('',(#1503,#1504,#1505,#1506));
#4993=EDGE_LOOP('',(#1507,#1508,#1509,#1510));
#4994=EDGE_LOOP('',(#1511,#1512,#1513,#1514,#1515,#1516,#1517,#1518,#1519,
#1520,#1521,#1522,#1523,#1524,#1525,#1526,#1527));
#4995=EDGE_LOOP('',(#1528,#1529,#1530,#1531));
#4996=EDGE_LOOP('',(#1532,#1533,#1534,#1535));
#4997=EDGE_LOOP('',(#1536,#1537,#1538,#1539));
#4998=EDGE_LOOP('',(#1540,#1541,#1542,#1543));
#4999=EDGE_LOOP('',(#1544,#1545,#1546,#1547));
#5000=EDGE_LOOP('',(#1548,#1549,#1550,#1551));
#5001=EDGE_LOOP('',(#1552,#1553,#1554,#1555));
#5002=EDGE_LOOP('',(#1556,#1557,#1558,#1559));
#5003=EDGE_LOOP('',(#1560,#1561,#1562,#1563));
#5004=EDGE_LOOP('',(#1564,#1565,#1566,#1567));
#5005=EDGE_LOOP('',(#1568,#1569,#1570,#1571));
#5006=EDGE_LOOP('',(#1572,#1573,#1574,#1575));
#5007=EDGE_LOOP('',(#1576,#1577,#1578,#1579));
#5008=EDGE_LOOP('',(#1580,#1581,#1582,#1583));
#5009=EDGE_LOOP('',(#1584,#1585,#1586,#1587));
#5010=EDGE_LOOP('',(#1588,#1589,#1590,#1591));
#5011=EDGE_LOOP('',(#1592,#1593,#1594,#1595));
#5012=EDGE_LOOP('',(#1596,#1597,#1598,#1599));
#5013=EDGE_LOOP('',(#1600,#1601,#1602,#1603,#1604,#1605,#1606,#1607,#1608,
#1609,#1610,#1611,#1612,#1613,#1614,#1615,#1616,#1617));
#5014=EDGE_LOOP('',(#1618,#1619,#1620,#1621));
#5015=EDGE_LOOP('',(#1622,#1623,#1624,#1625));
#5016=EDGE_LOOP('',(#1626,#1627,#1628,#1629));
#5017=EDGE_LOOP('',(#1630,#1631,#1632,#1633));
#5018=EDGE_LOOP('',(#1634,#1635,#1636,#1637));
#5019=EDGE_LOOP('',(#1638,#1639,#1640,#1641));
#5020=EDGE_LOOP('',(#1642,#1643,#1644,#1645));
#5021=EDGE_LOOP('',(#1646,#1647,#1648,#1649));
#5022=EDGE_LOOP('',(#1650,#1651,#1652,#1653));
#5023=EDGE_LOOP('',(#1654,#1655,#1656,#1657));
#5024=EDGE_LOOP('',(#1658,#1659,#1660,#1661));
#5025=EDGE_LOOP('',(#1662,#1663,#1664,#1665));
#5026=EDGE_LOOP('',(#1666,#1667,#1668,#1669));
#5027=EDGE_LOOP('',(#1670,#1671,#1672,#1673));
#5028=EDGE_LOOP('',(#1674,#1675,#1676,#1677));
#5029=EDGE_LOOP('',(#1678,#1679,#1680,#1681));
#5030=EDGE_LOOP('',(#1682,#1683,#1684,#1685));
#5031=EDGE_LOOP('',(#1686,#1687,#1688,#1689));
#5032=EDGE_LOOP('',(#1690,#1691,#1692,#1693));
#5033=EDGE_LOOP('',(#1694,#1695,#1696,#1697));
#5034=EDGE_LOOP('',(#1698,#1699,#1700,#1701));
#5035=EDGE_LOOP('',(#1702,#1703,#1704,#1705));
#5036=EDGE_LOOP('',(#1706,#1707,#1708,#1709));
#5037=EDGE_LOOP('',(#1710,#1711,#1712,#1713));
#5038=EDGE_LOOP('',(#1714,#1715,#1716,#1717));
#5039=EDGE_LOOP('',(#1718,#1719,#1720,#1721));
#5040=EDGE_LOOP('',(#1722,#1723,#1724,#1725,#1726,#1727,#1728,#1729,#1730,
#1731,#1732,#1733,#1734,#1735,#1736,#1737,#1738,#1739,#1740,#1741,#1742,
#1743,#1744,#1745,#1746,#1747));
#5041=EDGE_LOOP('',(#1748,#1749,#1750,#1751));
#5042=EDGE_LOOP('',(#1752,#1753,#1754,#1755));
#5043=EDGE_LOOP('',(#1756,#1757,#1758,#1759));
#5044=EDGE_LOOP('',(#1760,#1761,#1762,#1763));
#5045=EDGE_LOOP('',(#1764,#1765,#1766,#1767));
#5046=EDGE_LOOP('',(#1768,#1769,#1770,#1771));
#5047=EDGE_LOOP('',(#1772,#1773,#1774,#1775));
#5048=EDGE_LOOP('',(#1776,#1777,#1778,#1779));
#5049=EDGE_LOOP('',(#1780,#1781,#1782,#1783));
#5050=EDGE_LOOP('',(#1784,#1785,#1786,#1787));
#5051=EDGE_LOOP('',(#1788,#1789,#1790,#1791));
#5052=EDGE_LOOP('',(#1792,#1793,#1794,#1795));
#5053=EDGE_LOOP('',(#1796,#1797,#1798,#1799));
#5054=EDGE_LOOP('',(#1800,#1801,#1802,#1803,#1804,#1805,#1806,#1807,#1808,
#1809,#1810,#1811,#1812));
#5055=EDGE_LOOP('',(#1813,#1814,#1815,#1816));
#5056=EDGE_LOOP('',(#1817,#1818,#1819,#1820));
#5057=EDGE_LOOP('',(#1821,#1822,#1823,#1824));
#5058=EDGE_LOOP('',(#1825,#1826,#1827,#1828));
#5059=EDGE_LOOP('',(#1829,#1830,#1831,#1832));
#5060=EDGE_LOOP('',(#1833,#1834,#1835,#1836));
#5061=EDGE_LOOP('',(#1837,#1838,#1839,#1840));
#5062=EDGE_LOOP('',(#1841,#1842,#1843,#1844));
#5063=EDGE_LOOP('',(#1845,#1846,#1847,#1848));
#5064=EDGE_LOOP('',(#1849,#1850,#1851,#1852));
#5065=EDGE_LOOP('',(#1853,#1854,#1855,#1856,#1857));
#5066=EDGE_LOOP('',(#1858,#1859,#1860,#1861));
#5067=EDGE_LOOP('',(#1862,#1863,#1864,#1865));
#5068=EDGE_LOOP('',(#1866,#1867,#1868,#1869));
#5069=EDGE_LOOP('',(#1870,#1871,#1872,#1873));
#5070=EDGE_LOOP('',(#1874,#1875,#1876,#1877));
#5071=EDGE_LOOP('',(#1878,#1879,#1880,#1881));
#5072=EDGE_LOOP('',(#1882,#1883,#1884,#1885));
#5073=EDGE_LOOP('',(#1886,#1887,#1888,#1889));
#5074=EDGE_LOOP('',(#1890,#1891,#1892,#1893));
#5075=EDGE_LOOP('',(#1894,#1895,#1896,#1897));
#5076=EDGE_LOOP('',(#1898,#1899,#1900,#1901));
#5077=EDGE_LOOP('',(#1902,#1903,#1904,#1905));
#5078=EDGE_LOOP('',(#1906,#1907,#1908,#1909));
#5079=EDGE_LOOP('',(#1910,#1911,#1912,#1913));
#5080=EDGE_LOOP('',(#1914,#1915,#1916,#1917));
#5081=EDGE_LOOP('',(#1918,#1919,#1920,#1921));
#5082=EDGE_LOOP('',(#1922,#1923,#1924,#1925));
#5083=EDGE_LOOP('',(#1926,#1927,#1928,#1929));
#5084=EDGE_LOOP('',(#1930,#1931,#1932,#1933,#1934,#1935,#1936,#1937,#1938,
#1939,#1940,#1941,#1942,#1943,#1944,#1945,#1946,#1947));
#5085=EDGE_LOOP('',(#1948,#1949,#1950,#1951));
#5086=EDGE_LOOP('',(#1952,#1953,#1954,#1955));
#5087=EDGE_LOOP('',(#1956,#1957,#1958,#1959));
#5088=EDGE_LOOP('',(#1960,#1961,#1962,#1963));
#5089=EDGE_LOOP('',(#1964,#1965,#1966,#1967));
#5090=EDGE_LOOP('',(#1968,#1969,#1970,#1971));
#5091=EDGE_LOOP('',(#1972,#1973,#1974,#1975));
#5092=EDGE_LOOP('',(#1976,#1977,#1978,#1979));
#5093=EDGE_LOOP('',(#1980,#1981,#1982,#1983));
#5094=EDGE_LOOP('',(#1984,#1985,#1986,#1987));
#5095=EDGE_LOOP('',(#1988,#1989,#1990,#1991));
#5096=EDGE_LOOP('',(#1992,#1993,#1994,#1995));
#5097=EDGE_LOOP('',(#1996,#1997,#1998,#1999));
#5098=EDGE_LOOP('',(#2000,#2001,#2002,#2003));
#5099=EDGE_LOOP('',(#2004,#2005,#2006,#2007));
#5100=EDGE_LOOP('',(#2008,#2009,#2010,#2011));
#5101=EDGE_LOOP('',(#2012,#2013,#2014,#2015));
#5102=EDGE_LOOP('',(#2016,#2017,#2018,#2019,#2020,#2021,#2022,#2023,#2024,
#2025,#2026,#2027,#2028,#2029,#2030,#2031,#2032));
#5103=EDGE_LOOP('',(#2033,#2034,#2035,#2036));
#5104=EDGE_LOOP('',(#2037,#2038,#2039,#2040));
#5105=EDGE_LOOP('',(#2041,#2042,#2043,#2044));
#5106=EDGE_LOOP('',(#2045,#2046,#2047,#2048));
#5107=EDGE_LOOP('',(#2049,#2050,#2051,#2052));
#5108=EDGE_LOOP('',(#2053,#2054,#2055,#2056));
#5109=EDGE_LOOP('',(#2057,#2058,#2059,#2060));
#5110=EDGE_LOOP('',(#2061,#2062,#2063,#2064));
#5111=EDGE_LOOP('',(#2065,#2066,#2067,#2068));
#5112=EDGE_LOOP('',(#2069,#2070,#2071,#2072));
#5113=EDGE_LOOP('',(#2073,#2074,#2075,#2076));
#5114=EDGE_LOOP('',(#2077,#2078,#2079,#2080));
#5115=EDGE_LOOP('',(#2081,#2082,#2083,#2084));
#5116=EDGE_LOOP('',(#2085,#2086,#2087,#2088));
#5117=EDGE_LOOP('',(#2089,#2090,#2091,#2092));
#5118=EDGE_LOOP('',(#2093,#2094,#2095,#2096,#2097));
#5119=EDGE_LOOP('',(#2098,#2099,#2100,#2101));
#5120=EDGE_LOOP('',(#2102,#2103,#2104,#2105));
#5121=EDGE_LOOP('',(#2106,#2107,#2108,#2109));
#5122=EDGE_LOOP('',(#2110,#2111,#2112,#2113));
#5123=EDGE_LOOP('',(#2114,#2115,#2116,#2117));
#5124=EDGE_LOOP('',(#2118,#2119,#2120,#2121));
#5125=EDGE_LOOP('',(#2122,#2123,#2124,#2125));
#5126=EDGE_LOOP('',(#2126,#2127,#2128,#2129));
#5127=EDGE_LOOP('',(#2130,#2131,#2132,#2133,#2134));
#5128=EDGE_LOOP('',(#2135,#2136,#2137,#2138));
#5129=EDGE_LOOP('',(#2139,#2140,#2141,#2142));
#5130=EDGE_LOOP('',(#2143,#2144,#2145,#2146));
#5131=EDGE_LOOP('',(#2147,#2148,#2149,#2150,#2151,#2152,#2153,#2154,#2155,
#2156,#2157,#2158,#2159,#2160,#2161,#2162,#2163,#2164,#2165,#2166,#2167,
#2168,#2169,#2170,#2171,#2172,#2173,#2174));
#5132=EDGE_LOOP('',(#2175,#2176,#2177,#2178,#2179,#2180,#2181,#2182,#2183));
#5133=EDGE_LOOP('',(#2184,#2185,#2186,#2187,#2188,#2189,#2190));
#5134=EDGE_LOOP('',(#2191,#2192,#2193,#2194,#2195,#2196,#2197));
#5135=EDGE_LOOP('',(#2198,#2199,#2200,#2201,#2202,#2203,#2204,#2205));
#5136=EDGE_LOOP('',(#2206,#2207,#2208,#2209));
#5137=EDGE_LOOP('',(#2210,#2211,#2212,#2213));
#5138=EDGE_LOOP('',(#2214,#2215,#2216,#2217,#2218,#2219,#2220,#2221,#2222,
#2223,#2224,#2225,#2226,#2227,#2228));
#5139=EDGE_LOOP('',(#2229,#2230,#2231,#2232,#2233,#2234,#2235,#2236,#2237,
#2238,#2239,#2240,#2241,#2242,#2243));
#5140=EDGE_LOOP('',(#2244,#2245,#2246,#2247));
#5141=EDGE_LOOP('',(#2248,#2249,#2250,#2251));
#5142=FACE_BOUND('',#4801,.T.);
#5143=FACE_BOUND('',#4802,.T.);
#5144=FACE_BOUND('',#4803,.T.);
#5145=FACE_BOUND('',#4804,.T.);
#5146=FACE_BOUND('',#4805,.T.);
#5147=FACE_BOUND('',#4806,.T.);
#5148=FACE_BOUND('',#4807,.T.);
#5149=FACE_BOUND('',#4808,.T.);
#5150=FACE_BOUND('',#4809,.T.);
#5151=FACE_BOUND('',#4810,.T.);
#5152=FACE_BOUND('',#4811,.T.);
#5153=FACE_BOUND('',#4812,.T.);
#5154=FACE_BOUND('',#4813,.T.);
#5155=FACE_BOUND('',#4814,.T.);
#5156=FACE_BOUND('',#4815,.T.);
#5157=FACE_BOUND('',#4816,.T.);
#5158=FACE_BOUND('',#4817,.T.);
#5159=FACE_BOUND('',#4818,.T.);
#5160=FACE_BOUND('',#4819,.T.);
#5161=FACE_BOUND('',#4820,.T.);
#5162=FACE_BOUND('',#4821,.T.);
#5163=FACE_BOUND('',#4822,.T.);
#5164=FACE_BOUND('',#4823,.T.);
#5165=FACE_BOUND('',#4824,.T.);
#5166=FACE_BOUND('',#4825,.T.);
#5167=FACE_BOUND('',#4826,.T.);
#5168=FACE_BOUND('',#4827,.T.);
#5169=FACE_BOUND('',#4828,.T.);
#5170=FACE_BOUND('',#4829,.T.);
#5171=FACE_BOUND('',#4830,.T.);
#5172=FACE_BOUND('',#4831,.T.);
#5173=FACE_BOUND('',#4832,.T.);
#5174=FACE_BOUND('',#4833,.T.);
#5175=FACE_BOUND('',#4834,.T.);
#5176=FACE_BOUND('',#4835,.T.);
#5177=FACE_BOUND('',#4836,.T.);
#5178=FACE_BOUND('',#4837,.T.);
#5179=FACE_BOUND('',#4838,.T.);
#5180=FACE_BOUND('',#4839,.T.);
#5181=FACE_BOUND('',#4840,.T.);
#5182=FACE_BOUND('',#4841,.T.);
#5183=FACE_BOUND('',#4842,.T.);
#5184=FACE_BOUND('',#4843,.T.);
#5185=FACE_BOUND('',#4844,.T.);
#5186=FACE_BOUND('',#4845,.T.);
#5187=FACE_BOUND('',#4846,.T.);
#5188=FACE_BOUND('',#4847,.T.);
#5189=FACE_BOUND('',#4848,.T.);
#5190=FACE_BOUND('',#4849,.T.);
#5191=FACE_BOUND('',#4850,.T.);
#5192=FACE_BOUND('',#4851,.T.);
#5193=FACE_BOUND('',#4852,.T.);
#5194=FACE_BOUND('',#4853,.T.);
#5195=FACE_BOUND('',#4854,.T.);
#5196=FACE_BOUND('',#4855,.T.);
#5197=FACE_BOUND('',#4856,.T.);
#5198=FACE_BOUND('',#4857,.T.);
#5199=FACE_BOUND('',#4858,.T.);
#5200=FACE_BOUND('',#4859,.T.);
#5201=FACE_BOUND('',#4860,.T.);
#5202=FACE_BOUND('',#4861,.T.);
#5203=FACE_BOUND('',#4862,.T.);
#5204=FACE_BOUND('',#4863,.T.);
#5205=FACE_BOUND('',#4864,.T.);
#5206=FACE_BOUND('',#4865,.T.);
#5207=FACE_BOUND('',#4866,.T.);
#5208=FACE_BOUND('',#4867,.T.);
#5209=FACE_BOUND('',#4868,.T.);
#5210=FACE_BOUND('',#4869,.T.);
#5211=FACE_BOUND('',#4870,.T.);
#5212=FACE_BOUND('',#4871,.T.);
#5213=FACE_BOUND('',#4872,.T.);
#5214=FACE_BOUND('',#4873,.T.);
#5215=FACE_BOUND('',#4874,.T.);
#5216=FACE_BOUND('',#4875,.T.);
#5217=FACE_BOUND('',#4876,.T.);
#5218=FACE_BOUND('',#4877,.T.);
#5219=FACE_BOUND('',#4878,.T.);
#5220=FACE_BOUND('',#4879,.T.);
#5221=FACE_BOUND('',#4880,.T.);
#5222=FACE_BOUND('',#4881,.T.);
#5223=FACE_BOUND('',#4882,.T.);
#5224=FACE_BOUND('',#4883,.T.);
#5225=FACE_BOUND('',#4884,.T.);
#5226=FACE_BOUND('',#4885,.T.);
#5227=FACE_BOUND('',#4886,.T.);
#5228=FACE_BOUND('',#4887,.T.);
#5229=FACE_BOUND('',#4888,.T.);
#5230=FACE_BOUND('',#4889,.T.);
#5231=FACE_BOUND('',#4890,.T.);
#5232=FACE_BOUND('',#4891,.T.);
#5233=FACE_BOUND('',#4892,.T.);
#5234=FACE_BOUND('',#4893,.T.);
#5235=FACE_BOUND('',#4894,.T.);
#5236=FACE_BOUND('',#4895,.T.);
#5237=FACE_BOUND('',#4896,.T.);
#5238=FACE_BOUND('',#4897,.T.);
#5239=FACE_BOUND('',#4898,.T.);
#5240=FACE_BOUND('',#4899,.T.);
#5241=FACE_BOUND('',#4900,.T.);
#5242=FACE_BOUND('',#4901,.T.);
#5243=FACE_BOUND('',#4902,.T.);
#5244=FACE_BOUND('',#4903,.T.);
#5245=FACE_BOUND('',#4904,.T.);
#5246=FACE_BOUND('',#4905,.T.);
#5247=FACE_BOUND('',#4906,.T.);
#5248=FACE_BOUND('',#4907,.T.);
#5249=FACE_BOUND('',#4908,.T.);
#5250=FACE_BOUND('',#4909,.T.);
#5251=FACE_BOUND('',#4910,.T.);
#5252=FACE_BOUND('',#4911,.T.);
#5253=FACE_BOUND('',#4912,.T.);
#5254=FACE_BOUND('',#4913,.T.);
#5255=FACE_BOUND('',#4914,.T.);
#5256=FACE_BOUND('',#4915,.T.);
#5257=FACE_BOUND('',#4916,.T.);
#5258=FACE_BOUND('',#4917,.T.);
#5259=FACE_BOUND('',#4918,.T.);
#5260=FACE_BOUND('',#4919,.T.);
#5261=FACE_BOUND('',#4920,.T.);
#5262=FACE_BOUND('',#4921,.T.);
#5263=FACE_BOUND('',#4922,.T.);
#5264=FACE_BOUND('',#4923,.T.);
#5265=FACE_BOUND('',#4924,.T.);
#5266=FACE_BOUND('',#4925,.T.);
#5267=FACE_BOUND('',#4926,.T.);
#5268=FACE_BOUND('',#4927,.T.);
#5269=FACE_BOUND('',#4928,.T.);
#5270=FACE_BOUND('',#4929,.T.);
#5271=FACE_BOUND('',#4930,.T.);
#5272=FACE_BOUND('',#4931,.T.);
#5273=FACE_BOUND('',#4932,.T.);
#5274=FACE_BOUND('',#4933,.T.);
#5275=FACE_BOUND('',#4934,.T.);
#5276=FACE_BOUND('',#4935,.T.);
#5277=FACE_BOUND('',#4936,.T.);
#5278=FACE_BOUND('',#4937,.T.);
#5279=FACE_BOUND('',#4938,.T.);
#5280=FACE_BOUND('',#4939,.T.);
#5281=FACE_BOUND('',#4940,.T.);
#5282=FACE_BOUND('',#4941,.T.);
#5283=FACE_BOUND('',#4942,.T.);
#5284=FACE_BOUND('',#4943,.T.);
#5285=FACE_BOUND('',#4944,.T.);
#5286=FACE_BOUND('',#4945,.T.);
#5287=FACE_BOUND('',#4946,.T.);
#5288=FACE_BOUND('',#4947,.T.);
#5289=FACE_BOUND('',#4948,.T.);
#5290=FACE_BOUND('',#4949,.T.);
#5291=FACE_BOUND('',#4950,.T.);
#5292=FACE_BOUND('',#4951,.T.);
#5293=FACE_BOUND('',#4952,.T.);
#5294=FACE_BOUND('',#4953,.T.);
#5295=FACE_BOUND('',#4954,.T.);
#5296=FACE_BOUND('',#4955,.T.);
#5297=FACE_BOUND('',#4956,.T.);
#5298=FACE_BOUND('',#4957,.T.);
#5299=FACE_BOUND('',#4958,.T.);
#5300=FACE_BOUND('',#4959,.T.);
#5301=FACE_BOUND('',#4960,.T.);
#5302=FACE_BOUND('',#4961,.T.);
#5303=FACE_BOUND('',#4962,.T.);
#5304=FACE_BOUND('',#4963,.T.);
#5305=FACE_BOUND('',#4964,.T.);
#5306=FACE_BOUND('',#4965,.T.);
#5307=FACE_BOUND('',#4966,.T.);
#5308=FACE_BOUND('',#4967,.T.);
#5309=FACE_BOUND('',#4968,.T.);
#5310=FACE_BOUND('',#4969,.T.);
#5311=FACE_BOUND('',#4970,.T.);
#5312=FACE_BOUND('',#4971,.T.);
#5313=FACE_BOUND('',#4972,.T.);
#5314=FACE_BOUND('',#4973,.T.);
#5315=FACE_BOUND('',#4974,.T.);
#5316=FACE_BOUND('',#4975,.T.);
#5317=FACE_BOUND('',#4976,.T.);
#5318=FACE_BOUND('',#4977,.T.);
#5319=FACE_BOUND('',#4978,.T.);
#5320=FACE_BOUND('',#4979,.T.);
#5321=FACE_BOUND('',#4980,.T.);
#5322=FACE_BOUND('',#4981,.T.);
#5323=FACE_BOUND('',#4982,.T.);
#5324=FACE_BOUND('',#4983,.T.);
#5325=FACE_BOUND('',#4984,.T.);
#5326=FACE_BOUND('',#4985,.T.);
#5327=FACE_BOUND('',#4986,.T.);
#5328=FACE_BOUND('',#4987,.T.);
#5329=FACE_BOUND('',#4988,.T.);
#5330=FACE_BOUND('',#4989,.T.);
#5331=FACE_BOUND('',#4990,.T.);
#5332=FACE_BOUND('',#4991,.T.);
#5333=FACE_BOUND('',#4992,.T.);
#5334=FACE_BOUND('',#4993,.T.);
#5335=FACE_BOUND('',#4994,.T.);
#5336=FACE_BOUND('',#4995,.T.);
#5337=FACE_BOUND('',#4996,.T.);
#5338=FACE_BOUND('',#4997,.T.);
#5339=FACE_BOUND('',#4998,.T.);
#5340=FACE_BOUND('',#4999,.T.);
#5341=FACE_BOUND('',#5000,.T.);
#5342=FACE_BOUND('',#5001,.T.);
#5343=FACE_BOUND('',#5002,.T.);
#5344=FACE_BOUND('',#5003,.T.);
#5345=FACE_BOUND('',#5004,.T.);
#5346=FACE_BOUND('',#5005,.T.);
#5347=FACE_BOUND('',#5006,.T.);
#5348=FACE_BOUND('',#5007,.T.);
#5349=FACE_BOUND('',#5008,.T.);
#5350=FACE_BOUND('',#5009,.T.);
#5351=FACE_BOUND('',#5010,.T.);
#5352=FACE_BOUND('',#5011,.T.);
#5353=FACE_BOUND('',#5012,.T.);
#5354=FACE_BOUND('',#5013,.T.);
#5355=FACE_BOUND('',#5014,.T.);
#5356=FACE_BOUND('',#5015,.T.);
#5357=FACE_BOUND('',#5016,.T.);
#5358=FACE_BOUND('',#5017,.T.);
#5359=FACE_BOUND('',#5018,.T.);
#5360=FACE_BOUND('',#5019,.T.);
#5361=FACE_BOUND('',#5020,.T.);
#5362=FACE_BOUND('',#5021,.T.);
#5363=FACE_BOUND('',#5022,.T.);
#5364=FACE_BOUND('',#5023,.T.);
#5365=FACE_BOUND('',#5024,.T.);
#5366=FACE_BOUND('',#5025,.T.);
#5367=FACE_BOUND('',#5026,.T.);
#5368=FACE_BOUND('',#5027,.T.);
#5369=FACE_BOUND('',#5028,.T.);
#5370=FACE_BOUND('',#5029,.T.);
#5371=FACE_BOUND('',#5030,.T.);
#5372=FACE_BOUND('',#5031,.T.);
#5373=FACE_BOUND('',#5032,.T.);
#5374=FACE_BOUND('',#5033,.T.);
#5375=FACE_BOUND('',#5034,.T.);
#5376=FACE_BOUND('',#5035,.T.);
#5377=FACE_BOUND('',#5036,.T.);
#5378=FACE_BOUND('',#5037,.T.);
#5379=FACE_BOUND('',#5038,.T.);
#5380=FACE_BOUND('',#5039,.T.);
#5381=FACE_BOUND('',#5040,.T.);
#5382=FACE_BOUND('',#5041,.T.);
#5383=FACE_BOUND('',#5042,.T.);
#5384=FACE_BOUND('',#5043,.T.);
#5385=FACE_BOUND('',#5044,.T.);
#5386=FACE_BOUND('',#5045,.T.);
#5387=FACE_BOUND('',#5046,.T.);
#5388=FACE_BOUND('',#5047,.T.);
#5389=FACE_BOUND('',#5048,.T.);
#5390=FACE_BOUND('',#5049,.T.);
#5391=FACE_BOUND('',#5050,.T.);
#5392=FACE_BOUND('',#5051,.T.);
#5393=FACE_BOUND('',#5052,.T.);
#5394=FACE_BOUND('',#5053,.T.);
#5395=FACE_BOUND('',#5054,.T.);
#5396=FACE_BOUND('',#5055,.T.);
#5397=FACE_BOUND('',#5056,.T.);
#5398=FACE_BOUND('',#5057,.T.);
#5399=FACE_BOUND('',#5058,.T.);
#5400=FACE_BOUND('',#5059,.T.);
#5401=FACE_BOUND('',#5060,.T.);
#5402=FACE_BOUND('',#5061,.T.);
#5403=FACE_BOUND('',#5062,.T.);
#5404=FACE_BOUND('',#5063,.T.);
#5405=FACE_BOUND('',#5064,.T.);
#5406=FACE_BOUND('',#5065,.T.);
#5407=FACE_BOUND('',#5066,.T.);
#5408=FACE_BOUND('',#5067,.T.);
#5409=FACE_BOUND('',#5068,.T.);
#5410=FACE_BOUND('',#5069,.T.);
#5411=FACE_BOUND('',#5070,.T.);
#5412=FACE_BOUND('',#5071,.T.);
#5413=FACE_BOUND('',#5072,.T.);
#5414=FACE_BOUND('',#5073,.T.);
#5415=FACE_BOUND('',#5074,.T.);
#5416=FACE_BOUND('',#5075,.T.);
#5417=FACE_BOUND('',#5076,.T.);
#5418=FACE_BOUND('',#5077,.T.);
#5419=FACE_BOUND('',#5078,.T.);
#5420=FACE_BOUND('',#5079,.T.);
#5421=FACE_BOUND('',#5080,.T.);
#5422=FACE_BOUND('',#5081,.T.);
#5423=FACE_BOUND('',#5082,.T.);
#5424=FACE_BOUND('',#5083,.T.);
#5425=FACE_BOUND('',#5084,.T.);
#5426=FACE_BOUND('',#5085,.T.);
#5427=FACE_BOUND('',#5086,.T.);
#5428=FACE_BOUND('',#5087,.T.);
#5429=FACE_BOUND('',#5088,.T.);
#5430=FACE_BOUND('',#5089,.T.);
#5431=FACE_BOUND('',#5090,.T.);
#5432=FACE_BOUND('',#5091,.T.);
#5433=FACE_BOUND('',#5092,.T.);
#5434=FACE_BOUND('',#5093,.T.);
#5435=FACE_BOUND('',#5094,.T.);
#5436=FACE_BOUND('',#5095,.T.);
#5437=FACE_BOUND('',#5096,.T.);
#5438=FACE_BOUND('',#5097,.T.);
#5439=FACE_BOUND('',#5098,.T.);
#5440=FACE_BOUND('',#5099,.T.);
#5441=FACE_BOUND('',#5100,.T.);
#5442=FACE_BOUND('',#5101,.T.);
#5443=FACE_BOUND('',#5102,.T.);
#5444=FACE_BOUND('',#5103,.T.);
#5445=FACE_BOUND('',#5104,.T.);
#5446=FACE_BOUND('',#5105,.T.);
#5447=FACE_BOUND('',#5106,.T.);
#5448=FACE_BOUND('',#5107,.T.);
#5449=FACE_BOUND('',#5108,.T.);
#5450=FACE_BOUND('',#5109,.T.);
#5451=FACE_BOUND('',#5110,.T.);
#5452=FACE_BOUND('',#5111,.T.);
#5453=FACE_BOUND('',#5112,.T.);
#5454=FACE_BOUND('',#5113,.T.);
#5455=FACE_BOUND('',#5114,.T.);
#5456=FACE_BOUND('',#5115,.T.);
#5457=FACE_BOUND('',#5116,.T.);
#5458=FACE_BOUND('',#5117,.T.);
#5459=FACE_BOUND('',#5118,.T.);
#5460=FACE_BOUND('',#5119,.T.);
#5461=FACE_BOUND('',#5120,.T.);
#5462=FACE_BOUND('',#5121,.T.);
#5463=FACE_BOUND('',#5122,.T.);
#5464=FACE_BOUND('',#5123,.T.);
#5465=FACE_BOUND('',#5124,.T.);
#5466=FACE_BOUND('',#5125,.T.);
#5467=FACE_BOUND('',#5126,.T.);
#5468=FACE_BOUND('',#5127,.T.);
#5469=FACE_BOUND('',#5128,.T.);
#5470=FACE_BOUND('',#5129,.T.);
#5471=FACE_BOUND('',#5130,.T.);
#5472=FACE_BOUND('',#5131,.T.);
#5473=FACE_BOUND('',#5132,.T.);
#5474=FACE_BOUND('',#5133,.T.);
#5475=FACE_BOUND('',#5134,.T.);
#5476=FACE_BOUND('',#5135,.T.);
#5477=FACE_BOUND('',#5136,.T.);
#5478=FACE_BOUND('',#5137,.T.);
#5479=FACE_BOUND('',#5138,.T.);
#5480=FACE_BOUND('',#5139,.T.);
#5481=FACE_BOUND('',#5140,.T.);
#5482=FACE_BOUND('',#5141,.T.);
#5483=PLANE('',#5961);
#5484=PLANE('',#5962);
#5485=PLANE('',#5963);
#5486=PLANE('',#5990);
#5487=PLANE('',#5991);
#5488=PLANE('',#6004);
#5489=PLANE('',#6009);
#5490=PLANE('',#6010);
#5491=PLANE('',#6011);
#5492=PLANE('',#6012);
#5493=PLANE('',#6013);
#5494=PLANE('',#6018);
#5495=PLANE('',#6019);
#5496=PLANE('',#6020);
#5497=PLANE('',#6022);
#5498=PLANE('',#6024);
#5499=PLANE('',#6026);
#5500=PLANE('',#6027);
#5501=PLANE('',#6029);
#5502=PLANE('',#6032);
#5503=PLANE('',#6034);
#5504=PLANE('',#6035);
#5505=PLANE('',#6036);
#5506=PLANE('',#6037);
#5507=PLANE('',#6038);
#5508=PLANE('',#6039);
#5509=PLANE('',#6040);
#5510=PLANE('',#6041);
#5511=PLANE('',#6042);
#5512=PLANE('',#6043);
#5513=PLANE('',#6044);
#5514=PLANE('',#6047);
#5515=PLANE('',#6056);
#5516=PLANE('',#6057);
#5517=PLANE('',#6058);
#5518=PLANE('',#6059);
#5519=PLANE('',#6060);
#5520=PLANE('',#6061);
#5521=PLANE('',#6062);
#5522=PLANE('',#6063);
#5523=PLANE('',#6064);
#5524=PLANE('',#6065);
#5525=PLANE('',#6066);
#5526=PLANE('',#6067);
#5527=PLANE('',#6068);
#5528=PLANE('',#6069);
#5529=PLANE('',#6070);
#5530=PLANE('',#6071);
#5531=PLANE('',#6072);
#5532=PLANE('',#6073);
#5533=PLANE('',#6074);
#5534=PLANE('',#6075);
#5535=PLANE('',#6076);
#5536=PLANE('',#6077);
#5537=PLANE('',#6078);
#5538=PLANE('',#6079);
#5539=PLANE('',#6080);
#5540=PLANE('',#6081);
#5541=PLANE('',#6082);
#5542=PLANE('',#6083);
#5543=PLANE('',#6084);
#5544=PLANE('',#6085);
#5545=PLANE('',#6086);
#5546=PLANE('',#6087);
#5547=PLANE('',#6088);
#5548=PLANE('',#6089);
#5549=PLANE('',#6090);
#5550=PLANE('',#6091);
#5551=PLANE('',#6092);
#5552=PLANE('',#6093);
#5553=PLANE('',#6094);
#5554=PLANE('',#6095);
#5555=PLANE('',#6096);
#5556=PLANE('',#6099);
#5557=PLANE('',#6100);
#5558=PLANE('',#6101);
#5559=PLANE('',#6102);
#5560=PLANE('',#6103);
#5561=PLANE('',#6104);
#5562=PLANE('',#6105);
#5563=PLANE('',#6106);
#5564=PLANE('',#6107);
#5565=PLANE('',#6108);
#5566=PLANE('',#6109);
#5567=PLANE('',#6110);
#5568=PLANE('',#6111);
#5569=PLANE('',#6112);
#5570=PLANE('',#6113);
#5571=PLANE('',#6114);
#5572=PLANE('',#6115);
#5573=PLANE('',#6116);
#5574=PLANE('',#6117);
#5575=PLANE('',#6118);
#5576=PLANE('',#6125);
#5577=PLANE('',#6136);
#5578=PLANE('',#6139);
#5579=PLANE('',#6146);
#5580=PLANE('',#6147);
#5581=PLANE('',#6148);
#5582=PLANE('',#6149);
#5583=PLANE('',#6150);
#5584=PLANE('',#6151);
#5585=PLANE('',#6154);
#5586=PLANE('',#6155);
#5587=PLANE('',#6156);
#5588=PLANE('',#6157);
#5589=PLANE('',#6158);
#5590=PLANE('',#6159);
#5591=PLANE('',#6160);
#5592=PLANE('',#6161);
#5593=PLANE('',#6162);
#5594=PLANE('',#6163);
#5595=PLANE('',#6164);
#5596=PLANE('',#6165);
#5597=PLANE('',#6168);
#5598=PLANE('',#6169);
#5599=PLANE('',#6170);
#5600=PLANE('',#6171);
#5601=PLANE('',#6172);
#5602=PLANE('',#6173);
#5603=PLANE('',#6174);
#5604=PLANE('',#6175);
#5605=PLANE('',#6176);
#5606=PLANE('',#6177);
#5607=PLANE('',#6178);
#5608=PLANE('',#6179);
#5609=PLANE('',#6184);
#5610=PLANE('',#6187);
#5611=PLANE('',#6188);
#5612=PLANE('',#6189);
#5613=PLANE('',#6192);
#5614=PLANE('',#6195);
#5615=PLANE('',#6196);
#5616=PLANE('',#6197);
#5617=PLANE('',#6198);
#5618=PLANE('',#6199);
#5619=PLANE('',#6200);
#5620=PLANE('',#6201);
#5621=PLANE('',#6204);
#5622=PLANE('',#6207);
#5623=PLANE('',#6209);
#5624=PLANE('',#6211);
#5625=PLANE('',#6213);
#5626=PLANE('',#6214);
#5627=PLANE('',#6216);
#5628=PLANE('',#6217);
#5629=PLANE('',#6218);
#5630=PLANE('',#6219);
#5631=PLANE('',#6220);
#5632=PLANE('',#6221);
#5633=PLANE('',#6222);
#5634=PLANE('',#6227);
#5635=PLANE('',#6228);
#5636=ADVANCED_FACE('',(#5142),#5483,.F.);
#5637=ADVANCED_FACE('',(#5143),#5484,.T.);
#5638=ADVANCED_FACE('',(#5144,#5145,#5146,#5147,#5148,#5149,#5150,#5151,
#5152,#5153,#5154,#5155,#5156,#5157),#5485,.T.);
#5639=ADVANCED_FACE('',(#5158),#5486,.F.);
#5640=ADVANCED_FACE('',(#5159),#5487,.F.);
#5641=ADVANCED_FACE('',(#5160,#5161),#137,.F.);
#5642=ADVANCED_FACE('',(#5162,#5163),#138,.F.);
#5643=ADVANCED_FACE('',(#5164,#5165),#139,.F.);
#5644=ADVANCED_FACE('',(#5166,#5167),#140,.F.);
#5645=ADVANCED_FACE('',(#5168,#5169,#5170,#5171,#5172),#5488,.F.);
#5646=ADVANCED_FACE('',(#5173),#5489,.T.);
#5647=ADVANCED_FACE('',(#5174),#5490,.F.);
#5648=ADVANCED_FACE('',(#5175),#5491,.F.);
#5649=ADVANCED_FACE('',(#5176),#5492,.T.);
#5650=ADVANCED_FACE('',(#5177,#5178,#5179,#5180,#5181),#5493,.T.);
#5651=ADVANCED_FACE('',(#5182),#5494,.T.);
#5652=ADVANCED_FACE('',(#5183),#14,.T.);
#5653=ADVANCED_FACE('',(#5184),#15,.T.);
#5654=ADVANCED_FACE('',(#5185),#16,.T.);
#5655=ADVANCED_FACE('',(#5186),#17,.T.);
#5656=ADVANCED_FACE('',(#5187),#18,.T.);
#5657=ADVANCED_FACE('',(#5188),#19,.T.);
#5658=ADVANCED_FACE('',(#5189),#20,.T.);
#5659=ADVANCED_FACE('',(#5190),#5495,.T.);
#5660=ADVANCED_FACE('',(#5191),#21,.T.);
#5661=ADVANCED_FACE('',(#5192),#22,.T.);
#5662=ADVANCED_FACE('',(#5193),#5496,.T.);
#5663=ADVANCED_FACE('',(#5194),#5497,.T.);
#5664=ADVANCED_FACE('',(#5195),#5498,.T.);
#5665=ADVANCED_FACE('',(#5196),#5499,.T.);
#5666=ADVANCED_FACE('',(#5197),#5500,.T.);
#5667=ADVANCED_FACE('',(#5198),#5501,.T.);
#5668=ADVANCED_FACE('',(#5199),#141,.F.);
#5669=ADVANCED_FACE('',(#5200),#5502,.T.);
#5670=ADVANCED_FACE('',(#5201),#23,.T.);
#5671=ADVANCED_FACE('',(#5202),#24,.T.);
#5672=ADVANCED_FACE('',(#5203),#25,.T.);
#5673=ADVANCED_FACE('',(#5204),#26,.T.);
#5674=ADVANCED_FACE('',(#5205),#27,.T.);
#5675=ADVANCED_FACE('',(#5206,#5207),#5503,.T.);
#5676=ADVANCED_FACE('',(#5208),#5504,.T.);
#5677=ADVANCED_FACE('',(#5209),#5505,.T.);
#5678=ADVANCED_FACE('',(#5210),#28,.T.);
#5679=ADVANCED_FACE('',(#5211),#29,.T.);
#5680=ADVANCED_FACE('',(#5212),#30,.T.);
#5681=ADVANCED_FACE('',(#5213),#31,.T.);
#5682=ADVANCED_FACE('',(#5214),#5506,.T.);
#5683=ADVANCED_FACE('',(#5215),#5507,.T.);
#5684=ADVANCED_FACE('',(#5216),#5508,.T.);
#5685=ADVANCED_FACE('',(#5217),#32,.T.);
#5686=ADVANCED_FACE('',(#5218),#33,.T.);
#5687=ADVANCED_FACE('',(#5219),#34,.T.);
#5688=ADVANCED_FACE('',(#5220),#5509,.T.);
#5689=ADVANCED_FACE('',(#5221),#35,.T.);
#5690=ADVANCED_FACE('',(#5222),#36,.T.);
#5691=ADVANCED_FACE('',(#5223),#5510,.T.);
#5692=ADVANCED_FACE('',(#5224),#5511,.T.);
#5693=ADVANCED_FACE('',(#5225),#37,.T.);
#5694=ADVANCED_FACE('',(#5226),#38,.T.);
#5695=ADVANCED_FACE('',(#5227),#39,.T.);
#5696=ADVANCED_FACE('',(#5228),#40,.T.);
#5697=ADVANCED_FACE('',(#5229),#41,.T.);
#5698=ADVANCED_FACE('',(#5230),#42,.T.);
#5699=ADVANCED_FACE('',(#5231),#5512,.T.);
#5700=ADVANCED_FACE('',(#5232),#43,.T.);
#5701=ADVANCED_FACE('',(#5233,#5234),#5513,.T.);
#5702=ADVANCED_FACE('',(#5235),#44,.T.);
#5703=ADVANCED_FACE('',(#5236),#45,.T.);
#5704=ADVANCED_FACE('',(#5237),#142,.F.);
#5705=ADVANCED_FACE('',(#5238),#5514,.T.);
#5706=ADVANCED_FACE('',(#5239),#143,.T.);
#5707=ADVANCED_FACE('',(#5240),#144,.T.);
#5708=ADVANCED_FACE('',(#5241),#46,.T.);
#5709=ADVANCED_FACE('',(#5242),#47,.T.);
#5710=ADVANCED_FACE('',(#5243),#145,.T.);
#5711=ADVANCED_FACE('',(#5244),#146,.T.);
#5712=ADVANCED_FACE('',(#5245),#5515,.T.);
#5713=ADVANCED_FACE('',(#5246),#48,.T.);
#5714=ADVANCED_FACE('',(#5247),#49,.T.);
#5715=ADVANCED_FACE('',(#5248),#50,.T.);
#5716=ADVANCED_FACE('',(#5249),#5516,.T.);
#5717=ADVANCED_FACE('',(#5250),#5517,.T.);
#5718=ADVANCED_FACE('',(#5251),#5518,.T.);
#5719=ADVANCED_FACE('',(#5252),#5519,.T.);
#5720=ADVANCED_FACE('',(#5253),#5520,.T.);
#5721=ADVANCED_FACE('',(#5254),#5521,.T.);
#5722=ADVANCED_FACE('',(#5255),#5522,.T.);
#5723=ADVANCED_FACE('',(#5256),#5523,.T.);
#5724=ADVANCED_FACE('',(#5257),#5524,.T.);
#5725=ADVANCED_FACE('',(#5258),#5525,.T.);
#5726=ADVANCED_FACE('',(#5259),#5526,.T.);
#5727=ADVANCED_FACE('',(#5260),#5527,.T.);
#5728=ADVANCED_FACE('',(#5261),#5528,.T.);
#5729=ADVANCED_FACE('',(#5262),#5529,.T.);
#5730=ADVANCED_FACE('',(#5263),#5530,.T.);
#5731=ADVANCED_FACE('',(#5264),#5531,.T.);
#5732=ADVANCED_FACE('',(#5265),#5532,.T.);
#5733=ADVANCED_FACE('',(#5266),#5533,.T.);
#5734=ADVANCED_FACE('',(#5267),#5534,.T.);
#5735=ADVANCED_FACE('',(#5268),#51,.T.);
#5736=ADVANCED_FACE('',(#5269),#52,.T.);
#5737=ADVANCED_FACE('',(#5270),#53,.T.);
#5738=ADVANCED_FACE('',(#5271),#54,.T.);
#5739=ADVANCED_FACE('',(#5272),#5535,.T.);
#5740=ADVANCED_FACE('',(#5273),#5536,.T.);
#5741=ADVANCED_FACE('',(#5274),#5537,.T.);
#5742=ADVANCED_FACE('',(#5275),#55,.T.);
#5743=ADVANCED_FACE('',(#5276),#56,.T.);
#5744=ADVANCED_FACE('',(#5277),#57,.T.);
#5745=ADVANCED_FACE('',(#5278),#5538,.T.);
#5746=ADVANCED_FACE('',(#5279),#58,.T.);
#5747=ADVANCED_FACE('',(#5280),#59,.T.);
#5748=ADVANCED_FACE('',(#5281),#5539,.T.);
#5749=ADVANCED_FACE('',(#5282),#5540,.T.);
#5750=ADVANCED_FACE('',(#5283),#60,.T.);
#5751=ADVANCED_FACE('',(#5284),#61,.T.);
#5752=ADVANCED_FACE('',(#5285),#62,.T.);
#5753=ADVANCED_FACE('',(#5286),#63,.T.);
#5754=ADVANCED_FACE('',(#5287),#64,.T.);
#5755=ADVANCED_FACE('',(#5288),#65,.T.);
#5756=ADVANCED_FACE('',(#5289),#5541,.T.);
#5757=ADVANCED_FACE('',(#5290),#66,.T.);
#5758=ADVANCED_FACE('',(#5291,#5292),#5542,.T.);
#5759=ADVANCED_FACE('',(#5293),#67,.T.);
#5760=ADVANCED_FACE('',(#5294),#68,.T.);
#5761=ADVANCED_FACE('',(#5295),#69,.T.);
#5762=ADVANCED_FACE('',(#5296),#70,.T.);
#5763=ADVANCED_FACE('',(#5297),#71,.T.);
#5764=ADVANCED_FACE('',(#5298),#72,.T.);
#5765=ADVANCED_FACE('',(#5299),#5543,.T.);
#5766=ADVANCED_FACE('',(#5300),#73,.T.);
#5767=ADVANCED_FACE('',(#5301),#74,.T.);
#5768=ADVANCED_FACE('',(#5302),#75,.T.);
#5769=ADVANCED_FACE('',(#5303),#76,.T.);
#5770=ADVANCED_FACE('',(#5304),#77,.T.);
#5771=ADVANCED_FACE('',(#5305),#78,.T.);
#5772=ADVANCED_FACE('',(#5306),#79,.T.);
#5773=ADVANCED_FACE('',(#5307),#5544,.T.);
#5774=ADVANCED_FACE('',(#5308),#5545,.T.);
#5775=ADVANCED_FACE('',(#5309),#5546,.T.);
#5776=ADVANCED_FACE('',(#5310),#5547,.T.);
#5777=ADVANCED_FACE('',(#5311),#5548,.T.);
#5778=ADVANCED_FACE('',(#5312),#5549,.T.);
#5779=ADVANCED_FACE('',(#5313),#80,.T.);
#5780=ADVANCED_FACE('',(#5314),#5550,.T.);
#5781=ADVANCED_FACE('',(#5315),#81,.T.);
#5782=ADVANCED_FACE('',(#5316,#5317),#5551,.T.);
#5783=ADVANCED_FACE('',(#5318),#5552,.T.);
#5784=ADVANCED_FACE('',(#5319),#5553,.T.);
#5785=ADVANCED_FACE('',(#5320),#82,.T.);
#5786=ADVANCED_FACE('',(#5321),#83,.T.);
#5787=ADVANCED_FACE('',(#5322),#84,.T.);
#5788=ADVANCED_FACE('',(#5323),#5554,.T.);
#5789=ADVANCED_FACE('',(#5324),#5555,.T.);
#5790=ADVANCED_FACE('',(#5325),#147,.F.);
#5791=ADVANCED_FACE('',(#5326),#5556,.T.);
#5792=ADVANCED_FACE('',(#5327),#5557,.T.);
#5793=ADVANCED_FACE('',(#5328),#5558,.T.);
#5794=ADVANCED_FACE('',(#5329),#5559,.T.);
#5795=ADVANCED_FACE('',(#5330),#5560,.T.);
#5796=ADVANCED_FACE('',(#5331),#85,.T.);
#5797=ADVANCED_FACE('',(#5332),#86,.T.);
#5798=ADVANCED_FACE('',(#5333),#87,.T.);
#5799=ADVANCED_FACE('',(#5334),#5561,.T.);
#5800=ADVANCED_FACE('',(#5335),#5562,.T.);
#5801=ADVANCED_FACE('',(#5336),#88,.T.);
#5802=ADVANCED_FACE('',(#5337),#89,.T.);
#5803=ADVANCED_FACE('',(#5338),#90,.T.);
#5804=ADVANCED_FACE('',(#5339),#5563,.T.);
#5805=ADVANCED_FACE('',(#5340),#5564,.T.);
#5806=ADVANCED_FACE('',(#5341),#5565,.T.);
#5807=ADVANCED_FACE('',(#5342),#5566,.T.);
#5808=ADVANCED_FACE('',(#5343),#5567,.T.);
#5809=ADVANCED_FACE('',(#5344),#5568,.T.);
#5810=ADVANCED_FACE('',(#5345),#5569,.T.);
#5811=ADVANCED_FACE('',(#5346),#5570,.T.);
#5812=ADVANCED_FACE('',(#5347),#5571,.T.);
#5813=ADVANCED_FACE('',(#5348),#5572,.T.);
#5814=ADVANCED_FACE('',(#5349),#5573,.T.);
#5815=ADVANCED_FACE('',(#5350),#91,.T.);
#5816=ADVANCED_FACE('',(#5351),#92,.T.);
#5817=ADVANCED_FACE('',(#5352),#93,.T.);
#5818=ADVANCED_FACE('',(#5353),#5574,.T.);
#5819=ADVANCED_FACE('',(#5354),#5575,.T.);
#5820=ADVANCED_FACE('',(#5355),#94,.T.);
#5821=ADVANCED_FACE('',(#5356),#95,.T.);
#5822=ADVANCED_FACE('',(#5357),#148,.F.);
#5823=ADVANCED_FACE('',(#5358),#96,.T.);
#5824=ADVANCED_FACE('',(#5359),#97,.T.);
#5825=ADVANCED_FACE('',(#5360),#98,.T.);
#5826=ADVANCED_FACE('',(#5361),#99,.T.);
#5827=ADVANCED_FACE('',(#5362),#149,.T.);
#5828=ADVANCED_FACE('',(#5363),#150,.T.);
#5829=ADVANCED_FACE('',(#5364),#5576,.T.);
#5830=ADVANCED_FACE('',(#5365),#151,.F.);
#5831=ADVANCED_FACE('',(#5366),#100,.T.);
#5832=ADVANCED_FACE('',(#5367),#101,.T.);
#5833=ADVANCED_FACE('',(#5368),#102,.T.);
#5834=ADVANCED_FACE('',(#5369),#152,.F.);
#5835=ADVANCED_FACE('',(#5370),#103,.T.);
#5836=ADVANCED_FACE('',(#5371),#153,.T.);
#5837=ADVANCED_FACE('',(#5372),#104,.T.);
#5838=ADVANCED_FACE('',(#5373),#154,.T.);
#5839=ADVANCED_FACE('',(#5374),#105,.T.);
#5840=ADVANCED_FACE('',(#5375),#106,.T.);
#5841=ADVANCED_FACE('',(#5376),#155,.T.);
#5842=ADVANCED_FACE('',(#5377),#5577,.T.);
#5843=ADVANCED_FACE('',(#5378),#156,.F.);
#5844=ADVANCED_FACE('',(#5379),#107,.T.);
#5845=ADVANCED_FACE('',(#5380),#108,.T.);
#5846=ADVANCED_FACE('',(#5381),#5578,.T.);
#5847=ADVANCED_FACE('',(#5382),#157,.F.);
#5848=ADVANCED_FACE('',(#5383),#158,.F.);
#5849=ADVANCED_FACE('',(#5384),#159,.F.);
#5850=ADVANCED_FACE('',(#5385),#5579,.T.);
#5851=ADVANCED_FACE('',(#5386),#5580,.T.);
#5852=ADVANCED_FACE('',(#5387),#5581,.T.);
#5853=ADVANCED_FACE('',(#5388),#5582,.T.);
#5854=ADVANCED_FACE('',(#5389),#5583,.T.);
#5855=ADVANCED_FACE('',(#5390),#5584,.T.);
#5856=ADVANCED_FACE('',(#5391),#109,.T.);
#5857=ADVANCED_FACE('',(#5392),#110,.T.);
#5858=ADVANCED_FACE('',(#5393),#160,.T.);
#5859=ADVANCED_FACE('',(#5394),#5585,.T.);
#5860=ADVANCED_FACE('',(#5395),#5586,.T.);
#5861=ADVANCED_FACE('',(#5396),#5587,.T.);
#5862=ADVANCED_FACE('',(#5397),#5588,.T.);
#5863=ADVANCED_FACE('',(#5398),#5589,.T.);
#5864=ADVANCED_FACE('',(#5399),#5590,.T.);
#5865=ADVANCED_FACE('',(#5400),#5591,.T.);
#5866=ADVANCED_FACE('',(#5401),#111,.T.);
#5867=ADVANCED_FACE('',(#5402),#112,.T.);
#5868=ADVANCED_FACE('',(#5403),#113,.T.);
#5869=ADVANCED_FACE('',(#5404),#114,.T.);
#5870=ADVANCED_FACE('',(#5405),#115,.T.);
#5871=ADVANCED_FACE('',(#5406),#5592,.T.);
#5872=ADVANCED_FACE('',(#5407),#5593,.T.);
#5873=ADVANCED_FACE('',(#5408),#5594,.T.);
#5874=ADVANCED_FACE('',(#5409),#5595,.T.);
#5875=ADVANCED_FACE('',(#5410),#5596,.T.);
#5876=ADVANCED_FACE('',(#5411),#116,.T.);
#5877=ADVANCED_FACE('',(#5412),#117,.T.);
#5878=ADVANCED_FACE('',(#5413),#161,.T.);
#5879=ADVANCED_FACE('',(#5414),#5597,.T.);
#5880=ADVANCED_FACE('',(#5415),#118,.T.);
#5881=ADVANCED_FACE('',(#5416),#119,.T.);
#5882=ADVANCED_FACE('',(#5417),#120,.T.);
#5883=ADVANCED_FACE('',(#5418),#5598,.T.);
#5884=ADVANCED_FACE('',(#5419),#5599,.T.);
#5885=ADVANCED_FACE('',(#5420),#5600,.T.);
#5886=ADVANCED_FACE('',(#5421),#5601,.T.);
#5887=ADVANCED_FACE('',(#5422),#5602,.T.);
#5888=ADVANCED_FACE('',(#5423),#5603,.T.);
#5889=ADVANCED_FACE('',(#5424),#5604,.T.);
#5890=ADVANCED_FACE('',(#5425),#5605,.T.);
#5891=ADVANCED_FACE('',(#5426),#5606,.T.);
#5892=ADVANCED_FACE('',(#5427),#5607,.T.);
#5893=ADVANCED_FACE('',(#5428),#5608,.T.);
#5894=ADVANCED_FACE('',(#5429),#121,.T.);
#5895=ADVANCED_FACE('',(#5430),#162,.T.);
#5896=ADVANCED_FACE('',(#5431),#163,.T.);
#5897=ADVANCED_FACE('',(#5432),#5609,.T.);
#5898=ADVANCED_FACE('',(#5433),#164,.F.);
#5899=ADVANCED_FACE('',(#5434),#122,.T.);
#5900=ADVANCED_FACE('',(#5435),#123,.T.);
#5901=ADVANCED_FACE('',(#5436),#5610,.T.);
#5902=ADVANCED_FACE('',(#5437),#5611,.T.);
#5903=ADVANCED_FACE('',(#5438),#5612,.T.);
#5904=ADVANCED_FACE('',(#5439),#165,.F.);
#5905=ADVANCED_FACE('',(#5440),#5613,.T.);
#5906=ADVANCED_FACE('',(#5441),#166,.F.);
#5907=ADVANCED_FACE('',(#5442),#5614,.T.);
#5908=ADVANCED_FACE('',(#5443),#5615,.T.);
#5909=ADVANCED_FACE('',(#5444),#5616,.T.);
#5910=ADVANCED_FACE('',(#5445),#5617,.T.);
#5911=ADVANCED_FACE('',(#5446),#124,.T.);
#5912=ADVANCED_FACE('',(#5447),#125,.T.);
#5913=ADVANCED_FACE('',(#5448),#126,.T.);
#5914=ADVANCED_FACE('',(#5449),#127,.T.);
#5915=ADVANCED_FACE('',(#5450),#5618,.T.);
#5916=ADVANCED_FACE('',(#5451),#5619,.T.);
#5917=ADVANCED_FACE('',(#5452),#5620,.T.);
#5918=ADVANCED_FACE('',(#5453),#128,.T.);
#5919=ADVANCED_FACE('',(#5454),#129,.T.);
#5920=ADVANCED_FACE('',(#5455),#130,.T.);
#5921=ADVANCED_FACE('',(#5456),#167,.F.);
#5922=ADVANCED_FACE('',(#5457),#5621,.T.);
#5923=ADVANCED_FACE('',(#5458),#131,.T.);
#5924=ADVANCED_FACE('',(#5459),#132,.T.);
#5925=ADVANCED_FACE('',(#5460),#168,.F.);
#5926=ADVANCED_FACE('',(#5461),#5622,.T.);
#5927=ADVANCED_FACE('',(#5462),#5623,.T.);
#5928=ADVANCED_FACE('',(#5463),#5624,.T.);
#5929=ADVANCED_FACE('',(#5464),#5625,.T.);
#5930=ADVANCED_FACE('',(#5465),#5626,.T.);
#5931=ADVANCED_FACE('',(#5466),#5627,.T.);
#5932=ADVANCED_FACE('',(#5467),#133,.T.);
#5933=ADVANCED_FACE('',(#5468),#134,.T.);
#5934=ADVANCED_FACE('',(#5469),#135,.T.);
#5935=ADVANCED_FACE('',(#5470),#136,.T.);
#5936=ADVANCED_FACE('',(#5471),#5628,.T.);
#5937=ADVANCED_FACE('',(#5472),#5629,.T.);
#5938=ADVANCED_FACE('',(#5473),#5630,.T.);
#5939=ADVANCED_FACE('',(#5474),#5631,.T.);
#5940=ADVANCED_FACE('',(#5475),#5632,.T.);
#5941=ADVANCED_FACE('',(#5476),#5633,.T.);
#5942=ADVANCED_FACE('',(#5477),#169,.T.);
#5943=ADVANCED_FACE('',(#5478),#170,.T.);
#5944=ADVANCED_FACE('',(#5479),#171,.T.);
#5945=ADVANCED_FACE('',(#5480),#172,.T.);
#5946=ADVANCED_FACE('',(#5481),#5634,.F.);
#5947=ADVANCED_FACE('',(#5482),#5635,.T.);
#5948=CLOSED_SHELL('',(#5636,#5637,#5638,#5639,#5640,#5641,#5642,#5643,
#5644,#5645,#5646,#5647,#5648,#5649,#5650,#5651,#5652,#5653,#5654,#5655,
#5656,#5657,#5658,#5659,#5660,#5661,#5662,#5663,#5664,#5665,#5666,#5667,
#5668,#5669,#5670,#5671,#5672,#5673,#5674,#5675,#5676,#5677,#5678,#5679,
#5680,#5681,#5682,#5683,#5684,#5685,#5686,#5687,#5688,#5689,#5690,#5691,
#5692,#5693,#5694,#5695,#5696,#5697,#5698,#5699,#5700,#5701,#5702,#5703,
#5704,#5705,#5706,#5707,#5708,#5709,#5710,#5711,#5712,#5713,#5714,#5715,
#5716,#5717,#5718,#5719,#5720,#5721,#5722,#5723,#5724,#5725,#5726,#5727,
#5728,#5729,#5730,#5731,#5732,#5733,#5734,#5735,#5736,#5737,#5738,#5739,
#5740,#5741,#5742,#5743,#5744,#5745,#5746,#5747,#5748,#5749,#5750,#5751,
#5752,#5753,#5754,#5755,#5756,#5757,#5758,#5759,#5760,#5761,#5762,#5763,
#5764,#5765,#5766,#5767,#5768,#5769,#5770,#5771,#5772,#5773,#5774,#5775,
#5776,#5777,#5778,#5779,#5780,#5781,#5782,#5783,#5784,#5785,#5786,#5787,
#5788,#5789,#5790,#5791,#5792,#5793,#5794,#5795,#5796,#5797,#5798,#5799,
#5800,#5801,#5802,#5803,#5804,#5805,#5806,#5807,#5808,#5809,#5810,#5811,
#5812,#5813,#5814,#5815,#5816,#5817,#5818,#5819,#5820,#5821,#5822,#5823,
#5824,#5825,#5826,#5827,#5828,#5829,#5830,#5831,#5832,#5833,#5834,#5835,
#5836,#5837,#5838,#5839,#5840,#5841,#5842,#5843,#5844,#5845,#5846,#5847,
#5848,#5849,#5850,#5851,#5852,#5853,#5854,#5855,#5856,#5857,#5858,#5859,
#5860,#5861,#5862,#5863,#5864,#5865,#5866,#5867,#5868,#5869,#5870,#5871,
#5872,#5873,#5874,#5875,#5876,#5877,#5878,#5879,#5880,#5881,#5882,#5883,
#5884,#5885,#5886,#5887,#5888,#5889,#5890,#5891,#5892,#5893,#5894,#5895,
#5896,#5897,#5898,#5899,#5900,#5901,#5902,#5903,#5904,#5905,#5906,#5907,
#5908,#5909,#5910,#5911,#5912,#5913,#5914,#5915,#5916,#5917,#5918,#5919,
#5920,#5921,#5922,#5923,#5924,#5925,#5926,#5927,#5928,#5929,#5930,#5931,
#5932,#5933,#5934,#5935,#5936,#5937,#5938,#5939,#5940,#5941,#5942,#5943,
#5944,#5945,#5946,#5947));
#5949=STYLED_ITEM('',(#5950),#5957);
#5950=PRESENTATION_STYLE_ASSIGNMENT((#5951));
#5951=SURFACE_STYLE_USAGE(.BOTH.,#5952);
#5952=SURFACE_SIDE_STYLE('',(#5953));
#5953=SURFACE_STYLE_FILL_AREA(#5954);
#5954=FILL_AREA_STYLE('',(#5955));
#5955=FILL_AREA_STYLE_COLOUR('',#5956);
#5956=COLOUR_RGB('',0.615686274509804,0.811764705882353,0.929411764705882);
#5957=MANIFOLD_SOLID_BREP('Part 1',#5948);
#5958=SHAPE_DEFINITION_REPRESENTATION(#10463,#5959);
#5959=SHAPE_REPRESENTATION('Part 1',(#5960),#10458);
#5960=AXIS2_PLACEMENT_3D('',#7311,#6229,#6230);
#5961=AXIS2_PLACEMENT_3D('',#7312,#6231,#6232);
#5962=AXIS2_PLACEMENT_3D('',#7321,#6237,#6238);
#5963=AXIS2_PLACEMENT_3D('',#7338,#6247,#6248);
#5964=AXIS2_PLACEMENT_3D('',#7478,#6264,#6265);
#5965=AXIS2_PLACEMENT_3D('',#7480,#6266,#6267);
#5966=AXIS2_PLACEMENT_3D('',#7490,#6268,#6269);
#5967=AXIS2_PLACEMENT_3D('',#7492,#6270,#6271);
#5968=AXIS2_PLACEMENT_3D('',#7496,#6273,#6274);
#5969=AXIS2_PLACEMENT_3D('',#7602,#6305,#6306);
#5970=AXIS2_PLACEMENT_3D('',#7684,#6321,#6322);
#5971=AXIS2_PLACEMENT_3D('',#7688,#6324,#6325);
#5972=AXIS2_PLACEMENT_3D('',#7698,#6326,#6327);
#5973=AXIS2_PLACEMENT_3D('',#7704,#6328,#6329);
#5974=AXIS2_PLACEMENT_3D('',#7710,#6330,#6331);
#5975=AXIS2_PLACEMENT_3D('',#7724,#6332,#6333);
#5976=AXIS2_PLACEMENT_3D('',#7728,#6335,#6336);
#5977=AXIS2_PLACEMENT_3D('',#7730,#6337,#6338);
#5978=AXIS2_PLACEMENT_3D('',#7748,#6339,#6340);
#5979=AXIS2_PLACEMENT_3D('',#7749,#6341,#6342);
#5980=AXIS2_PLACEMENT_3D('',#7752,#6343,#6344);
#5981=AXIS2_PLACEMENT_3D('',#7756,#6346,#6347);
#5982=AXIS2_PLACEMENT_3D('',#7778,#6354,#6355);
#5983=AXIS2_PLACEMENT_3D('',#7840,#6370,#6371);
#5984=AXIS2_PLACEMENT_3D('',#7860,#6377,#6378);
#5985=AXIS2_PLACEMENT_3D('',#7864,#6380,#6381);
#5986=AXIS2_PLACEMENT_3D('',#7880,#6385,#6386);
#5987=AXIS2_PLACEMENT_3D('',#7884,#6388,#6389);
#5988=AXIS2_PLACEMENT_3D('',#7886,#6390,#6391);
#5989=AXIS2_PLACEMENT_3D('',#7908,#6396,#6397);
#5990=AXIS2_PLACEMENT_3D('',#7993,#6408,#6409);
#5991=AXIS2_PLACEMENT_3D('',#8002,#6414,#6415);
#5992=AXIS2_PLACEMENT_3D('',#8011,#6420,#6421);
#5993=AXIS2_PLACEMENT_3D('',#8012,#6422,#6423);
#5994=AXIS2_PLACEMENT_3D('',#8014,#6424,#6425);
#5995=AXIS2_PLACEMENT_3D('',#8016,#6426,#6427);
#5996=AXIS2_PLACEMENT_3D('',#8017,#6428,#6429);
#5997=AXIS2_PLACEMENT_3D('',#8019,#6430,#6431);
#5998=AXIS2_PLACEMENT_3D('',#8021,#6432,#6433);
#5999=AXIS2_PLACEMENT_3D('',#8022,#6434,#6435);
#6000=AXIS2_PLACEMENT_3D('',#8024,#6436,#6437);
#6001=AXIS2_PLACEMENT_3D('',#8026,#6438,#6439);
#6002=AXIS2_PLACEMENT_3D('',#8027,#6440,#6441);
#6003=AXIS2_PLACEMENT_3D('',#8029,#6442,#6443);
#6004=AXIS2_PLACEMENT_3D('',#8031,#6444,#6445);
#6005=AXIS2_PLACEMENT_3D('',#8032,#6446,#6447);
#6006=AXIS2_PLACEMENT_3D('',#8033,#6448,#6449);
#6007=AXIS2_PLACEMENT_3D('',#8034,#6450,#6451);
#6008=AXIS2_PLACEMENT_3D('',#8035,#6452,#6453);
#6009=AXIS2_PLACEMENT_3D('',#8036,#6454,#6455);
#6010=AXIS2_PLACEMENT_3D('',#8045,#6460,#6461);
#6011=AXIS2_PLACEMENT_3D('',#8051,#6465,#6466);
#6012=AXIS2_PLACEMENT_3D('',#8057,#6470,#6471);
#6013=AXIS2_PLACEMENT_3D('',#8060,#6474,#6475);
#6014=AXIS2_PLACEMENT_3D('',#8062,#6477,#6478);
#6015=AXIS2_PLACEMENT_3D('',#8063,#6479,#6480);
#6016=AXIS2_PLACEMENT_3D('',#8064,#6481,#6482);
#6017=AXIS2_PLACEMENT_3D('',#8065,#6483,#6484);
#6018=AXIS2_PLACEMENT_3D('',#8067,#6486,#6487);
#6019=AXIS2_PLACEMENT_3D('',#8192,#6498,#6499);
#6020=AXIS2_PLACEMENT_3D('',#8231,#6506,#6507);
#6021=AXIS2_PLACEMENT_3D('',#8232,#6508,#6509);
#6022=AXIS2_PLACEMENT_3D('',#8237,#6512,#6513);
#6023=AXIS2_PLACEMENT_3D('',#8238,#6514,#6515);
#6024=AXIS2_PLACEMENT_3D('',#8243,#6518,#6519);
#6025=AXIS2_PLACEMENT_3D('',#8244,#6520,#6521);
#6026=AXIS2_PLACEMENT_3D('',#8249,#6524,#6525);
#6027=AXIS2_PLACEMENT_3D('',#8255,#6529,#6530);
#6028=AXIS2_PLACEMENT_3D('',#8256,#6531,#6532);
#6029=AXIS2_PLACEMENT_3D('',#8261,#6535,#6536);
#6030=AXIS2_PLACEMENT_3D('',#8267,#6540,#6541);
#6031=AXIS2_PLACEMENT_3D('',#8275,#6543,#6544);
#6032=AXIS2_PLACEMENT_3D('',#8276,#6545,#6546);
#6033=AXIS2_PLACEMENT_3D('',#8277,#6547,#6548);
#6034=AXIS2_PLACEMENT_3D('',#8350,#6554,#6555);
#6035=AXIS2_PLACEMENT_3D('',#8351,#6556,#6557);
#6036=AXIS2_PLACEMENT_3D('',#8360,#6562,#6563);
#6037=AXIS2_PLACEMENT_3D('',#8434,#6571,#6572);
#6038=AXIS2_PLACEMENT_3D('',#8440,#6576,#6577);
#6039=AXIS2_PLACEMENT_3D('',#8444,#6580,#6581);
#6040=AXIS2_PLACEMENT_3D('',#8487,#6587,#6588);
#6041=AXIS2_PLACEMENT_3D('',#8517,#6593,#6594);
#6042=AXIS2_PLACEMENT_3D('',#8521,#6597,#6598);
#6043=AXIS2_PLACEMENT_3D('',#8603,#6607,#6608);
#6044=AXIS2_PLACEMENT_3D('',#8619,#6610,#6611);
#6045=AXIS2_PLACEMENT_3D('',#8648,#6615,#6616);
#6046=AXIS2_PLACEMENT_3D('',#8651,#6618,#6619);
#6047=AXIS2_PLACEMENT_3D('',#8652,#6620,#6621);
#6048=AXIS2_PLACEMENT_3D('',#8656,#6624,#6625);
#6049=AXIS2_PLACEMENT_3D('',#8659,#6627,#6628);
#6050=AXIS2_PLACEMENT_3D('',#8660,#6629,#6630);
#6051=AXIS2_PLACEMENT_3D('',#8663,#6632,#6633);
#6052=AXIS2_PLACEMENT_3D('',#8690,#6636,#6637);
#6053=AXIS2_PLACEMENT_3D('',#8693,#6639,#6640);
#6054=AXIS2_PLACEMENT_3D('',#8694,#6641,#6642);
#6055=AXIS2_PLACEMENT_3D('',#8697,#6644,#6645);
#6056=AXIS2_PLACEMENT_3D('',#8698,#6646,#6647);
#6057=AXIS2_PLACEMENT_3D('',#8739,#6652,#6653);
#6058=AXIS2_PLACEMENT_3D('',#8740,#6654,#6655);
#6059=AXIS2_PLACEMENT_3D('',#8746,#6659,#6660);
#6060=AXIS2_PLACEMENT_3D('',#8750,#6663,#6664);
#6061=AXIS2_PLACEMENT_3D('',#8754,#6667,#6668);
#6062=AXIS2_PLACEMENT_3D('',#8758,#6671,#6672);
#6063=AXIS2_PLACEMENT_3D('',#8762,#6675,#6676);
#6064=AXIS2_PLACEMENT_3D('',#8766,#6679,#6680);
#6065=AXIS2_PLACEMENT_3D('',#8770,#6683,#6684);
#6066=AXIS2_PLACEMENT_3D('',#8774,#6687,#6688);
#6067=AXIS2_PLACEMENT_3D('',#8778,#6691,#6692);
#6068=AXIS2_PLACEMENT_3D('',#8782,#6695,#6696);
#6069=AXIS2_PLACEMENT_3D('',#8786,#6699,#6700);
#6070=AXIS2_PLACEMENT_3D('',#8790,#6703,#6704);
#6071=AXIS2_PLACEMENT_3D('',#8794,#6707,#6708);
#6072=AXIS2_PLACEMENT_3D('',#8798,#6711,#6712);
#6073=AXIS2_PLACEMENT_3D('',#8800,#6714,#6715);
#6074=AXIS2_PLACEMENT_3D('',#8801,#6716,#6717);
#6075=AXIS2_PLACEMENT_3D('',#8810,#6722,#6723);
#6076=AXIS2_PLACEMENT_3D('',#8884,#6731,#6732);
#6077=AXIS2_PLACEMENT_3D('',#8890,#6736,#6737);
#6078=AXIS2_PLACEMENT_3D('',#8894,#6740,#6741);
#6079=AXIS2_PLACEMENT_3D('',#8937,#6747,#6748);
#6080=AXIS2_PLACEMENT_3D('',#8967,#6753,#6754);
#6081=AXIS2_PLACEMENT_3D('',#8971,#6757,#6758);
#6082=AXIS2_PLACEMENT_3D('',#9053,#6767,#6768);
#6083=AXIS2_PLACEMENT_3D('',#9069,#6770,#6771);
#6084=AXIS2_PLACEMENT_3D('',#9175,#6779,#6780);
#6085=AXIS2_PLACEMENT_3D('',#9274,#6792,#6793);
#6086=AXIS2_PLACEMENT_3D('',#9278,#6796,#6797);
#6087=AXIS2_PLACEMENT_3D('',#9282,#6800,#6801);
#6088=AXIS2_PLACEMENT_3D('',#9286,#6804,#6805);
#6089=AXIS2_PLACEMENT_3D('',#9290,#6808,#6809);
#6090=AXIS2_PLACEMENT_3D('',#9294,#6812,#6813);
#6091=AXIS2_PLACEMENT_3D('',#9311,#6817,#6818);
#6092=AXIS2_PLACEMENT_3D('',#9327,#6820,#6821);
#6093=AXIS2_PLACEMENT_3D('',#9328,#6822,#6823);
#6094=AXIS2_PLACEMENT_3D('',#9334,#6827,#6828);
#6095=AXIS2_PLACEMENT_3D('',#9377,#6834,#6835);
#6096=AXIS2_PLACEMENT_3D('',#9381,#6838,#6839);
#6097=AXIS2_PLACEMENT_3D('',#9385,#6842,#6843);
#6098=AXIS2_PLACEMENT_3D('',#9388,#6845,#6846);
#6099=AXIS2_PLACEMENT_3D('',#9389,#6847,#6848);
#6100=AXIS2_PLACEMENT_3D('',#9393,#6851,#6852);
#6101=AXIS2_PLACEMENT_3D('',#9397,#6855,#6856);
#6102=AXIS2_PLACEMENT_3D('',#9401,#6859,#6860);
#6103=AXIS2_PLACEMENT_3D('',#9405,#6863,#6864);
#6104=AXIS2_PLACEMENT_3D('',#9448,#6870,#6871);
#6105=AXIS2_PLACEMENT_3D('',#9450,#6873,#6874);
#6106=AXIS2_PLACEMENT_3D('',#9492,#6879,#6880);
#6107=AXIS2_PLACEMENT_3D('',#9496,#6883,#6884);
#6108=AXIS2_PLACEMENT_3D('',#9500,#6887,#6888);
#6109=AXIS2_PLACEMENT_3D('',#9504,#6891,#6892);
#6110=AXIS2_PLACEMENT_3D('',#9508,#6895,#6896);
#6111=AXIS2_PLACEMENT_3D('',#9512,#6899,#6900);
#6112=AXIS2_PLACEMENT_3D('',#9516,#6903,#6904);
#6113=AXIS2_PLACEMENT_3D('',#9520,#6907,#6908);
#6114=AXIS2_PLACEMENT_3D('',#9524,#6911,#6912);
#6115=AXIS2_PLACEMENT_3D('',#9528,#6915,#6916);
#6116=AXIS2_PLACEMENT_3D('',#9532,#6919,#6920);
#6117=AXIS2_PLACEMENT_3D('',#9575,#6926,#6927);
#6118=AXIS2_PLACEMENT_3D('',#9577,#6929,#6930);
#6119=AXIS2_PLACEMENT_3D('',#9606,#6934,#6935);
#6120=AXIS2_PLACEMENT_3D('',#9609,#6937,#6938);
#6121=AXIS2_PLACEMENT_3D('',#9662,#6943,#6944);
#6122=AXIS2_PLACEMENT_3D('',#9665,#6946,#6947);
#6123=AXIS2_PLACEMENT_3D('',#9666,#6948,#6949);
#6124=AXIS2_PLACEMENT_3D('',#9669,#6951,#6952);
#6125=AXIS2_PLACEMENT_3D('',#9670,#6953,#6954);
#6126=AXIS2_PLACEMENT_3D('',#9674,#6957,#6958);
#6127=AXIS2_PLACEMENT_3D('',#9677,#6960,#6961);
#6128=AXIS2_PLACEMENT_3D('',#9717,#6965,#6966);
#6129=AXIS2_PLACEMENT_3D('',#9720,#6968,#6969);
#6130=AXIS2_PLACEMENT_3D('',#9734,#6971,#6972);
#6131=AXIS2_PLACEMENT_3D('',#9737,#6974,#6975);
#6132=AXIS2_PLACEMENT_3D('',#9751,#6977,#6978);
#6133=AXIS2_PLACEMENT_3D('',#9754,#6980,#6981);
#6134=AXIS2_PLACEMENT_3D('',#9781,#6984,#6985);
#6135=AXIS2_PLACEMENT_3D('',#9784,#6987,#6988);
#6136=AXIS2_PLACEMENT_3D('',#9785,#6989,#6990);
#6137=AXIS2_PLACEMENT_3D('',#9789,#6993,#6994);
#6138=AXIS2_PLACEMENT_3D('',#9792,#6996,#6997);
#6139=AXIS2_PLACEMENT_3D('',#9817,#6999,#7000);
#6140=AXIS2_PLACEMENT_3D('',#9818,#7001,#7002);
#6141=AXIS2_PLACEMENT_3D('',#9821,#7004,#7005);
#6142=AXIS2_PLACEMENT_3D('',#9824,#7007,#7008);
#6143=AXIS2_PLACEMENT_3D('',#9827,#7010,#7011);
#6144=AXIS2_PLACEMENT_3D('',#9828,#7012,#7013);
#6145=AXIS2_PLACEMENT_3D('',#9831,#7015,#7016);
#6146=AXIS2_PLACEMENT_3D('',#9832,#7017,#7018);
#6147=AXIS2_PLACEMENT_3D('',#9836,#7021,#7022);
#6148=AXIS2_PLACEMENT_3D('',#9840,#7025,#7026);
#6149=AXIS2_PLACEMENT_3D('',#9844,#7029,#7030);
#6150=AXIS2_PLACEMENT_3D('',#9848,#7033,#7034);
#6151=AXIS2_PLACEMENT_3D('',#9852,#7037,#7038);
#6152=AXIS2_PLACEMENT_3D('',#9882,#7043,#7044);
#6153=AXIS2_PLACEMENT_3D('',#9885,#7046,#7047);
#6154=AXIS2_PLACEMENT_3D('',#9886,#7048,#7049);
#6155=AXIS2_PLACEMENT_3D('',#9888,#7051,#7052);
#6156=AXIS2_PLACEMENT_3D('',#9889,#7053,#7054);
#6157=AXIS2_PLACEMENT_3D('',#9895,#7058,#7059);
#6158=AXIS2_PLACEMENT_3D('',#9899,#7062,#7063);
#6159=AXIS2_PLACEMENT_3D('',#9903,#7066,#7067);
#6160=AXIS2_PLACEMENT_3D('',#9905,#7069,#7070);
#6161=AXIS2_PLACEMENT_3D('',#9971,#7076,#7077);
#6162=AXIS2_PLACEMENT_3D('',#9972,#7078,#7079);
#6163=AXIS2_PLACEMENT_3D('',#9978,#7083,#7084);
#6164=AXIS2_PLACEMENT_3D('',#9982,#7087,#7088);
#6165=AXIS2_PLACEMENT_3D('',#9986,#7091,#7092);
#6166=AXIS2_PLACEMENT_3D('',#10016,#7097,#7098);
#6167=AXIS2_PLACEMENT_3D('',#10019,#7100,#7101);
#6168=AXIS2_PLACEMENT_3D('',#10020,#7102,#7103);
#6169=AXIS2_PLACEMENT_3D('',#10063,#7109,#7110);
#6170=AXIS2_PLACEMENT_3D('',#10067,#7113,#7114);
#6171=AXIS2_PLACEMENT_3D('',#10071,#7117,#7118);
#6172=AXIS2_PLACEMENT_3D('',#10075,#7121,#7122);
#6173=AXIS2_PLACEMENT_3D('',#10079,#7125,#7126);
#6174=AXIS2_PLACEMENT_3D('',#10083,#7129,#7130);
#6175=AXIS2_PLACEMENT_3D('',#10087,#7133,#7134);
#6176=AXIS2_PLACEMENT_3D('',#10089,#7136,#7137);
#6177=AXIS2_PLACEMENT_3D('',#10090,#7138,#7139);
#6178=AXIS2_PLACEMENT_3D('',#10096,#7143,#7144);
#6179=AXIS2_PLACEMENT_3D('',#10100,#7147,#7148);
#6180=AXIS2_PLACEMENT_3D('',#10117,#7152,#7153);
#6181=AXIS2_PLACEMENT_3D('',#10120,#7155,#7156);
#6182=AXIS2_PLACEMENT_3D('',#10121,#7157,#7158);
#6183=AXIS2_PLACEMENT_3D('',#10124,#7160,#7161);
#6184=AXIS2_PLACEMENT_3D('',#10125,#7162,#7163);
#6185=AXIS2_PLACEMENT_3D('',#10129,#7166,#7167);
#6186=AXIS2_PLACEMENT_3D('',#10132,#7169,#7170);
#6187=AXIS2_PLACEMENT_3D('',#10159,#7173,#7174);
#6188=AXIS2_PLACEMENT_3D('',#10163,#7177,#7178);
#6189=AXIS2_PLACEMENT_3D('',#10167,#7181,#7182);
#6190=AXIS2_PLACEMENT_3D('',#10171,#7185,#7186);
#6191=AXIS2_PLACEMENT_3D('',#10174,#7188,#7189);
#6192=AXIS2_PLACEMENT_3D('',#10175,#7190,#7191);
#6193=AXIS2_PLACEMENT_3D('',#10179,#7194,#7195);
#6194=AXIS2_PLACEMENT_3D('',#10182,#7197,#7198);
#6195=AXIS2_PLACEMENT_3D('',#10183,#7199,#7200);
#6196=AXIS2_PLACEMENT_3D('',#10185,#7202,#7203);
#6197=AXIS2_PLACEMENT_3D('',#10186,#7204,#7205);
#6198=AXIS2_PLACEMENT_3D('',#10192,#7209,#7210);
#6199=AXIS2_PLACEMENT_3D('',#10248,#7217,#7218);
#6200=AXIS2_PLACEMENT_3D('',#10252,#7221,#7222);
#6201=AXIS2_PLACEMENT_3D('',#10256,#7225,#7226);
#6202=AXIS2_PLACEMENT_3D('',#10299,#7232,#7233);
#6203=AXIS2_PLACEMENT_3D('',#10302,#7235,#7236);
#6204=AXIS2_PLACEMENT_3D('',#10303,#7237,#7238);
#6205=AXIS2_PLACEMENT_3D('',#10338,#7243,#7244);
#6206=AXIS2_PLACEMENT_3D('',#10346,#7246,#7247);
#6207=AXIS2_PLACEMENT_3D('',#10347,#7248,#7249);
#6208=AXIS2_PLACEMENT_3D('',#10348,#7250,#7251);
#6209=AXIS2_PLACEMENT_3D('',#10353,#7254,#7255);
#6210=AXIS2_PLACEMENT_3D('',#10354,#7256,#7257);
#6211=AXIS2_PLACEMENT_3D('',#10359,#7260,#7261);
#6212=AXIS2_PLACEMENT_3D('',#10360,#7262,#7263);
#6213=AXIS2_PLACEMENT_3D('',#10365,#7266,#7267);
#6214=AXIS2_PLACEMENT_3D('',#10371,#7271,#7272);
#6215=AXIS2_PLACEMENT_3D('',#10372,#7273,#7274);
#6216=AXIS2_PLACEMENT_3D('',#10377,#7277,#7278);
#6217=AXIS2_PLACEMENT_3D('',#10444,#7286,#7287);
#6218=AXIS2_PLACEMENT_3D('',#10446,#7289,#7290);
#6219=AXIS2_PLACEMENT_3D('',#10447,#7291,#7292);
#6220=AXIS2_PLACEMENT_3D('',#10448,#7293,#7294);
#6221=AXIS2_PLACEMENT_3D('',#10449,#7295,#7296);
#6222=AXIS2_PLACEMENT_3D('',#10450,#7297,#7298);
#6223=AXIS2_PLACEMENT_3D('',#10451,#7299,#7300);
#6224=AXIS2_PLACEMENT_3D('',#10452,#7301,#7302);
#6225=AXIS2_PLACEMENT_3D('',#10453,#7303,#7304);
#6226=AXIS2_PLACEMENT_3D('',#10454,#7305,#7306);
#6227=AXIS2_PLACEMENT_3D('',#10455,#7307,#7308);
#6228=AXIS2_PLACEMENT_3D('',#10456,#7309,#7310);
#6229=DIRECTION('',(0.,0.,1.));
#6230=DIRECTION('',(1.,0.,0.));
#6231=DIRECTION('',(0.,1.,0.));
#6232=DIRECTION('',(0.,0.,1.));
#6233=DIRECTION('',(0.,0.,1.));
#6234=DIRECTION('',(-1.,0.,0.));
#6235=DIRECTION('',(0.,0.,-1.));
#6236=DIRECTION('',(1.,0.,0.));
#6237=DIRECTION('',(0.,1.,0.));
#6238=DIRECTION('',(0.,0.,1.));
#6239=DIRECTION('',(1.,0.,0.));
#6240=DIRECTION('',(0.,0.,1.));
#6241=DIRECTION('',(1.,0.,0.));
#6242=DIRECTION('',(0.,0.,-1.));
#6243=DIRECTION('',(1.,0.,0.));
#6244=DIRECTION('',(0.,0.,-1.));
#6245=DIRECTION('',(1.,0.,0.));
#6246=DIRECTION('',(0.,0.,1.));
#6247=DIRECTION('',(1.,3.18297885500331E-16,0.));
#6248=DIRECTION('',(-3.18297885500331E-16,1.,0.));
#6249=DIRECTION('',(3.18297885500331E-16,-1.,0.));
#6250=DIRECTION('',(1.15516526467311E-16,-0.362919553441993,0.931820475053787));
#6251=DIRECTION('',(3.18297885500331E-16,-1.,0.));
#6252=DIRECTION('',(-3.18142068591214E-16,0.999510468287049,0.031286159633368));
#6253=DIRECTION('',(0.,0.,1.));
#6254=DIRECTION('',(1.39855395140111E-16,-0.439385247314077,0.898298727842107));
#6255=DIRECTION('',(0.,0.,-1.));
#6256=DIRECTION('',(3.18297885500331E-16,-1.,0.));
#6257=DIRECTION('',(1.15516526467311E-16,-0.362919553441993,0.931820475053787));
#6258=DIRECTION('',(3.18297885500331E-16,-1.,0.));
#6259=DIRECTION('',(-3.18142068591214E-16,0.999510468287049,0.031286159633368));
#6260=DIRECTION('',(0.,0.,1.));
#6261=DIRECTION('',(1.39855395140111E-16,-0.439385247314077,0.898298727842107));
#6262=DIRECTION('',(0.,0.,-1.));
#6263=DIRECTION('',(1.13614068512498E-16,-0.356942580167973,-0.934126326822572));
#6264=DIRECTION('',(1.,0.,0.));
#6265=DIRECTION('',(0.,0.,-1.));
#6266=DIRECTION('',(1.,0.,0.));
#6267=DIRECTION('',(0.,0.,-1.));
#6268=DIRECTION('',(1.,0.,0.));
#6269=DIRECTION('',(0.,0.,-1.));
#6270=DIRECTION('',(1.,0.,0.));
#6271=DIRECTION('',(0.,0.,-1.));
#6272=DIRECTION('',(0.,0.,-1.));
#6273=DIRECTION('',(1.,0.,0.));
#6274=DIRECTION('',(0.,0.,-1.));
#6275=DIRECTION('',(-3.18297885500331E-16,1.,0.));
#6276=DIRECTION('',(-1.96004019959446E-16,0.61578800516173,0.78791188130332));
#6277=DIRECTION('',(-2.15510435873462E-16,0.677071528561057,0.735917213558695));
#6278=DIRECTION('',(-3.18297885500331E-16,1.,0.));
#6279=DIRECTION('',(2.14857151806978E-16,-0.675019098757897,-0.73780025502305));
#6280=DIRECTION('',(-1.90027265495547E-16,0.597010769320204,-0.802233221274025));
#6281=DIRECTION('',(3.18297885500331E-16,-1.,0.));
#6282=DIRECTION('',(1.84347587126921E-16,-0.579166860744758,0.815209020690438));
#6283=DIRECTION('',(2.48548890898878E-16,-0.78086880944303,-0.624695047554425));
#6284=DIRECTION('',(0.,0.,-1.));
#6285=DIRECTION('',(3.18297885500331E-16,-1.,0.));
#6286=DIRECTION('',(0.,0.,1.));
#6287=DIRECTION('',(-3.18297885500331E-16,1.,0.));
#6288=DIRECTION('',(0.,0.,-1.));
#6289=DIRECTION('',(2.00043230261942E-17,-0.0628478037004531,-0.99802312276321));
#6290=DIRECTION('',(3.18297885500331E-16,-1.,0.));
#6291=DIRECTION('',(0.,0.,-1.));
#6292=DIRECTION('',(3.18297885500331E-16,-1.,0.));
#6293=DIRECTION('',(0.,0.,1.));
#6294=DIRECTION('',(-3.18297885500331E-16,1.,0.));
#6295=DIRECTION('',(-9.02870597735107E-17,0.283655857881646,-0.95892614642079));
#6296=DIRECTION('',(-3.18297885500331E-16,1.,0.));
#6297=DIRECTION('',(0.,0.,-1.));
#6298=DIRECTION('',(3.18297885500331E-16,-1.,0.));
#6299=DIRECTION('',(0.,0.,1.));
#6300=DIRECTION('',(0.,0.,-1.));
#6301=DIRECTION('',(3.18297885500331E-16,-1.,0.));
#6302=DIRECTION('',(0.,0.,1.));
#6303=DIRECTION('',(-3.18297885500331E-16,1.,0.));
#6304=DIRECTION('',(0.,0.,-1.));
#6305=DIRECTION('',(1.,0.,0.));
#6306=DIRECTION('',(0.,0.,-1.));
#6307=DIRECTION('',(2.48440931940699E-17,-0.078052963358577,-0.996949213807276));
#6308=DIRECTION('',(-3.18297885500331E-16,1.,0.));
#6309=DIRECTION('',(0.,0.,-1.));
#6310=DIRECTION('',(0.,0.,1.));
#6311=DIRECTION('',(3.18297885500331E-16,-1.,0.));
#6312=DIRECTION('',(0.,0.,1.));
#6313=DIRECTION('',(-2.72019579211368E-16,0.85460693144028,0.519275449770378));
#6314=DIRECTION('',(-1.11141539747639E-16,0.349174609102214,0.937057678245217));
#6315=DIRECTION('',(-3.18297885500331E-16,1.,0.));
#6316=DIRECTION('',(0.,0.,-1.));
#6317=DIRECTION('',(-3.18297885500331E-16,1.,0.));
#6318=DIRECTION('',(0.,0.,-1.));
#6319=DIRECTION('',(3.18297885500331E-16,-1.,0.));
#6320=DIRECTION('',(0.,0.,-1.));
#6321=DIRECTION('',(1.,0.,0.));
#6322=DIRECTION('',(0.,0.,-1.));
#6323=DIRECTION('',(0.,0.,1.));
#6324=DIRECTION('',(1.,0.,0.));
#6325=DIRECTION('',(0.,0.,-1.));
#6326=DIRECTION('',(1.,0.,0.));
#6327=DIRECTION('',(0.,0.,-1.));
#6328=DIRECTION('',(1.,0.,0.));
#6329=DIRECTION('',(0.,0.,-1.));
#6330=DIRECTION('',(1.,0.,0.));
#6331=DIRECTION('',(0.,0.,-1.));
#6332=DIRECTION('',(1.,0.,0.));
#6333=DIRECTION('',(0.,0.,-1.));
#6334=DIRECTION('',(1.22695412481186E-16,-0.385473539317806,-0.922718890283386));
#6335=DIRECTION('',(1.,0.,0.));
#6336=DIRECTION('',(0.,0.,-1.));
#6337=DIRECTION('',(1.,0.,0.));
#6338=DIRECTION('',(0.,0.,-1.));
#6339=DIRECTION('',(1.,0.,0.));
#6340=DIRECTION('',(0.,0.,-1.));
#6341=DIRECTION('',(1.,0.,0.));
#6342=DIRECTION('',(0.,0.,-1.));
#6343=DIRECTION('',(1.,0.,0.));
#6344=DIRECTION('',(0.,0.,-1.));
#6345=DIRECTION('',(2.55804243209176E-17,-0.0803663030331096,-0.996765397341215));
#6346=DIRECTION('',(1.,0.,0.));
#6347=DIRECTION('',(0.,0.,-1.));
#6348=DIRECTION('',(0.,0.,-1.));
#6349=DIRECTION('',(3.18297885500331E-16,-1.,0.));
#6350=DIRECTION('',(0.,0.,1.));
#6351=DIRECTION('',(-3.18297885500331E-16,1.,0.));
#6352=DIRECTION('',(-7.42223882468787E-17,0.233185301027711,-0.972432319179395));
#6353=DIRECTION('',(-3.18297885500331E-16,1.,0.));
#6354=DIRECTION('',(1.,0.,0.));
#6355=DIRECTION('',(0.,0.,-1.));
#6356=DIRECTION('',(0.,0.,-1.));
#6357=DIRECTION('',(3.18297885500331E-16,-1.,0.));
#6358=DIRECTION('',(0.,0.,1.));
#6359=DIRECTION('',(-3.18297885500331E-16,1.,0.));
#6360=DIRECTION('',(0.,0.,-1.));
#6361=DIRECTION('',(3.18297885500331E-16,-1.,0.));
#6362=DIRECTION('',(0.,0.,-1.));
#6363=DIRECTION('',(3.18297885500331E-16,-1.,0.));
#6364=DIRECTION('',(0.,0.,1.));
#6365=DIRECTION('',(3.18297885500331E-16,-1.,0.));
#6366=DIRECTION('',(0.,0.,1.));
#6367=DIRECTION('',(-2.86097041997701E-16,0.898834252536695,0.438288702189322));
#6368=DIRECTION('',(0.,0.,1.));
#6369=DIRECTION('',(1.04767240677371E-16,-0.329148402958089,-0.944278205207629));
#6370=DIRECTION('',(1.,0.,0.));
#6371=DIRECTION('',(0.,0.,-1.));
#6372=DIRECTION('',(0.,0.,-1.));
#6373=DIRECTION('',(-3.18297885500331E-16,1.,0.));
#6374=DIRECTION('',(1.18242241888927E-16,-0.371482963837671,0.928439770571241));
#6375=DIRECTION('',(-3.18297885500331E-16,1.,0.));
#6376=DIRECTION('',(-1.01161060459183E-16,0.317818826537816,-0.948151461264563));
#6377=DIRECTION('',(1.,0.,0.));
#6378=DIRECTION('',(0.,0.,-1.));
#6379=DIRECTION('',(-3.18297885500331E-16,1.,0.));
#6380=DIRECTION('',(1.,0.,0.));
#6381=DIRECTION('',(0.,0.,-1.));
#6382=DIRECTION('',(-9.95004890053467E-17,0.312601790768865,0.94988426684944));
#6383=DIRECTION('',(-3.18297885500331E-16,1.,0.));
#6384=DIRECTION('',(1.11770136367268E-16,-0.351149478079559,-0.936319413471949));
#6385=DIRECTION('',(1.,0.,0.));
#6386=DIRECTION('',(0.,0.,-1.));
#6387=DIRECTION('',(0.,0.,1.));
#6388=DIRECTION('',(1.,0.,0.));
#6389=DIRECTION('',(0.,0.,-1.));
#6390=DIRECTION('',(1.,0.,0.));
#6391=DIRECTION('',(0.,0.,-1.));
#6392=DIRECTION('',(-1.00127489191602E-16,0.314571644213758,0.949233733416935));
#6393=DIRECTION('',(3.18297885500331E-16,-1.,0.));
#6394=DIRECTION('',(0.,0.,-1.));
#6395=DIRECTION('',(-3.18297885500331E-16,1.,0.));
#6396=DIRECTION('',(1.,0.,0.));
#6397=DIRECTION('',(0.,0.,-1.));
#6398=DIRECTION('',(0.,0.,-1.));
#6399=DIRECTION('',(3.18297885500331E-16,-1.,0.));
#6400=DIRECTION('',(0.,0.,1.));
#6401=DIRECTION('',(0.,0.,-1.));
#6402=DIRECTION('',(3.18297885500331E-16,-1.,0.));
#6403=DIRECTION('',(0.,0.,1.));
#6404=DIRECTION('',(0.,0.,-1.));
#6405=DIRECTION('',(3.18297885500331E-16,-1.,0.));
#6406=DIRECTION('',(0.,0.,-1.));
#6407=DIRECTION('',(0.,0.,-1.));
#6408=DIRECTION('',(1.,1.06099295166777E-16,0.));
#6409=DIRECTION('',(-1.06099295166777E-16,1.,0.));
#6410=DIRECTION('',(1.06099295166777E-16,-1.,0.));
#6411=DIRECTION('',(0.,0.,-1.));
#6412=DIRECTION('',(1.06099295166777E-16,-1.,0.));
#6413=DIRECTION('',(0.,0.,-1.));
#6414=DIRECTION('',(0.,1.,0.));
#6415=DIRECTION('',(0.,0.,1.));
#6416=DIRECTION('',(1.,0.,0.));
#6417=DIRECTION('',(0.,0.,-1.));
#6418=DIRECTION('',(1.,0.,0.));
#6419=DIRECTION('',(0.,0.,-1.));
#6420=DIRECTION('',(0.,0.,-1.));
#6421=DIRECTION('',(-1.,0.,0.));
#6422=DIRECTION('',(0.,0.,1.));
#6423=DIRECTION('',(1.,0.,0.));
#6424=DIRECTION('',(0.,0.,1.));
#6425=DIRECTION('',(1.,0.,0.));
#6426=DIRECTION('',(0.,0.,-1.));
#6427=DIRECTION('',(-1.,0.,0.));
#6428=DIRECTION('',(0.,0.,1.));
#6429=DIRECTION('',(1.,0.,0.));
#6430=DIRECTION('',(0.,0.,1.));
#6431=DIRECTION('',(1.,0.,0.));
#6432=DIRECTION('',(0.,0.,-1.));
#6433=DIRECTION('',(-1.,0.,0.));
#6434=DIRECTION('',(0.,0.,1.));
#6435=DIRECTION('',(1.,0.,0.));
#6436=DIRECTION('',(0.,0.,1.));
#6437=DIRECTION('',(1.,0.,0.));
#6438=DIRECTION('',(0.,0.,-1.));
#6439=DIRECTION('',(-1.,0.,0.));
#6440=DIRECTION('',(0.,0.,1.));
#6441=DIRECTION('',(1.,0.,0.));
#6442=DIRECTION('',(0.,0.,1.));
#6443=DIRECTION('',(1.,0.,0.));
#6444=DIRECTION('',(0.,0.,1.));
#6445=DIRECTION('',(1.,0.,0.));
#6446=DIRECTION('',(0.,0.,1.));
#6447=DIRECTION('',(1.,0.,0.));
#6448=DIRECTION('',(0.,0.,1.));
#6449=DIRECTION('',(1.,0.,0.));
#6450=DIRECTION('',(0.,0.,1.));
#6451=DIRECTION('',(1.,0.,0.));
#6452=DIRECTION('',(0.,0.,1.));
#6453=DIRECTION('',(1.,0.,0.));
#6454=DIRECTION('',(0.,1.,0.));
#6455=DIRECTION('',(0.,0.,1.));
#6456=DIRECTION('',(0.,0.,-1.));
#6457=DIRECTION('',(-1.,0.,0.));
#6458=DIRECTION('',(0.,0.,-1.));
#6459=DIRECTION('',(1.,0.,0.));
#6460=DIRECTION('',(-1.,-1.52839072773287E-16,0.));
#6461=DIRECTION('',(1.52839072773287E-16,-1.,0.));
#6462=DIRECTION('',(1.52839072773287E-16,-1.,0.));
#6463=DIRECTION('',(0.,0.,-1.));
#6464=DIRECTION('',(-1.52839072773287E-16,1.,0.));
#6465=DIRECTION('',(0.,1.,0.));
#6466=DIRECTION('',(0.,0.,1.));
#6467=DIRECTION('',(-1.,0.,0.));
#6468=DIRECTION('',(0.,0.,1.));
#6469=DIRECTION('',(1.,0.,0.));
#6470=DIRECTION('',(-1.,-1.52839072773287E-16,0.));
#6471=DIRECTION('',(1.52839072773287E-16,-1.,0.));
#6472=DIRECTION('',(1.52839072773287E-16,-1.,0.));
#6473=DIRECTION('',(-1.52839072773287E-16,1.,0.));
#6474=DIRECTION('',(0.,0.,1.));
#6475=DIRECTION('',(1.,0.,0.));
#6476=DIRECTION('',(0.,-1.,0.));
#6477=DIRECTION('',(0.,0.,1.));
#6478=DIRECTION('',(1.,0.,0.));
#6479=DIRECTION('',(0.,0.,1.));
#6480=DIRECTION('',(1.,0.,0.));
#6481=DIRECTION('',(0.,0.,1.));
#6482=DIRECTION('',(1.,0.,0.));
#6483=DIRECTION('',(0.,0.,1.));
#6484=DIRECTION('',(1.,0.,0.));
#6485=DIRECTION('',(0.,-1.,0.));
#6486=DIRECTION('',(0.,0.,1.));
#6487=DIRECTION('',(1.,0.,0.));
#6488=DIRECTION('',(0.,-1.,0.));
#6489=DIRECTION('',(0.,-1.,0.));
#6490=DIRECTION('',(1.,0.,0.));
#6491=DIRECTION('',(1.,0.,0.));
#6492=DIRECTION('',(1.,0.,0.));
#6493=DIRECTION('',(1.,0.,0.));
#6494=DIRECTION('',(1.,0.,0.));
#6495=DIRECTION('',(1.,0.,0.));
#6496=DIRECTION('',(1.,0.,0.));
#6497=DIRECTION('',(1.,0.,0.));
#6498=DIRECTION('',(0.,1.,0.));
#6499=DIRECTION('',(0.,0.,1.));
#6500=DIRECTION('',(1.,0.,0.));
#6501=DIRECTION('',(0.,0.,1.));
#6502=DIRECTION('',(0.,0.,1.));
#6503=DIRECTION('',(1.,0.,0.));
#6504=DIRECTION('',(1.,0.,0.));
#6505=DIRECTION('',(1.,0.,0.));
#6506=DIRECTION('',(0.,0.,1.));
#6507=DIRECTION('',(1.,0.,0.));
#6508=DIRECTION('',(0.,0.,1.));
#6509=DIRECTION('',(1.,0.,0.));
#6510=DIRECTION('',(1.,0.,0.));
#6511=DIRECTION('',(0.,-1.,0.));
#6512=DIRECTION('',(0.,0.926488862154077,0.376322186835221));
#6513=DIRECTION('',(0.,-0.376322186835221,0.926488862154078));
#6514=DIRECTION('',(0.,0.926488862154077,0.376322186835221));
#6515=DIRECTION('',(0.,0.376322186835221,-0.926488862154078));
#6516=DIRECTION('',(1.,0.,0.));
#6517=DIRECTION('',(0.,-0.376322186835221,0.926488862154077));
#6518=DIRECTION('',(0.,0.,1.));
#6519=DIRECTION('',(1.,0.,0.));
#6520=DIRECTION('',(0.,0.,1.));
#6521=DIRECTION('',(1.,0.,0.));
#6522=DIRECTION('',(1.,0.,0.));
#6523=DIRECTION('',(0.,-1.,0.));
#6524=DIRECTION('',(0.,-1.,0.));
#6525=DIRECTION('',(0.,0.,-1.));
#6526=DIRECTION('',(0.,0.,-1.));
#6527=DIRECTION('',(1.,0.,0.));
#6528=DIRECTION('',(0.,0.,-1.));
#6529=DIRECTION('',(0.,0.,-1.));
#6530=DIRECTION('',(-1.,0.,0.));
#6531=DIRECTION('',(0.,0.,-1.));
#6532=DIRECTION('',(-1.,0.,0.));
#6533=DIRECTION('',(1.,0.,0.));
#6534=DIRECTION('',(0.,1.,0.));
#6535=DIRECTION('',(0.,1.,0.));
#6536=DIRECTION('',(0.,0.,1.));
#6537=DIRECTION('',(0.,0.,-1.));
#6538=DIRECTION('',(1.,0.,0.));
#6539=DIRECTION('',(0.,0.,1.));
#6540=DIRECTION('',(1.,0.,0.));
#6541=DIRECTION('',(0.,-0.995096917669537,-0.098904622968726));
#6542=DIRECTION('',(1.,0.,0.));
#6543=DIRECTION('',(1.,0.,0.));
#6544=DIRECTION('',(0.,0.,-1.));
#6545=DIRECTION('',(0.,0.,-1.));
#6546=DIRECTION('',(-1.,0.,0.));
#6547=DIRECTION('',(0.,0.,-1.));
#6548=DIRECTION('',(-1.,0.,0.));
#6549=DIRECTION('',(1.,0.,0.));
#6550=DIRECTION('',(0.,1.,0.));
#6551=DIRECTION('',(1.,0.,0.));
#6552=DIRECTION('',(1.,0.,0.));
#6553=DIRECTION('',(1.,0.,0.));
#6554=DIRECTION('',(1.,0.,0.));
#6555=DIRECTION('',(0.,1.,0.));
#6556=DIRECTION('',(0.,-0.0352085090706876,0.999379988237217));
#6557=DIRECTION('',(0.,-0.999379988237217,-0.0352085090706876));
#6558=DIRECTION('',(1.,0.,0.));
#6559=DIRECTION('',(0.,-0.999379988237217,-0.0352085090706876));
#6560=DIRECTION('',(1.,0.,0.));
#6561=DIRECTION('',(3.18100537067253E-16,-0.999379988237217,-0.0352085090706876));
#6562=DIRECTION('',(0.,1.,0.));
#6563=DIRECTION('',(0.,0.,1.));
#6564=DIRECTION('',(1.,0.,0.));
#6565=DIRECTION('',(0.,0.,1.));
#6566=DIRECTION('',(0.,0.,1.));
#6567=DIRECTION('',(1.,0.,0.));
#6568=DIRECTION('',(1.,0.,0.));
#6569=DIRECTION('',(1.,0.,0.));
#6570=DIRECTION('',(1.,0.,0.));
#6571=DIRECTION('',(0.,0.931820475053786,0.362919553441993));
#6572=DIRECTION('',(0.,-0.362919553441993,0.931820475053787));
#6573=DIRECTION('',(1.,0.,0.));
#6574=DIRECTION('',(0.,-0.362919553441994,0.931820475053787));
#6575=DIRECTION('',(1.,0.,0.));
#6576=DIRECTION('',(0.,0.,1.));
#6577=DIRECTION('',(1.,0.,0.));
#6578=DIRECTION('',(1.,0.,0.));
#6579=DIRECTION('',(0.,-1.,0.));
#6580=DIRECTION('',(0.,-1.,0.));
#6581=DIRECTION('',(0.,0.,-1.));
#6582=DIRECTION('',(1.,0.,0.));
#6583=DIRECTION('',(0.,0.,-1.));
#6584=DIRECTION('',(1.,0.,0.));
#6585=DIRECTION('',(1.,0.,0.));
#6586=DIRECTION('',(1.,0.,0.));
#6587=DIRECTION('',(0.,0.898298727842107,0.439385247314077));
#6588=DIRECTION('',(0.,-0.439385247314077,0.898298727842107));
#6589=DIRECTION('',(1.,0.,0.));
#6590=DIRECTION('',(0.,-0.439385247314077,0.898298727842107));
#6591=DIRECTION('',(1.,0.,0.));
#6592=DIRECTION('',(1.,0.,0.));
#6593=DIRECTION('',(0.,1.,0.));
#6594=DIRECTION('',(0.,0.,1.));
#6595=DIRECTION('',(1.,0.,0.));
#6596=DIRECTION('',(0.,0.,1.));
#6597=DIRECTION('',(0.,0.031286159633368,-0.999510468287049));
#6598=DIRECTION('',(0.,0.999510468287049,0.031286159633368));
#6599=DIRECTION('',(1.,0.,0.));
#6600=DIRECTION('',(0.,0.999510468287049,0.031286159633368));
#6601=DIRECTION('',(1.,0.,0.));
#6602=DIRECTION('',(1.,0.,0.));
#6603=DIRECTION('',(1.,0.,0.));
#6604=DIRECTION('',(1.,0.,0.));
#6605=DIRECTION('',(1.,0.,0.));
#6606=DIRECTION('',(1.,0.,0.));
#6607=DIRECTION('',(0.,0.,1.));
#6608=DIRECTION('',(1.,0.,0.));
#6609=DIRECTION('',(0.,-1.,0.));
#6610=DIRECTION('',(1.,0.,0.));
#6611=DIRECTION('',(0.,1.,0.));
#6612=DIRECTION('',(1.,0.,0.));
#6613=DIRECTION('',(1.,0.,0.));
#6614=DIRECTION('',(1.,0.,0.));
#6615=DIRECTION('',(1.,0.,0.));
#6616=DIRECTION('',(0.,0.396369248047622,-0.918091182400835));
#6617=DIRECTION('',(1.,0.,0.));
#6618=DIRECTION('',(1.,0.,0.));
#6619=DIRECTION('',(0.,0.,-1.));
#6620=DIRECTION('',(0.,-1.,0.));
#6621=DIRECTION('',(0.,0.,-1.));
#6622=DIRECTION('',(1.,0.,0.));
#6623=DIRECTION('',(0.,0.,-1.));
#6624=DIRECTION('',(1.,0.,0.));
#6625=DIRECTION('',(0.,0.438498068523568,-0.898732131338977));
#6626=DIRECTION('',(1.,0.,0.));
#6627=DIRECTION('',(1.,0.,0.));
#6628=DIRECTION('',(0.,0.,-1.));
#6629=DIRECTION('',(1.,0.,0.));
#6630=DIRECTION('',(0.,0.145630804293765,-0.989339006024099));
#6631=DIRECTION('',(1.,0.,0.));
#6632=DIRECTION('',(1.,0.,0.));
#6633=DIRECTION('',(0.,0.,-1.));
#6634=DIRECTION('',(1.,0.,0.));
#6635=DIRECTION('',(1.,0.,0.));
#6636=DIRECTION('',(1.,0.,0.));
#6637=DIRECTION('',(0.,0.147044105912487,0.989129936315951));
#6638=DIRECTION('',(1.,0.,0.));
#6639=DIRECTION('',(1.,0.,0.));
#6640=DIRECTION('',(0.,0.,-1.));
#6641=DIRECTION('',(1.,0.,0.));
#6642=DIRECTION('',(0.,0.334093205538973,0.94254004159648));
#6643=DIRECTION('',(1.,0.,0.));
#6644=DIRECTION('',(1.,0.,0.));
#6645=DIRECTION('',(0.,0.,-1.));
#6646=DIRECTION('',(0.,-0.934126326822572,0.356942580167973));
#6647=DIRECTION('',(0.,-0.356942580167973,-0.934126326822572));
#6648=DIRECTION('',(1.,0.,0.));
#6649=DIRECTION('',(0.,-0.356942580167973,-0.934126326822572));
#6650=DIRECTION('',(1.,0.,0.));
#6651=DIRECTION('',(1.,0.,0.));
#6652=DIRECTION('',(1.,0.,0.));
#6653=DIRECTION('',(0.,1.,0.));
#6654=DIRECTION('',(0.,0.78791188130332,-0.61578800516173));
#6655=DIRECTION('',(0.,0.61578800516173,0.78791188130332));
#6656=DIRECTION('',(1.,0.,0.));
#6657=DIRECTION('',(0.,0.61578800516173,0.78791188130332));
#6658=DIRECTION('',(1.,0.,0.));
#6659=DIRECTION('',(0.,0.,-1.));
#6660=DIRECTION('',(-1.,0.,0.));
#6661=DIRECTION('',(1.,0.,0.));
#6662=DIRECTION('',(0.,1.,0.));
#6663=DIRECTION('',(0.,-0.99802312276321,0.0628478037004531));
#6664=DIRECTION('',(0.,-0.0628478037004531,-0.99802312276321));
#6665=DIRECTION('',(1.,0.,0.));
#6666=DIRECTION('',(0.,-0.0628478037004531,-0.99802312276321));
#6667=DIRECTION('',(0.,-1.,0.));
#6668=DIRECTION('',(0.,0.,-1.));
#6669=DIRECTION('',(1.,0.,0.));
#6670=DIRECTION('',(0.,0.,-1.));
#6671=DIRECTION('',(0.,0.,-1.));
#6672=DIRECTION('',(-1.,0.,0.));
#6673=DIRECTION('',(1.,0.,0.));
#6674=DIRECTION('',(0.,1.,0.));
#6675=DIRECTION('',(0.,1.,0.));
#6676=DIRECTION('',(0.,0.,1.));
#6677=DIRECTION('',(1.,0.,0.));
#6678=DIRECTION('',(0.,0.,1.));
#6679=DIRECTION('',(0.,0.,1.));
#6680=DIRECTION('',(1.,0.,0.));
#6681=DIRECTION('',(1.,0.,0.));
#6682=DIRECTION('',(0.,-1.,0.));
#6683=DIRECTION('',(0.,-1.,0.));
#6684=DIRECTION('',(0.,0.,-1.));
#6685=DIRECTION('',(1.,0.,0.));
#6686=DIRECTION('',(0.,0.,-1.));
#6687=DIRECTION('',(0.,-0.624695047554425,0.78086880944303));
#6688=DIRECTION('',(0.,-0.78086880944303,-0.624695047554425));
#6689=DIRECTION('',(1.,0.,0.));
#6690=DIRECTION('',(0.,-0.78086880944303,-0.624695047554425));
#6691=DIRECTION('',(0.,0.815209020690437,0.579166860744758));
#6692=DIRECTION('',(0.,-0.579166860744758,0.815209020690438));
#6693=DIRECTION('',(1.,0.,0.));
#6694=DIRECTION('',(0.,-0.579166860744758,0.815209020690438));
#6695=DIRECTION('',(0.,0.,1.));
#6696=DIRECTION('',(1.,0.,0.));
#6697=DIRECTION('',(1.,0.,0.));
#6698=DIRECTION('',(0.,-1.,0.));
#6699=DIRECTION('',(0.,-0.802233221274024,-0.597010769320204));
#6700=DIRECTION('',(0.,0.597010769320204,-0.802233221274025));
#6701=DIRECTION('',(1.,0.,0.));
#6702=DIRECTION('',(0.,0.597010769320204,-0.802233221274025));
#6703=DIRECTION('',(0.,-0.73780025502305,0.675019098757897));
#6704=DIRECTION('',(0.,-0.675019098757897,-0.73780025502305));
#6705=DIRECTION('',(1.,0.,0.));
#6706=DIRECTION('',(0.,-0.675019098757897,-0.73780025502305));
#6707=DIRECTION('',(0.,0.,-1.));
#6708=DIRECTION('',(-1.,0.,0.));
#6709=DIRECTION('',(1.,0.,0.));
#6710=DIRECTION('',(0.,1.,0.));
#6711=DIRECTION('',(0.,0.735917213558695,-0.677071528561057));
#6712=DIRECTION('',(0.,0.677071528561057,0.735917213558695));
#6713=DIRECTION('',(0.,0.677071528561057,0.735917213558695));
#6714=DIRECTION('',(1.,0.,0.));
#6715=DIRECTION('',(0.,1.,0.));
#6716=DIRECTION('',(0.,-0.0352085090706876,0.999379988237217));
#6717=DIRECTION('',(0.,-0.999379988237217,-0.0352085090706876));
#6718=DIRECTION('',(1.,0.,0.));
#6719=DIRECTION('',(0.,-0.999379988237217,-0.0352085090706876));
#6720=DIRECTION('',(1.,0.,0.));
#6721=DIRECTION('',(3.18100537067253E-16,-0.999379988237217,-0.0352085090706876));
#6722=DIRECTION('',(0.,1.,0.));
#6723=DIRECTION('',(0.,0.,1.));
#6724=DIRECTION('',(1.,0.,0.));
#6725=DIRECTION('',(0.,0.,1.));
#6726=DIRECTION('',(0.,0.,1.));
#6727=DIRECTION('',(1.,0.,0.));
#6728=DIRECTION('',(1.,0.,0.));
#6729=DIRECTION('',(1.,0.,0.));
#6730=DIRECTION('',(1.,0.,0.));
#6731=DIRECTION('',(0.,0.931820475053786,0.362919553441993));
#6732=DIRECTION('',(0.,-0.362919553441993,0.931820475053787));
#6733=DIRECTION('',(1.,0.,0.));
#6734=DIRECTION('',(0.,-0.362919553441994,0.931820475053787));
#6735=DIRECTION('',(1.,0.,0.));
#6736=DIRECTION('',(0.,0.,1.));
#6737=DIRECTION('',(1.,0.,0.));
#6738=DIRECTION('',(1.,0.,0.));
#6739=DIRECTION('',(0.,-1.,0.));
#6740=DIRECTION('',(0.,-1.,0.));
#6741=DIRECTION('',(0.,0.,-1.));
#6742=DIRECTION('',(1.,0.,0.));
#6743=DIRECTION('',(0.,0.,-1.));
#6744=DIRECTION('',(1.,0.,0.));
#6745=DIRECTION('',(1.,0.,0.));
#6746=DIRECTION('',(1.,0.,0.));
#6747=DIRECTION('',(0.,0.898298727842107,0.439385247314077));
#6748=DIRECTION('',(0.,-0.439385247314077,0.898298727842107));
#6749=DIRECTION('',(1.,0.,0.));
#6750=DIRECTION('',(0.,-0.439385247314077,0.898298727842107));
#6751=DIRECTION('',(1.,0.,0.));
#6752=DIRECTION('',(1.,0.,0.));
#6753=DIRECTION('',(0.,1.,0.));
#6754=DIRECTION('',(0.,0.,1.));
#6755=DIRECTION('',(1.,0.,0.));
#6756=DIRECTION('',(0.,0.,1.));
#6757=DIRECTION('',(0.,0.031286159633368,-0.999510468287049));
#6758=DIRECTION('',(0.,0.999510468287049,0.031286159633368));
#6759=DIRECTION('',(1.,0.,0.));
#6760=DIRECTION('',(0.,0.999510468287049,0.031286159633368));
#6761=DIRECTION('',(1.,0.,0.));
#6762=DIRECTION('',(1.,0.,0.));
#6763=DIRECTION('',(1.,0.,0.));
#6764=DIRECTION('',(1.,0.,0.));
#6765=DIRECTION('',(1.,0.,0.));
#6766=DIRECTION('',(1.,0.,0.));
#6767=DIRECTION('',(0.,0.,1.));
#6768=DIRECTION('',(1.,0.,0.));
#6769=DIRECTION('',(0.,-1.,0.));
#6770=DIRECTION('',(1.,0.,0.));
#6771=DIRECTION('',(0.,1.,0.));
#6772=DIRECTION('',(1.,0.,0.));
#6773=DIRECTION('',(1.,0.,0.));
#6774=DIRECTION('',(1.,0.,0.));
#6775=DIRECTION('',(1.,0.,0.));
#6776=DIRECTION('',(1.,0.,0.));
#6777=DIRECTION('',(1.,0.,0.));
#6778=DIRECTION('',(1.,0.,0.));
#6779=DIRECTION('',(0.,-1.,0.));
#6780=DIRECTION('',(0.,0.,-1.));
#6781=DIRECTION('',(1.,0.,0.));
#6782=DIRECTION('',(0.,0.,-1.));
#6783=DIRECTION('',(0.,0.,-1.));
#6784=DIRECTION('',(1.,0.,0.));
#6785=DIRECTION('',(1.,0.,0.));
#6786=DIRECTION('',(1.,0.,0.));
#6787=DIRECTION('',(1.,0.,0.));
#6788=DIRECTION('',(1.,0.,0.));
#6789=DIRECTION('',(1.,0.,0.));
#6790=DIRECTION('',(1.,0.,0.));
#6791=DIRECTION('',(1.,0.,0.));
#6792=DIRECTION('',(0.,0.,-1.));
#6793=DIRECTION('',(-1.,0.,0.));
#6794=DIRECTION('',(1.,0.,0.));
#6795=DIRECTION('',(0.,1.,0.));
#6796=DIRECTION('',(0.,-0.95892614642079,-0.283655857881646));
#6797=DIRECTION('',(0.,0.283655857881646,-0.95892614642079));
#6798=DIRECTION('',(1.,0.,0.));
#6799=DIRECTION('',(0.,0.283655857881646,-0.95892614642079));
#6800=DIRECTION('',(0.,0.,-1.));
#6801=DIRECTION('',(-1.,0.,0.));
#6802=DIRECTION('',(1.,0.,0.));
#6803=DIRECTION('',(0.,1.,0.));
#6804=DIRECTION('',(0.,1.,0.));
#6805=DIRECTION('',(0.,0.,1.));
#6806=DIRECTION('',(1.,0.,0.));
#6807=DIRECTION('',(0.,0.,1.));
#6808=DIRECTION('',(0.,0.,1.));
#6809=DIRECTION('',(1.,0.,0.));
#6810=DIRECTION('',(1.,0.,0.));
#6811=DIRECTION('',(0.,-1.,0.));
#6812=DIRECTION('',(0.,-1.,0.));
#6813=DIRECTION('',(0.,0.,-1.));
#6814=DIRECTION('',(1.,0.,0.));
#6815=DIRECTION('',(0.,0.,-1.));
#6816=DIRECTION('',(1.,0.,0.));
#6817=DIRECTION('',(0.,0.,1.));
#6818=DIRECTION('',(1.,0.,0.));
#6819=DIRECTION('',(0.,-1.,0.));
#6820=DIRECTION('',(1.,0.,0.));
#6821=DIRECTION('',(0.,1.,0.));
#6822=DIRECTION('',(0.,0.,1.));
#6823=DIRECTION('',(1.,0.,0.));
#6824=DIRECTION('',(1.,0.,0.));
#6825=DIRECTION('',(0.,-1.,0.));
#6826=DIRECTION('',(1.,0.,0.));
#6827=DIRECTION('',(0.,-1.,0.));
#6828=DIRECTION('',(0.,0.,-1.));
#6829=DIRECTION('',(1.,0.,0.));
#6830=DIRECTION('',(0.,0.,-1.));
#6831=DIRECTION('',(1.,0.,0.));
#6832=DIRECTION('',(1.,0.,0.));
#6833=DIRECTION('',(1.,0.,0.));
#6834=DIRECTION('',(0.,0.,-1.));
#6835=DIRECTION('',(-1.,0.,0.));
#6836=DIRECTION('',(1.,0.,0.));
#6837=DIRECTION('',(0.,1.,0.));
#6838=DIRECTION('',(0.,-0.996949213807275,0.0780529633585769));
#6839=DIRECTION('',(0.,-0.078052963358577,-0.996949213807276));
#6840=DIRECTION('',(1.,0.,0.));
#6841=DIRECTION('',(0.,-0.078052963358577,-0.996949213807276));
#6842=DIRECTION('',(1.,0.,0.));
#6843=DIRECTION('',(0.,0.999299986932908,-0.0374103744419954));
#6844=DIRECTION('',(1.,0.,0.));
#6845=DIRECTION('',(1.,0.,0.));
#6846=DIRECTION('',(0.,0.,-1.));
#6847=DIRECTION('',(0.,-1.,0.));
#6848=DIRECTION('',(0.,0.,-1.));
#6849=DIRECTION('',(1.,0.,0.));
#6850=DIRECTION('',(0.,0.,-1.));
#6851=DIRECTION('',(0.,0.,-1.));
#6852=DIRECTION('',(-1.,0.,0.));
#6853=DIRECTION('',(1.,0.,0.));
#6854=DIRECTION('',(0.,1.,0.));
#6855=DIRECTION('',(0.,1.,0.));
#6856=DIRECTION('',(0.,0.,1.));
#6857=DIRECTION('',(1.,0.,0.));
#6858=DIRECTION('',(0.,0.,1.));
#6859=DIRECTION('',(0.,0.,1.));
#6860=DIRECTION('',(1.,0.,0.));
#6861=DIRECTION('',(1.,0.,0.));
#6862=DIRECTION('',(0.,-1.,0.));
#6863=DIRECTION('',(0.,-1.,0.));
#6864=DIRECTION('',(0.,0.,-1.));
#6865=DIRECTION('',(1.,0.,0.));
#6866=DIRECTION('',(0.,0.,-1.));
#6867=DIRECTION('',(1.,0.,0.));
#6868=DIRECTION('',(1.,0.,0.));
#6869=DIRECTION('',(1.,0.,0.));
#6870=DIRECTION('',(0.,1.,0.));
#6871=DIRECTION('',(0.,0.,1.));
#6872=DIRECTION('',(0.,0.,1.));
#6873=DIRECTION('',(1.,0.,0.));
#6874=DIRECTION('',(0.,1.,0.));
#6875=DIRECTION('',(1.,0.,0.));
#6876=DIRECTION('',(1.,0.,0.));
#6877=DIRECTION('',(1.,0.,0.));
#6878=DIRECTION('',(1.,0.,0.));
#6879=DIRECTION('',(0.,-1.,0.));
#6880=DIRECTION('',(0.,0.,-1.));
#6881=DIRECTION('',(1.,0.,0.));
#6882=DIRECTION('',(0.,0.,-1.));
#6883=DIRECTION('',(0.,0.,1.));
#6884=DIRECTION('',(1.,0.,0.));
#6885=DIRECTION('',(1.,0.,0.));
#6886=DIRECTION('',(0.,-1.,0.));
#6887=DIRECTION('',(0.,-1.,0.));
#6888=DIRECTION('',(0.,0.,-1.));
#6889=DIRECTION('',(1.,0.,0.));
#6890=DIRECTION('',(0.,0.,-1.));
#6891=DIRECTION('',(0.,0.,-1.));
#6892=DIRECTION('',(-1.,0.,0.));
#6893=DIRECTION('',(1.,0.,0.));
#6894=DIRECTION('',(0.,1.,0.));
#6895=DIRECTION('',(0.,-1.,0.));
#6896=DIRECTION('',(0.,0.,-1.));
#6897=DIRECTION('',(1.,0.,0.));
#6898=DIRECTION('',(0.,0.,-1.));
#6899=DIRECTION('',(0.,0.,-1.));
#6900=DIRECTION('',(-1.,0.,0.));
#6901=DIRECTION('',(1.,0.,0.));
#6902=DIRECTION('',(0.,1.,0.));
#6903=DIRECTION('',(0.,0.937057678245217,-0.349174609102214));
#6904=DIRECTION('',(0.,0.349174609102214,0.937057678245217));
#6905=DIRECTION('',(1.,0.,0.));
#6906=DIRECTION('',(0.,0.349174609102214,0.937057678245217));
#6907=DIRECTION('',(0.,0.519275449770378,-0.85460693144028));
#6908=DIRECTION('',(0.,0.85460693144028,0.519275449770378));
#6909=DIRECTION('',(1.,0.,0.));
#6910=DIRECTION('',(0.,0.85460693144028,0.519275449770378));
#6911=DIRECTION('',(0.,1.,0.));
#6912=DIRECTION('',(0.,0.,1.));
#6913=DIRECTION('',(1.,0.,0.));
#6914=DIRECTION('',(0.,0.,1.));
#6915=DIRECTION('',(0.,0.,1.));
#6916=DIRECTION('',(1.,0.,0.));
#6917=DIRECTION('',(1.,0.,0.));
#6918=DIRECTION('',(0.,-1.,0.));
#6919=DIRECTION('',(0.,1.,0.));
#6920=DIRECTION('',(0.,0.,1.));
#6921=DIRECTION('',(1.,0.,0.));
#6922=DIRECTION('',(0.,0.,1.));
#6923=DIRECTION('',(1.,0.,0.));
#6924=DIRECTION('',(1.,0.,0.));
#6925=DIRECTION('',(1.,0.,0.));
#6926=DIRECTION('',(0.,-1.,0.));
#6927=DIRECTION('',(0.,0.,-1.));
#6928=DIRECTION('',(0.,0.,-1.));
#6929=DIRECTION('',(1.,0.,0.));
#6930=DIRECTION('',(0.,1.,0.));
#6931=DIRECTION('',(1.,0.,0.));
#6932=DIRECTION('',(1.,0.,0.));
#6933=DIRECTION('',(1.,0.,0.));
#6934=DIRECTION('',(1.,0.,0.));
#6935=DIRECTION('',(0.,0.765363541208965,0.643598205239941));
#6936=DIRECTION('',(1.,0.,0.));
#6937=DIRECTION('',(1.,0.,0.));
#6938=DIRECTION('',(0.,0.,-1.));
#6939=DIRECTION('',(1.,0.,0.));
#6940=DIRECTION('',(1.,0.,0.));
#6941=DIRECTION('',(1.,0.,0.));
#6942=DIRECTION('',(1.,0.,0.));
#6943=DIRECTION('',(1.,0.,0.));
#6944=DIRECTION('',(0.,0.152576620659165,0.988291644621277));
#6945=DIRECTION('',(1.,0.,0.));
#6946=DIRECTION('',(1.,0.,0.));
#6947=DIRECTION('',(0.,0.,-1.));
#6948=DIRECTION('',(1.,0.,0.));
#6949=DIRECTION('',(0.,0.349590995847745,0.936902415207786));
#6950=DIRECTION('',(1.,0.,0.));
#6951=DIRECTION('',(1.,0.,0.));
#6952=DIRECTION('',(0.,0.,-1.));
#6953=DIRECTION('',(0.,-0.922718890283386,0.385473539317806));
#6954=DIRECTION('',(0.,-0.385473539317806,-0.922718890283386));
#6955=DIRECTION('',(1.,0.,0.));
#6956=DIRECTION('',(0.,-0.385473539317806,-0.922718890283386));
#6957=DIRECTION('',(1.,0.,0.));
#6958=DIRECTION('',(0.,0.217033971477963,0.976164051389162));
#6959=DIRECTION('',(1.,0.,0.));
#6960=DIRECTION('',(1.,0.,0.));
#6961=DIRECTION('',(0.,0.,-1.));
#6962=DIRECTION('',(1.,0.,0.));
#6963=DIRECTION('',(1.,0.,0.));
#6964=DIRECTION('',(1.,0.,0.));
#6965=DIRECTION('',(1.,0.,0.));
#6966=DIRECTION('',(0.,-0.772339755572483,-0.635209651975028));
#6967=DIRECTION('',(1.,0.,0.));
#6968=DIRECTION('',(1.,0.,0.));
#6969=DIRECTION('',(0.,0.,-1.));
#6970=DIRECTION('',(1.,0.,0.));
#6971=DIRECTION('',(1.,0.,0.));
#6972=DIRECTION('',(0.,0.421150680414232,0.906990685942601));
#6973=DIRECTION('',(1.,0.,0.));
#6974=DIRECTION('',(1.,0.,0.));
#6975=DIRECTION('',(0.,0.,-1.));
#6976=DIRECTION('',(1.,0.,0.));
#6977=DIRECTION('',(1.,0.,0.));
#6978=DIRECTION('',(0.,0.932380946436474,0.36147720636608));
#6979=DIRECTION('',(1.,0.,0.));
#6980=DIRECTION('',(1.,0.,0.));
#6981=DIRECTION('',(0.,0.,-1.));
#6982=DIRECTION('',(1.,0.,0.));
#6983=DIRECTION('',(1.,0.,0.));
#6984=DIRECTION('',(1.,0.,0.));
#6985=DIRECTION('',(0.,-0.333016511374028,-0.942920995180547));
#6986=DIRECTION('',(1.,0.,0.));
#6987=DIRECTION('',(1.,0.,0.));
#6988=DIRECTION('',(0.,0.,-1.));
#6989=DIRECTION('',(0.,1.,0.));
#6990=DIRECTION('',(0.,0.,1.));
#6991=DIRECTION('',(1.,0.,0.));
#6992=DIRECTION('',(0.,0.,1.));
#6993=DIRECTION('',(1.,0.,0.));
#6994=DIRECTION('',(0.,-0.290524160370185,-0.956867656596877));
#6995=DIRECTION('',(1.,0.,0.));
#6996=DIRECTION('',(1.,0.,0.));
#6997=DIRECTION('',(0.,0.,-1.));
#6998=DIRECTION('',(1.,0.,0.));
#6999=DIRECTION('',(1.,0.,0.));
#7000=DIRECTION('',(0.,1.,0.));
#7001=DIRECTION('',(1.,0.,0.));
#7002=DIRECTION('',(0.,0.0932563574353858,0.995642130385152));
#7003=DIRECTION('',(1.,0.,0.));
#7004=DIRECTION('',(1.,0.,0.));
#7005=DIRECTION('',(0.,0.,-1.));
#7006=DIRECTION('',(1.,0.,0.));
#7007=DIRECTION('',(1.,0.,0.));
#7008=DIRECTION('',(0.,-0.285248522819487,0.958453587936996));
#7009=DIRECTION('',(1.,0.,0.));
#7010=DIRECTION('',(1.,0.,0.));
#7011=DIRECTION('',(0.,0.,-1.));
#7012=DIRECTION('',(1.,0.,0.));
#7013=DIRECTION('',(0.,-0.732357566087538,0.680920256266722));
#7014=DIRECTION('',(1.,0.,0.));
#7015=DIRECTION('',(1.,0.,0.));
#7016=DIRECTION('',(0.,0.,-1.));
#7017=DIRECTION('',(0.,0.,-1.));
#7018=DIRECTION('',(-1.,0.,0.));
#7019=DIRECTION('',(1.,0.,0.));
#7020=DIRECTION('',(0.,1.,0.));
#7021=DIRECTION('',(0.,-0.972432319179394,-0.233185301027711));
#7022=DIRECTION('',(0.,0.233185301027711,-0.972432319179395));
#7023=DIRECTION('',(1.,0.,0.));
#7024=DIRECTION('',(0.,0.233185301027711,-0.972432319179395));
#7025=DIRECTION('',(0.,0.,-1.));
#7026=DIRECTION('',(-1.,0.,0.));
#7027=DIRECTION('',(1.,0.,0.));
#7028=DIRECTION('',(0.,1.,0.));
#7029=DIRECTION('',(0.,1.,0.));
#7030=DIRECTION('',(0.,0.,1.));
#7031=DIRECTION('',(1.,0.,0.));
#7032=DIRECTION('',(0.,0.,1.));
#7033=DIRECTION('',(0.,0.,1.));
#7034=DIRECTION('',(1.,0.,0.));
#7035=DIRECTION('',(1.,0.,0.));
#7036=DIRECTION('',(0.,-1.,0.));
#7037=DIRECTION('',(0.,-1.,0.));
#7038=DIRECTION('',(0.,0.,-1.));
#7039=DIRECTION('',(1.,0.,0.));
#7040=DIRECTION('',(0.,0.,-1.));
#7041=DIRECTION('',(1.,0.,0.));
#7042=DIRECTION('',(1.,0.,0.));
#7043=DIRECTION('',(1.,0.,0.));
#7044=DIRECTION('',(0.,0.116323043273696,0.993211432477268));
#7045=DIRECTION('',(1.,0.,0.));
#7046=DIRECTION('',(1.,0.,0.));
#7047=DIRECTION('',(0.,0.,-1.));
#7048=DIRECTION('',(0.,-0.996765397341215,0.0803663030331096));
#7049=DIRECTION('',(0.,-0.0803663030331096,-0.996765397341215));
#7050=DIRECTION('',(0.,-0.0803663030331096,-0.996765397341215));
#7051=DIRECTION('',(1.,0.,0.));
#7052=DIRECTION('',(0.,1.,0.));
#7053=DIRECTION('',(0.,0.,1.));
#7054=DIRECTION('',(1.,0.,0.));
#7055=DIRECTION('',(1.,0.,0.));
#7056=DIRECTION('',(0.,-1.,0.));
#7057=DIRECTION('',(1.,0.,0.));
#7058=DIRECTION('',(0.,-1.,0.));
#7059=DIRECTION('',(0.,0.,-1.));
#7060=DIRECTION('',(1.,0.,0.));
#7061=DIRECTION('',(0.,0.,-1.));
#7062=DIRECTION('',(0.,0.,-1.));
#7063=DIRECTION('',(-1.,0.,0.));
#7064=DIRECTION('',(1.,0.,0.));
#7065=DIRECTION('',(0.,1.,0.));
#7066=DIRECTION('',(0.,1.,0.));
#7067=DIRECTION('',(0.,0.,1.));
#7068=DIRECTION('',(0.,0.,1.));
#7069=DIRECTION('',(1.,0.,0.));
#7070=DIRECTION('',(0.,1.,0.));
#7071=DIRECTION('',(1.,0.,0.));
#7072=DIRECTION('',(1.,0.,0.));
#7073=DIRECTION('',(1.,0.,0.));
#7074=DIRECTION('',(1.,0.,0.));
#7075=DIRECTION('',(1.,0.,0.));
#7076=DIRECTION('',(1.,0.,0.));
#7077=DIRECTION('',(0.,1.,0.));
#7078=DIRECTION('',(0.,0.,1.));
#7079=DIRECTION('',(1.,0.,0.));
#7080=DIRECTION('',(1.,0.,0.));
#7081=DIRECTION('',(0.,-1.,0.));
#7082=DIRECTION('',(1.,0.,0.));
#7083=DIRECTION('',(0.,-1.,0.));
#7084=DIRECTION('',(0.,0.,-1.));
#7085=DIRECTION('',(1.,0.,0.));
#7086=DIRECTION('',(0.,0.,-1.));
#7087=DIRECTION('',(0.,0.,-1.));
#7088=DIRECTION('',(-1.,0.,0.));
#7089=DIRECTION('',(1.,0.,0.));
#7090=DIRECTION('',(0.,1.,0.));
#7091=DIRECTION('',(0.,-1.,0.));
#7092=DIRECTION('',(0.,0.,-1.));
#7093=DIRECTION('',(1.,0.,0.));
#7094=DIRECTION('',(0.,0.,-1.));
#7095=DIRECTION('',(1.,0.,0.));
#7096=DIRECTION('',(1.,0.,0.));
#7097=DIRECTION('',(1.,0.,0.));
#7098=DIRECTION('',(0.,0.16345353814287,0.986551033078663));
#7099=DIRECTION('',(1.,0.,0.));
#7100=DIRECTION('',(1.,0.,0.));
#7101=DIRECTION('',(0.,0.,-1.));
#7102=DIRECTION('',(0.,-0.944278205207628,0.329148402958089));
#7103=DIRECTION('',(0.,-0.329148402958089,-0.944278205207629));
#7104=DIRECTION('',(1.,0.,0.));
#7105=DIRECTION('',(0.,-0.329148402958089,-0.944278205207628));
#7106=DIRECTION('',(1.,0.,0.));
#7107=DIRECTION('',(1.,0.,0.));
#7108=DIRECTION('',(1.,0.,0.));
#7109=DIRECTION('',(0.,1.,0.));
#7110=DIRECTION('',(0.,0.,1.));
#7111=DIRECTION('',(1.,0.,0.));
#7112=DIRECTION('',(0.,0.,1.));
#7113=DIRECTION('',(0.,0.438288702189322,-0.898834252536695));
#7114=DIRECTION('',(0.,0.898834252536695,0.438288702189322));
#7115=DIRECTION('',(1.,0.,0.));
#7116=DIRECTION('',(0.,0.898834252536695,0.438288702189322));
#7117=DIRECTION('',(0.,1.,0.));
#7118=DIRECTION('',(0.,0.,1.));
#7119=DIRECTION('',(1.,0.,0.));
#7120=DIRECTION('',(0.,0.,1.));
#7121=DIRECTION('',(0.,0.,1.));
#7122=DIRECTION('',(1.,0.,0.));
#7123=DIRECTION('',(1.,0.,0.));
#7124=DIRECTION('',(0.,-1.,0.));
#7125=DIRECTION('',(0.,1.,0.));
#7126=DIRECTION('',(0.,0.,1.));
#7127=DIRECTION('',(1.,0.,0.));
#7128=DIRECTION('',(0.,0.,1.));
#7129=DIRECTION('',(0.,0.,1.));
#7130=DIRECTION('',(1.,0.,0.));
#7131=DIRECTION('',(1.,0.,0.));
#7132=DIRECTION('',(0.,-1.,0.));
#7133=DIRECTION('',(0.,-1.,0.));
#7134=DIRECTION('',(0.,0.,-1.));
#7135=DIRECTION('',(0.,0.,-1.));
#7136=DIRECTION('',(1.,0.,0.));
#7137=DIRECTION('',(0.,1.,0.));
#7138=DIRECTION('',(0.,0.,-1.));
#7139=DIRECTION('',(-1.,0.,0.));
#7140=DIRECTION('',(1.,0.,0.));
#7141=DIRECTION('',(0.,1.,0.));
#7142=DIRECTION('',(1.,0.,0.));
#7143=DIRECTION('',(0.,0.928439770571241,0.371482963837671));
#7144=DIRECTION('',(0.,-0.371482963837671,0.928439770571241));
#7145=DIRECTION('',(1.,0.,0.));
#7146=DIRECTION('',(0.,-0.371482963837671,0.928439770571241));
#7147=DIRECTION('',(0.,0.949233733416935,-0.314571644213758));
#7148=DIRECTION('',(0.,0.314571644213758,0.949233733416935));
#7149=DIRECTION('',(1.,0.,0.));
#7150=DIRECTION('',(0.,0.314571644213758,0.949233733416935));
#7151=DIRECTION('',(1.,0.,0.));
#7152=DIRECTION('',(1.,0.,0.));
#7153=DIRECTION('',(0.,0.333022540508376,-0.942918865816856));
#7154=DIRECTION('',(1.,0.,0.));
#7155=DIRECTION('',(1.,0.,0.));
#7156=DIRECTION('',(0.,0.,-1.));
#7157=DIRECTION('',(1.,0.,0.));
#7158=DIRECTION('',(0.,-0.111358702155751,-0.99378027725156));
#7159=DIRECTION('',(1.,0.,0.));
#7160=DIRECTION('',(1.,0.,0.));
#7161=DIRECTION('',(0.,0.,-1.));
#7162=DIRECTION('',(0.,1.,0.));
#7163=DIRECTION('',(0.,0.,1.));
#7164=DIRECTION('',(1.,0.,0.));
#7165=DIRECTION('',(0.,0.,1.));
#7166=DIRECTION('',(1.,0.,0.));
#7167=DIRECTION('',(0.,-0.111181028992765,-0.993800170452848));
#7168=DIRECTION('',(1.,0.,0.));
#7169=DIRECTION('',(1.,0.,0.));
#7170=DIRECTION('',(0.,0.,-1.));
#7171=DIRECTION('',(1.,0.,0.));
#7172=DIRECTION('',(1.,0.,0.));
#7173=DIRECTION('',(0.,-0.936319413471948,0.351149478079559));
#7174=DIRECTION('',(0.,-0.351149478079559,-0.936319413471949));
#7175=DIRECTION('',(1.,0.,0.));
#7176=DIRECTION('',(0.,-0.351149478079559,-0.936319413471949));
#7177=DIRECTION('',(0.,0.,-1.));
#7178=DIRECTION('',(-1.,0.,0.));
#7179=DIRECTION('',(1.,0.,0.));
#7180=DIRECTION('',(0.,1.,0.));
#7181=DIRECTION('',(0.,0.94988426684944,-0.312601790768865));
#7182=DIRECTION('',(0.,0.312601790768865,0.94988426684944));
#7183=DIRECTION('',(1.,0.,0.));
#7184=DIRECTION('',(0.,0.312601790768865,0.94988426684944));
#7185=DIRECTION('',(1.,0.,0.));
#7186=DIRECTION('',(0.,-0.976106555636393,0.217292411380742));
#7187=DIRECTION('',(1.,0.,0.));
#7188=DIRECTION('',(1.,0.,0.));
#7189=DIRECTION('',(0.,0.,-1.));
#7190=DIRECTION('',(0.,0.,-1.));
#7191=DIRECTION('',(-1.,0.,0.));
#7192=DIRECTION('',(1.,0.,0.));
#7193=DIRECTION('',(0.,1.,0.));
#7194=DIRECTION('',(1.,0.,0.));
#7195=DIRECTION('',(0.,0.981214331654214,0.192920800735365));
#7196=DIRECTION('',(1.,0.,0.));
#7197=DIRECTION('',(1.,0.,0.));
#7198=DIRECTION('',(0.,0.,-1.));
#7199=DIRECTION('',(0.,-0.948151461264563,-0.317818826537816));
#7200=DIRECTION('',(0.,0.317818826537816,-0.948151461264563));
#7201=DIRECTION('',(0.,0.317818826537816,-0.948151461264563));
#7202=DIRECTION('',(1.,0.,0.));
#7203=DIRECTION('',(0.,1.,0.));
#7204=DIRECTION('',(0.,0.,1.));
#7205=DIRECTION('',(1.,0.,0.));
#7206=DIRECTION('',(1.,0.,0.));
#7207=DIRECTION('',(0.,-1.,0.));
#7208=DIRECTION('',(1.,0.,0.));
#7209=DIRECTION('',(0.,-1.,0.));
#7210=DIRECTION('',(0.,0.,-1.));
#7211=DIRECTION('',(1.,0.,0.));
#7212=DIRECTION('',(0.,0.,-1.));
#7213=DIRECTION('',(1.,0.,0.));
#7214=DIRECTION('',(1.,0.,0.));
#7215=DIRECTION('',(1.,0.,0.));
#7216=DIRECTION('',(1.,0.,0.));
#7217=DIRECTION('',(0.,1.,0.));
#7218=DIRECTION('',(0.,0.,1.));
#7219=DIRECTION('',(1.,0.,0.));
#7220=DIRECTION('',(0.,0.,1.));
#7221=DIRECTION('',(0.,0.,1.));
#7222=DIRECTION('',(1.,0.,0.));
#7223=DIRECTION('',(1.,0.,0.));
#7224=DIRECTION('',(0.,-1.,0.));
#7225=DIRECTION('',(0.,-1.,0.));
#7226=DIRECTION('',(0.,0.,-1.));
#7227=DIRECTION('',(1.,0.,0.));
#7228=DIRECTION('',(0.,0.,-1.));
#7229=DIRECTION('',(1.,0.,0.));
#7230=DIRECTION('',(1.,0.,0.));
#7231=DIRECTION('',(1.,0.,0.));
#7232=DIRECTION('',(1.,0.,0.));
#7233=DIRECTION('',(0.,-0.677278305256589,0.735726917564365));
#7234=DIRECTION('',(1.,0.,0.));
#7235=DIRECTION('',(1.,0.,0.));
#7236=DIRECTION('',(0.,0.,-1.));
#7237=DIRECTION('',(0.,0.,-1.));
#7238=DIRECTION('',(-1.,0.,0.));
#7239=DIRECTION('',(1.,0.,0.));
#7240=DIRECTION('',(0.,1.,0.));
#7241=DIRECTION('',(1.,0.,0.));
#7242=DIRECTION('',(1.,0.,0.));
#7243=DIRECTION('',(1.,0.,0.));
#7244=DIRECTION('',(0.,-0.681975961057773,0.731374588387734));
#7245=DIRECTION('',(1.,0.,0.));
#7246=DIRECTION('',(1.,0.,0.));
#7247=DIRECTION('',(0.,0.,-1.));
#7248=DIRECTION('',(0.,0.,-1.));
#7249=DIRECTION('',(-1.,0.,0.));
#7250=DIRECTION('',(0.,0.,-1.));
#7251=DIRECTION('',(-1.,0.,0.));
#7252=DIRECTION('',(1.,0.,0.));
#7253=DIRECTION('',(0.,1.,0.));
#7254=DIRECTION('',(0.,-0.961361463071125,-0.275289188530436));
#7255=DIRECTION('',(0.,0.275289188530436,-0.961361463071125));
#7256=DIRECTION('',(0.,-0.961361463071125,-0.275289188530436));
#7257=DIRECTION('',(0.,-0.275289188530436,0.961361463071125));
#7258=DIRECTION('',(1.,0.,0.));
#7259=DIRECTION('',(0.,0.275289188530436,-0.961361463071125));
#7260=DIRECTION('',(0.,0.,-1.));
#7261=DIRECTION('',(-1.,0.,0.));
#7262=DIRECTION('',(0.,0.,-1.));
#7263=DIRECTION('',(-1.,0.,0.));
#7264=DIRECTION('',(1.,0.,0.));
#7265=DIRECTION('',(0.,1.,0.));
#7266=DIRECTION('',(0.,1.,0.));
#7267=DIRECTION('',(0.,0.,1.));
#7268=DIRECTION('',(0.,0.,1.));
#7269=DIRECTION('',(1.,0.,0.));
#7270=DIRECTION('',(0.,0.,1.));
#7271=DIRECTION('',(0.,0.,1.));
#7272=DIRECTION('',(1.,0.,0.));
#7273=DIRECTION('',(0.,0.,1.));
#7274=DIRECTION('',(1.,0.,0.));
#7275=DIRECTION('',(1.,0.,0.));
#7276=DIRECTION('',(0.,-1.,0.));
#7277=DIRECTION('',(0.,-1.,0.));
#7278=DIRECTION('',(0.,0.,-1.));
#7279=DIRECTION('',(0.,0.,1.));
#7280=DIRECTION('',(1.,0.,0.));
#7281=DIRECTION('',(0.,0.,-1.));
#7282=DIRECTION('',(1.,0.,0.));
#7283=DIRECTION('',(1.,0.,0.));
#7284=DIRECTION('',(1.,0.,0.));
#7285=DIRECTION('',(1.,0.,0.));
#7286=DIRECTION('',(0.,1.,0.));
#7287=DIRECTION('',(0.,0.,1.));
#7288=DIRECTION('',(0.,0.,1.));
#7289=DIRECTION('',(1.,0.,0.));
#7290=DIRECTION('',(0.,1.,0.));
#7291=DIRECTION('',(1.,3.18297885500331E-16,0.));
#7292=DIRECTION('',(-3.18297885500331E-16,1.,0.));
#7293=DIRECTION('',(1.,3.18297885500331E-16,0.));
#7294=DIRECTION('',(-3.18297885500331E-16,1.,0.));
#7295=DIRECTION('',(1.,3.18297885500331E-16,0.));
#7296=DIRECTION('',(-3.18297885500331E-16,1.,0.));
#7297=DIRECTION('',(1.,3.18297885500331E-16,0.));
#7298=DIRECTION('',(-3.18297885500331E-16,1.,0.));
#7299=DIRECTION('',(0.,0.,1.));
#7300=DIRECTION('',(1.,0.,0.));
#7301=DIRECTION('',(0.,0.,-1.));
#7302=DIRECTION('',(-1.,0.,0.));
#7303=DIRECTION('',(0.,0.,1.));
#7304=DIRECTION('',(1.,0.,0.));
#7305=DIRECTION('',(0.,0.,-1.));
#7306=DIRECTION('',(-1.,0.,0.));
#7307=DIRECTION('',(-1.,0.,0.));
#7308=DIRECTION('',(0.,0.,1.));
#7309=DIRECTION('',(-1.,0.,0.));
#7310=DIRECTION('',(0.,0.,1.));
#7311=CARTESIAN_POINT('',(0.,0.,0.));
#7312=CARTESIAN_POINT('',(0.000504667429138989,0.0226168402680146,0.013));
#7313=CARTESIAN_POINT('',(0.00520486742913901,0.0226168402680146,0.003));
#7314=CARTESIAN_POINT('',(0.00520486742913901,0.0226168402680146,0.003));
#7315=CARTESIAN_POINT('',(0.00520486742913901,0.0226168402680146,0.013));
#7316=CARTESIAN_POINT('',(0.000504667429139016,0.0226168402680146,0.003));
#7317=CARTESIAN_POINT('',(0.032717167429139,0.0226168402680146,0.003));
#7318=CARTESIAN_POINT('',(0.032717167429139,0.0226168402680146,0.013));
#7319=CARTESIAN_POINT('',(0.032717167429139,0.0226168402680146,0.013));
#7320=CARTESIAN_POINT('',(0.000504667429138989,0.0226168402680146,0.013));
#7321=CARTESIAN_POINT('',(0.000504667429139002,0.0326168402680146,0.003));
#7322=CARTESIAN_POINT('',(0.000504667429138995,0.0326168402680146,0.003));
#7323=CARTESIAN_POINT('',(-0.00419553257086102,0.0326168402680146,0.003));
#7324=CARTESIAN_POINT('',(0.00520486742913901,0.0326168402680146,0.003));
#7325=CARTESIAN_POINT('',(0.00520486742913901,0.0326168402680146,0.003));
#7326=CARTESIAN_POINT('',(0.00520486742913901,0.0326168402680146,0.013));
#7327=CARTESIAN_POINT('',(0.000504667429139002,0.0326168402680146,0.013));
#7328=CARTESIAN_POINT('',(0.037717167429139,0.0326168402680146,0.013));
#7329=CARTESIAN_POINT('',(0.037717167429139,0.0326168402680146,0.003));
#7330=CARTESIAN_POINT('',(0.037717167429139,0.0326168402680146,0.));
#7331=CARTESIAN_POINT('',(0.000504667429139002,0.0326168402680146,0.));
#7332=CARTESIAN_POINT('',(-0.036707832570861,0.0326168402680146,0.));
#7333=CARTESIAN_POINT('',(-0.036707832570861,0.0326168402680146,0.013));
#7334=CARTESIAN_POINT('',(-0.036707832570861,0.0326168402680146,0.013));
#7335=CARTESIAN_POINT('',(0.000504667429139002,0.0326168402680146,0.013));
#7336=CARTESIAN_POINT('',(-0.00419553257086102,0.0326168402680146,0.013));
#7337=CARTESIAN_POINT('',(-0.00419553257086102,0.0326168402680146,0.003));
#7338=CARTESIAN_POINT('',(0.042717167429139,-8.31597319854091E-5,0.003));
#7339=CARTESIAN_POINT('',(0.042717167429139,-8.31597319854091E-5,0.0039194495169343));
#7340=CARTESIAN_POINT('',(0.042717167429139,0.00665285405555445,0.0039194495169343));
#7341=CARTESIAN_POINT('',(0.042717167429139,0.00586176814640045,0.0039194495169343));
#7342=CARTESIAN_POINT('',(0.042717167429139,0.00538969375603236,0.00513153241112267));
#7343=CARTESIAN_POINT('',(0.042717167429139,0.00564169161528243,0.00448451088061573));
#7344=CARTESIAN_POINT('',(0.042717167429139,-8.31597319854091E-5,0.00448451088061573));
#7345=CARTESIAN_POINT('',(0.042717167429139,0.00561195154350972,0.00448451088061573));
#7346=CARTESIAN_POINT('',(0.042717167429139,0.00561195154350972,0.00448451088061573));
#7347=CARTESIAN_POINT('',(0.042717167429139,0.00532644685449173,0.00412406121073053));
#7348=CARTESIAN_POINT('',(0.042717167429139,0.00502309812241013,0.0039842828733988));
#7349=CARTESIAN_POINT('',(0.042717167429139,0.00502309812241013,0.0039842828733988));
#7350=CARTESIAN_POINT('',(0.042717167429139,0.00502309812241013,0.0039842828733988));
#7351=CARTESIAN_POINT('',(0.042717167429139,0.00471974939032852,0.00384450453606709));
#7352=CARTESIAN_POINT('',(0.042717167429139,0.00423320181612704,0.00384450453606709));
#7353=CARTESIAN_POINT('',(0.042717167429139,0.00423320181612704,0.00384450453606709));
#7354=CARTESIAN_POINT('',(0.042717167429139,0.00423320181612704,0.00384450453606709));
#7355=CARTESIAN_POINT('',(0.042717167429139,0.00363483157206018,0.00384450453606709));
#7356=CARTESIAN_POINT('',(0.042717167429139,0.0032910363423677,0.00418711016288867));
#7357=CARTESIAN_POINT('',(0.042717167429139,0.0032910363423677,0.00418711016288867));
#7358=CARTESIAN_POINT('',(0.042717167429139,0.0032910363423677,0.00418711016288867));
#7359=CARTESIAN_POINT('',(0.042717167429139,0.00294724111267521,0.00452971578971024));
#7360=CARTESIAN_POINT('',(0.042717167429139,0.00294724111267521,0.00516139491416253));
#7361=CARTESIAN_POINT('',(0.042717167429139,0.00294724111267521,0.00516139491416253));
#7362=CARTESIAN_POINT('',(0.042717167429139,0.00294724111267521,0.00516139491416253));
#7363=CARTESIAN_POINT('',(0.042717167429139,0.00294724111267521,0.00582281411038753));
#7364=CARTESIAN_POINT('',(0.042717167429139,0.00340999662945853,0.00613686926830731));
#7365=CARTESIAN_POINT('',(0.042717167429139,0.00340999662945853,0.00613686926830731));
#7366=CARTESIAN_POINT('',(0.042717167429139,0.00340999662945853,0.00613686926830731));
#7367=CARTESIAN_POINT('',(0.042717167429139,0.00387275214624184,0.00645092442622709));
#7368=CARTESIAN_POINT('',(0.042717167429139,0.00480540079703391,0.00648423330661252));
#7369=CARTESIAN_POINT('',(0.042717167429139,0.00480540079703391,0.00648423330661252));
#7370=CARTESIAN_POINT('',(0.042717167429139,-0.000187329609087947,0.00632795344217048));
#7371=CARTESIAN_POINT('',(0.042717167429139,0.00552748973967523,0.00650683576115978));
#7372=CARTESIAN_POINT('',(0.042717167429139,0.00552748973967523,0.003));
#7373=CARTESIAN_POINT('',(0.042717167429139,0.00552748973967523,0.00668884500040874));
#7374=CARTESIAN_POINT('',(0.042717167429139,0.00552748973967523,0.00668884500040874));
#7375=CARTESIAN_POINT('',(0.042717167429139,0.00552748973967523,0.00732052412486103));
#7376=CARTESIAN_POINT('',(0.042717167429139,0.00488034577790113,0.00732052412486103));
#7377=CARTESIAN_POINT('',(0.042717167429139,0.00488034577790113,0.00732052412486103));
#7378=CARTESIAN_POINT('',(0.042717167429139,0.00488034577790113,0.00732052412486103));
#7379=CARTESIAN_POINT('',(0.042717167429139,0.00438190217499057,0.00732052412486103));
#7380=CARTESIAN_POINT('',(0.042717167429139,0.0037085869500565,0.00701955459852124));
#7381=CARTESIAN_POINT('',(0.042717167429139,0.0037085869500565,0.00701955459852124));
#7382=CARTESIAN_POINT('',(0.042717167429139,0.00456306964685724,0.00527261219617305));
#7383=CARTESIAN_POINT('',(0.042717167429139,0.0033338620457204,0.00778565884738616));
#7384=CARTESIAN_POINT('',(0.042717167429139,0.0033338620457204,0.00778565884738616));
#7385=CARTESIAN_POINT('',(0.042717167429139,0.00405119257687808,0.00816157335459317));
#7386=CARTESIAN_POINT('',(0.042717167429139,0.00492436108412474,0.00816157335459317));
#7387=CARTESIAN_POINT('',(0.042717167429139,0.00492436108412474,0.00816157335459317));
#7388=CARTESIAN_POINT('',(0.042717167429139,0.00492436108412474,0.00816157335459317));
#7389=CARTESIAN_POINT('',(0.042717167429139,0.00576065190237325,0.00816157335459317));
#7390=CARTESIAN_POINT('',(0.042717167429139,0.00620675297896385,0.00779696007465979));
#7391=CARTESIAN_POINT('',(0.042717167429139,0.00620675297896385,0.00779696007465979));
#7392=CARTESIAN_POINT('',(0.042717167429139,0.00620675297896385,0.00779696007465979));
#7393=CARTESIAN_POINT('',(0.042717167429139,0.00665285405555445,0.00743234679472641));
#7394=CARTESIAN_POINT('',(0.042717167429139,0.00665285405555445,0.00668884500040874));
#7395=CARTESIAN_POINT('',(0.042717167429139,0.00665285405555445,0.00668884500040874));
#7396=CARTESIAN_POINT('',(0.042717167429139,0.00665285405555445,0.003));
#7397=CARTESIAN_POINT('',(0.042717167429139,-8.31597319854091E-5,0.0039194495169343));
#7398=CARTESIAN_POINT('',(0.042717167429139,0.0247062672244583,0.0039194495169343));
#7399=CARTESIAN_POINT('',(0.042717167429139,0.0239151813153043,0.0039194495169343));
#7400=CARTESIAN_POINT('',(0.042717167429139,0.021065281003421,0.0112367611285265));
#7401=CARTESIAN_POINT('',(0.042717167429139,0.0236951047841863,0.00448451088061573));
#7402=CARTESIAN_POINT('',(0.042717167429139,-8.31597319854091E-5,0.00448451088061573));
#7403=CARTESIAN_POINT('',(0.042717167429139,0.0236653647124135,0.00448451088061573));
#7404=CARTESIAN_POINT('',(0.042717167429139,0.0236653647124135,0.00448451088061573));
#7405=CARTESIAN_POINT('',(0.042717167429139,0.0233798600233955,0.00412406121073053));
#7406=CARTESIAN_POINT('',(0.042717167429139,0.0230765112913139,0.0039842828733988));
#7407=CARTESIAN_POINT('',(0.042717167429139,0.0230765112913139,0.0039842828733988));
#7408=CARTESIAN_POINT('',(0.042717167429139,0.0230765112913139,0.0039842828733988));
#7409=CARTESIAN_POINT('',(0.042717167429139,0.0227731625592323,0.00384450453606709));
#7410=CARTESIAN_POINT('',(0.042717167429139,0.0222866149850309,0.00384450453606709));
#7411=CARTESIAN_POINT('',(0.042717167429139,0.0222866149850309,0.00384450453606709));
#7412=CARTESIAN_POINT('',(0.042717167429139,0.0222866149850309,0.00384450453606709));
#7413=CARTESIAN_POINT('',(0.042717167429139,0.021688244740964,0.00384450453606709));
#7414=CARTESIAN_POINT('',(0.042717167429139,0.0213444495112715,0.00418711016288867));
#7415=CARTESIAN_POINT('',(0.042717167429139,0.0213444495112715,0.00418711016288867));
#7416=CARTESIAN_POINT('',(0.042717167429139,0.0213444495112715,0.00418711016288867));
#7417=CARTESIAN_POINT('',(0.042717167429139,0.021000654281579,0.00452971578971024));
#7418=CARTESIAN_POINT('',(0.042717167429139,0.021000654281579,0.00516139491416253));
#7419=CARTESIAN_POINT('',(0.042717167429139,0.021000654281579,0.00516139491416253));
#7420=CARTESIAN_POINT('',(0.042717167429139,0.021000654281579,0.00516139491416253));
#7421=CARTESIAN_POINT('',(0.042717167429139,0.021000654281579,0.00582281411038753));
#7422=CARTESIAN_POINT('',(0.042717167429139,0.0214634097983623,0.00613686926830731));
#7423=CARTESIAN_POINT('',(0.042717167429139,0.0214634097983623,0.00613686926830731));
#7424=CARTESIAN_POINT('',(0.042717167429139,0.0214634097983623,0.00613686926830731));
#7425=CARTESIAN_POINT('',(0.042717167429139,0.0219261653151457,0.00645092442622709));
#7426=CARTESIAN_POINT('',(0.042717167429139,0.0228588139659377,0.00648423330661252));
#7427=CARTESIAN_POINT('',(0.042717167429139,0.0228588139659377,0.00648423330661252));
#7428=CARTESIAN_POINT('',(0.042717167429139,-0.00016965849888493,0.0057634079741057));
#7429=CARTESIAN_POINT('',(0.042717167429139,0.023580902908579,0.00650683576115978));
#7430=CARTESIAN_POINT('',(0.042717167429139,0.023580902908579,0.003));
#7431=CARTESIAN_POINT('',(0.042717167429139,0.023580902908579,0.00668884500040874));
#7432=CARTESIAN_POINT('',(0.042717167429139,0.023580902908579,0.00668884500040874));
#7433=CARTESIAN_POINT('',(0.042717167429139,0.023580902908579,0.00732052412486103));
#7434=CARTESIAN_POINT('',(0.042717167429139,0.0229337589468049,0.00732052412486103));
#7435=CARTESIAN_POINT('',(0.042717167429139,0.0229337589468049,0.00732052412486103));
#7436=CARTESIAN_POINT('',(0.042717167429139,0.0229337589468049,0.00732052412486103));
#7437=CARTESIAN_POINT('',(0.042717167429139,0.0224353153438944,0.00732052412486103));
#7438=CARTESIAN_POINT('',(0.042717167429139,0.0217620001189603,0.00701955459852124));
#7439=CARTESIAN_POINT('',(0.042717167429139,0.0217620001189603,0.00701955459852124));
#7440=CARTESIAN_POINT('',(0.042717167429139,0.0191311017816271,0.0123982800881801));
#7441=CARTESIAN_POINT('',(0.042717167429139,0.0213872752146242,0.00778565884738616));
#7442=CARTESIAN_POINT('',(0.042717167429139,0.0213872752146242,0.00778565884738616));
#7443=CARTESIAN_POINT('',(0.042717167429139,0.0221046057457818,0.00816157335459317));
#7444=CARTESIAN_POINT('',(0.042717167429139,0.0229777742530285,0.00816157335459317));
#7445=CARTESIAN_POINT('',(0.042717167429139,0.0229777742530285,0.00816157335459317));
#7446=CARTESIAN_POINT('',(0.042717167429139,0.0229777742530285,0.00816157335459317));
#7447=CARTESIAN_POINT('',(0.042717167429139,0.023814065071277,0.00816157335459317));
#7448=CARTESIAN_POINT('',(0.042717167429139,0.0242601661478677,0.00779696007465979));
#7449=CARTESIAN_POINT('',(0.042717167429139,0.0242601661478677,0.00779696007465979));
#7450=CARTESIAN_POINT('',(0.042717167429139,0.0242601661478677,0.00779696007465979));
#7451=CARTESIAN_POINT('',(0.042717167429139,0.0247062672244583,0.00743234679472641));
#7452=CARTESIAN_POINT('',(0.042717167429139,0.0247062672244583,0.00668884500040874));
#7453=CARTESIAN_POINT('',(0.042717167429139,0.0247062672244583,0.00668884500040874));
#7454=CARTESIAN_POINT('',(0.042717167429139,0.0247062672244583,0.003));
#7455=CARTESIAN_POINT('',(0.042717167429139,0.0102169042567956,0.0039117170982734));
#7456=CARTESIAN_POINT('',(0.042717167429139,0.00993615797926125,0.00384450453606709));
#7457=CARTESIAN_POINT('',(0.042717167429139,0.00950909054860519,0.00384450453606709));
#7458=CARTESIAN_POINT('',(0.042717167429139,0.0102169042567956,0.0039117170982734));
#7459=CARTESIAN_POINT('',(0.042717167429139,0.00950909054860519,0.00384450453606709));
#7460=CARTESIAN_POINT('',(0.042717167429139,0.00950909054860519,0.00384450453606709));
#7461=CARTESIAN_POINT('',(0.042717167429139,0.00756884826615381,0.00384450453606709));
#7462=CARTESIAN_POINT('',(0.042717167429139,0.00756884826615381,0.00597508327786378));
#7463=CARTESIAN_POINT('',(0.042717167429139,0.00756884826615381,0.00597508327786378));
#7464=CARTESIAN_POINT('',(0.042717167429139,0.00756884826615381,0.00597508327786378));
#7465=CARTESIAN_POINT('',(0.042717167429139,0.00756884826615381,0.00703501943584305));
#7466=CARTESIAN_POINT('',(0.042717167429139,0.00809643713940163,0.00759413278516993));
#7467=CARTESIAN_POINT('',(0.042717167429139,0.00809643713940163,0.00759413278516993));
#7468=CARTESIAN_POINT('',(0.042717167429139,0.00809643713940163,0.00759413278516993));
#7469=CARTESIAN_POINT('',(0.042717167429139,0.00862402601264944,0.00815324613449681));
#7470=CARTESIAN_POINT('',(0.042717167429139,0.00960901718976148,0.00815324613449681));
#7471=CARTESIAN_POINT('',(0.042717167429139,0.00960901718976148,0.00815324613449681));
#7472=CARTESIAN_POINT('',(0.042717167429139,0.00960901718976148,0.00815324613449681));
#7473=CARTESIAN_POINT('',(0.042717167429139,0.0103299165295319,0.00815324613449681));
#7474=CARTESIAN_POINT('',(0.042717167429139,0.0109033051133097,0.00787131025409155));
#7475=CARTESIAN_POINT('',(0.042717167429139,0.0109033051133097,0.00787131025409156));
#7476=CARTESIAN_POINT('',(0.042717167429139,0.00787930318562714,-4.25671311202213E-5));
#7477=CARTESIAN_POINT('',(0.042717167429139,0.0105677716879225,0.00699321213984267));
#7478=CARTESIAN_POINT('',(0.042717167429139,0.00839481694784425,0.0016900146377578));
#7479=CARTESIAN_POINT('',(0.042717167179139,0.0100699976772208,0.00717066429155266));
#7480=CARTESIAN_POINT('',(0.042717167429139,0.00960467251960986,0.00564173579948912));
#7481=CARTESIAN_POINT('',(0.042717167429139,0.00960901718976148,0.00723963112963927));
#7482=CARTESIAN_POINT('',(0.042717167429139,0.00960901718976148,0.00723963112963927));
#7483=CARTESIAN_POINT('',(0.042717167429139,0.00872395265380573,0.00723963112963927));
#7484=CARTESIAN_POINT('',(0.042717167429139,0.00872395265380573,0.00598222089508923));
#7485=CARTESIAN_POINT('',(0.042717167429139,0.00872395265380573,0.00598222089508923));
#7486=CARTESIAN_POINT('',(0.042717167429139,0.00872395265380573,0.00598222089508923));
#7487=CARTESIAN_POINT('',(0.042717167429139,0.00872395265380573,0.00476287795240826));
#7488=CARTESIAN_POINT('',(0.042717167429139,0.00960901718976148,0.00476287795240826));
#7489=CARTESIAN_POINT('',(0.042717167429139,0.00960901718976148,0.00476287795240826));
#7490=CARTESIAN_POINT('',(0.042717167429139,0.00963004224466292,0.00678250048081972));
#7491=CARTESIAN_POINT('',(0.042717167429139,0.0102152007034622,0.00485006590105552));
#7492=CARTESIAN_POINT('',(0.042717167429139,0.0095422378240811,0.00691314769764506));
#7493=CARTESIAN_POINT('',(0.042717167429139,0.0107724487975098,0.00512451722516437));
#7494=CARTESIAN_POINT('',(0.042717167429139,0.0107724487975098,0.003));
#7495=CARTESIAN_POINT('',(0.042717167429139,0.0107724487975098,0.00415444999706369));
#7496=CARTESIAN_POINT('',(0.042717167429139,0.0097708717687839,0.00568580313716803));
#7497=CARTESIAN_POINT('',(0.042717167429139,-8.31597319854091E-5,0.00617969497166));
#7498=CARTESIAN_POINT('',(0.042717167429139,0.0128102385153756,0.00617969497166));
#7499=CARTESIAN_POINT('',(0.042717167429139,0.0128257033526974,0.00617969497166));
#7500=CARTESIAN_POINT('',(0.042717167429139,0.00638798306367625,-0.00205748448248512));
#7501=CARTESIAN_POINT('',(0.042717167429139,0.0133193885441243,0.00681137409611229));
#7502=CARTESIAN_POINT('',(0.042717167429139,0.00527622588726975,-0.00193083643991679));
#7503=CARTESIAN_POINT('',(0.042717167429139,0.0144828201518726,0.00807592194788778));
#7504=CARTESIAN_POINT('',(0.042717167429139,-8.31597319854091E-5,0.00807592194788778));
#7505=CARTESIAN_POINT('',(0.042717167429139,0.015761643238099,0.00807592194788777));
#7506=CARTESIAN_POINT('',(0.042717167429139,0.00601398867958635,-0.00257832773538921));
#7507=CARTESIAN_POINT('',(0.042717167429139,0.0141116640561493,0.00627248399559085));
#7508=CARTESIAN_POINT('',(0.042717167429139,0.010619648190811,0.0109648803146392));
#7509=CARTESIAN_POINT('',(0.042717167429139,0.0158627594821262,0.0039194495169343));
#7510=CARTESIAN_POINT('',(0.042717167429139,-8.31597319854091E-5,0.0039194495169343));
#7511=CARTESIAN_POINT('',(0.042717167429139,0.0145541963241271,0.0039194495169343));
#7512=CARTESIAN_POINT('',(0.042717167429139,0.0100784365148376,0.0102193261471073));
#7513=CARTESIAN_POINT('',(0.042717167429139,0.0133574558359934,0.0056039271821404));
#7514=CARTESIAN_POINT('',(0.042717167429139,0.00389175015691345,-0.00196863736112358));
#7515=CARTESIAN_POINT('',(0.042717167429139,0.012869718658921,0.0052137374404825));
#7516=CARTESIAN_POINT('',(0.042717167429139,0.012869718658921,0.003));
#7517=CARTESIAN_POINT('',(0.042717167429139,0.012869718658921,0.0039194495169343));
#7518=CARTESIAN_POINT('',(0.042717167429139,-8.31597319854091E-5,0.0039194495169343));
#7519=CARTESIAN_POINT('',(0.042717167429139,0.0117360271229455,0.0039194495169343));
#7520=CARTESIAN_POINT('',(0.042717167429139,0.0117360271229455,0.003));
#7521=CARTESIAN_POINT('',(0.042717167429139,0.0117360271229455,0.00970448827816119));
#7522=CARTESIAN_POINT('',(0.042717167429139,-8.31597319854091E-5,0.00970448827816119));
#7523=CARTESIAN_POINT('',(0.042717167429139,0.012869718658921,0.00970448827816119));
#7524=CARTESIAN_POINT('',(0.042717167429139,0.012869718658921,0.003));
#7525=CARTESIAN_POINT('',(0.042717167429139,0.012869718658921,0.00712423965116117));
#7526=CARTESIAN_POINT('',(0.042717167429139,0.0125598697798426,0.00220383945139623));
#7527=CARTESIAN_POINT('',(0.042717167429139,0.01958740607094,0.00410145875618327));
#7528=CARTESIAN_POINT('',(0.042717167429139,0.0192269564010548,0.00384450453606709));
#7529=CARTESIAN_POINT('',(0.042717167429139,0.0187404088268533,0.00384450453606709));
#7530=CARTESIAN_POINT('',(0.042717167429139,0.01958740607094,0.00410145875618327));
#7531=CARTESIAN_POINT('',(0.042717167429139,0.0187404088268533,0.00384450453606709));
#7532=CARTESIAN_POINT('',(0.042717167429139,0.0187404088268533,0.00384450453606709));
#7533=CARTESIAN_POINT('',(0.042717167429139,0.0180076134583738,0.00384450453606709));
#7534=CARTESIAN_POINT('',(0.042717167429139,0.0175912524535559,0.00437625701936308));
#7535=CARTESIAN_POINT('',(0.042717167429139,0.0175912524535559,0.00437625701936308));
#7536=CARTESIAN_POINT('',(0.042717167429139,-8.31597319854091E-5,0.00437625701936308));
#7537=CARTESIAN_POINT('',(0.042717167429139,0.0175317723100105,0.00437625701936308));
#7538=CARTESIAN_POINT('',(0.042717167429139,0.0175317723100105,0.00437625701936308));
#7539=CARTESIAN_POINT('',(0.042717167429139,0.0175912524535559,0.00385640056477617));
#7540=CARTESIAN_POINT('',(0.042717167429139,0.0175912524535559,0.0037743179666835));
#7541=CARTESIAN_POINT('',(0.042717167429139,0.0175912524535559,0.0037743179666835));
#7542=CARTESIAN_POINT('',(0.042717167429139,0.0175912524535559,0.003));
#7543=CARTESIAN_POINT('',(0.042717167429139,0.0175912524535559,0.0020898403014774));
#7544=CARTESIAN_POINT('',(0.042717167429139,-8.31597319854091E-5,0.0020898403014774));
#7545=CARTESIAN_POINT('',(0.042717167429139,0.0164575609175803,0.0020898403014774));
#7546=CARTESIAN_POINT('',(0.042717167429139,0.0164575609175803,0.003));
#7547=CARTESIAN_POINT('',(0.042717167429139,0.0164575609175803,0.00807592194788778));
#7548=CARTESIAN_POINT('',(0.042717167429139,-8.31597319854091E-5,0.00807592194788778));
#7549=CARTESIAN_POINT('',(0.042717167429139,0.0173795031425342,0.00807592194788778));
#7550=CARTESIAN_POINT('',(0.042717167429139,0.0173551222562206,0.00815834389938102));
#7551=CARTESIAN_POINT('',(0.042717167429139,0.017538909927236,0.00753703184736633));
#7552=CARTESIAN_POINT('',(0.042717167429139,-8.31597319854091E-5,0.00753703184736633));
#7553=CARTESIAN_POINT('',(0.042717167429139,0.0175912524535559,0.00753703184736633));
#7554=CARTESIAN_POINT('',(0.042717167429139,0.0175912524535559,0.00753703184736633));
#7555=CARTESIAN_POINT('',(0.042717167429139,0.0179897694153102,0.00815324613449681));
#7556=CARTESIAN_POINT('',(0.042717167429139,0.018770148898626,0.00815324613449681));
#7557=CARTESIAN_POINT('',(0.042717167429139,0.018770148898626,0.00815324613449681));
#7558=CARTESIAN_POINT('',(0.042717167429139,0.018770148898626,0.00815324613449681));
#7559=CARTESIAN_POINT('',(0.042717167429139,0.0195065130757182,0.00815324613449681));
#7560=CARTESIAN_POINT('',(0.042717167429139,0.0199228740805361,0.00758461596220266));
#7561=CARTESIAN_POINT('',(0.042717167429139,0.0199228740805361,0.00758461596220266));
#7562=CARTESIAN_POINT('',(0.042717167429139,0.0199228740805361,0.00758461596220266));
#7563=CARTESIAN_POINT('',(0.042717167429139,0.020339235085354,0.00701598578990851));
#7564=CARTESIAN_POINT('',(0.042717167429139,0.020339235085354,0.00600482334963649));
#7565=CARTESIAN_POINT('',(0.042717167429139,0.020339235085354,0.00600482334963649));
#7566=CARTESIAN_POINT('',(0.042717167429139,0.020339235085354,0.00600482334963649));
#7567=CARTESIAN_POINT('',(0.042717167429139,0.020339235085354,0.00533983534479877));
#7568=CARTESIAN_POINT('',(0.042717167429139,0.0201435454130896,0.00484912416054911));
#7569=CARTESIAN_POINT('',(0.042717167429139,0.0201435454130896,0.00484912416054911));
#7570=CARTESIAN_POINT('',(0.042717167429139,0.0201435454130896,0.00484912416054911));
#7571=CARTESIAN_POINT('',(0.042717167429139,0.0199478557408252,0.00435841297629946));
#7572=CARTESIAN_POINT('',(0.042717167429139,0.01958740607094,0.00410145875618327));
#7573=CARTESIAN_POINT('',(0.042717167429139,0.00205503895949401,0.003));
#7574=CARTESIAN_POINT('',(0.042717167429139,0.00205503895949401,0.00662936485686333));
#7575=CARTESIAN_POINT('',(0.042717167429139,0.00205503895949401,0.0039194495169343));
#7576=CARTESIAN_POINT('',(0.042717167429139,-8.31597319854091E-5,0.0039194495169343));
#7577=CARTESIAN_POINT('',(0.042717167429139,0.000921347423518435,0.0039194495169343));
#7578=CARTESIAN_POINT('',(0.042717167429139,0.000921347423518435,0.003));
#7579=CARTESIAN_POINT('',(0.042717167429139,0.000921347423518435,0.00634742897645807));
#7580=CARTESIAN_POINT('',(0.042717167429139,0.000921347423518435,0.00634742897645807));
#7581=CARTESIAN_POINT('',(0.042717167429139,0.000921347423518435,0.00724676874686472));
#7582=CARTESIAN_POINT('',(0.042717167429139,0.000251601007197084,0.00724676874686472));
#7583=CARTESIAN_POINT('',(0.042717167429139,0.000251601007197084,0.00724676874686472));
#7584=CARTESIAN_POINT('',(0.042717167429139,0.000251601007197084,0.00724676874686472));
#7585=CARTESIAN_POINT('',(0.042717167429139,-0.000224240141166221,0.00724676874686472));
#7586=CARTESIAN_POINT('',(0.042717167429139,-0.000435989452187893,0.00692319676597767));
#7587=CARTESIAN_POINT('',(0.042717167429139,-0.000435989452187893,0.00692319676597767));
#7588=CARTESIAN_POINT('',(0.042717167429139,-0.000435989452187893,0.00692319676597767));
#7589=CARTESIAN_POINT('',(0.042717167429139,-0.000647738763209563,0.00659962478509062));
#7590=CARTESIAN_POINT('',(0.042717167429139,-0.000647738763209563,0.00587515663670749));
#7591=CARTESIAN_POINT('',(0.042717167429139,-0.000647738763209563,0.00587515663670749));
#7592=CARTESIAN_POINT('',(0.042717167429139,-0.000647738763209563,0.003));
#7593=CARTESIAN_POINT('',(0.042717167429139,-0.000647738763209563,0.0039194495169343));
#7594=CARTESIAN_POINT('',(0.042717167429139,-8.31597319854091E-5,0.0039194495169343));
#7595=CARTESIAN_POINT('',(0.042717167429139,-0.00178143029918513,0.0039194495169343));
#7596=CARTESIAN_POINT('',(0.042717167429139,-0.00178143029918513,0.003));
#7597=CARTESIAN_POINT('',(0.042717167429139,-0.00178143029918513,0.00970448827816119));
#7598=CARTESIAN_POINT('',(0.042717167429139,-8.31597319854091E-5,0.00970448827816119));
#7599=CARTESIAN_POINT('',(0.042717167429139,-0.000647738763209563,0.00970448827816119));
#7600=CARTESIAN_POINT('',(0.042717167429139,-0.000647738763209563,0.003));
#7601=CARTESIAN_POINT('',(0.042717167179139,-0.000647412710063425,0.00852558338479987));
#7602=CARTESIAN_POINT('',(0.042717167429139,-0.020692150441266,0.00904495816759818));
#7603=CARTESIAN_POINT('',(0.042717167179139,-0.000674113582468845,0.00787845973301317));
#7604=CARTESIAN_POINT('',(0.042717167429139,-0.00104992666175251,0.00307568993756184));
#7605=CARTESIAN_POINT('',(0.042717167429139,-0.000700081289529527,0.00754416946459178));
#7606=CARTESIAN_POINT('',(0.042717167429139,-8.31597319854091E-5,0.00754416946459178));
#7607=CARTESIAN_POINT('',(0.042717167429139,-0.000640601145984111,0.00754416946459178));
#7608=CARTESIAN_POINT('',(0.042717167429139,-0.000640601145984111,0.00754416946459178));
#7609=CARTESIAN_POINT('',(0.042717167429139,-0.000261117830164376,0.00815324613449681));
#7610=CARTESIAN_POINT('',(0.042717167429139,0.000564466562245958,0.00815324613449681));
#7611=CARTESIAN_POINT('',(0.042717167429139,0.000564466562245958,0.00815324613449681));
#7612=CARTESIAN_POINT('',(0.042717167429139,0.000564466562245958,0.00815324613449681));
#7613=CARTESIAN_POINT('',(0.042717167429139,0.00129726193072545,0.00815324613449681));
#7614=CARTESIAN_POINT('',(0.042717167429139,0.00167615044510973,0.00775948758422618));
#7615=CARTESIAN_POINT('',(0.042717167429139,0.00167615044510973,0.00775948758422618));
#7616=CARTESIAN_POINT('',(0.042717167429139,0.00167615044510973,0.00775948758422618));
#7617=CARTESIAN_POINT('',(0.042717167429139,0.00205503895949401,0.00736572903395554));
#7618=CARTESIAN_POINT('',(0.042717167429139,0.00205503895949401,0.00662936485686333));
#7619=CARTESIAN_POINT('',(0.042717167429139,-0.00369431171560562,0.00486399419643547));
#7620=CARTESIAN_POINT('',(0.042717167429139,-0.00355869698832208,0.00474860271795736));
#7621=CARTESIAN_POINT('',(0.042717167429139,-0.00333505164859133,0.00474860271795736));
#7622=CARTESIAN_POINT('',(0.042717167429139,-0.00369431171560562,0.00486399419643547));
#7623=CARTESIAN_POINT('',(0.042717167429139,-0.00333505164859133,0.00474860271795736));
#7624=CARTESIAN_POINT('',(0.042717167429139,-0.00333505164859133,0.00474860271795736));
#7625=CARTESIAN_POINT('',(0.042717167429139,-0.00303765093086426,0.00474860271795736));
#7626=CARTESIAN_POINT('',(0.042717167429139,-0.00262128992604637,0.00487826943088636));
#7627=CARTESIAN_POINT('',(0.042717167429139,-0.00262128992604637,0.00487826943088636));
#7628=CARTESIAN_POINT('',(0.042717167429139,-0.00262128992604637,0.003));
#7629=CARTESIAN_POINT('',(0.042717167429139,-0.00262128992604637,0.0040348409954124));
#7630=CARTESIAN_POINT('',(0.042717167429139,-0.00262128992604637,0.0040348409954124));
#7631=CARTESIAN_POINT('',(0.042717167429139,-0.00304478854808971,0.00384450453606709));
#7632=CARTESIAN_POINT('',(0.042717167429139,-0.0036621924380911,0.00384450453606709));
#7633=CARTESIAN_POINT('',(0.042717167429139,-0.0036621924380911,0.00384450453606709));
#7634=CARTESIAN_POINT('',(0.042717167429139,-0.0036621924380911,0.00384450453606709));
#7635=CARTESIAN_POINT('',(0.042717167429139,-0.00434264528025063,0.00384450453606709));
#7636=CARTESIAN_POINT('',(0.042717167429139,-0.00465313162955768,0.00418889456719502));
#7637=CARTESIAN_POINT('',(0.042717167429139,-0.00465313162955768,0.00418889456719502));
#7638=CARTESIAN_POINT('',(0.042717167429139,-0.00465313162955768,0.00418889456719502));
#7639=CARTESIAN_POINT('',(0.042717167429139,-0.00496361797886474,0.00453328459832297));
#7640=CARTESIAN_POINT('',(0.042717167429139,-0.00496361797886474,0.00522087505770794));
#7641=CARTESIAN_POINT('',(0.042717167429139,-0.00496361797886474,0.00522087505770794));
#7642=CARTESIAN_POINT('',(0.042717167429139,-0.00496361797886474,0.003));
#7643=CARTESIAN_POINT('',(0.042717167429139,-0.00496361797886474,0.00722416629231746));
#7644=CARTESIAN_POINT('',(0.042717167429139,-8.31597319854091E-5,0.00722416629231746));
#7645=CARTESIAN_POINT('',(0.042717167429139,-0.00550607688799891,0.00722416629231746));
#7646=CARTESIAN_POINT('',(0.042717167429139,-0.00550607688799891,0.003));
#7647=CARTESIAN_POINT('',(0.042717167429139,-0.00550607688799891,0.00770357624929349));
#7648=CARTESIAN_POINT('',(0.042717167429139,-0.00363276916387613,0.00884183370452237));
#7649=CARTESIAN_POINT('',(0.042717167429139,-0.00488153538077207,0.00808305956511323));
#7650=CARTESIAN_POINT('',(0.042717167429139,-0.00595966403188995,0.00518975431229505));
#7651=CARTESIAN_POINT('',(0.042717167429139,-0.0045543945912723,0.00896098648384352));
#7652=CARTESIAN_POINT('',(0.042717167429139,-8.31597319854091E-5,0.00896098648384352));
#7653=CARTESIAN_POINT('',(0.042717167429139,-0.00382992644288917,0.00896098648384352));
#7654=CARTESIAN_POINT('',(0.042717167429139,-0.00382992644288917,0.003));
#7655=CARTESIAN_POINT('',(0.042717167429139,-0.00382992644288917,0.00807592194788778));
#7656=CARTESIAN_POINT('',(0.042717167429139,-8.31597319854091E-5,0.00807592194788778));
#7657=CARTESIAN_POINT('',(0.042717167429139,-0.00266649483514088,0.00807592194788778));
#7658=CARTESIAN_POINT('',(0.042717167429139,-0.00266649483514088,0.003));
#7659=CARTESIAN_POINT('',(0.042717167429139,-0.00266649483514088,0.00722416629231746));
#7660=CARTESIAN_POINT('',(0.042717167429139,-8.31597319854091E-5,0.00722416629231746));
#7661=CARTESIAN_POINT('',(0.042717167429139,-0.00382992644288917,0.00722416629231746));
#7662=CARTESIAN_POINT('',(0.042717167429139,-0.00382992644288917,0.003));
#7663=CARTESIAN_POINT('',(0.042717167429139,-0.00382992644288917,0.00522087505770794));
#7664=CARTESIAN_POINT('',(0.042717167429139,-0.00382992644288917,0.00522087505770794));
#7665=CARTESIAN_POINT('',(0.042717167429139,-0.00382992644288917,0.00497938567491357));
#7666=CARTESIAN_POINT('',(0.042717167429139,-0.00369431171560562,0.00486399419643547));
#7667=CARTESIAN_POINT('',(0.042717167429139,-0.00607827586890578,0.00568541497879762));
#7668=CARTESIAN_POINT('',(0.042717167429139,-0.00597002200765313,0.00546236444050232));
#7669=CARTESIAN_POINT('',(0.042717167429139,-0.00597002200765313,0.00515425729693708));
#7670=CARTESIAN_POINT('',(0.042717167429139,-0.00607827586890578,0.00568541497879762));
#7671=CARTESIAN_POINT('',(0.042717167429139,-0.00597002200765313,0.00515425729693708));
#7672=CARTESIAN_POINT('',(0.042717167429139,-0.00597002200765313,0.00515425729693708));
#7673=CARTESIAN_POINT('',(0.042717167429139,-0.00597002200765313,0.00451425095238844));
#7674=CARTESIAN_POINT('',(0.042717167429139,-0.00641433867993737,0.00417937774422776));
#7675=CARTESIAN_POINT('',(0.042717167429139,-0.00641433867993737,0.00417937774422776));
#7676=CARTESIAN_POINT('',(0.042717167429139,-0.00641433867993737,0.00417937774422776));
#7677=CARTESIAN_POINT('',(0.042717167429139,-0.0068586553522216,0.00384450453606709));
#7678=CARTESIAN_POINT('',(0.042717167429139,-0.00774371988817735,0.00384450453606709));
#7679=CARTESIAN_POINT('',(0.042717167429139,-0.00774371988817735,0.00384450453606709));
#7680=CARTESIAN_POINT('',(0.042717167429139,-0.00774371988817735,0.00384450453606709));
#7681=CARTESIAN_POINT('',(0.042717167429139,-0.0081969585819934,0.00384450453606709));
#7682=CARTESIAN_POINT('',(0.042717167429139,-0.00851696175426772,0.00390636388535432));
#7683=CARTESIAN_POINT('',(0.042717167429139,-0.00851696175426772,0.00390636388535432));
#7684=CARTESIAN_POINT('',(0.042717167429139,-0.00797313579167113,0.00679331495839596));
#7685=CARTESIAN_POINT('',(0.042717167429139,-0.00911533199833458,0.00408696001265089));
#7686=CARTESIAN_POINT('',(0.042717167429139,-0.00911533199833458,0.003));
#7687=CARTESIAN_POINT('',(0.042717167429139,-0.00911533199833458,0.00502285257355971));
#7688=CARTESIAN_POINT('',(0.042717167429139,-0.00746544475975894,0.00860846317956594));
#7689=CARTESIAN_POINT('',(0.042717167429139,-0.00840394948153144,0.00477417917968189));
#7690=CARTESIAN_POINT('',(0.042717167429139,-0.00840394948153144,0.00477417917968189));
#7691=CARTESIAN_POINT('',(0.042717167429139,-0.00800781172551899,0.00467365773709014));
#7692=CARTESIAN_POINT('',(0.042717167429139,-0.00770684219917919,0.00467365773709014));
#7693=CARTESIAN_POINT('',(0.042717167429139,-0.00770684219917919,0.00467365773709014));
#7694=CARTESIAN_POINT('',(0.042717167429139,-0.00770684219917919,0.00467365773709014));
#7695=CARTESIAN_POINT('',(0.042717167429139,-0.00708943830917781,0.00467365773709014));
#7696=CARTESIAN_POINT('',(0.042717167429139,-0.00708943830917781,0.00503053859836262));
#7697=CARTESIAN_POINT('',(0.042717167429139,-0.00708943830917781,0.00503053859836262));
#7698=CARTESIAN_POINT('',(0.042717167429139,-0.00738859388114223,0.00504429949083942));
#7699=CARTESIAN_POINT('',(0.042717167429139,-0.00717152090727048,0.00524883072517429));
#7700=CARTESIAN_POINT('',(0.042717167429139,-0.00717152090727048,0.00524883072517429));
#7701=CARTESIAN_POINT('',(0.042717167429139,-0.00725360350536315,0.00533269772757332));
#7702=CARTESIAN_POINT('',(0.042717167429139,-0.00745405158911119,0.00543857238308416));
#7703=CARTESIAN_POINT('',(0.042717167429139,-0.00745405158911119,0.00543857238308416));
#7704=CARTESIAN_POINT('',(0.042717167429139,-0.0106797889187098,-0.000890141139132583));
#7705=CARTESIAN_POINT('',(0.042717167429139,-0.00798877807958445,0.00568482017736217));
#7706=CARTESIAN_POINT('',(0.042717167429139,-0.00798877807958445,0.00568482017736217));
#7707=CARTESIAN_POINT('',(0.042717167429139,-0.00846818803656048,0.00588586306254566));
#7708=CARTESIAN_POINT('',(0.042717167429139,-0.0086936177805976,0.00605716587595645));
#7709=CARTESIAN_POINT('',(0.042717167429139,-0.0086936177805976,0.00605716587595645));
#7710=CARTESIAN_POINT('',(0.042717167429139,-0.00808183938137251,0.00690408201417935));
#7711=CARTESIAN_POINT('',(0.042717167429139,-0.00902075857009737,0.00644973482335618));
#7712=CARTESIAN_POINT('',(0.042717167429139,-0.00902075857009737,0.00644973482335618));
#7713=CARTESIAN_POINT('',(0.042717167429139,-0.00912246961556003,0.00667100095734512));
#7714=CARTESIAN_POINT('',(0.042717167429139,-0.00912246961556003,0.00699338333536126));
#7715=CARTESIAN_POINT('',(0.042717167429139,-0.00912246961556003,0.00699338333536126));
#7716=CARTESIAN_POINT('',(0.042717167429139,-0.00912246961556003,0.00699338333536126));
#7717=CARTESIAN_POINT('',(0.042717167429139,-0.00912246961556003,0.00754773827320451));
#7718=CARTESIAN_POINT('',(0.042717167429139,-0.0086936177805976,0.00785049220385066));
#7719=CARTESIAN_POINT('',(0.042717167429139,-0.0086936177805976,0.00785049220385066));
#7720=CARTESIAN_POINT('',(0.042717167429139,-0.0086936177805976,0.00785049220385066));
#7721=CARTESIAN_POINT('',(0.042717167429139,-0.00826476594563517,0.00815324613449681));
#7722=CARTESIAN_POINT('',(0.042717167429139,-0.00747605924222299,0.00815324613449681));
#7723=CARTESIAN_POINT('',(0.042717167429139,-0.00747605924222299,0.00815324613449681));
#7724=CARTESIAN_POINT('',(0.042717167429139,-0.00748523683247699,0.00469947528178008));
#7725=CARTESIAN_POINT('',(0.042717167429139,-0.00601551306996486,0.00782542037196489));
#7726=CARTESIAN_POINT('',(0.042717167429139,-0.00685034903146112,0.00582704996935886));
#7727=CARTESIAN_POINT('',(0.042717167429139,-0.00635672738110618,0.00700864604411401));
#7728=CARTESIAN_POINT('',(0.042717167429139,-0.00893459589247566,0.00103186671689658));
#7729=CARTESIAN_POINT('',(0.042717167179139,-0.00694070781658932,0.00722782823378648));
#7730=CARTESIAN_POINT('',(0.042717167429139,-0.00749410918612493,0.00548370724289212));
#7731=CARTESIAN_POINT('',(0.042717167429139,-0.00749509288718869,0.00731338470562482));
#7732=CARTESIAN_POINT('',(0.042717167429139,-0.00749509288815752,0.00731338650763558));
#7733=CARTESIAN_POINT('',(0.042717167429139,-0.00799710529968081,0.00731338650763558));
#7734=CARTESIAN_POINT('',(0.042717167429139,-0.00799710529968081,0.00704215705306849));
#7735=CARTESIAN_POINT('',(0.042717167429139,-0.00799710529968081,0.00704215705306849));
#7736=CARTESIAN_POINT('',(0.042717167429139,-0.00799710529968081,0.00704215705306849));
#7737=CARTESIAN_POINT('',(0.042717167429139,-0.00799710529968081,0.00688988788559224));
#7738=CARTESIAN_POINT('',(0.042717167429139,-0.00783531930923729,0.00677806521572686));
#7739=CARTESIAN_POINT('',(0.042717167429139,-0.00783531930923729,0.00677806521572686));
#7740=CARTESIAN_POINT('',(0.042717167429139,-0.00783531930923729,0.00677806521572686));
#7741=CARTESIAN_POINT('',(0.042717167429139,-0.00767353331879376,0.00666624254586148));
#7742=CARTESIAN_POINT('',(0.042717167429139,-0.00712631599817596,0.00644735561761436));
#7743=CARTESIAN_POINT('',(0.042717167429139,-0.00712631599817596,0.00644735561761436));
#7744=CARTESIAN_POINT('',(0.042717167429139,-0.00712631599817596,0.00644735561761436));
#7745=CARTESIAN_POINT('',(0.042717167429139,-0.00663976842397448,0.00624988154104359));
#7746=CARTESIAN_POINT('',(0.042717167429139,-0.00641314907706646,0.00607917352906826));
#7747=CARTESIAN_POINT('',(0.042717167429139,-0.00641314907706646,0.00607917352906826));
#7748=CARTESIAN_POINT('',(0.042717167429139,-0.00705209057724098,0.00519240878066269));
#7749=CARTESIAN_POINT('',(0.042717167429139,-0.0100126424156546,0.00686642068532257));
#7750=CARTESIAN_POINT('',(0.0427171674291381,-0.0107230010072773,0.00793959308944566));
#7751=CARTESIAN_POINT('',(0.042717167429139,-0.0100075268285148,0.0081529393208689));
#7752=CARTESIAN_POINT('',(0.042717167429139,-0.00997043405657255,0.00628664444428544));
#7753=CARTESIAN_POINT('',(0.042717167429139,-0.00962442482391277,0.00812064673232381));
#7754=CARTESIAN_POINT('',(0.042717167429139,-0.00997299656724371,0.0037973888601776));
#7755=CARTESIAN_POINT('',(0.042717167429139,-0.00971008372126289,0.00705823846380083));
#7756=CARTESIAN_POINT('',(0.042717167429139,-0.0100168189083773,0.00576935292996144));
#7757=CARTESIAN_POINT('',(0.042717167429139,-0.0100444118405139,0.00709449957938846));
#7758=CARTESIAN_POINT('',(0.042717167429139,-0.0100444118405139,0.00709449957938846));
#7759=CARTESIAN_POINT('',(0.042717167429139,-0.0105868707496481,0.00709449957938846));
#7760=CARTESIAN_POINT('',(0.042717167429139,-0.0108902194817297,0.00681553770616047));
#7761=CARTESIAN_POINT('',(0.042717167429139,-0.0108902194817297,0.00681553770616047));
#7762=CARTESIAN_POINT('',(0.042717167429139,-0.0108902194817297,0.00681553770616047));
#7763=CARTESIAN_POINT('',(0.042717167429139,-0.0111935682138113,0.00653657583293248));
#7764=CARTESIAN_POINT('',(0.042717167429139,-0.0111935682138113,0.0060345634214092));
#7765=CARTESIAN_POINT('',(0.042717167429139,-0.0111935682138113,0.0060345634214092));
#7766=CARTESIAN_POINT('',(0.0427171674291391,-0.0111935682138113,0.003));
#7767=CARTESIAN_POINT('',(0.0427171674291391,-0.0111935682138113,0.0039194495169343));
#7768=CARTESIAN_POINT('',(0.042717167429139,-8.31597319854091E-5,0.0039194495169343));
#7769=CARTESIAN_POINT('',(0.0427171674291391,-0.0123272597497869,0.0039194495169343));
#7770=CARTESIAN_POINT('',(0.0427171674291391,-0.0123272597497869,0.003));
#7771=CARTESIAN_POINT('',(0.0427171674291391,-0.0123272597497869,0.00807592194788778));
#7772=CARTESIAN_POINT('',(0.042717167429139,-8.31597319854091E-5,0.00807592194788778));
#7773=CARTESIAN_POINT('',(0.0427171674291391,-0.0114683664769911,0.00807592194788778));
#7774=CARTESIAN_POINT('',(0.042717167429139,-0.00969829103862412,0.000694330758101953));
#7775=CARTESIAN_POINT('',(0.042717167429139,-0.0113006324721931,0.00737643545979372));
#7776=CARTESIAN_POINT('',(0.042717167429139,-8.31597319854091E-5,0.00737643545979372));
#7777=CARTESIAN_POINT('',(0.042717167429139,-0.0112455863682026,0.00737643545979372));
#7778=CARTESIAN_POINT('',(0.042717167429139,-0.00987307551640035,0.00662738298713965));
#7779=CARTESIAN_POINT('',(0.0427171674291391,-0.0135168626206951,0.003));
#7780=CARTESIAN_POINT('',(0.0427171674291391,-0.0135168626206951,0.00807592194788778));
#7781=CARTESIAN_POINT('',(0.0427171674291391,-0.0135168626206951,0.0039194495169343));
#7782=CARTESIAN_POINT('',(0.042717167429139,-8.31597319854091E-5,0.0039194495169343));
#7783=CARTESIAN_POINT('',(0.0427171674291391,-0.0146505541566707,0.0039194495169343));
#7784=CARTESIAN_POINT('',(0.0427171674291391,-0.0146505541566707,0.003));
#7785=CARTESIAN_POINT('',(0.0427171674291391,-0.0146505541566707,0.00807592194788778));
#7786=CARTESIAN_POINT('',(0.042717167429139,-8.31597319854091E-5,0.00807592194788778));
#7787=CARTESIAN_POINT('',(0.042717167429139,-0.0140819239843766,0.00859220959386196));
#7788=CARTESIAN_POINT('',(0.042717167429139,-0.014699327874378,0.00859220959386196));
#7789=CARTESIAN_POINT('',(0.042717167429139,-0.014699327874378,0.00915013334031794));
#7790=CARTESIAN_POINT('',(0.042717167429139,-0.0140819239843766,0.00859220959386196));
#7791=CARTESIAN_POINT('',(0.042717167429139,-0.014699327874378,0.00915013334031794));
#7792=CARTESIAN_POINT('',(0.042717167429139,-0.014699327874378,0.00915013334031794));
#7793=CARTESIAN_POINT('',(0.042717167429139,-0.014699327874378,0.00970448827816119));
#7794=CARTESIAN_POINT('',(0.042717167429139,-0.0140819239843766,0.00970448827816119));
#7795=CARTESIAN_POINT('',(0.042717167429139,-0.0140819239843766,0.00970448827816119));
#7796=CARTESIAN_POINT('',(0.042717167429139,-0.0140819239843766,0.00970448827816119));
#7797=CARTESIAN_POINT('',(0.042717167429139,-0.0134645200943752,0.00970448827816119));
#7798=CARTESIAN_POINT('',(0.042717167429139,-0.0134645200943752,0.00915013334031794));
#7799=CARTESIAN_POINT('',(0.042717167429139,-0.0134645200943752,0.00915013334031794));
#7800=CARTESIAN_POINT('',(0.042717167429139,-0.0134645200943752,0.00915013334031794));
#7801=CARTESIAN_POINT('',(0.042717167429139,-0.0134645200943752,0.0088860415029763));
#7802=CARTESIAN_POINT('',(0.042717167429139,-0.0136185736661578,0.00873912554841913));
#7803=CARTESIAN_POINT('',(0.042717167429139,-0.0136185736661578,0.00873912554841913));
#7804=CARTESIAN_POINT('',(0.042717167429139,-0.0136185736661578,0.00873912554841913));
#7805=CARTESIAN_POINT('',(0.042717167429139,-0.0137726272379404,0.00859220959386196));
#7806=CARTESIAN_POINT('',(0.042717167429139,-0.0140819239843766,0.00859220959386196));
#7807=CARTESIAN_POINT('',(0.0427171674291391,-0.0153012669270576,0.003));
#7808=CARTESIAN_POINT('',(0.0427171674291391,-0.0153012669270576,0.00807592194788778));
#7809=CARTESIAN_POINT('',(0.0427171674291391,-0.0153012669270576,0.00722416629231746));
#7810=CARTESIAN_POINT('',(0.042717167429139,-8.31597319854091E-5,0.00722416629231746));
#7811=CARTESIAN_POINT('',(0.0427171674291391,-0.0162826892955568,0.00722416629231746));
#7812=CARTESIAN_POINT('',(0.0427171674291391,-0.0162826892955568,0.003));
#7813=CARTESIAN_POINT('',(0.0427171674291391,-0.0162826892955568,0.0039194495169343));
#7814=CARTESIAN_POINT('',(0.042717167429139,-8.31597319854091E-5,0.0039194495169343));
#7815=CARTESIAN_POINT('',(0.0427171674291391,-0.0174163808315325,0.0039194495169343));
#7816=CARTESIAN_POINT('',(0.0427171674291391,-0.0174163808315325,0.003));
#7817=CARTESIAN_POINT('',(0.0427171674291391,-0.0174163808315325,0.00722416629231746));
#7818=CARTESIAN_POINT('',(0.042717167429139,-8.31597319854091E-5,0.00722416629231746));
#7819=CARTESIAN_POINT('',(0.0427171674291391,-0.0180409223387593,0.00722416629231746));
#7820=CARTESIAN_POINT('',(0.0427171674291391,-0.0180409223387593,0.003));
#7821=CARTESIAN_POINT('',(0.0427171674291391,-0.0180409223387593,0.00777138361293526));
#7822=CARTESIAN_POINT('',(0.042717167429139,-0.00541247312881574,0.0139292559895934));
#7823=CARTESIAN_POINT('',(0.0427171674291391,-0.0174163808315325,0.00807592194788778));
#7824=CARTESIAN_POINT('',(0.0427171674291391,-0.0174163808315325,0.003));
#7825=CARTESIAN_POINT('',(0.0427171674291391,-0.0174163808315325,0.00838046028284029));
#7826=CARTESIAN_POINT('',(0.042717167429139,-0.0174163808315325,0.00838046028284029));
#7827=CARTESIAN_POINT('',(0.042717167429139,-0.0174163808315325,0.00909065319677252));
#7828=CARTESIAN_POINT('',(0.042717167429139,-0.0170666375874854,0.0094177939862723));
#7829=CARTESIAN_POINT('',(0.042717167429139,-0.0170666375874854,0.0094177939862723));
#7830=CARTESIAN_POINT('',(0.042717167429139,-0.0170666375874854,0.0094177939862723));
#7831=CARTESIAN_POINT('',(0.042717167429139,-0.0167168943434384,0.00974493477577207));
#7832=CARTESIAN_POINT('',(0.042717167429139,-0.0159472212859607,0.00974493477577207));
#7833=CARTESIAN_POINT('',(0.042717167429139,-0.0159472212859607,0.00974493477577207));
#7834=CARTESIAN_POINT('',(0.042717167429139,-0.0159472212859607,0.00974493477577207));
#7835=CARTESIAN_POINT('',(0.042717167429139,-0.0153607470706029,0.00974493477577207));
#7836=CARTESIAN_POINT('',(0.042717167429139,-0.0149027499653033,0.00957006315374855));
#7837=CARTESIAN_POINT('',(0.042717167429139,-0.0149027499653033,0.00957006315374855));
#7838=CARTESIAN_POINT('',(0.0427171674291391,-0.0153392412279857,0.00831783412146296));
#7839=CARTESIAN_POINT('',(0.042717167429139,-0.0151933077215503,0.00873649589124698));
#7840=CARTESIAN_POINT('',(0.042717167429139,-0.0158686167553386,0.00672789079281897));
#7841=CARTESIAN_POINT('',(0.042717167429139,-0.0158246921902572,0.00884559500536542));
#7842=CARTESIAN_POINT('',(0.042717167429139,-0.0158246921902572,0.00884559500536542));
#7843=CARTESIAN_POINT('',(0.042717167429139,-0.0160661815730515,0.00884559500536542));
#7844=CARTESIAN_POINT('',(0.042717167429139,-0.0161744354343042,0.00870224785942098));
#7845=CARTESIAN_POINT('',(0.042717167429139,-0.0161744354343042,0.00870224785942098));
#7846=CARTESIAN_POINT('',(0.042717167429139,-0.0161744354343042,0.00870224785942098));
#7847=CARTESIAN_POINT('',(0.042717167429139,-0.0162826892955568,0.00855890071347653));
#7848=CARTESIAN_POINT('',(0.042717167429139,-0.0162826892955568,0.00833644497661669));
#7849=CARTESIAN_POINT('',(0.042717167429139,-0.0162826892955568,0.00833644497661669));
#7850=CARTESIAN_POINT('',(0.0427171674291391,-0.0162826892955568,0.003));
#7851=CARTESIAN_POINT('',(0.0427171674291391,-0.0162826892955568,0.00807592194788778));
#7852=CARTESIAN_POINT('',(0.042717167429139,-8.31597319854091E-5,0.00807592194788778));
#7853=CARTESIAN_POINT('',(0.0427171674291391,-0.0176769516068444,-0.00403954543738954));
#7854=CARTESIAN_POINT('',(0.0427171674291391,-0.0208733667743919,0.00394918958870701));
#7855=CARTESIAN_POINT('',(0.0427171674291391,-0.0225245355592125,0.00807592194788778));
#7856=CARTESIAN_POINT('',(0.042717167429139,-8.31597319854091E-5,0.00807592194788778));
#7857=CARTESIAN_POINT('',(0.0427171674291391,-0.0212825901619843,0.00807592194788778));
#7858=CARTESIAN_POINT('',(0.0427171674291391,-0.0176116807227433,-0.00287553170544731));
#7859=CARTESIAN_POINT('',(0.042717167179139,-0.0204981718005678,0.00573730847562017));
#7860=CARTESIAN_POINT('',(0.042717167429139,-0.0235756397691625,0.00478296346595064));
#7861=CARTESIAN_POINT('',(0.042717167429139,-0.0203615572599445,0.00501626336391172));
#7862=CARTESIAN_POINT('',(0.042717167429139,-8.31597319854091E-5,0.00501626336391172));
#7863=CARTESIAN_POINT('',(0.042717167429139,-0.0203377671263107,0.00501626336391172));
#7864=CARTESIAN_POINT('',(0.042717167429139,-0.0171889093621805,0.00470035414055156));
#7865=CARTESIAN_POINT('',(0.042717167179139,-0.0201787618801732,0.00573720542211725));
#7866=CARTESIAN_POINT('',(0.0427171674291391,-0.0190276717514191,0.00923453676326225));
#7867=CARTESIAN_POINT('',(0.0427171674291391,-0.0194089656403038,0.00807592194788778));
#7868=CARTESIAN_POINT('',(0.042717167429139,-8.31597319854091E-5,0.00807592194788778));
#7869=CARTESIAN_POINT('',(0.0427171674291391,-0.0181931915062356,0.00807592194788778));
#7870=CARTESIAN_POINT('',(0.0427171674291391,-0.01762901932368,0.00958025386361952));
#7871=CARTESIAN_POINT('',(0.0427171674291391,-0.0199514245494379,0.00338769703363831));
#7872=CARTESIAN_POINT('',(0.042717167429139,-0.0199514245494379,0.00338769703363831));
#7873=CARTESIAN_POINT('',(0.042717167429139,-0.0201941035351033,0.00273698426325149));
#7874=CARTESIAN_POINT('',(0.042717167429139,-0.0206419890160002,0.00241341228236444));
#7875=CARTESIAN_POINT('',(0.042717167429139,-0.0206419890160002,0.00241341228236444));
#7876=CARTESIAN_POINT('',(0.042717167429139,-0.0206419890160002,0.00241341228236444));
#7877=CARTESIAN_POINT('',(0.042717167429139,-0.0210898744968971,0.0020898403014774));
#7878=CARTESIAN_POINT('',(0.042717167429139,-0.021688244740964,0.0020898403014774));
#7879=CARTESIAN_POINT('',(0.042717167429139,-0.021688244740964,0.0020898403014774));
#7880=CARTESIAN_POINT('',(0.042717167429139,-0.0216919114796454,0.004672980219862));
#7881=CARTESIAN_POINT('',(0.042717167429139,-0.0222640125304836,0.00215404148389419));
#7882=CARTESIAN_POINT('',(0.0427171674291391,-0.0222640125304836,0.003));
#7883=CARTESIAN_POINT('',(0.042717167429139,-0.0222640125304836,0.00305309951971557));
#7884=CARTESIAN_POINT('',(0.042717167429139,-0.021835695258595,0.00493094210685012));
#7885=CARTESIAN_POINT('',(0.042717167429139,-0.0218179064552924,0.00300492792019621));
#7886=CARTESIAN_POINT('',(0.042717167429139,-0.0218033299258539,0.00380772820619188));
#7887=CARTESIAN_POINT('',(0.042717167429139,-0.0212921069849515,0.00318903335419663));
#7888=CARTESIAN_POINT('',(0.042717167429139,-0.0212921069849515,0.00318903335419663));
#7889=CARTESIAN_POINT('',(0.042717167429139,-0.0210672720423499,0.00337342179918741));
#7890=CARTESIAN_POINT('',(0.042717167429139,-0.0209411741380336,0.00374457789491079));
#7891=CARTESIAN_POINT('',(0.042717167429139,-0.0209411741380336,0.00374457789491079));
#7892=CARTESIAN_POINT('',(0.0427171674291391,-0.0190994951223011,0.00930192510027916));
#7893=CARTESIAN_POINT('',(0.042717167429139,-8.31597319854091E-5,0.013));
#7894=CARTESIAN_POINT('',(0.042717167429139,0.0276168402680146,0.013));
#7895=CARTESIAN_POINT('',(0.0427171674291391,-0.0277831597319854,0.013));
#7896=CARTESIAN_POINT('',(0.0427171674291391,-0.0277831597319854,0.));
#7897=CARTESIAN_POINT('',(0.0427171674291391,-0.0277831597326796,0.00801954134742811));
#7898=CARTESIAN_POINT('',(0.042717167429139,-0.0278402759878661,0.00799205494548874));
#7899=CARTESIAN_POINT('',(0.042717167429139,-0.0275244364256399,0.00815324613449681));
#7900=CARTESIAN_POINT('',(0.042717167429139,-0.0271152130380475,0.00815324613449681));
#7901=CARTESIAN_POINT('',(0.042717167429139,-0.0271152130380475,0.00815324613449681));
#7902=CARTESIAN_POINT('',(0.042717167429139,-0.0271152130380475,0.00815324613449681));
#7903=CARTESIAN_POINT('',(0.042717167429139,-0.0261825643872554,0.00815324613449681));
#7904=CARTESIAN_POINT('',(0.042717167429139,-0.025850665186272,0.00754416946459178));
#7905=CARTESIAN_POINT('',(0.042717167429139,-0.025850665186272,0.00754416946459178));
#7906=CARTESIAN_POINT('',(0.042717167429139,-8.31597319854091E-5,0.00754416946459178));
#7907=CARTESIAN_POINT('',(0.042717167429139,-0.0257513468695347,0.00754416946459178));
#7908=CARTESIAN_POINT('',(0.042717167429139,-0.0247836801236637,0.00697605770430761));
#7909=CARTESIAN_POINT('',(0.042717167429139,-0.0252582429565597,0.00799383934979511));
#7910=CARTESIAN_POINT('',(0.042717167429139,-0.0252582429565597,0.00799383934979511));
#7911=CARTESIAN_POINT('',(0.042717167429139,-0.0249334813728018,0.00815324613449681));
#7912=CARTESIAN_POINT('',(0.042717167429139,-0.0245242579852093,0.00815324613449681));
#7913=CARTESIAN_POINT('',(0.042717167429139,-0.0245242579852093,0.00815324613449681));
#7914=CARTESIAN_POINT('',(0.042717167429139,-0.0245242579852093,0.00815324613449681));
#7915=CARTESIAN_POINT('',(0.042717167429139,-0.0238176338798898,0.00815324613449681));
#7916=CARTESIAN_POINT('',(0.042717167429139,-0.0234553998056982,0.00779101206030525));
#7917=CARTESIAN_POINT('',(0.042717167429139,-0.0234553998056982,0.00779101206030525));
#7918=CARTESIAN_POINT('',(0.042717167429139,-0.0234553998056982,0.00779101206030525));
#7919=CARTESIAN_POINT('',(0.042717167429139,-0.0230931657315067,0.00742877798611368));
#7920=CARTESIAN_POINT('',(0.042717167429139,-0.0230931657315067,0.00662936485686333));
#7921=CARTESIAN_POINT('',(0.042717167429139,-0.0230931657315067,0.00662936485686333));
#7922=CARTESIAN_POINT('',(0.0427171674291391,-0.0230931657315067,0.003));
#7923=CARTESIAN_POINT('',(0.0427171674291391,-0.0230931657315067,0.0039194495169343));
#7924=CARTESIAN_POINT('',(0.042717167429139,-8.31597319854091E-5,0.0039194495169343));
#7925=CARTESIAN_POINT('',(0.0427171674291391,-0.0242304260760949,0.0039194495169343));
#7926=CARTESIAN_POINT('',(0.0427171674291391,-0.0242304260760949,0.003));
#7927=CARTESIAN_POINT('',(0.0427171674291391,-0.0242304260760949,0.00634742897645807));
#7928=CARTESIAN_POINT('',(0.042717167429139,-0.0242304260760949,0.00634742897645807));
#7929=CARTESIAN_POINT('',(0.042717167429139,-0.0242304260760949,0.00679709886166139));
#7930=CARTESIAN_POINT('',(0.042717167429139,-0.0243809108392648,0.00702193380426306));
#7931=CARTESIAN_POINT('',(0.042717167429139,-0.0243809108392648,0.00702193380426306));
#7932=CARTESIAN_POINT('',(0.042717167429139,-0.0243809108392648,0.00702193380426306));
#7933=CARTESIAN_POINT('',(0.042717167429139,-0.0245313956024347,0.00724676874686472));
#7934=CARTESIAN_POINT('',(0.042717167429139,-0.0248549675833218,0.00724676874686472));
#7935=CARTESIAN_POINT('',(0.042717167429139,-0.0248549675833218,0.00724676874686472));
#7936=CARTESIAN_POINT('',(0.042717167429139,-0.0248549675833218,0.00724676874686472));
#7937=CARTESIAN_POINT('',(0.042717167429139,-0.0252713285881397,0.00724676874686472));
#7938=CARTESIAN_POINT('',(0.042717167429139,-0.0254777246862423,0.00694936802913765));
#7939=CARTESIAN_POINT('',(0.042717167429139,-0.0254777246862423,0.00694936802913765));
#7940=CARTESIAN_POINT('',(0.042717167429139,-0.0254777246862423,0.00694936802913765));
#7941=CARTESIAN_POINT('',(0.042717167429139,-0.0256841207843449,0.00665196731141059));
#7942=CARTESIAN_POINT('',(0.042717167429139,-0.0256841207843449,0.00600482334963649));
#7943=CARTESIAN_POINT('',(0.042717167429139,-0.0256841207843449,0.00600482334963649));
#7944=CARTESIAN_POINT('',(0.0427171674291391,-0.0256841207843449,0.003));
#7945=CARTESIAN_POINT('',(0.0427171674291391,-0.0256841207843449,0.0039194495169343));
#7946=CARTESIAN_POINT('',(0.042717167429139,-8.31597319854091E-5,0.0039194495169343));
#7947=CARTESIAN_POINT('',(0.0427171674291391,-0.0268178123203205,0.0039194495169343));
#7948=CARTESIAN_POINT('',(0.0427171674291391,-0.0268178123203205,0.003));
#7949=CARTESIAN_POINT('',(0.0427171674291391,-0.0268178123203205,0.00634742897645807));
#7950=CARTESIAN_POINT('',(0.042717167429139,-0.0268178123203205,0.00634742897645807));
#7951=CARTESIAN_POINT('',(0.042717167429139,-0.0268178123203205,0.00679709886166139));
#7952=CARTESIAN_POINT('',(0.042717167429139,-0.0269682970834903,0.00702193380426306));
#7953=CARTESIAN_POINT('',(0.042717167429139,-0.0269682970834903,0.00702193380426306));
#7954=CARTESIAN_POINT('',(0.042717167429139,-0.0269682970834903,0.00702193380426306));
#7955=CARTESIAN_POINT('',(0.042717167429139,-0.0271187818466602,0.00724676874686472));
#7956=CARTESIAN_POINT('',(0.042717167429139,-0.0274423538275473,0.00724676874686472));
#7957=CARTESIAN_POINT('',(0.042717167429139,-0.0274423538275473,0.00724676874686472));
#7958=CARTESIAN_POINT('',(0.042717167429139,-0.0274423538275473,0.00724676874686472));
#7959=CARTESIAN_POINT('',(0.042717167429139,-0.0278777484782997,0.00724676874686472));
#7960=CARTESIAN_POINT('',(0.042717167429139,-0.028074627753435,0.00692676557459039));
#7961=CARTESIAN_POINT('',(0.042717167429139,-0.0277831597320431,0.00718316772901788));
#7962=CARTESIAN_POINT('',(0.0427171674291391,-0.0277831597319854,0.));
#7963=CARTESIAN_POINT('',(0.0427171674291391,-0.0277831597319854,0.));
#7964=CARTESIAN_POINT('',(0.042717167429139,-8.31597319854091E-5,0.));
#7965=CARTESIAN_POINT('',(0.042717167429139,0.0276168402680146,0.));
#7966=CARTESIAN_POINT('',(0.042717167429139,0.0276168402680146,0.003));
#7967=CARTESIAN_POINT('',(0.042717167429139,0.0276168402680805,0.00389646593250137));
#7968=CARTESIAN_POINT('',(0.042717167429139,0.0283690544639848,0.00445833961745575));
#7969=CARTESIAN_POINT('',(0.042717167429139,0.0279824335309396,0.00384450453606709));
#7970=CARTESIAN_POINT('',(0.042717167429139,0.0271901580189147,0.00384450453606709));
#7971=CARTESIAN_POINT('',(0.042717167429139,0.0271901580189147,0.00384450453606709));
#7972=CARTESIAN_POINT('',(0.042717167429139,0.0271901580189147,0.00384450453606709));
#7973=CARTESIAN_POINT('',(0.042717167429139,0.0264585522533061,0.00384450453606709));
#7974=CARTESIAN_POINT('',(0.042717167429139,0.0260404068441818,0.00441372950979669));
#7975=CARTESIAN_POINT('',(0.042717167429139,0.0260404068441818,0.00441372950979669));
#7976=CARTESIAN_POINT('',(0.042717167429139,0.0260404068441818,0.00441372950979669));
#7977=CARTESIAN_POINT('',(0.042717167429139,0.0256222614350576,0.00498295448352629));
#7978=CARTESIAN_POINT('',(0.042717167429139,0.0256222614350576,0.00599054811518559));
#7979=CARTESIAN_POINT('',(0.042717167429139,0.0256222614350576,0.00599054811518559));
#7980=CARTESIAN_POINT('',(0.042717167429139,0.0256222614350576,0.00599054811518559));
#7981=CARTESIAN_POINT('',(0.042717167429139,0.0256222614350576,0.00701241698129579));
#7982=CARTESIAN_POINT('',(0.042717167429139,0.0260475444614073,0.0075828315578963));
#7983=CARTESIAN_POINT('',(0.042717167429139,0.0260475444614073,0.0075828315578963));
#7984=CARTESIAN_POINT('',(0.042717167429139,0.0260475444614073,0.0075828315578963));
#7985=CARTESIAN_POINT('',(0.042717167429139,0.026472827487757,0.00815324613449681));
#7986=CARTESIAN_POINT('',(0.042717167429139,0.0272198980906874,0.00815324613449681));
#7987=CARTESIAN_POINT('',(0.042717167429139,0.0272198980906874,0.00815324613449681));
#7988=CARTESIAN_POINT('',(0.042717167429139,0.0272198980906874,0.00815324613449681));
#7989=CARTESIAN_POINT('',(0.042717167429139,0.0280050359854868,0.00815324613449681));
#7990=CARTESIAN_POINT('',(0.042717167429139,0.028417828181692,0.00754416946459178));
#7991=CARTESIAN_POINT('',(0.042717167429139,0.0276168402720001,0.00810881760415696));
#7992=CARTESIAN_POINT('',(0.042717167429139,0.0276168402680146,0.003));
#7993=CARTESIAN_POINT('',(-0.041707832570861,-8.3159731985416E-5,0.003));
#7994=CARTESIAN_POINT('',(-0.041707832570861,-8.3159731985416E-5,0.013));
#7995=CARTESIAN_POINT('',(-0.041707832570861,0.0276168402680146,0.013));
#7996=CARTESIAN_POINT('',(-0.041707832570861,-0.0277831597319854,0.013));
#7997=CARTESIAN_POINT('',(-0.041707832570861,0.0276168402680146,0.));
#7998=CARTESIAN_POINT('',(-0.041707832570861,0.0276168402680146,0.));
#7999=CARTESIAN_POINT('',(-0.041707832570861,-8.3159731985416E-5,0.));
#8000=CARTESIAN_POINT('',(-0.041707832570861,-0.0277831597319854,0.));
#8001=CARTESIAN_POINT('',(-0.041707832570861,-0.0277831597319854,0.003));
#8002=CARTESIAN_POINT('',(0.000504667429139016,-0.0327831597319855,0.003));
#8003=CARTESIAN_POINT('',(0.000504667429139016,-0.0327831597319855,0.013));
#8004=CARTESIAN_POINT('',(-0.036707832570861,-0.0327831597319855,0.013));
#8005=CARTESIAN_POINT('',(0.0377171674291391,-0.0327831597319855,0.013));
#8006=CARTESIAN_POINT('',(-0.036707832570861,-0.0327831597319855,0.003));
#8007=CARTESIAN_POINT('',(-0.036707832570861,-0.0327831597319855,0.));
#8008=CARTESIAN_POINT('',(0.000504667429139016,-0.0327831597319855,0.));
#8009=CARTESIAN_POINT('',(0.0377171674291391,-0.0327831597319855,0.));
#8010=CARTESIAN_POINT('',(0.0377171674291391,-0.0327831597319855,0.013));
#8011=CARTESIAN_POINT('',(-0.036707832570861,0.0276168402680146,0.003));
#8012=CARTESIAN_POINT('',(-0.036707832570861,0.0276168402680146,0.));
#8013=CARTESIAN_POINT('',(-0.035257832570861,0.0276168402680146,0.));
#8014=CARTESIAN_POINT('',(-0.036707832570861,0.0276168402680146,0.013));
#8015=CARTESIAN_POINT('',(-0.035257832570861,0.0276168402680146,0.013));
#8016=CARTESIAN_POINT('',(0.037717167429139,0.0276168402680146,0.003));
#8017=CARTESIAN_POINT('',(0.037717167429139,0.0276168402680146,0.));
#8018=CARTESIAN_POINT('',(0.039167167429139,0.0276168402680146,0.));
#8019=CARTESIAN_POINT('',(0.037717167429139,0.0276168402680146,0.013));
#8020=CARTESIAN_POINT('',(0.039167167429139,0.0276168402680146,0.013));
#8021=CARTESIAN_POINT('',(0.0377171674291391,-0.0277831597319854,0.003));
#8022=CARTESIAN_POINT('',(0.0377171674291391,-0.0277831597319854,0.));
#8023=CARTESIAN_POINT('',(0.0391671674291391,-0.0277831597319854,0.));
#8024=CARTESIAN_POINT('',(0.0377171674291391,-0.0277831597319854,0.013));
#8025=CARTESIAN_POINT('',(0.0391671674291391,-0.0277831597319854,0.013));
#8026=CARTESIAN_POINT('',(-0.036707832570861,-0.0277831597319854,0.003));
#8027=CARTESIAN_POINT('',(-0.036707832570861,-0.0277831597319854,0.));
#8028=CARTESIAN_POINT('',(-0.035257832570861,-0.0277831597319854,0.));
#8029=CARTESIAN_POINT('',(-0.036707832570861,-0.0277831597319854,0.013));
#8030=CARTESIAN_POINT('',(-0.035257832570861,-0.0277831597319854,0.013));
#8031=CARTESIAN_POINT('',(0.000504667429139016,-8.3159731985416E-5,0.));
#8032=CARTESIAN_POINT('',(-0.036707832570861,0.0276168402680146,0.));
#8033=CARTESIAN_POINT('',(0.037717167429139,0.0276168402680146,0.));
#8034=CARTESIAN_POINT('',(0.0377171674291391,-0.0277831597319854,0.));
#8035=CARTESIAN_POINT('',(-0.036707832570861,-0.0277831597319854,0.));
#8036=CARTESIAN_POINT('',(0.000504667429139009,-0.0227831597319854,0.013));
#8037=CARTESIAN_POINT('',(0.032717167429139,-0.0227831597319854,0.013));
#8038=CARTESIAN_POINT('',(0.032717167429139,-0.0227831597319854,0.013));
#8039=CARTESIAN_POINT('',(0.032717167429139,-0.0227831597319854,0.003));
#8040=CARTESIAN_POINT('',(0.000504667429139016,-0.0227831597319854,0.003));
#8041=CARTESIAN_POINT('',(-0.031707832570861,-0.0227831597319854,0.003));
#8042=CARTESIAN_POINT('',(-0.031707832570861,-0.0227831597319854,0.013));
#8043=CARTESIAN_POINT('',(-0.031707832570861,-0.0227831597319854,0.013));
#8044=CARTESIAN_POINT('',(0.000504667429139009,-0.0227831597319854,0.013));
#8045=CARTESIAN_POINT('',(-0.031707832570861,-8.31597319854126E-5,0.013));
#8046=CARTESIAN_POINT('',(-0.031707832570861,-8.3159731985421E-5,0.003));
#8047=CARTESIAN_POINT('',(-0.031707832570861,0.0226168402680146,0.003));
#8048=CARTESIAN_POINT('',(-0.031707832570861,0.0226168402680146,0.013));
#8049=CARTESIAN_POINT('',(-0.031707832570861,0.0226168402680146,0.013));
#8050=CARTESIAN_POINT('',(-0.031707832570861,-8.31597319854126E-5,0.013));
#8051=CARTESIAN_POINT('',(0.000504667429138989,0.0226168402680146,0.013));
#8052=CARTESIAN_POINT('',(0.000504667429139016,0.0226168402680146,0.003));
#8053=CARTESIAN_POINT('',(-0.00419553257086102,0.0226168402680146,0.003));
#8054=CARTESIAN_POINT('',(-0.00419553257086102,0.0226168402680146,0.003));
#8055=CARTESIAN_POINT('',(-0.00419553257086102,0.0226168402680146,0.013));
#8056=CARTESIAN_POINT('',(0.000504667429138989,0.0226168402680146,0.013));
#8057=CARTESIAN_POINT('',(0.032717167429139,-8.3159731985416E-5,0.013));
#8058=CARTESIAN_POINT('',(0.032717167429139,-8.31597319854111E-5,0.003));
#8059=CARTESIAN_POINT('',(0.032717167429139,-8.3159731985416E-5,0.013));
#8060=CARTESIAN_POINT('',(0.000504667429139016,-8.3159731985416E-5,0.013));
#8061=CARTESIAN_POINT('',(-0.00419553257086102,0.0276168402680146,0.013));
#8062=CARTESIAN_POINT('',(-0.036707832570861,0.0276168402680146,0.013));
#8063=CARTESIAN_POINT('',(-0.036707832570861,-0.0277831597319854,0.013));
#8064=CARTESIAN_POINT('',(0.0377171674291391,-0.0277831597319854,0.013));
#8065=CARTESIAN_POINT('',(0.037717167429139,0.0276168402680146,0.013));
#8066=CARTESIAN_POINT('',(0.00520486742913901,0.0276168402680146,0.013));
#8067=CARTESIAN_POINT('',(0.000504667429139016,-8.3159731985416E-5,0.003));
#8068=CARTESIAN_POINT('',(0.00520486742913901,0.0276168402680146,0.003));
#8069=CARTESIAN_POINT('',(-0.00419553257086102,0.0276168402680146,0.003));
#8070=CARTESIAN_POINT('',(0.042,0.0275886749806689,0.00474860271795736));
#8071=CARTESIAN_POINT('',(0.042717167429139,0.0275886749806689,0.00474860271795736));
#8072=CARTESIAN_POINT('',(0.042,0.02787814501259,0.00474860271795736));
#8073=CARTESIAN_POINT('',(0.042717167429139,0.02787814501259,0.00474860271795736));
#8074=CARTESIAN_POINT('',(0.042,0.0280904891250471,0.0048328662546467));
#8075=CARTESIAN_POINT('',(0.042717167429139,0.0280904891250471,0.0048328662546467));
#8076=CARTESIAN_POINT('',(0.042,0.0282257073180404,0.00500139332802537));
#8077=CARTESIAN_POINT('',(0.042717167429139,0.0282257073180404,0.00500139332802537));
#8078=CARTESIAN_POINT('',(0.042,0.0275886749806689,0.00474860271795736));
#8079=CARTESIAN_POINT('',(0.042,0.0275886749806689,0.00474860271795736));
#8080=CARTESIAN_POINT('',(0.042717167429139,0.0275886749806689,0.00474860271795736));
#8081=CARTESIAN_POINT('',(0.042,0.0275886749806689,0.00474860271795736));
#8082=CARTESIAN_POINT('',(0.042,0.0280228800285505,0.00474860271795736));
#8083=CARTESIAN_POINT('',(0.042,0.0282257073180404,0.00500139332802537));
#8084=CARTESIAN_POINT('',(0.042,0.0282257073180404,0.00500139332802537));
#8085=CARTESIAN_POINT('',(0.042,0.0282257073180404,0.00500139332802537));
#8086=CARTESIAN_POINT('',(0.042717167429139,0.0282257073180404,0.00500139332802537));
#8087=CARTESIAN_POINT('',(0.042717167429139,0.0275886749806689,0.00474860271795736));
#8088=CARTESIAN_POINT('',(0.042717167429139,0.0280228800285505,0.00474860271795736));
#8089=CARTESIAN_POINT('',(0.042717167429139,0.0282257073180404,0.00500139332802537));
#8090=CARTESIAN_POINT('',(0.042,0.0269819775165058,0.0050555202586517));
#8091=CARTESIAN_POINT('',(0.042717167429139,0.0269819775165058,0.0050555202586517));
#8092=CARTESIAN_POINT('',(0.042,0.0271231437238536,0.00485090856485547));
#8093=CARTESIAN_POINT('',(0.042717167429139,0.0271231437238536,0.00485090856485547));
#8094=CARTESIAN_POINT('',(0.042,0.027325376211908,0.00474860271795736));
#8095=CARTESIAN_POINT('',(0.042717167429139,0.027325376211908,0.00474860271795736));
#8096=CARTESIAN_POINT('',(0.042,0.0275886749806689,0.00474860271795736));
#8097=CARTESIAN_POINT('',(0.042717167429139,0.0275886749806689,0.00474860271795736));
#8098=CARTESIAN_POINT('',(0.042,0.0269819775165058,0.0050555202586517));
#8099=CARTESIAN_POINT('',(0.042,0.0269819775165058,0.0050555202586517));
#8100=CARTESIAN_POINT('',(0.042717167429139,0.0269819775165058,0.0050555202586517));
#8101=CARTESIAN_POINT('',(0.042,0.0269819775165058,0.0050555202586517));
#8102=CARTESIAN_POINT('',(0.042,0.0271937268275275,0.00474860271795736));
#8103=CARTESIAN_POINT('',(0.042,0.0275886749806689,0.00474860271795736));
#8104=CARTESIAN_POINT('',(0.042717167429139,0.0269819775165058,0.0050555202586517));
#8105=CARTESIAN_POINT('',(0.042717167429139,0.0271937268275275,0.00474860271795736));
#8106=CARTESIAN_POINT('',(0.042717167429139,0.0275886749806689,0.00474860271795736));
#8107=CARTESIAN_POINT('',(0.042,0.0267702282054841,0.00597508327786378));
#8108=CARTESIAN_POINT('',(0.042717167429139,0.0267702282054841,0.00597508327786378));
#8109=CARTESIAN_POINT('',(0.042,0.0267702282054841,0.00556665295885195));
#8110=CARTESIAN_POINT('',(0.042717167429139,0.0267702282054841,0.00556665295885195));
#8111=CARTESIAN_POINT('',(0.042,0.026840811309158,0.00526013195244792));
#8112=CARTESIAN_POINT('',(0.042717167429139,0.026840811309158,0.00526013195244792));
#8113=CARTESIAN_POINT('',(0.042,0.0269819775165058,0.0050555202586517));
#8114=CARTESIAN_POINT('',(0.042717167429139,0.0269819775165058,0.0050555202586517));
#8115=CARTESIAN_POINT('',(0.042,0.0267702282054841,0.00597508327786378));
#8116=CARTESIAN_POINT('',(0.042,0.0267702282054841,0.00597508327786378));
#8117=CARTESIAN_POINT('',(0.042717167429139,0.0267702282054841,0.00597508327786378));
#8118=CARTESIAN_POINT('',(0.042,0.0267702282054841,0.00597508327786378));
#8119=CARTESIAN_POINT('',(0.042,0.0267702282054841,0.00536243779934603));
#8120=CARTESIAN_POINT('',(0.042,0.0269819775165058,0.0050555202586517));
#8121=CARTESIAN_POINT('',(0.042717167429139,0.0267702282054841,0.00597508327786378));
#8122=CARTESIAN_POINT('',(0.042717167429139,0.0267702282054841,0.00536243779934603));
#8123=CARTESIAN_POINT('',(0.042717167429139,0.0269819775165058,0.0050555202586517));
#8124=CARTESIAN_POINT('',(0.042,0.0269801931121994,0.00691011113439768));
#8125=CARTESIAN_POINT('',(0.042717167429139,0.0269801931121994,0.00691011113439768));
#8126=CARTESIAN_POINT('',(0.042,0.0268402165077225,0.00669598261763419));
#8127=CARTESIAN_POINT('',(0.042717167429139,0.0268402165077225,0.00669598261763419));
#8128=CARTESIAN_POINT('',(0.042,0.0267702282054841,0.00638430666545623));
#8129=CARTESIAN_POINT('',(0.042717167429139,0.0267702282054841,0.00638430666545623));
#8130=CARTESIAN_POINT('',(0.042,0.0267702282054841,0.00597508327786378));
#8131=CARTESIAN_POINT('',(0.042717167429139,0.0267702282054841,0.00597508327786378));
#8132=CARTESIAN_POINT('',(0.042,0.0269801931121994,0.00691011113439768));
#8133=CARTESIAN_POINT('',(0.042,0.0269801931121994,0.00691011113439768));
#8134=CARTESIAN_POINT('',(0.042717167429139,0.0269801931121994,0.00691011113439768));
#8135=CARTESIAN_POINT('',(0.042,0.0269801931121994,0.00691011113439768));
#8136=CARTESIAN_POINT('',(0.042,0.0267702282054841,0.00658891835925245));
#8137=CARTESIAN_POINT('',(0.042,0.0267702282054841,0.00597508327786378));
#8138=CARTESIAN_POINT('',(0.042717167429139,0.0269801931121994,0.00691011113439768));
#8139=CARTESIAN_POINT('',(0.042717167429139,0.0267702282054841,0.00658891835925245));
#8140=CARTESIAN_POINT('',(0.042717167429139,0.0267702282054841,0.00597508327786378));
#8141=CARTESIAN_POINT('',(0.042,0.0275696413347345,0.00723130390954291));
#8142=CARTESIAN_POINT('',(0.042717167429139,0.0275696413347345,0.00723130390954291));
#8143=CARTESIAN_POINT('',(0.042,0.0273166524575213,0.00723130390954291));
#8144=CARTESIAN_POINT('',(0.042717167429139,0.0273166524575213,0.00723130390954291));
#8145=CARTESIAN_POINT('',(0.042,0.0271201697166763,0.00712423965116117));
#8146=CARTESIAN_POINT('',(0.042717167429139,0.0271201697166763,0.00712423965116117));
#8147=CARTESIAN_POINT('',(0.042,0.0269801931121994,0.00691011113439768));
#8148=CARTESIAN_POINT('',(0.042717167429139,0.0269801931121994,0.00691011113439768));
#8149=CARTESIAN_POINT('',(0.042,0.0275696413347345,0.00723130390954291));
#8150=CARTESIAN_POINT('',(0.042,0.0275696413347345,0.00723130390954291));
#8151=CARTESIAN_POINT('',(0.042717167429139,0.0275696413347345,0.00723130390954291));
#8152=CARTESIAN_POINT('',(0.042,0.0275696413347345,0.00723130390954291));
#8153=CARTESIAN_POINT('',(0.042,0.0271901580189147,0.00723130390954291));
#8154=CARTESIAN_POINT('',(0.042,0.0269801931121994,0.00691011113439768));
#8155=CARTESIAN_POINT('',(0.042717167429139,0.0275696413347345,0.00723130390954291));
#8156=CARTESIAN_POINT('',(0.042717167429139,0.0271901580189147,0.00723130390954291));
#8157=CARTESIAN_POINT('',(0.042717167429139,0.0269801931121994,0.00691011113439768));
#8158=CARTESIAN_POINT('',(0.042,0.0282411721553621,0.00694163561047675));
#8159=CARTESIAN_POINT('',(0.042717167429139,0.0282411721553621,0.00694163561047675));
#8160=CARTESIAN_POINT('',(0.042,0.0281035747566271,0.00713474780985419));
#8161=CARTESIAN_POINT('',(0.042717167429139,0.0281035747566271,0.00713474780985419));
#8162=CARTESIAN_POINT('',(0.042,0.0278797311497512,0.00723130390954291));
#8163=CARTESIAN_POINT('',(0.042717167429139,0.0278797311497512,0.00723130390954291));
#8164=CARTESIAN_POINT('',(0.042,0.0275696413347345,0.00723130390954291));
#8165=CARTESIAN_POINT('',(0.042717167429139,0.0275696413347345,0.00723130390954291));
#8166=CARTESIAN_POINT('',(0.042,0.0282411721553621,0.00694163561047675));
#8167=CARTESIAN_POINT('',(0.042,0.0282411721553621,0.00694163561047675));
#8168=CARTESIAN_POINT('',(0.042717167429139,0.0282411721553621,0.00694163561047675));
#8169=CARTESIAN_POINT('',(0.042,0.0282411721553621,0.00694163561047675));
#8170=CARTESIAN_POINT('',(0.042,0.0280347760572596,0.00723130390954291));
#8171=CARTESIAN_POINT('',(0.042,0.0275696413347345,0.00723130390954291));
#8172=CARTESIAN_POINT('',(0.042717167429139,0.0282411721553621,0.00694163561047675));
#8173=CARTESIAN_POINT('',(0.042717167429139,0.0280347760572596,0.00723130390954291));
#8174=CARTESIAN_POINT('',(0.042717167429139,0.0275696413347345,0.00723130390954291));
#8175=CARTESIAN_POINT('',(0.042,0.0284475682534647,0.00598222089508923));
#8176=CARTESIAN_POINT('',(0.042717167429139,0.0284475682534647,0.00598222089508923));
#8177=CARTESIAN_POINT('',(0.042,0.0284475682534647,0.00642871850597014));
#8178=CARTESIAN_POINT('',(0.042717167429139,0.0284475682534647,0.00642871850597014));
#8179=CARTESIAN_POINT('',(0.042,0.0283787695540972,0.00674852341109931));
#8180=CARTESIAN_POINT('',(0.042717167429139,0.0283787695540972,0.00674852341109931));
#8181=CARTESIAN_POINT('',(0.042,0.0282411721553621,0.00694163561047675));
#8182=CARTESIAN_POINT('',(0.042717167429139,0.0282411721553621,0.00694163561047675));
#8183=CARTESIAN_POINT('',(0.042,0.0284475682534647,0.00598222089508923));
#8184=CARTESIAN_POINT('',(0.042,0.0284475682534647,0.00598222089508923));
#8185=CARTESIAN_POINT('',(0.042717167429139,0.0284475682534647,0.00598222089508923));
#8186=CARTESIAN_POINT('',(0.042,0.0284475682534647,0.00598222089508923));
#8187=CARTESIAN_POINT('',(0.042,0.0284475682534647,0.00665196731141059));
#8188=CARTESIAN_POINT('',(0.042,0.0282411721553621,0.00694163561047675));
#8189=CARTESIAN_POINT('',(0.042717167429139,0.0284475682534647,0.00598222089508923));
#8190=CARTESIAN_POINT('',(0.042717167429139,0.0284475682534647,0.00665196731141059));
#8191=CARTESIAN_POINT('',(0.042717167429139,0.0282411721553621,0.00694163561047675));
#8192=CARTESIAN_POINT('',(0.042,0.0284475682534647,0.00592095634723746));
#8193=CARTESIAN_POINT('',(0.042,0.0284475682534647,0.00585969179938568));
#8194=CARTESIAN_POINT('',(0.042,0.0284475682534647,0.00585969179938568));
#8195=CARTESIAN_POINT('',(0.042717167429139,0.0284475682534647,0.00585969179938568));
#8196=CARTESIAN_POINT('',(0.042,0.0284475682534647,0.00592095634723746));
#8197=CARTESIAN_POINT('',(0.042717167429139,0.0284475682534647,0.003));
#8198=CARTESIAN_POINT('',(0.042,0.0271901580189147,0.00384450453606709));
#8199=CARTESIAN_POINT('',(0.042717167429139,0.0271901580189147,0.00384450453606709));
#8200=CARTESIAN_POINT('',(0.042,0.0267024208418423,0.00384450453606709));
#8201=CARTESIAN_POINT('',(0.042717167429139,0.0267024208418423,0.00384450453606709));
#8202=CARTESIAN_POINT('',(0.042,0.0263191704502647,0.00403424619397695));
#8203=CARTESIAN_POINT('',(0.042717167429139,0.0263191704502647,0.00403424619397695));
#8204=CARTESIAN_POINT('',(0.042,0.0260404068441818,0.00441372950979669));
#8205=CARTESIAN_POINT('',(0.042717167429139,0.0260404068441818,0.00441372950979669));
#8206=CARTESIAN_POINT('',(0.042,0.0271901580189147,0.00384450453606709));
#8207=CARTESIAN_POINT('',(0.042,0.0271901580189147,0.00384450453606709));
#8208=CARTESIAN_POINT('',(0.042,0.0271901580189147,0.00384450453606709));
#8209=CARTESIAN_POINT('',(0.042,0.0264585522533061,0.00384450453606709));
#8210=CARTESIAN_POINT('',(0.042,0.0260404068441818,0.00441372950979669));
#8211=CARTESIAN_POINT('',(0.042,0.0260404068441818,0.00441372950979669));
#8212=CARTESIAN_POINT('',(0.042,0.0260404068441818,0.00441372950979669));
#8213=CARTESIAN_POINT('',(0.042,0.0283690544639848,0.00445833961745575));
#8214=CARTESIAN_POINT('',(0.042717167429139,0.0283690544639848,0.00445833961745575));
#8215=CARTESIAN_POINT('',(0.042,0.028111307175288,0.00404911622986331));
#8216=CARTESIAN_POINT('',(0.042717167429139,0.028111307175288,0.00404911622986331));
#8217=CARTESIAN_POINT('',(0.042,0.027718341693598,0.00384450453606709));
#8218=CARTESIAN_POINT('',(0.042717167429139,0.027718341693598,0.00384450453606709));
#8219=CARTESIAN_POINT('',(0.042,0.0271901580189147,0.00384450453606709));
#8220=CARTESIAN_POINT('',(0.042717167429139,0.0271901580189147,0.00384450453606709));
#8221=CARTESIAN_POINT('',(0.042717167429139,0.0276168402680146,0.00389646593274994));
#8222=CARTESIAN_POINT('',(0.042717167429139,0.0279300034893887,0.00397941570324818));
#8223=CARTESIAN_POINT('',(0.0426864369890322,0.0281970416429178,0.00418523618462329));
#8224=CARTESIAN_POINT('',(0.0426602609750251,0.0283690544639848,0.00445833961745575));
#8225=CARTESIAN_POINT('',(0.0426602609750251,0.0283690544639848,0.00445833961745575));
#8226=CARTESIAN_POINT('',(0.042,0.0283690544639848,0.00445833961745575));
#8227=CARTESIAN_POINT('',(0.042,0.0283690544639848,0.00445833961745575));
#8228=CARTESIAN_POINT('',(0.042,0.0283690544639848,0.00445833961745575));
#8229=CARTESIAN_POINT('',(0.042,0.0279824335309396,0.00384450453606709));
#8230=CARTESIAN_POINT('',(0.042,0.0271901580189147,0.00384450453606709));
#8231=CARTESIAN_POINT('',(0.042,0.0283934413228384,0.00445833961745575));
#8232=CARTESIAN_POINT('',(0.037717167429139,0.0276168402680146,0.00445833961745575));
#8233=CARTESIAN_POINT('',(0.0426525922702386,0.028417828181692,0.00445833961745575));
#8234=CARTESIAN_POINT('',(0.042,0.028417828181692,0.00445833961745575));
#8235=CARTESIAN_POINT('',(0.042,0.028417828181692,0.00445833961745575));
#8236=CARTESIAN_POINT('',(0.042,0.0283934413228384,0.00445833961745575));
#8237=CARTESIAN_POINT('',(0.042,0.0285272716458156,0.00418889456719503));
#8238=CARTESIAN_POINT('',(0.037717167429139,0.0276168402680146,0.00643033703536808));
#8239=CARTESIAN_POINT('',(0.0426120479493161,0.0286367151099392,0.0039194495169343));
#8240=CARTESIAN_POINT('',(0.042,0.0286367151099392,0.0039194495169343));
#8241=CARTESIAN_POINT('',(0.042,0.0286367151099392,0.0039194495169343));
#8242=CARTESIAN_POINT('',(0.042,0.0285272716458156,0.00418889456719503));
#8243=CARTESIAN_POINT('',(0.042,0.0290715149592561,0.0039194495169343));
#8244=CARTESIAN_POINT('',(0.037717167429139,0.0276168402680146,0.0039194495169343));
#8245=CARTESIAN_POINT('',(0.0423464099115093,0.0295063148085731,0.0039194495169343));
#8246=CARTESIAN_POINT('',(0.042,0.0295063148085731,0.0039194495169343));
#8247=CARTESIAN_POINT('',(0.042,0.0295063148085731,0.0039194495169343));
#8248=CARTESIAN_POINT('',(0.042,0.0290715149592561,0.0039194495169343));
#8249=CARTESIAN_POINT('',(0.042,0.0295063148085731,0.00681196889754775));
#8250=CARTESIAN_POINT('',(0.0423464099115093,0.0295063148085731,0.0039194495169343));
#8251=CARTESIAN_POINT('',(0.0423464099115093,0.0295063148085731,0.00970448827816119));
#8252=CARTESIAN_POINT('',(0.042,0.0295063148085731,0.00970448827816119));
#8253=CARTESIAN_POINT('',(0.042,0.0295063148085731,0.00970448827816119));
#8254=CARTESIAN_POINT('',(0.042,0.0295063148085731,0.00681196889754775));
#8255=CARTESIAN_POINT('',(0.042,0.0289376846362789,0.00970448827816119));
#8256=CARTESIAN_POINT('',(0.037717167429139,0.0276168402680146,0.00970448827816119));
#8257=CARTESIAN_POINT('',(0.0426602609750251,0.0283690544639848,0.00970448827816119));
#8258=CARTESIAN_POINT('',(0.042,0.0283690544639848,0.00970448827816119));
#8259=CARTESIAN_POINT('',(0.042,0.0283690544639848,0.00970448827816119));
#8260=CARTESIAN_POINT('',(0.042,0.0289376846362789,0.00970448827816119));
#8261=CARTESIAN_POINT('',(0.042,0.0283690544639848,0.00903890547188801));
#8262=CARTESIAN_POINT('',(0.0426602609750251,0.0283690544639848,0.00970448827816119));
#8263=CARTESIAN_POINT('',(0.0426602607250251,0.028368621146825,0.00837331594752483));
#8264=CARTESIAN_POINT('',(0.042,0.0283690544639848,0.00837332266561484));
#8265=CARTESIAN_POINT('',(0.04200000025,0.028368621146825,0.00837331594752483));
#8266=CARTESIAN_POINT('',(0.042,0.0283690544639848,0.00903890547188801));
#8267=CARTESIAN_POINT('',(0.0419999999999998,0.0330351020581609,0.00844566442965675));
#8268=CARTESIAN_POINT('',(0.0426603927732,0.0283681878307045,0.00837330891808949));
#8269=CARTESIAN_POINT('',(0.0426597352921236,0.0283725134947268,0.00809430456124982));
#8270=CARTESIAN_POINT('',(0.0426554967976736,0.0284016253465169,0.00781797100607282));
#8271=CARTESIAN_POINT('',(0.042646333584479,0.028455482631034,0.00754432676051365));
#8272=CARTESIAN_POINT('',(0.042646465678571,0.0284547058706902,0.00754416946459178));
#8273=CARTESIAN_POINT('',(0.042,0.0284555135920324,0.00754416946459178));
#8274=CARTESIAN_POINT('',(0.042,0.0284547058706902,0.00754416946459178));
#8275=CARTESIAN_POINT('',(0.042,0.0330351020581609,0.00844566442965675));
#8276=CARTESIAN_POINT('',(0.042,0.0284362670261911,0.00754416946459178));
#8277=CARTESIAN_POINT('',(0.037717167429139,0.0276168402680146,0.00754416946459178));
#8278=CARTESIAN_POINT('',(0.0426525922702386,0.028417828181692,0.00754416946459178));
#8279=CARTESIAN_POINT('',(0.042,0.028417828181692,0.00754416946459178));
#8280=CARTESIAN_POINT('',(0.042,0.028417828181692,0.00754416946459178));
#8281=CARTESIAN_POINT('',(0.042,0.0284362670261911,0.00754416946459178));
#8282=CARTESIAN_POINT('',(0.042,0.0272198980906874,0.00815324613449681));
#8283=CARTESIAN_POINT('',(0.042717167429139,0.0272198980906874,0.00815324613449681));
#8284=CARTESIAN_POINT('',(0.042,0.027743323353887,0.00815324613449681));
#8285=CARTESIAN_POINT('',(0.042717167429139,0.027743323353887,0.00815324613449681));
#8286=CARTESIAN_POINT('',(0.042,0.0281426333842219,0.0079502205778618));
#8287=CARTESIAN_POINT('',(0.042717167429139,0.0281426333842219,0.0079502205778618));
#8288=CARTESIAN_POINT('',(0.042,0.028417828181692,0.00754416946459178));
#8289=CARTESIAN_POINT('',(0.042717167429139,0.028417828181692,0.00754416946459178));
#8290=CARTESIAN_POINT('',(0.0426525922702386,0.028417828181692,0.00754416946459178));
#8291=CARTESIAN_POINT('',(0.0426832450701599,0.028228955681124,0.00782285165563161));
#8292=CARTESIAN_POINT('',(0.0427171674291215,0.0279461173564089,0.00802969365642939));
#8293=CARTESIAN_POINT('',(0.042717167429139,0.0276168402682801,0.00810881760505088));
#8294=CARTESIAN_POINT('',(0.042,0.0272198980906874,0.00815324613449681));
#8295=CARTESIAN_POINT('',(0.042,0.0272198980906874,0.00815324613449681));
#8296=CARTESIAN_POINT('',(0.042,0.0272198980906874,0.00815324613449681));
#8297=CARTESIAN_POINT('',(0.042,0.0280050359854868,0.00815324613449681));
#8298=CARTESIAN_POINT('',(0.042,0.028417828181692,0.00754416946459178));
#8299=CARTESIAN_POINT('',(0.042,0.0260475444614073,0.0075828315578963));
#8300=CARTESIAN_POINT('',(0.042717167429139,0.0260475444614073,0.0075828315578963));
#8301=CARTESIAN_POINT('',(0.042,0.0263310664789738,0.00796310794229664));
#8302=CARTESIAN_POINT('',(0.042717167429139,0.0263310664789738,0.00796310794229664));
#8303=CARTESIAN_POINT('',(0.042,0.0267218510220671,0.00815324613449681));
#8304=CARTESIAN_POINT('',(0.042717167429139,0.0267218510220671,0.00815324613449681));
#8305=CARTESIAN_POINT('',(0.042,0.0272198980906874,0.00815324613449681));
#8306=CARTESIAN_POINT('',(0.042717167429139,0.0272198980906874,0.00815324613449681));
#8307=CARTESIAN_POINT('',(0.042,0.0260475444614073,0.0075828315578963));
#8308=CARTESIAN_POINT('',(0.042,0.0260475444614073,0.0075828315578963));
#8309=CARTESIAN_POINT('',(0.042,0.0260475444614073,0.0075828315578963));
#8310=CARTESIAN_POINT('',(0.042,0.026472827487757,0.00815324613449681));
#8311=CARTESIAN_POINT('',(0.042,0.0272198980906874,0.00815324613449681));
#8312=CARTESIAN_POINT('',(0.042,0.0256222614350576,0.00599054811518559));
#8313=CARTESIAN_POINT('',(0.042717167429139,0.0256222614350576,0.00599054811518559));
#8314=CARTESIAN_POINT('',(0.042,0.0256222614350576,0.00667179402592572));
#8315=CARTESIAN_POINT('',(0.042717167429139,0.0256222614350576,0.00667179402592572));
#8316=CARTESIAN_POINT('',(0.042,0.0257640224438408,0.00720255517349596));
#8317=CARTESIAN_POINT('',(0.042717167429139,0.0257640224438408,0.00720255517349596));
#8318=CARTESIAN_POINT('',(0.042,0.0260475444614073,0.0075828315578963));
#8319=CARTESIAN_POINT('',(0.042717167429139,0.0260475444614073,0.0075828315578963));
#8320=CARTESIAN_POINT('',(0.042,0.0256222614350576,0.00599054811518559));
#8321=CARTESIAN_POINT('',(0.042,0.0256222614350576,0.00599054811518559));
#8322=CARTESIAN_POINT('',(0.042,0.0256222614350576,0.00599054811518559));
#8323=CARTESIAN_POINT('',(0.042,0.0256222614350576,0.00701241698129579));
#8324=CARTESIAN_POINT('',(0.042,0.0260475444614073,0.0075828315578963));
#8325=CARTESIAN_POINT('',(0.042,0.0260404068441818,0.00441372950979669));
#8326=CARTESIAN_POINT('',(0.042717167429139,0.0260404068441818,0.00441372950979669));
#8327=CARTESIAN_POINT('',(0.042,0.025761643238099,0.00479321282561642));
#8328=CARTESIAN_POINT('',(0.042717167429139,0.025761643238099,0.00479321282561642));
#8329=CARTESIAN_POINT('',(0.042,0.0256222614350576,0.00531881902741272));
#8330=CARTESIAN_POINT('',(0.042717167429139,0.0256222614350576,0.00531881902741272));
#8331=CARTESIAN_POINT('',(0.042,0.0256222614350576,0.00599054811518559));
#8332=CARTESIAN_POINT('',(0.042717167429139,0.0256222614350576,0.00599054811518559));
#8333=CARTESIAN_POINT('',(0.042,0.0260404068441818,0.00441372950979669));
#8334=CARTESIAN_POINT('',(0.042,0.0256222614350576,0.00498295448352629));
#8335=CARTESIAN_POINT('',(0.042,0.0256222614350576,0.00599054811518559));
#8336=CARTESIAN_POINT('',(0.042,0.0282257073180404,0.00500139332802537));
#8337=CARTESIAN_POINT('',(0.042717167429139,0.0282257073180404,0.00500139332802537));
#8338=CARTESIAN_POINT('',(0.042,0.0283609255110336,0.00516992040140404));
#8339=CARTESIAN_POINT('',(0.042717167429139,0.0283609255110336,0.00516992040140404));
#8340=CARTESIAN_POINT('',(0.042,0.028434879156175,0.00545601989185748));
#8341=CARTESIAN_POINT('',(0.042717167429139,0.028434879156175,0.00545601989185748));
#8342=CARTESIAN_POINT('',(0.042,0.0284475682534647,0.00585969179938568));
#8343=CARTESIAN_POINT('',(0.042717167429139,0.0284475682534647,0.00585969179938568));
#8344=CARTESIAN_POINT('',(0.042,0.0282257073180404,0.00500139332802537));
#8345=CARTESIAN_POINT('',(0.042,0.0284285346075302,0.00525418393809338));
#8346=CARTESIAN_POINT('',(0.042,0.0284475682534647,0.00585969179938568));
#8347=CARTESIAN_POINT('',(0.042717167429139,0.0282257073180404,0.00500139332802537));
#8348=CARTESIAN_POINT('',(0.042717167429139,0.0284285346075302,0.00525418393809338));
#8349=CARTESIAN_POINT('',(0.042717167429139,0.0284475682534647,0.00585969179938568));
#8350=CARTESIAN_POINT('',(0.042,-6.93889390390723E-18,0.00591738753862473));
#8351=CARTESIAN_POINT('',(0.042,0.0233614211788965,0.00583768414627388));
#8352=CARTESIAN_POINT('',(0.042,0.023580902908579,0.00584541656493478));
#8353=CARTESIAN_POINT('',(0.042,0.023580902908579,0.00584541656493478));
#8354=CARTESIAN_POINT('',(0.042717167429139,0.023580902908579,0.00584541656493478));
#8355=CARTESIAN_POINT('',(0.042,0.0233614211788965,0.00583768414627388));
#8356=CARTESIAN_POINT('',(0.042,0.0231419394492139,0.00582995172761298));
#8357=CARTESIAN_POINT('',(0.042,0.0231419394492139,0.00582995172761298));
#8358=CARTESIAN_POINT('',(0.042717167429139,0.0231419394492139,0.00582995172761298));
#8359=CARTESIAN_POINT('',(0.042717167429139,-0.000153945594786969,0.00500922949029046));
#8360=CARTESIAN_POINT('',(0.042,0.023580902908579,0.00567411375152399));
#8361=CARTESIAN_POINT('',(0.042,0.023580902908579,0.0055028109381132));
#8362=CARTESIAN_POINT('',(0.042,0.023580902908579,0.0055028109381132));
#8363=CARTESIAN_POINT('',(0.042717167429139,0.023580902908579,0.0055028109381132));
#8364=CARTESIAN_POINT('',(0.042,0.023580902908579,0.00567411375152399));
#8365=CARTESIAN_POINT('',(0.042717167429139,0.023580902908579,0.003));
#8366=CARTESIAN_POINT('',(0.042,0.0233447667387037,0.00490087188543362));
#8367=CARTESIAN_POINT('',(0.042717167429139,0.0233447667387037,0.00490087188543362));
#8368=CARTESIAN_POINT('',(0.042,0.0235021908519539,0.00505234798432927));
#8369=CARTESIAN_POINT('',(0.042717167429139,0.0235021908519539,0.00505234798432927));
#8370=CARTESIAN_POINT('',(0.042,0.023580902908579,0.00525299433522247));
#8371=CARTESIAN_POINT('',(0.042717167429139,0.023580902908579,0.00525299433522247));
#8372=CARTESIAN_POINT('',(0.042,0.023580902908579,0.0055028109381132));
#8373=CARTESIAN_POINT('',(0.042717167429139,0.023580902908579,0.0055028109381132));
#8374=CARTESIAN_POINT('',(0.042,0.0233447667387037,0.00490087188543362));
#8375=CARTESIAN_POINT('',(0.042,0.0233447667387037,0.00490087188543362));
#8376=CARTESIAN_POINT('',(0.042717167429139,0.0233447667387037,0.00490087188543362));
#8377=CARTESIAN_POINT('',(0.042,0.0233447667387037,0.00490087188543362));
#8378=CARTESIAN_POINT('',(0.042,0.023580902908579,0.0051280860337771));
#8379=CARTESIAN_POINT('',(0.042,0.023580902908579,0.0055028109381132));
#8380=CARTESIAN_POINT('',(0.042717167429139,0.0233447667387037,0.00490087188543362));
#8381=CARTESIAN_POINT('',(0.042717167429139,0.023580902908579,0.0051280860337771));
#8382=CARTESIAN_POINT('',(0.042717167429139,0.023580902908579,0.0055028109381132));
#8383=CARTESIAN_POINT('',(0.042,0.0227136824156869,0.00467365773709014));
#8384=CARTESIAN_POINT('',(0.042717167429139,0.0227136824156869,0.00467365773709014));
#8385=CARTESIAN_POINT('',(0.042,0.0229769811844479,0.00467365773709014));
#8386=CARTESIAN_POINT('',(0.042717167429139,0.0229769811844479,0.00467365773709014));
#8387=CARTESIAN_POINT('',(0.042,0.0231873426254535,0.00474939578653797));
#8388=CARTESIAN_POINT('',(0.042717167429139,0.0231873426254535,0.00474939578653797));
#8389=CARTESIAN_POINT('',(0.042,0.0233447667387037,0.00490087188543362));
#8390=CARTESIAN_POINT('',(0.042717167429139,0.0233447667387037,0.00490087188543362));
#8391=CARTESIAN_POINT('',(0.042,0.0227136824156869,0.00467365773709014));
#8392=CARTESIAN_POINT('',(0.042,0.0227136824156869,0.00467365773709014));
#8393=CARTESIAN_POINT('',(0.042717167429139,0.0227136824156869,0.00467365773709014));
#8394=CARTESIAN_POINT('',(0.042,0.0227136824156869,0.00467365773709014));
#8395=CARTESIAN_POINT('',(0.042,0.0231086305688285,0.00467365773709014));
#8396=CARTESIAN_POINT('',(0.042,0.0233447667387037,0.00490087188543362));
#8397=CARTESIAN_POINT('',(0.042717167429139,0.0227136824156869,0.00467365773709014));
#8398=CARTESIAN_POINT('',(0.042717167429139,0.0231086305688285,0.00467365773709014));
#8399=CARTESIAN_POINT('',(0.042717167429139,0.0233447667387037,0.00490087188543362));
#8400=CARTESIAN_POINT('',(0.042,0.0221640858893273,0.00515425729693708));
#8401=CARTESIAN_POINT('',(0.042717167429139,0.0221640858893273,0.00515425729693708));
#8402=CARTESIAN_POINT('',(0.042,0.0221640858893273,0.00483385759037245));
#8403=CARTESIAN_POINT('',(0.042717167429139,0.0221640858893273,0.00483385759037245));
#8404=CARTESIAN_POINT('',(0.042,0.0223472847314472,0.00467365773709014));
#8405=CARTESIAN_POINT('',(0.042717167429139,0.0223472847314472,0.00467365773709014));
#8406=CARTESIAN_POINT('',(0.042,0.0227136824156869,0.00467365773709014));
#8407=CARTESIAN_POINT('',(0.042717167429139,0.0227136824156869,0.00467365773709014));
#8408=CARTESIAN_POINT('',(0.042,0.0221640858893273,0.00515425729693708));
#8409=CARTESIAN_POINT('',(0.042,0.0221640858893273,0.00515425729693708));
#8410=CARTESIAN_POINT('',(0.042717167429139,0.0221640858893273,0.00515425729693708));
#8411=CARTESIAN_POINT('',(0.042,0.0221640858893273,0.00515425729693708));
#8412=CARTESIAN_POINT('',(0.042,0.0221640858893273,0.00467365773709014));
#8413=CARTESIAN_POINT('',(0.042,0.0227136824156869,0.00467365773709014));
#8414=CARTESIAN_POINT('',(0.042717167429139,0.0221640858893273,0.00515425729693708));
#8415=CARTESIAN_POINT('',(0.042717167429139,0.0221640858893273,0.00467365773709014));
#8416=CARTESIAN_POINT('',(0.042717167429139,0.0227136824156869,0.00467365773709014));
#8417=CARTESIAN_POINT('',(0.042,0.0224055752721216,0.00565210609841219));
#8418=CARTESIAN_POINT('',(0.042717167429139,0.0224055752721216,0.00565210609841219));
#8419=CARTESIAN_POINT('',(0.042,0.0222445823502588,0.00554305916857893));
#8420=CARTESIAN_POINT('',(0.042717167429139,0.0222445823502588,0.00554305916857893));
#8421=CARTESIAN_POINT('',(0.042,0.0221640858893273,0.00537710956808723));
#8422=CARTESIAN_POINT('',(0.042717167429139,0.0221640858893273,0.00537710956808723));
#8423=CARTESIAN_POINT('',(0.042,0.0221640858893273,0.00515425729693708));
#8424=CARTESIAN_POINT('',(0.042717167429139,0.0221640858893273,0.00515425729693708));
#8425=CARTESIAN_POINT('',(0.042,0.0224055752721216,0.00565210609841219));
#8426=CARTESIAN_POINT('',(0.042,0.0224055752721216,0.00565210609841219));
#8427=CARTESIAN_POINT('',(0.042717167429139,0.0224055752721216,0.00565210609841219));
#8428=CARTESIAN_POINT('',(0.042,0.0224055752721216,0.00565210609841219));
#8429=CARTESIAN_POINT('',(0.042,0.0221640858893273,0.0054885357036623));
#8430=CARTESIAN_POINT('',(0.042,0.0221640858893273,0.00515425729693708));
#8431=CARTESIAN_POINT('',(0.042717167429139,0.0224055752721216,0.00565210609841219));
#8432=CARTESIAN_POINT('',(0.042717167429139,0.0221640858893273,0.0054885357036623));
#8433=CARTESIAN_POINT('',(0.042717167429139,0.0221640858893273,0.00515425729693708));
#8434=CARTESIAN_POINT('',(0.042,0.0238051430497453,0.00420198019877502));
#8435=CARTESIAN_POINT('',(0.042,0.0239151813153043,0.0039194495169343));
#8436=CARTESIAN_POINT('',(0.042,0.0239151813153043,0.0039194495169343));
#8437=CARTESIAN_POINT('',(0.042,0.0238051430497453,0.00420198019877502));
#8438=CARTESIAN_POINT('',(0.042,0.0236951047841863,0.00448451088061573));
#8439=CARTESIAN_POINT('',(0.042,0.0236951047841863,0.00448451088061573));
#8440=CARTESIAN_POINT('',(0.042,0.0243107242698813,0.0039194495169343));
#8441=CARTESIAN_POINT('',(0.042,0.0247062672244583,0.0039194495169343));
#8442=CARTESIAN_POINT('',(0.042,0.0247062672244583,0.0039194495169343));
#8443=CARTESIAN_POINT('',(0.042,0.0243107242698813,0.0039194495169343));
#8444=CARTESIAN_POINT('',(0.042,0.0247062672244583,0.00530414725867152));
#8445=CARTESIAN_POINT('',(0.042,0.0247062672244583,0.00668884500040874));
#8446=CARTESIAN_POINT('',(0.042,0.0247062672244583,0.00668884500040874));
#8447=CARTESIAN_POINT('',(0.042,0.0247062672244583,0.00530414725867152));
#8448=CARTESIAN_POINT('',(0.042,0.0242601661478677,0.00779696007465979));
#8449=CARTESIAN_POINT('',(0.042717167429139,0.0242601661478677,0.00779696007465979));
#8450=CARTESIAN_POINT('',(0.042,0.0245575668655947,0.0075538845547042));
#8451=CARTESIAN_POINT('',(0.042717167429139,0.0245575668655947,0.0075538845547042));
#8452=CARTESIAN_POINT('',(0.042,0.0247062672244583,0.00718451286328719));
#8453=CARTESIAN_POINT('',(0.042717167429139,0.0247062672244583,0.00718451286328719));
#8454=CARTESIAN_POINT('',(0.042,0.0247062672244583,0.00668884500040874));
#8455=CARTESIAN_POINT('',(0.042717167429139,0.0247062672244583,0.00668884500040874));
#8456=CARTESIAN_POINT('',(0.042,0.0242601661478677,0.00779696007465979));
#8457=CARTESIAN_POINT('',(0.042,0.0242601661478677,0.00779696007465979));
#8458=CARTESIAN_POINT('',(0.042,0.0242601661478677,0.00779696007465979));
#8459=CARTESIAN_POINT('',(0.042,0.0247062672244583,0.00743234679472641));
#8460=CARTESIAN_POINT('',(0.042,0.0247062672244583,0.00668884500040874));
#8461=CARTESIAN_POINT('',(0.042,0.0229777742530285,0.00816157335459317));
#8462=CARTESIAN_POINT('',(0.042717167429139,0.0229777742530285,0.00816157335459317));
#8463=CARTESIAN_POINT('',(0.042,0.0235353014651942,0.00816157335459317));
#8464=CARTESIAN_POINT('',(0.042717167429139,0.0235353014651942,0.00816157335459317));
#8465=CARTESIAN_POINT('',(0.042,0.0239627654301406,0.00804003559461538));
#8466=CARTESIAN_POINT('',(0.042717167429139,0.0239627654301406,0.00804003559461538));
#8467=CARTESIAN_POINT('',(0.042,0.0242601661478677,0.00779696007465979));
#8468=CARTESIAN_POINT('',(0.042717167429139,0.0242601661478677,0.00779696007465979));
#8469=CARTESIAN_POINT('',(0.042,0.0229777742530285,0.00816157335459317));
#8470=CARTESIAN_POINT('',(0.042,0.0229777742530285,0.00816157335459317));
#8471=CARTESIAN_POINT('',(0.042,0.0229777742530285,0.00816157335459317));
#8472=CARTESIAN_POINT('',(0.042,0.023814065071277,0.00816157335459317));
#8473=CARTESIAN_POINT('',(0.042,0.0242601661478677,0.00779696007465979));
#8474=CARTESIAN_POINT('',(0.042,0.0213872752146242,0.00778565884738616));
#8475=CARTESIAN_POINT('',(0.042717167429139,0.0213872752146242,0.00778565884738616));
#8476=CARTESIAN_POINT('',(0.042,0.0218654955687293,0.0080362685188575));
#8477=CARTESIAN_POINT('',(0.042717167429139,0.0218654955687293,0.0080362685188575));
#8478=CARTESIAN_POINT('',(0.042,0.0223956619148641,0.00816157335459317));
#8479=CARTESIAN_POINT('',(0.042717167429139,0.0223956619148641,0.00816157335459317));
#8480=CARTESIAN_POINT('',(0.042,0.0229777742530285,0.00816157335459317));
#8481=CARTESIAN_POINT('',(0.042717167429139,0.0229777742530285,0.00816157335459317));
#8482=CARTESIAN_POINT('',(0.042,0.0213872752146242,0.00778565884738616));
#8483=CARTESIAN_POINT('',(0.042,0.0213872752146242,0.00778565884738616));
#8484=CARTESIAN_POINT('',(0.042,0.0213872752146242,0.00778565884738616));
#8485=CARTESIAN_POINT('',(0.042,0.0221046057457818,0.00816157335459317));
#8486=CARTESIAN_POINT('',(0.042,0.0229777742530285,0.00816157335459317));
#8487=CARTESIAN_POINT('',(0.042,0.0215746376667922,0.0074026067229537));
#8488=CARTESIAN_POINT('',(0.042,0.0217620001189603,0.00701955459852124));
#8489=CARTESIAN_POINT('',(0.042,0.0217620001189603,0.00701955459852124));
#8490=CARTESIAN_POINT('',(0.042,0.0215746376667922,0.0074026067229537));
#8491=CARTESIAN_POINT('',(0.042,0.0229337589468049,0.00732052412486103));
#8492=CARTESIAN_POINT('',(0.042717167429139,0.0229337589468049,0.00732052412486103));
#8493=CARTESIAN_POINT('',(0.042,0.0226014632115312,0.00732052412486103));
#8494=CARTESIAN_POINT('',(0.042717167429139,0.0226014632115312,0.00732052412486103));
#8495=CARTESIAN_POINT('',(0.042,0.022210876935583,0.00722020094941443));
#8496=CARTESIAN_POINT('',(0.042717167429139,0.022210876935583,0.00722020094941443));
#8497=CARTESIAN_POINT('',(0.042,0.0217620001189603,0.00701955459852124));
#8498=CARTESIAN_POINT('',(0.042717167429139,0.0217620001189603,0.00701955459852124));
#8499=CARTESIAN_POINT('',(0.042,0.0229337589468049,0.00732052412486103));
#8500=CARTESIAN_POINT('',(0.042,0.0229337589468049,0.00732052412486103));
#8501=CARTESIAN_POINT('',(0.042,0.0229337589468049,0.00732052412486103));
#8502=CARTESIAN_POINT('',(0.042,0.0224353153438944,0.00732052412486103));
#8503=CARTESIAN_POINT('',(0.042,0.0217620001189603,0.00701955459852124));
#8504=CARTESIAN_POINT('',(0.042,0.023580902908579,0.00668884500040874));
#8505=CARTESIAN_POINT('',(0.042717167429139,0.023580902908579,0.00668884500040874));
#8506=CARTESIAN_POINT('',(0.042,0.023580902908579,0.00710996441671027));
#8507=CARTESIAN_POINT('',(0.042717167429139,0.023580902908579,0.00710996441671027));
#8508=CARTESIAN_POINT('',(0.042,0.0233651882546543,0.00732052412486103));
#8509=CARTESIAN_POINT('',(0.042717167429139,0.0233651882546543,0.00732052412486103));
#8510=CARTESIAN_POINT('',(0.042,0.0229337589468049,0.00732052412486103));
#8511=CARTESIAN_POINT('',(0.042717167429139,0.0229337589468049,0.00732052412486103));
#8512=CARTESIAN_POINT('',(0.042,0.023580902908579,0.00668884500040874));
#8513=CARTESIAN_POINT('',(0.042,0.023580902908579,0.00668884500040874));
#8514=CARTESIAN_POINT('',(0.042,0.023580902908579,0.00668884500040874));
#8515=CARTESIAN_POINT('',(0.042,0.023580902908579,0.00732052412486103));
#8516=CARTESIAN_POINT('',(0.042,0.0229337589468049,0.00732052412486103));
#8517=CARTESIAN_POINT('',(0.042,0.023580902908579,0.00659784038078426));
#8518=CARTESIAN_POINT('',(0.042,0.023580902908579,0.00650683576115978));
#8519=CARTESIAN_POINT('',(0.042,0.023580902908579,0.00650683576115978));
#8520=CARTESIAN_POINT('',(0.042,0.023580902908579,0.00659784038078426));
#8521=CARTESIAN_POINT('',(0.042,0.0232198584372584,0.00649553453388615));
#8522=CARTESIAN_POINT('',(0.042,0.0228588139659377,0.00648423330661252));
#8523=CARTESIAN_POINT('',(0.042,0.0228588139659377,0.00648423330661252));
#8524=CARTESIAN_POINT('',(0.042,0.0232198584372584,0.00649553453388615));
#8525=CARTESIAN_POINT('',(0.042,0.0214634097983623,0.00613686926830731));
#8526=CARTESIAN_POINT('',(0.042717167429139,0.0214634097983623,0.00613686926830731));
#8527=CARTESIAN_POINT('',(0.042,0.0217719134762179,0.00634623937358716));
#8528=CARTESIAN_POINT('',(0.042717167429139,0.0217719134762179,0.00634623937358716));
#8529=CARTESIAN_POINT('',(0.042,0.022237048198743,0.00646202738635557));
#8530=CARTESIAN_POINT('',(0.042717167429139,0.022237048198743,0.00646202738635557));
#8531=CARTESIAN_POINT('',(0.042,0.0228588139659377,0.00648423330661252));
#8532=CARTESIAN_POINT('',(0.042717167429139,0.0228588139659377,0.00648423330661252));
#8533=CARTESIAN_POINT('',(0.042,0.0214634097983623,0.00613686926830731));
#8534=CARTESIAN_POINT('',(0.042,0.0214634097983623,0.00613686926830731));
#8535=CARTESIAN_POINT('',(0.042,0.0214634097983623,0.00613686926830731));
#8536=CARTESIAN_POINT('',(0.042,0.0219261653151457,0.00645092442622709));
#8537=CARTESIAN_POINT('',(0.042,0.0228588139659377,0.00648423330661252));
#8538=CARTESIAN_POINT('',(0.042,0.021000654281579,0.00516139491416253));
#8539=CARTESIAN_POINT('',(0.042717167429139,0.021000654281579,0.00516139491416253));
#8540=CARTESIAN_POINT('',(0.042,0.021000654281579,0.0056023410449792));
#8541=CARTESIAN_POINT('',(0.042717167429139,0.021000654281579,0.0056023410449792));
#8542=CARTESIAN_POINT('',(0.042,0.0211549061205068,0.00592749916302746));
#8543=CARTESIAN_POINT('',(0.042717167429139,0.0211549061205068,0.00592749916302746));
#8544=CARTESIAN_POINT('',(0.042,0.0214634097983623,0.00613686926830731));
#8545=CARTESIAN_POINT('',(0.042717167429139,0.0214634097983623,0.00613686926830731));
#8546=CARTESIAN_POINT('',(0.042,0.021000654281579,0.00516139491416253));
#8547=CARTESIAN_POINT('',(0.042,0.021000654281579,0.00516139491416253));
#8548=CARTESIAN_POINT('',(0.042,0.021000654281579,0.00516139491416253));
#8549=CARTESIAN_POINT('',(0.042,0.021000654281579,0.00582281411038753));
#8550=CARTESIAN_POINT('',(0.042,0.0214634097983623,0.00613686926830731));
#8551=CARTESIAN_POINT('',(0.042,0.0213444495112715,0.00418711016288867));
#8552=CARTESIAN_POINT('',(0.042717167429139,0.0213444495112715,0.00418711016288867));
#8553=CARTESIAN_POINT('',(0.042,0.0211152526914765,0.00441551391410305));
#8554=CARTESIAN_POINT('',(0.042717167429139,0.0211152526914765,0.00441551391410305));
#8555=CARTESIAN_POINT('',(0.042,0.021000654281579,0.004740275497861));
#8556=CARTESIAN_POINT('',(0.042717167429139,0.021000654281579,0.004740275497861));
#8557=CARTESIAN_POINT('',(0.042,0.021000654281579,0.00516139491416253));
#8558=CARTESIAN_POINT('',(0.042717167429139,0.021000654281579,0.00516139491416253));
#8559=CARTESIAN_POINT('',(0.042,0.0213444495112715,0.00418711016288867));
#8560=CARTESIAN_POINT('',(0.042,0.0213444495112715,0.00418711016288867));
#8561=CARTESIAN_POINT('',(0.042,0.0213444495112715,0.00418711016288867));
#8562=CARTESIAN_POINT('',(0.042,0.021000654281579,0.00452971578971024));
#8563=CARTESIAN_POINT('',(0.042,0.021000654281579,0.00516139491416253));
#8564=CARTESIAN_POINT('',(0.042,0.0222866149850309,0.00384450453606709));
#8565=CARTESIAN_POINT('',(0.042717167429139,0.0222866149850309,0.00384450453606709));
#8566=CARTESIAN_POINT('',(0.042,0.0218877014889863,0.00384450453606709));
#8567=CARTESIAN_POINT('',(0.042717167429139,0.0218877014889863,0.00384450453606709));
#8568=CARTESIAN_POINT('',(0.042,0.0215736463310665,0.00395870641167428));
#8569=CARTESIAN_POINT('',(0.042717167429139,0.0215736463310665,0.00395870641167428));
#8570=CARTESIAN_POINT('',(0.042,0.0213444495112715,0.00418711016288867));
#8571=CARTESIAN_POINT('',(0.042717167429139,0.0213444495112715,0.00418711016288867));
#8572=CARTESIAN_POINT('',(0.042,0.0222866149850309,0.00384450453606709));
#8573=CARTESIAN_POINT('',(0.042,0.0222866149850309,0.00384450453606709));
#8574=CARTESIAN_POINT('',(0.042,0.0222866149850309,0.00384450453606709));
#8575=CARTESIAN_POINT('',(0.042,0.021688244740964,0.00384450453606709));
#8576=CARTESIAN_POINT('',(0.042,0.0213444495112715,0.00418711016288867));
#8577=CARTESIAN_POINT('',(0.042,0.0230765112913139,0.0039842828733988));
#8578=CARTESIAN_POINT('',(0.042717167429139,0.0230765112913139,0.0039842828733988));
#8579=CARTESIAN_POINT('',(0.042,0.0228742788032595,0.00389109731517766));
#8580=CARTESIAN_POINT('',(0.042717167429139,0.0228742788032595,0.00389109731517766));
#8581=CARTESIAN_POINT('',(0.042,0.0226109800344985,0.00384450453606709));
#8582=CARTESIAN_POINT('',(0.042717167429139,0.0226109800344985,0.00384450453606709));
#8583=CARTESIAN_POINT('',(0.042,0.0222866149850309,0.00384450453606709));
#8584=CARTESIAN_POINT('',(0.042717167429139,0.0222866149850309,0.00384450453606709));
#8585=CARTESIAN_POINT('',(0.042,0.0230765112913139,0.0039842828733988));
#8586=CARTESIAN_POINT('',(0.042,0.0230765112913139,0.0039842828733988));
#8587=CARTESIAN_POINT('',(0.042,0.0230765112913139,0.0039842828733988));
#8588=CARTESIAN_POINT('',(0.042,0.0227731625592323,0.00384450453606709));
#8589=CARTESIAN_POINT('',(0.042,0.0222866149850309,0.00384450453606709));
#8590=CARTESIAN_POINT('',(0.042,0.0236653647124135,0.00448451088061573));
#8591=CARTESIAN_POINT('',(0.042717167429139,0.0236653647124135,0.00448451088061573));
#8592=CARTESIAN_POINT('',(0.042,0.0234750282530682,0.00424421110069226));
#8593=CARTESIAN_POINT('',(0.042717167429139,0.0234750282530682,0.00424421110069226));
#8594=CARTESIAN_POINT('',(0.042,0.0232787437793683,0.00407746843161995));
#8595=CARTESIAN_POINT('',(0.042717167429139,0.0232787437793683,0.00407746843161995));
#8596=CARTESIAN_POINT('',(0.042,0.0230765112913139,0.0039842828733988));
#8597=CARTESIAN_POINT('',(0.042717167429139,0.0230765112913139,0.0039842828733988));
#8598=CARTESIAN_POINT('',(0.042,0.0236653647124135,0.00448451088061573));
#8599=CARTESIAN_POINT('',(0.042,0.0236653647124135,0.00448451088061573));
#8600=CARTESIAN_POINT('',(0.042,0.0236653647124135,0.00448451088061573));
#8601=CARTESIAN_POINT('',(0.042,0.0233798600233955,0.00412406121073053));
#8602=CARTESIAN_POINT('',(0.042,0.0230765112913139,0.0039842828733988));
#8603=CARTESIAN_POINT('',(0.042,0.0236802347482999,0.00448451088061573));
#8604=CARTESIAN_POINT('',(0.042,0.0236802347482999,0.00448451088061573));
#8605=CARTESIAN_POINT('',(0.042,0.0231419394492139,0.00582995172761298));
#8606=CARTESIAN_POINT('',(0.042717167429139,0.0231419394492139,0.00582995172761298));
#8607=CARTESIAN_POINT('',(0.042,0.022812022919682,0.00582043490464571));
#8608=CARTESIAN_POINT('',(0.042717167429139,0.022812022919682,0.00582043490464571));
#8609=CARTESIAN_POINT('',(0.042,0.0225665681939846,0.00576115302824545));
#8610=CARTESIAN_POINT('',(0.042717167429139,0.0225665681939846,0.00576115302824545));
#8611=CARTESIAN_POINT('',(0.042,0.0224055752721216,0.00565210609841219));
#8612=CARTESIAN_POINT('',(0.042717167429139,0.0224055752721216,0.00565210609841219));
#8613=CARTESIAN_POINT('',(0.042,0.0231419394492139,0.00582995172761298));
#8614=CARTESIAN_POINT('',(0.042,0.022647064654916,0.00581567649316208));
#8615=CARTESIAN_POINT('',(0.042,0.0224055752721216,0.00565210609841219));
#8616=CARTESIAN_POINT('',(0.042717167429139,0.0231419394492139,0.00582995172761298));
#8617=CARTESIAN_POINT('',(0.042717167429139,0.022647064654916,0.00581567649316208));
#8618=CARTESIAN_POINT('',(0.042717167429139,0.0224055752721216,0.00565210609841219));
#8619=CARTESIAN_POINT('',(0.042,-6.93889390390723E-18,0.00591738753862473));
#8620=CARTESIAN_POINT('',(0.042,0.00950909054860519,0.00384450453606709));
#8621=CARTESIAN_POINT('',(0.042717167429139,0.00950909054860519,0.00384450453606709));
#8622=CARTESIAN_POINT('',(0.042,0.0082155956936376,0.00384450453606709));
#8623=CARTESIAN_POINT('',(0.042717167429139,0.0082155956936376,0.00384450453606709));
#8624=CARTESIAN_POINT('',(0.042,0.00756884826615381,0.00455469744999932));
#8625=CARTESIAN_POINT('',(0.042717167429139,0.00756884826615381,0.00455469744999932));
#8626=CARTESIAN_POINT('',(0.042,0.00756884826615381,0.00597508327786378));
#8627=CARTESIAN_POINT('',(0.042717167429139,0.00756884826615381,0.00597508327786378));
#8628=CARTESIAN_POINT('',(0.042,0.00950909054860519,0.00384450453606709));
#8629=CARTESIAN_POINT('',(0.042,0.00950909054860519,0.00384450453606709));
#8630=CARTESIAN_POINT('',(0.042,0.00950909054860519,0.00384450453606709));
#8631=CARTESIAN_POINT('',(0.042,0.00756884826615381,0.00384450453606709));
#8632=CARTESIAN_POINT('',(0.042,0.00756884826615381,0.00597508327786378));
#8633=CARTESIAN_POINT('',(0.042,0.00756884826615381,0.00597508327786378));
#8634=CARTESIAN_POINT('',(0.042,0.00756884826615381,0.00597508327786378));
#8635=CARTESIAN_POINT('',(0.042,0.0102169042567956,0.0039117170982734));
#8636=CARTESIAN_POINT('',(0.042717167429139,0.0102169042567956,0.0039117170982734));
#8637=CARTESIAN_POINT('',(0.042,0.0100297400717727,0.00386690872346919));
#8638=CARTESIAN_POINT('',(0.042717167429139,0.0100297400717727,0.00386690872346919));
#8639=CARTESIAN_POINT('',(0.042,0.00979380216904256,0.00384450453606709));
#8640=CARTESIAN_POINT('',(0.042717167429139,0.00979380216904256,0.00384450453606709));
#8641=CARTESIAN_POINT('',(0.042,0.00950909054860519,0.00384450453606709));
#8642=CARTESIAN_POINT('',(0.042717167429139,0.00950909054860519,0.00384450453606709));
#8643=CARTESIAN_POINT('',(0.042,0.0102169042567956,0.0039117170982734));
#8644=CARTESIAN_POINT('',(0.042,0.0102169042567956,0.0039117170982734));
#8645=CARTESIAN_POINT('',(0.042,0.0102169042567956,0.0039117170982734));
#8646=CARTESIAN_POINT('',(0.042,0.00993615797926125,0.00384450453606709));
#8647=CARTESIAN_POINT('',(0.042,0.00950909054860519,0.00384450453606709));
#8648=CARTESIAN_POINT('',(0.0419999999999999,0.0097708717687839,0.00568580313716803));
#8649=CARTESIAN_POINT('',(0.042,0.0107724487975098,0.00415444999706369));
#8650=CARTESIAN_POINT('',(0.042,0.0107724487975098,0.00415444999706369));
#8651=CARTESIAN_POINT('',(0.042,0.0097708717687839,0.00568580313716803));
#8652=CARTESIAN_POINT('',(0.042,0.0107724487975098,0.0046391592538338));
#8653=CARTESIAN_POINT('',(0.042,0.0107724487975098,0.00512516053176721));
#8654=CARTESIAN_POINT('',(0.042,0.0107724487975098,0.00512451722516437));
#8655=CARTESIAN_POINT('',(0.042,0.0107724487975098,0.0046391592538338));
#8656=CARTESIAN_POINT('',(0.0419999999999999,0.0095422378240811,0.00691314769764506));
#8657=CARTESIAN_POINT('',(0.042,0.0102151198524892,0.00485031376342002));
#8658=CARTESIAN_POINT('',(0.042,0.0102151998384327,0.00485006519730105));
#8659=CARTESIAN_POINT('',(0.042,0.0095422378240811,0.00691314769764506));
#8660=CARTESIAN_POINT('',(0.0419999999999999,0.00963004224466292,0.00678250048081972));
#8661=CARTESIAN_POINT('',(0.042,0.00960901718976148,0.00476287795240826));
#8662=CARTESIAN_POINT('',(0.042,0.00960901718976148,0.00476287795240826));
#8663=CARTESIAN_POINT('',(0.042,0.00963004224466292,0.00678250048081972));
#8664=CARTESIAN_POINT('',(0.042,0.00872395265380573,0.00598222089508923));
#8665=CARTESIAN_POINT('',(0.042717167429139,0.00872395265380573,0.00598222089508923));
#8666=CARTESIAN_POINT('',(0.042,0.00872395265380573,0.00516932559996858));
#8667=CARTESIAN_POINT('',(0.042717167429139,0.00872395265380573,0.00516932559996858));
#8668=CARTESIAN_POINT('',(0.042,0.00901897416579098,0.00476287795240826));
#8669=CARTESIAN_POINT('',(0.042717167429139,0.00901897416579098,0.00476287795240826));
#8670=CARTESIAN_POINT('',(0.042,0.00960901718976148,0.00476287795240826));
#8671=CARTESIAN_POINT('',(0.042717167429139,0.00960901718976148,0.00476287795240826));
#8672=CARTESIAN_POINT('',(0.042,0.00872395265380573,0.00598222089508923));
#8673=CARTESIAN_POINT('',(0.042,0.00872395265380573,0.00598222089508923));
#8674=CARTESIAN_POINT('',(0.042,0.00872395265380573,0.00598222089508923));
#8675=CARTESIAN_POINT('',(0.042,0.00872395265380573,0.00476287795240826));
#8676=CARTESIAN_POINT('',(0.042,0.00960901718976148,0.00476287795240826));
#8677=CARTESIAN_POINT('',(0.042,0.00960901718976148,0.00723963112963927));
#8678=CARTESIAN_POINT('',(0.042717167429139,0.00960901718976148,0.00723963112963927));
#8679=CARTESIAN_POINT('',(0.042,0.00901897416579098,0.00723963112963927));
#8680=CARTESIAN_POINT('',(0.042717167429139,0.00901897416579098,0.00723963112963927));
#8681=CARTESIAN_POINT('',(0.042,0.00872395265380573,0.00682049438478926));
#8682=CARTESIAN_POINT('',(0.042717167429139,0.00872395265380573,0.00682049438478926));
#8683=CARTESIAN_POINT('',(0.042,0.00872395265380573,0.00598222089508923));
#8684=CARTESIAN_POINT('',(0.042717167429139,0.00872395265380573,0.00598222089508923));
#8685=CARTESIAN_POINT('',(0.042,0.00960901718976148,0.00723963112963927));
#8686=CARTESIAN_POINT('',(0.042,0.00960901718976148,0.00723963112963927));
#8687=CARTESIAN_POINT('',(0.042,0.00960901718976148,0.00723963112963927));
#8688=CARTESIAN_POINT('',(0.042,0.00872395265380573,0.00723963112963927));
#8689=CARTESIAN_POINT('',(0.042,0.00872395265380573,0.00598222089508923));
#8690=CARTESIAN_POINT('',(0.0419999999999999,0.00960467251960986,0.00564173579948912));
#8691=CARTESIAN_POINT('',(0.042,0.0100699883022384,0.00717063416312659));
#8692=CARTESIAN_POINT('',(0.042,0.0100699976392383,0.00717066430316214));
#8693=CARTESIAN_POINT('',(0.042,0.00960467251960986,0.00564173579948912));
#8694=CARTESIAN_POINT('',(0.0419999999999991,0.00839481694784425,0.0016900146377578));
#8695=CARTESIAN_POINT('',(0.042,0.0105677716883811,0.00699321214004115));
#8696=CARTESIAN_POINT('',(0.042,0.0105677716879225,0.00699321213984267));
#8697=CARTESIAN_POINT('',(0.042,0.00839481694784425,0.0016900146377578));
#8698=CARTESIAN_POINT('',(0.042,0.0107355711085116,0.00743234679472641));
#8699=CARTESIAN_POINT('',(0.042,0.0109033051133097,0.00787131025409156));
#8700=CARTESIAN_POINT('',(0.042,0.0109033051133097,0.00787131025409156));
#8701=CARTESIAN_POINT('',(0.042,0.0107355711085116,0.00743234679472641));
#8702=CARTESIAN_POINT('',(0.042,0.00960901718976148,0.00815324613449681));
#8703=CARTESIAN_POINT('',(0.042717167429139,0.00960901718976148,0.00815324613449681));
#8704=CARTESIAN_POINT('',(0.042,0.0100896167496084,0.00815324613449681));
#8705=CARTESIAN_POINT('',(0.042717167429139,0.0100896167496084,0.00815324613449681));
#8706=CARTESIAN_POINT('',(0.042,0.0105210460574578,0.00805926750769506));
#8707=CARTESIAN_POINT('',(0.042717167429139,0.0105210460574578,0.00805926750769506));
#8708=CARTESIAN_POINT('',(0.042,0.0109033051133097,0.00787131025409155));
#8709=CARTESIAN_POINT('',(0.042717167429139,0.0109033051133097,0.00787131025409155));
#8710=CARTESIAN_POINT('',(0.042,0.00960901718976148,0.00815324613449681));
#8711=CARTESIAN_POINT('',(0.042,0.00960901718976148,0.00815324613449681));
#8712=CARTESIAN_POINT('',(0.042,0.00960901718976148,0.00815324613449681));
#8713=CARTESIAN_POINT('',(0.042,0.0103299165295319,0.00815324613449681));
#8714=CARTESIAN_POINT('',(0.042,0.0109033051133097,0.00787131025409155));
#8715=CARTESIAN_POINT('',(0.042,0.00809643713940163,0.00759413278516993));
#8716=CARTESIAN_POINT('',(0.042717167429139,0.00809643713940163,0.00759413278516993));
#8717=CARTESIAN_POINT('',(0.042,0.00844816305490017,0.00796687501805452));
#8718=CARTESIAN_POINT('',(0.042717167429139,0.00844816305490017,0.00796687501805452));
#8719=CARTESIAN_POINT('',(0.042,0.00895235640502012,0.00815324613449681));
#8720=CARTESIAN_POINT('',(0.042717167429139,0.00895235640502012,0.00815324613449681));
#8721=CARTESIAN_POINT('',(0.042,0.00960901718976148,0.00815324613449681));
#8722=CARTESIAN_POINT('',(0.042717167429139,0.00960901718976148,0.00815324613449681));
#8723=CARTESIAN_POINT('',(0.042,0.00809643713940163,0.00759413278516993));
#8724=CARTESIAN_POINT('',(0.042,0.00809643713940163,0.00759413278516993));
#8725=CARTESIAN_POINT('',(0.042,0.00809643713940163,0.00759413278516993));
#8726=CARTESIAN_POINT('',(0.042,0.00862402601264944,0.00815324613449681));
#8727=CARTESIAN_POINT('',(0.042,0.00960901718976148,0.00815324613449681));
#8728=CARTESIAN_POINT('',(0.042,0.00756884826615381,0.00597508327786378));
#8729=CARTESIAN_POINT('',(0.042717167429139,0.00756884826615381,0.00597508327786378));
#8730=CARTESIAN_POINT('',(0.042,0.00756884826615381,0.00668170738318329));
#8731=CARTESIAN_POINT('',(0.042717167429139,0.00756884826615381,0.00668170738318329));
#8732=CARTESIAN_POINT('',(0.042,0.00774471122390308,0.00722139055228534));
#8733=CARTESIAN_POINT('',(0.042717167429139,0.00774471122390308,0.00722139055228534));
#8734=CARTESIAN_POINT('',(0.042,0.00809643713940163,0.00759413278516993));
#8735=CARTESIAN_POINT('',(0.042717167429139,0.00809643713940163,0.00759413278516993));
#8736=CARTESIAN_POINT('',(0.042,0.00756884826615381,0.00597508327786378));
#8737=CARTESIAN_POINT('',(0.042,0.00756884826615381,0.00703501943584305));
#8738=CARTESIAN_POINT('',(0.042,0.00809643713940163,0.00759413278516993));
#8739=CARTESIAN_POINT('',(0.042,-6.93889390390723E-18,0.00591738753862473));
#8740=CARTESIAN_POINT('',(0.042,0.0130725459484109,0.00649553453388615));
#8741=CARTESIAN_POINT('',(0.042,0.0128257033526974,0.00617969497166));
#8742=CARTESIAN_POINT('',(0.042,0.0128257033526974,0.00617969497166));
#8743=CARTESIAN_POINT('',(0.042,0.0130725459484109,0.00649553453388615));
#8744=CARTESIAN_POINT('',(0.042,0.0133193885441243,0.00681137409611229));
#8745=CARTESIAN_POINT('',(0.042,0.0133193885441243,0.00681137409611229));
#8746=CARTESIAN_POINT('',(0.042,0.0128179709340365,0.00617969497166));
#8747=CARTESIAN_POINT('',(0.042,0.0128102385153756,0.00617969497166));
#8748=CARTESIAN_POINT('',(0.042,0.0128102385153756,0.00617969497166));
#8749=CARTESIAN_POINT('',(0.042,0.0128179709340365,0.00617969497166));
#8750=CARTESIAN_POINT('',(0.042,0.0128399785871483,0.00665196731141059));
#8751=CARTESIAN_POINT('',(0.042,0.012869718658921,0.00712423965116117));
#8752=CARTESIAN_POINT('',(0.042,0.012869718658921,0.00712423965116117));
#8753=CARTESIAN_POINT('',(0.042,0.0128399785871483,0.00665196731141059));
#8754=CARTESIAN_POINT('',(0.042,0.012869718658921,0.00841436396466118));
#8755=CARTESIAN_POINT('',(0.042,0.012869718658921,0.00970448827816119));
#8756=CARTESIAN_POINT('',(0.042,0.012869718658921,0.00970448827816119));
#8757=CARTESIAN_POINT('',(0.042,0.012869718658921,0.00841436396466118));
#8758=CARTESIAN_POINT('',(0.042,0.0123028728909332,0.00970448827816119));
#8759=CARTESIAN_POINT('',(0.042,0.0117360271229455,0.00970448827816119));
#8760=CARTESIAN_POINT('',(0.042,0.0117360271229455,0.00970448827816119));
#8761=CARTESIAN_POINT('',(0.042,0.0123028728909332,0.00970448827816119));
#8762=CARTESIAN_POINT('',(0.042,0.0117360271229455,0.00681196889754775));
#8763=CARTESIAN_POINT('',(0.042,0.0117360271229455,0.0039194495169343));
#8764=CARTESIAN_POINT('',(0.042,0.0117360271229455,0.0039194495169343));
#8765=CARTESIAN_POINT('',(0.042,0.0117360271229455,0.00681196889754775));
#8766=CARTESIAN_POINT('',(0.042,0.0123028728909332,0.0039194495169343));
#8767=CARTESIAN_POINT('',(0.042,0.012869718658921,0.0039194495169343));
#8768=CARTESIAN_POINT('',(0.042,0.012869718658921,0.0039194495169343));
#8769=CARTESIAN_POINT('',(0.042,0.0123028728909332,0.0039194495169343));
#8770=CARTESIAN_POINT('',(0.042,0.012869718658921,0.0045665934787084));
#8771=CARTESIAN_POINT('',(0.042,0.012869718658921,0.0052137374404825));
#8772=CARTESIAN_POINT('',(0.042,0.012869718658921,0.0052137374404825));
#8773=CARTESIAN_POINT('',(0.042,0.012869718658921,0.0045665934787084));
#8774=CARTESIAN_POINT('',(0.042,0.0131135872474572,0.00540883231131145));
#8775=CARTESIAN_POINT('',(0.042,0.0133574558359934,0.0056039271821404));
#8776=CARTESIAN_POINT('',(0.042,0.0133574558359934,0.0056039271821404));
#8777=CARTESIAN_POINT('',(0.042,0.0131135872474572,0.00540883231131145));
#8778=CARTESIAN_POINT('',(0.042,0.0139558260800603,0.00476168834953735));
#8779=CARTESIAN_POINT('',(0.042,0.0145541963241271,0.0039194495169343));
#8780=CARTESIAN_POINT('',(0.042,0.0145541963241271,0.0039194495169343));
#8781=CARTESIAN_POINT('',(0.042,0.0139558260800603,0.00476168834953735));
#8782=CARTESIAN_POINT('',(0.042,0.0152084779031266,0.0039194495169343));
#8783=CARTESIAN_POINT('',(0.042,0.0158627594821262,0.0039194495169343));
#8784=CARTESIAN_POINT('',(0.042,0.0158627594821262,0.0039194495169343));
#8785=CARTESIAN_POINT('',(0.042,0.0152084779031266,0.0039194495169343));
#8786=CARTESIAN_POINT('',(0.042,0.0149872117691377,0.00509596675626258));
#8787=CARTESIAN_POINT('',(0.042,0.0141116640561493,0.00627248399559085));
#8788=CARTESIAN_POINT('',(0.042,0.0141116640561493,0.00627248399559085));
#8789=CARTESIAN_POINT('',(0.042,0.0149872117691377,0.00509596675626258));
#8790=CARTESIAN_POINT('',(0.042,0.0149366536471241,0.00717420297173931));
#8791=CARTESIAN_POINT('',(0.042,0.015761643238099,0.00807592194788777));
#8792=CARTESIAN_POINT('',(0.042,0.015761643238099,0.00807592194788777));
#8793=CARTESIAN_POINT('',(0.042,0.0149366536471241,0.00717420297173931));
#8794=CARTESIAN_POINT('',(0.042,0.0151222316949858,0.00807592194788778));
#8795=CARTESIAN_POINT('',(0.042,0.0144828201518726,0.00807592194788778));
#8796=CARTESIAN_POINT('',(0.042,0.0144828201518726,0.00807592194788778));
#8797=CARTESIAN_POINT('',(0.042,0.0151222316949858,0.00807592194788778));
#8798=CARTESIAN_POINT('',(0.042,0.0139011043479985,0.00744364802200004));
#8799=CARTESIAN_POINT('',(0.042,0.0139011043479985,0.00744364802200004));
#8800=CARTESIAN_POINT('',(0.042,-6.93889390390723E-18,0.00591738753862473));
#8801=CARTESIAN_POINT('',(0.042,0.00530800800999266,0.00583768414627388));
#8802=CARTESIAN_POINT('',(0.042,0.00552748973967523,0.00584541656493478));
#8803=CARTESIAN_POINT('',(0.042,0.00552748973967523,0.00584541656493478));
#8804=CARTESIAN_POINT('',(0.042717167429139,0.00552748973967523,0.00584541656493478));
#8805=CARTESIAN_POINT('',(0.042,0.00530800800999266,0.00583768414627388));
#8806=CARTESIAN_POINT('',(0.042,0.00508852628031008,0.00582995172761298));
#8807=CARTESIAN_POINT('',(0.042,0.00508852628031008,0.00582995172761298));
#8808=CARTESIAN_POINT('',(0.042717167429139,0.00508852628031008,0.00582995172761298));
#8809=CARTESIAN_POINT('',(0.042717167429139,-0.000176325311837836,0.00564446915119584));
#8810=CARTESIAN_POINT('',(0.042,0.00552748973967523,0.00567411375152399));
#8811=CARTESIAN_POINT('',(0.042,0.00552748973967523,0.0055028109381132));
#8812=CARTESIAN_POINT('',(0.042,0.00552748973967523,0.0055028109381132));
#8813=CARTESIAN_POINT('',(0.042717167429139,0.00552748973967523,0.0055028109381132));
#8814=CARTESIAN_POINT('',(0.042,0.00552748973967523,0.00567411375152399));
#8815=CARTESIAN_POINT('',(0.042717167429139,0.00552748973967523,0.003));
#8816=CARTESIAN_POINT('',(0.042,0.00529135356979994,0.00490087188543362));
#8817=CARTESIAN_POINT('',(0.042717167429139,0.00529135356979994,0.00490087188543362));
#8818=CARTESIAN_POINT('',(0.042,0.00544877768305013,0.00505234798432927));
#8819=CARTESIAN_POINT('',(0.042717167429139,0.00544877768305013,0.00505234798432927));
#8820=CARTESIAN_POINT('',(0.042,0.00552748973967523,0.00525299433522247));
#8821=CARTESIAN_POINT('',(0.042717167429139,0.00552748973967523,0.00525299433522247));
#8822=CARTESIAN_POINT('',(0.042,0.00552748973967523,0.0055028109381132));
#8823=CARTESIAN_POINT('',(0.042717167429139,0.00552748973967523,0.0055028109381132));
#8824=CARTESIAN_POINT('',(0.042,0.00529135356979994,0.00490087188543362));
#8825=CARTESIAN_POINT('',(0.042,0.00529135356979994,0.00490087188543362));
#8826=CARTESIAN_POINT('',(0.042717167429139,0.00529135356979994,0.00490087188543362));
#8827=CARTESIAN_POINT('',(0.042,0.00529135356979994,0.00490087188543362));
#8828=CARTESIAN_POINT('',(0.042,0.00552748973967523,0.0051280860337771));
#8829=CARTESIAN_POINT('',(0.042,0.00552748973967523,0.0055028109381132));
#8830=CARTESIAN_POINT('',(0.042717167429139,0.00529135356979994,0.00490087188543362));
#8831=CARTESIAN_POINT('',(0.042717167429139,0.00552748973967523,0.0051280860337771));
#8832=CARTESIAN_POINT('',(0.042717167429139,0.00552748973967523,0.0055028109381132));
#8833=CARTESIAN_POINT('',(0.042,0.00466026924678311,0.00467365773709014));
#8834=CARTESIAN_POINT('',(0.042717167429139,0.00466026924678311,0.00467365773709014));
#8835=CARTESIAN_POINT('',(0.042,0.00492356801554414,0.00467365773709014));
#8836=CARTESIAN_POINT('',(0.042717167429139,0.00492356801554414,0.00467365773709014));
#8837=CARTESIAN_POINT('',(0.042,0.00513392945654975,0.00474939578653797));
#8838=CARTESIAN_POINT('',(0.042717167429139,0.00513392945654975,0.00474939578653797));
#8839=CARTESIAN_POINT('',(0.042,0.00529135356979994,0.00490087188543362));
#8840=CARTESIAN_POINT('',(0.042717167429139,0.00529135356979994,0.00490087188543362));
#8841=CARTESIAN_POINT('',(0.042,0.00466026924678311,0.00467365773709014));
#8842=CARTESIAN_POINT('',(0.042,0.00466026924678311,0.00467365773709014));
#8843=CARTESIAN_POINT('',(0.042717167429139,0.00466026924678311,0.00467365773709014));
#8844=CARTESIAN_POINT('',(0.042,0.00466026924678311,0.00467365773709014));
#8845=CARTESIAN_POINT('',(0.042,0.00505521739992465,0.00467365773709014));
#8846=CARTESIAN_POINT('',(0.042,0.00529135356979994,0.00490087188543362));
#8847=CARTESIAN_POINT('',(0.042717167429139,0.00466026924678311,0.00467365773709014));
#8848=CARTESIAN_POINT('',(0.042717167429139,0.00505521739992465,0.00467365773709014));
#8849=CARTESIAN_POINT('',(0.042717167429139,0.00529135356979994,0.00490087188543362));
#8850=CARTESIAN_POINT('',(0.042,0.00411067272042349,0.00515425729693708));
#8851=CARTESIAN_POINT('',(0.042717167429139,0.00411067272042349,0.00515425729693708));
#8852=CARTESIAN_POINT('',(0.042,0.00411067272042349,0.00483385759037245));
#8853=CARTESIAN_POINT('',(0.042717167429139,0.00411067272042349,0.00483385759037245));
#8854=CARTESIAN_POINT('',(0.042,0.00429387156254336,0.00467365773709014));
#8855=CARTESIAN_POINT('',(0.042717167429139,0.00429387156254336,0.00467365773709014));
#8856=CARTESIAN_POINT('',(0.042,0.00466026924678311,0.00467365773709014));
#8857=CARTESIAN_POINT('',(0.042717167429139,0.00466026924678311,0.00467365773709014));
#8858=CARTESIAN_POINT('',(0.042,0.00411067272042349,0.00515425729693708));
#8859=CARTESIAN_POINT('',(0.042,0.00411067272042349,0.00515425729693708));
#8860=CARTESIAN_POINT('',(0.042717167429139,0.00411067272042349,0.00515425729693708));
#8861=CARTESIAN_POINT('',(0.042,0.00411067272042349,0.00515425729693708));
#8862=CARTESIAN_POINT('',(0.042,0.00411067272042349,0.00467365773709014));
#8863=CARTESIAN_POINT('',(0.042,0.00466026924678311,0.00467365773709014));
#8864=CARTESIAN_POINT('',(0.042717167429139,0.00411067272042349,0.00515425729693708));
#8865=CARTESIAN_POINT('',(0.042717167429139,0.00411067272042349,0.00467365773709014));
#8866=CARTESIAN_POINT('',(0.042717167429139,0.00466026924678311,0.00467365773709014));
#8867=CARTESIAN_POINT('',(0.042,0.00435216210321787,0.00565210609841219));
#8868=CARTESIAN_POINT('',(0.042717167429139,0.00435216210321787,0.00565210609841219));
#8869=CARTESIAN_POINT('',(0.042,0.00419116918135495,0.00554305916857893));
#8870=CARTESIAN_POINT('',(0.042717167429139,0.00419116918135495,0.00554305916857893));
#8871=CARTESIAN_POINT('',(0.042,0.00411067272042349,0.00537710956808723));
#8872=CARTESIAN_POINT('',(0.042717167429139,0.00411067272042349,0.00537710956808723));
#8873=CARTESIAN_POINT('',(0.042,0.00411067272042349,0.00515425729693708));
#8874=CARTESIAN_POINT('',(0.042717167429139,0.00411067272042349,0.00515425729693708));
#8875=CARTESIAN_POINT('',(0.042,0.00435216210321787,0.00565210609841219));
#8876=CARTESIAN_POINT('',(0.042,0.00435216210321787,0.00565210609841219));
#8877=CARTESIAN_POINT('',(0.042717167429139,0.00435216210321787,0.00565210609841219));
#8878=CARTESIAN_POINT('',(0.042,0.00435216210321787,0.00565210609841219));
#8879=CARTESIAN_POINT('',(0.042,0.00411067272042349,0.0054885357036623));
#8880=CARTESIAN_POINT('',(0.042,0.00411067272042349,0.00515425729693708));
#8881=CARTESIAN_POINT('',(0.042717167429139,0.00435216210321787,0.00565210609841219));
#8882=CARTESIAN_POINT('',(0.042717167429139,0.00411067272042349,0.0054885357036623));
#8883=CARTESIAN_POINT('',(0.042717167429139,0.00411067272042349,0.00515425729693708));
#8884=CARTESIAN_POINT('',(0.042,0.00575172988084144,0.00420198019877502));
#8885=CARTESIAN_POINT('',(0.042,0.00586176814640045,0.0039194495169343));
#8886=CARTESIAN_POINT('',(0.042,0.00586176814640045,0.0039194495169343));
#8887=CARTESIAN_POINT('',(0.042,0.00575172988084144,0.00420198019877502));
#8888=CARTESIAN_POINT('',(0.042,0.00564169161528243,0.00448451088061573));
#8889=CARTESIAN_POINT('',(0.042,0.00564169161528243,0.00448451088061573));
#8890=CARTESIAN_POINT('',(0.042,0.00625731110097745,0.0039194495169343));
#8891=CARTESIAN_POINT('',(0.042,0.00665285405555445,0.0039194495169343));
#8892=CARTESIAN_POINT('',(0.042,0.00665285405555445,0.0039194495169343));
#8893=CARTESIAN_POINT('',(0.042,0.00625731110097745,0.0039194495169343));
#8894=CARTESIAN_POINT('',(0.042,0.00665285405555445,0.00530414725867152));
#8895=CARTESIAN_POINT('',(0.042,0.00665285405555445,0.00668884500040874));
#8896=CARTESIAN_POINT('',(0.042,0.00665285405555445,0.00668884500040874));
#8897=CARTESIAN_POINT('',(0.042,0.00665285405555445,0.00530414725867152));
#8898=CARTESIAN_POINT('',(0.042,0.00620675297896385,0.00779696007465979));
#8899=CARTESIAN_POINT('',(0.042717167429139,0.00620675297896385,0.00779696007465979));
#8900=CARTESIAN_POINT('',(0.042,0.00650415369669092,0.0075538845547042));
#8901=CARTESIAN_POINT('',(0.042717167429139,0.00650415369669092,0.0075538845547042));
#8902=CARTESIAN_POINT('',(0.042,0.00665285405555445,0.00718451286328719));
#8903=CARTESIAN_POINT('',(0.042717167429139,0.00665285405555445,0.00718451286328719));
#8904=CARTESIAN_POINT('',(0.042,0.00665285405555445,0.00668884500040874));
#8905=CARTESIAN_POINT('',(0.042717167429139,0.00665285405555445,0.00668884500040874));
#8906=CARTESIAN_POINT('',(0.042,0.00620675297896385,0.00779696007465979));
#8907=CARTESIAN_POINT('',(0.042,0.00620675297896385,0.00779696007465979));
#8908=CARTESIAN_POINT('',(0.042,0.00620675297896385,0.00779696007465979));
#8909=CARTESIAN_POINT('',(0.042,0.00665285405555445,0.00743234679472641));
#8910=CARTESIAN_POINT('',(0.042,0.00665285405555445,0.00668884500040874));
#8911=CARTESIAN_POINT('',(0.042,0.00492436108412474,0.00816157335459317));
#8912=CARTESIAN_POINT('',(0.042717167429139,0.00492436108412474,0.00816157335459317));
#8913=CARTESIAN_POINT('',(0.042,0.00548188829629041,0.00816157335459317));
#8914=CARTESIAN_POINT('',(0.042717167429139,0.00548188829629041,0.00816157335459317));
#8915=CARTESIAN_POINT('',(0.042,0.00590935226123678,0.00804003559461538));
#8916=CARTESIAN_POINT('',(0.042717167429139,0.00590935226123678,0.00804003559461538));
#8917=CARTESIAN_POINT('',(0.042,0.00620675297896385,0.00779696007465979));
#8918=CARTESIAN_POINT('',(0.042717167429139,0.00620675297896385,0.00779696007465979));
#8919=CARTESIAN_POINT('',(0.042,0.00492436108412474,0.00816157335459317));
#8920=CARTESIAN_POINT('',(0.042,0.00492436108412474,0.00816157335459317));
#8921=CARTESIAN_POINT('',(0.042,0.00492436108412474,0.00816157335459317));
#8922=CARTESIAN_POINT('',(0.042,0.00576065190237325,0.00816157335459317));
#8923=CARTESIAN_POINT('',(0.042,0.00620675297896385,0.00779696007465979));
#8924=CARTESIAN_POINT('',(0.042,0.0033338620457204,0.00778565884738616));
#8925=CARTESIAN_POINT('',(0.042717167429139,0.0033338620457204,0.00778565884738616));
#8926=CARTESIAN_POINT('',(0.042,0.00381208239982551,0.0080362685188575));
#8927=CARTESIAN_POINT('',(0.042717167429139,0.00381208239982551,0.0080362685188575));
#8928=CARTESIAN_POINT('',(0.042,0.0043422487459603,0.00816157335459317));
#8929=CARTESIAN_POINT('',(0.042717167429139,0.0043422487459603,0.00816157335459317));
#8930=CARTESIAN_POINT('',(0.042,0.00492436108412474,0.00816157335459317));
#8931=CARTESIAN_POINT('',(0.042717167429139,0.00492436108412474,0.00816157335459317));
#8932=CARTESIAN_POINT('',(0.042,0.0033338620457204,0.00778565884738616));
#8933=CARTESIAN_POINT('',(0.042,0.0033338620457204,0.00778565884738616));
#8934=CARTESIAN_POINT('',(0.042,0.0033338620457204,0.00778565884738616));
#8935=CARTESIAN_POINT('',(0.042,0.00405119257687808,0.00816157335459317));
#8936=CARTESIAN_POINT('',(0.042,0.00492436108412474,0.00816157335459317));
#8937=CARTESIAN_POINT('',(0.042,0.00352122449788845,0.0074026067229537));
#8938=CARTESIAN_POINT('',(0.042,0.0037085869500565,0.00701955459852124));
#8939=CARTESIAN_POINT('',(0.042,0.0037085869500565,0.00701955459852124));
#8940=CARTESIAN_POINT('',(0.042,0.00352122449788845,0.0074026067229537));
#8941=CARTESIAN_POINT('',(0.042,0.00488034577790113,0.00732052412486103));
#8942=CARTESIAN_POINT('',(0.042717167429139,0.00488034577790113,0.00732052412486103));
#8943=CARTESIAN_POINT('',(0.042,0.00454805004262742,0.00732052412486103));
#8944=CARTESIAN_POINT('',(0.042717167429139,0.00454805004262742,0.00732052412486103));
#8945=CARTESIAN_POINT('',(0.042,0.00415746376667921,0.00722020094941443));
#8946=CARTESIAN_POINT('',(0.042717167429139,0.00415746376667921,0.00722020094941443));
#8947=CARTESIAN_POINT('',(0.042,0.0037085869500565,0.00701955459852124));
#8948=CARTESIAN_POINT('',(0.042717167429139,0.0037085869500565,0.00701955459852124));
#8949=CARTESIAN_POINT('',(0.042,0.00488034577790113,0.00732052412486103));
#8950=CARTESIAN_POINT('',(0.042,0.00488034577790113,0.00732052412486103));
#8951=CARTESIAN_POINT('',(0.042,0.00488034577790113,0.00732052412486103));
#8952=CARTESIAN_POINT('',(0.042,0.00438190217499057,0.00732052412486103));
#8953=CARTESIAN_POINT('',(0.042,0.0037085869500565,0.00701955459852124));
#8954=CARTESIAN_POINT('',(0.042,0.00552748973967523,0.00668884500040874));
#8955=CARTESIAN_POINT('',(0.042717167429139,0.00552748973967523,0.00668884500040874));
#8956=CARTESIAN_POINT('',(0.042,0.00552748973967523,0.00710996441671027));
#8957=CARTESIAN_POINT('',(0.042717167429139,0.00552748973967523,0.00710996441671027));
#8958=CARTESIAN_POINT('',(0.042,0.00531177508575053,0.00732052412486103));
#8959=CARTESIAN_POINT('',(0.042717167429139,0.00531177508575053,0.00732052412486103));
#8960=CARTESIAN_POINT('',(0.042,0.00488034577790113,0.00732052412486103));
#8961=CARTESIAN_POINT('',(0.042717167429139,0.00488034577790113,0.00732052412486103));
#8962=CARTESIAN_POINT('',(0.042,0.00552748973967523,0.00668884500040874));
#8963=CARTESIAN_POINT('',(0.042,0.00552748973967523,0.00668884500040874));
#8964=CARTESIAN_POINT('',(0.042,0.00552748973967523,0.00668884500040874));
#8965=CARTESIAN_POINT('',(0.042,0.00552748973967523,0.00732052412486103));
#8966=CARTESIAN_POINT('',(0.042,0.00488034577790113,0.00732052412486103));
#8967=CARTESIAN_POINT('',(0.042,0.00552748973967523,0.00659784038078426));
#8968=CARTESIAN_POINT('',(0.042,0.00552748973967523,0.00650683576115978));
#8969=CARTESIAN_POINT('',(0.042,0.00552748973967523,0.00650683576115978));
#8970=CARTESIAN_POINT('',(0.042,0.00552748973967523,0.00659784038078426));
#8971=CARTESIAN_POINT('',(0.042,0.00516644526835457,0.00649553453388615));
#8972=CARTESIAN_POINT('',(0.042,0.00480540079703391,0.00648423330661252));
#8973=CARTESIAN_POINT('',(0.042,0.00480540079703391,0.00648423330661252));
#8974=CARTESIAN_POINT('',(0.042,0.00516644526835457,0.00649553453388615));
#8975=CARTESIAN_POINT('',(0.042,0.00340999662945853,0.00613686926830731));
#8976=CARTESIAN_POINT('',(0.042717167429139,0.00340999662945853,0.00613686926830731));
#8977=CARTESIAN_POINT('',(0.042,0.00371850030731407,0.00634623937358716));
#8978=CARTESIAN_POINT('',(0.042717167429139,0.00371850030731407,0.00634623937358716));
#8979=CARTESIAN_POINT('',(0.042,0.0041836350298392,0.00646202738635557));
#8980=CARTESIAN_POINT('',(0.042717167429139,0.0041836350298392,0.00646202738635557));
#8981=CARTESIAN_POINT('',(0.042,0.00480540079703391,0.00648423330661252));
#8982=CARTESIAN_POINT('',(0.042717167429139,0.00480540079703391,0.00648423330661252));
#8983=CARTESIAN_POINT('',(0.042,0.00340999662945853,0.00613686926830731));
#8984=CARTESIAN_POINT('',(0.042,0.00340999662945853,0.00613686926830731));
#8985=CARTESIAN_POINT('',(0.042,0.00340999662945853,0.00613686926830731));
#8986=CARTESIAN_POINT('',(0.042,0.00387275214624184,0.00645092442622709));
#8987=CARTESIAN_POINT('',(0.042,0.00480540079703391,0.00648423330661252));
#8988=CARTESIAN_POINT('',(0.042,0.00294724111267521,0.00516139491416253));
#8989=CARTESIAN_POINT('',(0.042717167429139,0.00294724111267521,0.00516139491416253));
#8990=CARTESIAN_POINT('',(0.042,0.00294724111267521,0.0056023410449792));
#8991=CARTESIAN_POINT('',(0.042717167429139,0.00294724111267521,0.0056023410449792));
#8992=CARTESIAN_POINT('',(0.042,0.00310149295160298,0.00592749916302746));
#8993=CARTESIAN_POINT('',(0.042717167429139,0.00310149295160298,0.00592749916302746));
#8994=CARTESIAN_POINT('',(0.042,0.00340999662945853,0.00613686926830731));
#8995=CARTESIAN_POINT('',(0.042717167429139,0.00340999662945853,0.00613686926830731));
#8996=CARTESIAN_POINT('',(0.042,0.00294724111267521,0.00516139491416253));
#8997=CARTESIAN_POINT('',(0.042,0.00294724111267521,0.00516139491416253));
#8998=CARTESIAN_POINT('',(0.042,0.00294724111267521,0.00516139491416253));
#8999=CARTESIAN_POINT('',(0.042,0.00294724111267521,0.00582281411038753));
#9000=CARTESIAN_POINT('',(0.042,0.00340999662945853,0.00613686926830731));
#9001=CARTESIAN_POINT('',(0.042,0.0032910363423677,0.00418711016288867));
#9002=CARTESIAN_POINT('',(0.042717167429139,0.0032910363423677,0.00418711016288867));
#9003=CARTESIAN_POINT('',(0.042,0.0030618395225727,0.00441551391410305));
#9004=CARTESIAN_POINT('',(0.042717167429139,0.0030618395225727,0.00441551391410305));
#9005=CARTESIAN_POINT('',(0.042,0.00294724111267521,0.004740275497861));
#9006=CARTESIAN_POINT('',(0.042717167429139,0.00294724111267521,0.004740275497861));
#9007=CARTESIAN_POINT('',(0.042,0.00294724111267521,0.00516139491416253));
#9008=CARTESIAN_POINT('',(0.042717167429139,0.00294724111267521,0.00516139491416253));
#9009=CARTESIAN_POINT('',(0.042,0.0032910363423677,0.00418711016288867));
#9010=CARTESIAN_POINT('',(0.042,0.0032910363423677,0.00418711016288867));
#9011=CARTESIAN_POINT('',(0.042,0.0032910363423677,0.00418711016288867));
#9012=CARTESIAN_POINT('',(0.042,0.00294724111267521,0.00452971578971024));
#9013=CARTESIAN_POINT('',(0.042,0.00294724111267521,0.00516139491416253));
#9014=CARTESIAN_POINT('',(0.042,0.00423320181612704,0.00384450453606709));
#9015=CARTESIAN_POINT('',(0.042717167429139,0.00423320181612704,0.00384450453606709));
#9016=CARTESIAN_POINT('',(0.042,0.00383428832008247,0.00384450453606709));
#9017=CARTESIAN_POINT('',(0.042717167429139,0.00383428832008247,0.00384450453606709));
#9018=CARTESIAN_POINT('',(0.042,0.00352023316216268,0.00395870641167428));
#9019=CARTESIAN_POINT('',(0.042717167429139,0.00352023316216268,0.00395870641167428));
#9020=CARTESIAN_POINT('',(0.042,0.0032910363423677,0.00418711016288867));
#9021=CARTESIAN_POINT('',(0.042717167429139,0.0032910363423677,0.00418711016288867));
#9022=CARTESIAN_POINT('',(0.042,0.00423320181612704,0.00384450453606709));
#9023=CARTESIAN_POINT('',(0.042,0.00423320181612704,0.00384450453606709));
#9024=CARTESIAN_POINT('',(0.042,0.00423320181612704,0.00384450453606709));
#9025=CARTESIAN_POINT('',(0.042,0.00363483157206018,0.00384450453606709));
#9026=CARTESIAN_POINT('',(0.042,0.0032910363423677,0.00418711016288867));
#9027=CARTESIAN_POINT('',(0.042,0.00502309812241013,0.0039842828733988));
#9028=CARTESIAN_POINT('',(0.042717167429139,0.00502309812241013,0.0039842828733988));
#9029=CARTESIAN_POINT('',(0.042,0.00482086563435572,0.00389109731517766));
#9030=CARTESIAN_POINT('',(0.042717167429139,0.00482086563435572,0.00389109731517766));
#9031=CARTESIAN_POINT('',(0.042,0.00455756686559469,0.00384450453606709));
#9032=CARTESIAN_POINT('',(0.042717167429139,0.00455756686559469,0.00384450453606709));
#9033=CARTESIAN_POINT('',(0.042,0.00423320181612704,0.00384450453606709));
#9034=CARTESIAN_POINT('',(0.042717167429139,0.00423320181612704,0.00384450453606709));
#9035=CARTESIAN_POINT('',(0.042,0.00502309812241013,0.0039842828733988));
#9036=CARTESIAN_POINT('',(0.042,0.00502309812241013,0.0039842828733988));
#9037=CARTESIAN_POINT('',(0.042,0.00502309812241013,0.0039842828733988));
#9038=CARTESIAN_POINT('',(0.042,0.00471974939032852,0.00384450453606709));
#9039=CARTESIAN_POINT('',(0.042,0.00423320181612704,0.00384450453606709));
#9040=CARTESIAN_POINT('',(0.042,0.00561195154350972,0.00448451088061573));
#9041=CARTESIAN_POINT('',(0.042717167429139,0.00561195154350972,0.00448451088061573));
#9042=CARTESIAN_POINT('',(0.042,0.00542161508416439,0.00424421110069226));
#9043=CARTESIAN_POINT('',(0.042717167429139,0.00542161508416439,0.00424421110069226));
#9044=CARTESIAN_POINT('',(0.042,0.00522533061046453,0.00407746843161995));
#9045=CARTESIAN_POINT('',(0.042717167429139,0.00522533061046453,0.00407746843161995));
#9046=CARTESIAN_POINT('',(0.042,0.00502309812241013,0.0039842828733988));
#9047=CARTESIAN_POINT('',(0.042717167429139,0.00502309812241013,0.0039842828733988));
#9048=CARTESIAN_POINT('',(0.042,0.00561195154350972,0.00448451088061573));
#9049=CARTESIAN_POINT('',(0.042,0.00561195154350972,0.00448451088061573));
#9050=CARTESIAN_POINT('',(0.042,0.00561195154350972,0.00448451088061573));
#9051=CARTESIAN_POINT('',(0.042,0.00532644685449173,0.00412406121073053));
#9052=CARTESIAN_POINT('',(0.042,0.00502309812241013,0.0039842828733988));
#9053=CARTESIAN_POINT('',(0.042,0.00562682157939607,0.00448451088061573));
#9054=CARTESIAN_POINT('',(0.042,0.00562682157939607,0.00448451088061573));
#9055=CARTESIAN_POINT('',(0.042,0.00508852628031008,0.00582995172761298));
#9056=CARTESIAN_POINT('',(0.042717167429139,0.00508852628031008,0.00582995172761298));
#9057=CARTESIAN_POINT('',(0.042,0.00475860975077819,0.00582043490464571));
#9058=CARTESIAN_POINT('',(0.042717167429139,0.00475860975077819,0.00582043490464571));
#9059=CARTESIAN_POINT('',(0.042,0.00451315502508078,0.00576115302824545));
#9060=CARTESIAN_POINT('',(0.042717167429139,0.00451315502508078,0.00576115302824545));
#9061=CARTESIAN_POINT('',(0.042,0.00435216210321787,0.00565210609841219));
#9062=CARTESIAN_POINT('',(0.042717167429139,0.00435216210321787,0.00565210609841219));
#9063=CARTESIAN_POINT('',(0.042,0.00508852628031008,0.00582995172761298));
#9064=CARTESIAN_POINT('',(0.042,0.00459365148601224,0.00581567649316208));
#9065=CARTESIAN_POINT('',(0.042,0.00435216210321787,0.00565210609841219));
#9066=CARTESIAN_POINT('',(0.042717167429139,0.00508852628031008,0.00582995172761298));
#9067=CARTESIAN_POINT('',(0.042717167429139,0.00459365148601224,0.00581567649316208));
#9068=CARTESIAN_POINT('',(0.042717167429139,0.00435216210321787,0.00565210609841219));
#9069=CARTESIAN_POINT('',(0.042,-6.93889390390723E-18,0.00591738753862473));
#9070=CARTESIAN_POINT('',(0.042,0.0184061304201281,0.00724676874686472));
#9071=CARTESIAN_POINT('',(0.042717167429139,0.0184061304201281,0.00724676874686472));
#9072=CARTESIAN_POINT('',(0.042,0.0181253841425937,0.00724676874686472));
#9073=CARTESIAN_POINT('',(0.042717167429139,0.0181253841425937,0.00724676874686472));
#9074=CARTESIAN_POINT('',(0.042,0.0179205741816524,0.00716072080586902));
#9075=CARTESIAN_POINT('',(0.042717167429139,0.0179205741816524,0.00716072080586902));
#9076=CARTESIAN_POINT('',(0.042,0.0177917005373039,0.00698862492387762));
#9077=CARTESIAN_POINT('',(0.042717167429139,0.0177917005373039,0.00698862492387762));
#9078=CARTESIAN_POINT('',(0.042,0.0184061304201281,0.00724676874686472));
#9079=CARTESIAN_POINT('',(0.042,0.0184061304201281,0.00724676874686472));
#9080=CARTESIAN_POINT('',(0.042717167429139,0.0184061304201281,0.00724676874686472));
#9081=CARTESIAN_POINT('',(0.042,0.0184061304201281,0.00724676874686472));
#9082=CARTESIAN_POINT('',(0.042,0.0179850110038265,0.00724676874686472));
#9083=CARTESIAN_POINT('',(0.042,0.0177917005373039,0.00698862492387762));
#9084=CARTESIAN_POINT('',(0.042,0.0177917005373039,0.00698862492387762));
#9085=CARTESIAN_POINT('',(0.042,0.0177917005373039,0.00698862492387762));
#9086=CARTESIAN_POINT('',(0.042717167429139,0.0177917005373039,0.00698862492387762));
#9087=CARTESIAN_POINT('',(0.042717167429139,0.0184061304201281,0.00724676874686472));
#9088=CARTESIAN_POINT('',(0.042717167429139,0.0179850110038265,0.00724676874686472));
#9089=CARTESIAN_POINT('',(0.042717167429139,0.0177917005373039,0.00698862492387762));
#9090=CARTESIAN_POINT('',(0.042,0.0189949838412277,0.00693985120617038));
#9091=CARTESIAN_POINT('',(0.042717167429139,0.0189949838412277,0.00693985120617038));
#9092=CARTESIAN_POINT('',(0.042,0.018869679005492,0.00714446289996661));
#9093=CARTESIAN_POINT('',(0.042717167429139,0.018869679005492,0.00714446289996661));
#9094=CARTESIAN_POINT('',(0.042,0.0186733945317921,0.00724676874686472));
#9095=CARTESIAN_POINT('',(0.042717167429139,0.0186733945317921,0.00724676874686472));
#9096=CARTESIAN_POINT('',(0.042,0.0184061304201281,0.00724676874686472));
#9097=CARTESIAN_POINT('',(0.042717167429139,0.0184061304201281,0.00724676874686472));
#9098=CARTESIAN_POINT('',(0.042,0.0189949838412277,0.00693985120617038));
#9099=CARTESIAN_POINT('',(0.042,0.0189949838412277,0.00693985120617038));
#9100=CARTESIAN_POINT('',(0.042717167429139,0.0189949838412277,0.00693985120617038));
#9101=CARTESIAN_POINT('',(0.042,0.0189949838412277,0.00693985120617038));
#9102=CARTESIAN_POINT('',(0.042,0.0188070265876242,0.00724676874686472));
#9103=CARTESIAN_POINT('',(0.042,0.0184061304201281,0.00724676874686472));
#9104=CARTESIAN_POINT('',(0.042717167429139,0.0189949838412277,0.00693985120617038));
#9105=CARTESIAN_POINT('',(0.042717167429139,0.0188070265876242,0.00724676874686472));
#9106=CARTESIAN_POINT('',(0.042717167429139,0.0184061304201281,0.00724676874686472));
#9107=CARTESIAN_POINT('',(0.042,0.0191829410948312,0.0060202881869583));
#9108=CARTESIAN_POINT('',(0.042717167429139,0.0191829410948312,0.0060202881869583));
#9109=CARTESIAN_POINT('',(0.042,0.0191829410948312,0.00642871850597013));
#9110=CARTESIAN_POINT('',(0.042717167429139,0.0191829410948312,0.00642871850597013));
#9111=CARTESIAN_POINT('',(0.042,0.0191202886769634,0.00673523951237416));
#9112=CARTESIAN_POINT('',(0.042717167429139,0.0191202886769634,0.00673523951237416));
#9113=CARTESIAN_POINT('',(0.042,0.0189949838412277,0.00693985120617038));
#9114=CARTESIAN_POINT('',(0.042717167429139,0.0189949838412277,0.00693985120617038));
#9115=CARTESIAN_POINT('',(0.042,0.0191829410948312,0.0060202881869583));
#9116=CARTESIAN_POINT('',(0.042,0.0191829410948312,0.0060202881869583));
#9117=CARTESIAN_POINT('',(0.042717167429139,0.0191829410948312,0.0060202881869583));
#9118=CARTESIAN_POINT('',(0.042,0.0191829410948312,0.0060202881869583));
#9119=CARTESIAN_POINT('',(0.042,0.0191829410948312,0.00663293366547605));
#9120=CARTESIAN_POINT('',(0.042,0.0189949838412277,0.00693985120617038));
#9121=CARTESIAN_POINT('',(0.042717167429139,0.0191829410948312,0.0060202881869583));
#9122=CARTESIAN_POINT('',(0.042717167429139,0.0191829410948312,0.00663293366547605));
#9123=CARTESIAN_POINT('',(0.042717167429139,0.0189949838412277,0.00693985120617038));
#9124=CARTESIAN_POINT('',(0.042,0.018420405654579,0.00476287795240826));
#9125=CARTESIAN_POINT('',(0.042717167429139,0.018420405654579,0.00476287795240826));
#9126=CARTESIAN_POINT('',(0.042,0.0189287626147471,0.00476287795240826));
#9127=CARTESIAN_POINT('',(0.042717167429139,0.0189287626147471,0.00476287795240826));
#9128=CARTESIAN_POINT('',(0.042,0.0191829410948312,0.00518201469725827));
#9129=CARTESIAN_POINT('',(0.042717167429139,0.0191829410948312,0.00518201469725827));
#9130=CARTESIAN_POINT('',(0.042,0.0191829410948312,0.0060202881869583));
#9131=CARTESIAN_POINT('',(0.042717167429139,0.0191829410948312,0.0060202881869583));
#9132=CARTESIAN_POINT('',(0.042,0.018420405654579,0.00476287795240826));
#9133=CARTESIAN_POINT('',(0.042,0.018420405654579,0.00476287795240826));
#9134=CARTESIAN_POINT('',(0.042717167429139,0.018420405654579,0.00476287795240826));
#9135=CARTESIAN_POINT('',(0.042,0.018420405654579,0.00476287795240826));
#9136=CARTESIAN_POINT('',(0.042,0.0191829410948312,0.00476287795240826));
#9137=CARTESIAN_POINT('',(0.042,0.0191829410948312,0.0060202881869583));
#9138=CARTESIAN_POINT('',(0.042717167429139,0.018420405654579,0.00476287795240826));
#9139=CARTESIAN_POINT('',(0.042717167429139,0.0191829410948312,0.00476287795240826));
#9140=CARTESIAN_POINT('',(0.042717167429139,0.0191829410948312,0.0060202881869583));
#9141=CARTESIAN_POINT('',(0.042,0.0177905109344331,0.00505314105290988));
#9142=CARTESIAN_POINT('',(0.042717167429139,0.0177905109344331,0.00505314105290988));
#9143=CARTESIAN_POINT('',(0.042,0.0179233499216845,0.00485963231924213));
#9144=CARTESIAN_POINT('',(0.042717167429139,0.0179233499216845,0.00485963231924213));
#9145=CARTESIAN_POINT('',(0.042,0.0181333148283998,0.00476287795240826));
#9146=CARTESIAN_POINT('',(0.042717167429139,0.0181333148283998,0.00476287795240826));
#9147=CARTESIAN_POINT('',(0.042,0.018420405654579,0.00476287795240826));
#9148=CARTESIAN_POINT('',(0.042717167429139,0.018420405654579,0.00476287795240826));
#9149=CARTESIAN_POINT('',(0.042,0.0177905109344331,0.00505314105290988));
#9150=CARTESIAN_POINT('',(0.042,0.0177905109344331,0.00505314105290988));
#9151=CARTESIAN_POINT('',(0.042717167429139,0.0177905109344331,0.00505314105290988));
#9152=CARTESIAN_POINT('',(0.042,0.0177905109344331,0.00505314105290988));
#9153=CARTESIAN_POINT('',(0.042,0.0179897694153102,0.00476287795240826));
#9154=CARTESIAN_POINT('',(0.042,0.018420405654579,0.00476287795240826));
#9155=CARTESIAN_POINT('',(0.042717167429139,0.0177905109344331,0.00505314105290988));
#9156=CARTESIAN_POINT('',(0.042717167429139,0.0179897694153102,0.00476287795240826));
#9157=CARTESIAN_POINT('',(0.042717167429139,0.018420405654579,0.00476287795240826));
#9158=CARTESIAN_POINT('',(0.042,0.0175912524535559,0.00601196096686194));
#9159=CARTESIAN_POINT('',(0.042717167429139,0.0175912524535559,0.00601196096686194));
#9160=CARTESIAN_POINT('',(0.042,0.0175912524535559,0.00556625642456165));
#9161=CARTESIAN_POINT('',(0.042717167429139,0.0175912524535559,0.00556625642456165));
#9162=CARTESIAN_POINT('',(0.042,0.0176576719471816,0.00524664978657763));
#9163=CARTESIAN_POINT('',(0.042717167429139,0.0176576719471816,0.00524664978657763));
#9164=CARTESIAN_POINT('',(0.042,0.0177905109344331,0.00505314105290988));
#9165=CARTESIAN_POINT('',(0.042717167429139,0.0177905109344331,0.00505314105290988));
#9166=CARTESIAN_POINT('',(0.042,0.0175912524535559,0.00601196096686194));
#9167=CARTESIAN_POINT('',(0.042,0.0175912524535559,0.00601196096686194));
#9168=CARTESIAN_POINT('',(0.042717167429139,0.0175912524535559,0.00601196096686194));
#9169=CARTESIAN_POINT('',(0.042,0.0175912524535559,0.00601196096686194));
#9170=CARTESIAN_POINT('',(0.042,0.0175912524535559,0.0053434041534115));
#9171=CARTESIAN_POINT('',(0.042,0.0177905109344331,0.00505314105290988));
#9172=CARTESIAN_POINT('',(0.042717167429139,0.0175912524535559,0.00601196096686194));
#9173=CARTESIAN_POINT('',(0.042717167429139,0.0175912524535559,0.0053434041534115));
#9174=CARTESIAN_POINT('',(0.042717167429139,0.0177905109344331,0.00505314105290988));
#9175=CARTESIAN_POINT('',(0.042,0.0175912524535559,0.00607382031614917));
#9176=CARTESIAN_POINT('',(0.042,0.0175912524535559,0.0061356796654364));
#9177=CARTESIAN_POINT('',(0.042,0.0175912524535559,0.0061356796654364));
#9178=CARTESIAN_POINT('',(0.042717167429139,0.0175912524535559,0.0061356796654364));
#9179=CARTESIAN_POINT('',(0.042,0.0175912524535559,0.00607382031614917));
#9180=CARTESIAN_POINT('',(0.042717167429139,0.0175912524535559,0.003));
#9181=CARTESIAN_POINT('',(0.042,0.0187404088268533,0.00384450453606709));
#9182=CARTESIAN_POINT('',(0.042717167429139,0.0187404088268533,0.00384450453606709));
#9183=CARTESIAN_POINT('',(0.042,0.0182518785812003,0.00384450453606709));
#9184=CARTESIAN_POINT('',(0.042717167429139,0.0182518785812003,0.00384450453606709));
#9185=CARTESIAN_POINT('',(0.042,0.0178688264567678,0.00402175536383242));
#9186=CARTESIAN_POINT('',(0.042717167429139,0.0178688264567678,0.00402175536383242));
#9187=CARTESIAN_POINT('',(0.042,0.0175912524535559,0.00437625701936308));
#9188=CARTESIAN_POINT('',(0.042717167429139,0.0175912524535559,0.00437625701936308));
#9189=CARTESIAN_POINT('',(0.042,0.0187404088268533,0.00384450453606709));
#9190=CARTESIAN_POINT('',(0.042,0.0187404088268533,0.00384450453606709));
#9191=CARTESIAN_POINT('',(0.042,0.0187404088268533,0.00384450453606709));
#9192=CARTESIAN_POINT('',(0.042,0.0180076134583738,0.00384450453606709));
#9193=CARTESIAN_POINT('',(0.042,0.0175912524535559,0.00437625701936308));
#9194=CARTESIAN_POINT('',(0.042,0.0175912524535559,0.00437625701936308));
#9195=CARTESIAN_POINT('',(0.042,0.0175912524535559,0.00437625701936308));
#9196=CARTESIAN_POINT('',(0.042,0.01958740607094,0.00410145875618327));
#9197=CARTESIAN_POINT('',(0.042717167429139,0.01958740607094,0.00410145875618327));
#9198=CARTESIAN_POINT('',(0.042,0.0193471062910165,0.00393015594277248));
#9199=CARTESIAN_POINT('',(0.042717167429139,0.0193471062910165,0.00393015594277248));
#9200=CARTESIAN_POINT('',(0.042,0.019064773876321,0.00384450453606709));
#9201=CARTESIAN_POINT('',(0.042717167429139,0.019064773876321,0.00384450453606709));
#9202=CARTESIAN_POINT('',(0.042,0.0187404088268533,0.00384450453606709));
#9203=CARTESIAN_POINT('',(0.042717167429139,0.0187404088268533,0.00384450453606709));
#9204=CARTESIAN_POINT('',(0.042,0.01958740607094,0.00410145875618327));
#9205=CARTESIAN_POINT('',(0.042,0.01958740607094,0.00410145875618327));
#9206=CARTESIAN_POINT('',(0.042,0.01958740607094,0.00410145875618327));
#9207=CARTESIAN_POINT('',(0.042,0.0192269564010548,0.00384450453606709));
#9208=CARTESIAN_POINT('',(0.042,0.0187404088268533,0.00384450453606709));
#9209=CARTESIAN_POINT('',(0.042,0.0201435454130896,0.00484912416054911));
#9210=CARTESIAN_POINT('',(0.042717167429139,0.0201435454130896,0.00484912416054911));
#9211=CARTESIAN_POINT('',(0.042,0.02001308563158,0.00452198337104934));
#9212=CARTESIAN_POINT('',(0.042717167429139,0.02001308563158,0.00452198337104934));
#9213=CARTESIAN_POINT('',(0.042,0.0198277058508635,0.00427276156959406));
#9214=CARTESIAN_POINT('',(0.042717167429139,0.0198277058508635,0.00427276156959406));
#9215=CARTESIAN_POINT('',(0.042,0.01958740607094,0.00410145875618327));
#9216=CARTESIAN_POINT('',(0.042717167429139,0.01958740607094,0.00410145875618327));
#9217=CARTESIAN_POINT('',(0.042,0.0201435454130896,0.00484912416054911));
#9218=CARTESIAN_POINT('',(0.042,0.0201435454130896,0.00484912416054911));
#9219=CARTESIAN_POINT('',(0.042,0.0201435454130896,0.00484912416054911));
#9220=CARTESIAN_POINT('',(0.042,0.0199478557408252,0.00435841297629946));
#9221=CARTESIAN_POINT('',(0.042,0.01958740607094,0.00410145875618327));
#9222=CARTESIAN_POINT('',(0.042,0.020339235085354,0.00600482334963649));
#9223=CARTESIAN_POINT('',(0.042717167429139,0.020339235085354,0.00600482334963649));
#9224=CARTESIAN_POINT('',(0.042,0.020339235085354,0.00556149801307801));
#9225=CARTESIAN_POINT('',(0.042717167429139,0.020339235085354,0.00556149801307801));
#9226=CARTESIAN_POINT('',(0.042,0.0202740051945992,0.00517626495004888));
#9227=CARTESIAN_POINT('',(0.042717167429139,0.0202740051945992,0.00517626495004888));
#9228=CARTESIAN_POINT('',(0.042,0.0201435454130896,0.00484912416054911));
#9229=CARTESIAN_POINT('',(0.042717167429139,0.0201435454130896,0.00484912416054911));
#9230=CARTESIAN_POINT('',(0.042,0.020339235085354,0.00600482334963649));
#9231=CARTESIAN_POINT('',(0.042,0.020339235085354,0.00600482334963649));
#9232=CARTESIAN_POINT('',(0.042,0.020339235085354,0.00600482334963649));
#9233=CARTESIAN_POINT('',(0.042,0.020339235085354,0.00533983534479877));
#9234=CARTESIAN_POINT('',(0.042,0.0201435454130896,0.00484912416054911));
#9235=CARTESIAN_POINT('',(0.042,0.0199228740805361,0.00758461596220266));
#9236=CARTESIAN_POINT('',(0.042717167429139,0.0199228740805361,0.00758461596220266));
#9237=CARTESIAN_POINT('',(0.042,0.020200448083748,0.00720552918067323));
#9238=CARTESIAN_POINT('',(0.042717167429139,0.020200448083748,0.00720552918067323));
#9239=CARTESIAN_POINT('',(0.042,0.020339235085354,0.00667893164315117));
#9240=CARTESIAN_POINT('',(0.042717167429139,0.020339235085354,0.00667893164315117));
#9241=CARTESIAN_POINT('',(0.042,0.020339235085354,0.00600482334963649));
#9242=CARTESIAN_POINT('',(0.042717167429139,0.020339235085354,0.00600482334963649));
#9243=CARTESIAN_POINT('',(0.042,0.0199228740805361,0.00758461596220266));
#9244=CARTESIAN_POINT('',(0.042,0.0199228740805361,0.00758461596220266));
#9245=CARTESIAN_POINT('',(0.042,0.0199228740805361,0.00758461596220266));
#9246=CARTESIAN_POINT('',(0.042,0.020339235085354,0.00701598578990851));
#9247=CARTESIAN_POINT('',(0.042,0.020339235085354,0.00600482334963649));
#9248=CARTESIAN_POINT('',(0.042,0.018770148898626,0.00815324613449681));
#9249=CARTESIAN_POINT('',(0.042717167429139,0.018770148898626,0.00815324613449681));
#9250=CARTESIAN_POINT('',(0.042,0.0192610583500208,0.00815324613449681));
#9251=CARTESIAN_POINT('',(0.042717167429139,0.0192610583500208,0.00815324613449681));
#9252=CARTESIAN_POINT('',(0.042,0.0196453000773242,0.00796370274373209));
#9253=CARTESIAN_POINT('',(0.042717167429139,0.0196453000773242,0.00796370274373209));
#9254=CARTESIAN_POINT('',(0.042,0.0199228740805361,0.00758461596220266));
#9255=CARTESIAN_POINT('',(0.042717167429139,0.0199228740805361,0.00758461596220266));
#9256=CARTESIAN_POINT('',(0.042,0.018770148898626,0.00815324613449681));
#9257=CARTESIAN_POINT('',(0.042,0.018770148898626,0.00815324613449681));
#9258=CARTESIAN_POINT('',(0.042,0.018770148898626,0.00815324613449681));
#9259=CARTESIAN_POINT('',(0.042,0.0195065130757182,0.00815324613449681));
#9260=CARTESIAN_POINT('',(0.042,0.0199228740805361,0.00758461596220266));
#9261=CARTESIAN_POINT('',(0.042,0.0175912524535559,0.00753703184736633));
#9262=CARTESIAN_POINT('',(0.042717167429139,0.0175912524535559,0.00753703184736633));
#9263=CARTESIAN_POINT('',(0.042,0.0178569304280588,0.00794784137211998));
#9264=CARTESIAN_POINT('',(0.042717167429139,0.0178569304280588,0.00794784137211998));
#9265=CARTESIAN_POINT('',(0.042,0.0182498959097488,0.00815324613449681));
#9266=CARTESIAN_POINT('',(0.042717167429139,0.0182498959097488,0.00815324613449681));
#9267=CARTESIAN_POINT('',(0.042,0.018770148898626,0.00815324613449681));
#9268=CARTESIAN_POINT('',(0.042717167429139,0.018770148898626,0.00815324613449681));
#9269=CARTESIAN_POINT('',(0.042,0.0175912524535559,0.00753703184736633));
#9270=CARTESIAN_POINT('',(0.042,0.0175912524535559,0.00753703184736633));
#9271=CARTESIAN_POINT('',(0.042,0.0175912524535559,0.00753703184736633));
#9272=CARTESIAN_POINT('',(0.042,0.0179897694153102,0.00815324613449681));
#9273=CARTESIAN_POINT('',(0.042,0.018770148898626,0.00815324613449681));
#9274=CARTESIAN_POINT('',(0.042,0.017565081190396,0.00753703184736633));
#9275=CARTESIAN_POINT('',(0.042,0.017538909927236,0.00753703184736633));
#9276=CARTESIAN_POINT('',(0.042,0.017538909927236,0.00753703184736633));
#9277=CARTESIAN_POINT('',(0.042,0.017565081190396,0.00753703184736633));
#9278=CARTESIAN_POINT('',(0.042,0.0174592065348851,0.00780647689762705));
#9279=CARTESIAN_POINT('',(0.042,0.0173795031425342,0.00807592194788778));
#9280=CARTESIAN_POINT('',(0.042,0.0173795031425342,0.00807592194788778));
#9281=CARTESIAN_POINT('',(0.042,0.0174592065348851,0.00780647689762705));
#9282=CARTESIAN_POINT('',(0.042,0.0169185320300573,0.00807592194788778));
#9283=CARTESIAN_POINT('',(0.042,0.0164575609175803,0.00807592194788778));
#9284=CARTESIAN_POINT('',(0.042,0.0164575609175803,0.00807592194788778));
#9285=CARTESIAN_POINT('',(0.042,0.0169185320300573,0.00807592194788778));
#9286=CARTESIAN_POINT('',(0.042,0.0164575609175803,0.00508288112468259));
#9287=CARTESIAN_POINT('',(0.042,0.0164575609175803,0.0020898403014774));
#9288=CARTESIAN_POINT('',(0.042,0.0164575609175803,0.0020898403014774));
#9289=CARTESIAN_POINT('',(0.042,0.0164575609175803,0.00508288112468259));
#9290=CARTESIAN_POINT('',(0.042,0.0170244066855681,0.0020898403014774));
#9291=CARTESIAN_POINT('',(0.042,0.0175912524535559,0.0020898403014774));
#9292=CARTESIAN_POINT('',(0.042,0.0175912524535559,0.0020898403014774));
#9293=CARTESIAN_POINT('',(0.042,0.0170244066855681,0.0020898403014774));
#9294=CARTESIAN_POINT('',(0.042,0.0175912524535559,0.00293207913408045));
#9295=CARTESIAN_POINT('',(0.042,0.0175912524535559,0.0037743179666835));
#9296=CARTESIAN_POINT('',(0.042,0.0175912524535559,0.0037743179666835));
#9297=CARTESIAN_POINT('',(0.042,0.0175912524535559,0.00293207913408045));
#9298=CARTESIAN_POINT('',(0.042,0.0175317723100105,0.00437625701936308));
#9299=CARTESIAN_POINT('',(0.042717167429139,0.0175317723100105,0.00437625701936308));
#9300=CARTESIAN_POINT('',(0.042,0.0175714257390408,0.00402968604963847));
#9301=CARTESIAN_POINT('',(0.042717167429139,0.0175714257390408,0.00402968604963847));
#9302=CARTESIAN_POINT('',(0.042,0.0175912524535559,0.00382903969874527));
#9303=CARTESIAN_POINT('',(0.042717167429139,0.0175912524535559,0.00382903969874527));
#9304=CARTESIAN_POINT('',(0.042,0.0175912524535559,0.0037743179666835));
#9305=CARTESIAN_POINT('',(0.042717167429139,0.0175912524535559,0.0037743179666835));
#9306=CARTESIAN_POINT('',(0.042,0.0175317723100105,0.00437625701936308));
#9307=CARTESIAN_POINT('',(0.042,0.0175317723100105,0.00437625701936308));
#9308=CARTESIAN_POINT('',(0.042,0.0175317723100105,0.00437625701936308));
#9309=CARTESIAN_POINT('',(0.042,0.0175912524535559,0.00385640056477617));
#9310=CARTESIAN_POINT('',(0.042,0.0175912524535559,0.0037743179666835));
#9311=CARTESIAN_POINT('',(0.042,0.0175615123817832,0.00437625701936308));
#9312=CARTESIAN_POINT('',(0.042,0.0175615123817832,0.00437625701936308));
#9313=CARTESIAN_POINT('',(0.042,0.0177917005373039,0.00698862492387762));
#9314=CARTESIAN_POINT('',(0.042717167429139,0.0177917005373039,0.00698862492387762));
#9315=CARTESIAN_POINT('',(0.042,0.0176628268929556,0.00681652904188623));
#9316=CARTESIAN_POINT('',(0.042717167429139,0.0176628268929556,0.00681652904188623));
#9317=CARTESIAN_POINT('',(0.042,0.0175960108650395,0.00653221395573915));
#9318=CARTESIAN_POINT('',(0.042717167429139,0.0175960108650395,0.00653221395573915));
#9319=CARTESIAN_POINT('',(0.042,0.0175912524535559,0.0061356796654364));
#9320=CARTESIAN_POINT('',(0.042717167429139,0.0175912524535559,0.0061356796654364));
#9321=CARTESIAN_POINT('',(0.042,0.0177917005373039,0.00698862492387762));
#9322=CARTESIAN_POINT('',(0.042,0.0175983900707814,0.00673048110089053));
#9323=CARTESIAN_POINT('',(0.042,0.0175912524535559,0.0061356796654364));
#9324=CARTESIAN_POINT('',(0.042717167429139,0.0177917005373039,0.00698862492387762));
#9325=CARTESIAN_POINT('',(0.042717167429139,0.0175983900707814,0.00673048110089053));
#9326=CARTESIAN_POINT('',(0.042717167429139,0.0175912524535559,0.0061356796654364));
#9327=CARTESIAN_POINT('',(0.042,-6.93889390390723E-18,0.00591738753862473));
#9328=CARTESIAN_POINT('',(0.042,0.00148819319150622,0.0039194495169343));
#9329=CARTESIAN_POINT('',(0.042,0.00205503895949401,0.0039194495169343));
#9330=CARTESIAN_POINT('',(0.042,0.00205503895949401,0.0039194495169343));
#9331=CARTESIAN_POINT('',(0.042,0.00148819319150622,0.0039194495169343));
#9332=CARTESIAN_POINT('',(0.042,0.000921347423518435,0.0039194495169343));
#9333=CARTESIAN_POINT('',(0.042,0.000921347423518435,0.0039194495169343));
#9334=CARTESIAN_POINT('',(0.042,0.00205503895949401,0.00527440718689882));
#9335=CARTESIAN_POINT('',(0.042,0.00205503895949401,0.00662936485686333));
#9336=CARTESIAN_POINT('',(0.042,0.00205503895949401,0.00662936485686333));
#9337=CARTESIAN_POINT('',(0.042,0.00205503895949401,0.00527440718689882));
#9338=CARTESIAN_POINT('',(0.042,0.00167615044510973,0.00775948758422618));
#9339=CARTESIAN_POINT('',(0.042717167429139,0.00167615044510973,0.00775948758422618));
#9340=CARTESIAN_POINT('',(0.042,0.00192874278803259,0.00749698188404575));
#9341=CARTESIAN_POINT('',(0.042717167429139,0.00192874278803259,0.00749698188404575));
#9342=CARTESIAN_POINT('',(0.042,0.00205503895949401,0.00712027430825814));
#9343=CARTESIAN_POINT('',(0.042717167429139,0.00205503895949401,0.00712027430825814));
#9344=CARTESIAN_POINT('',(0.042,0.00205503895949401,0.00662936485686333));
#9345=CARTESIAN_POINT('',(0.042717167429139,0.00205503895949401,0.00662936485686333));
#9346=CARTESIAN_POINT('',(0.042,0.00167615044510973,0.00775948758422618));
#9347=CARTESIAN_POINT('',(0.042,0.00167615044510973,0.00775948758422618));
#9348=CARTESIAN_POINT('',(0.042,0.00167615044510973,0.00775948758422618));
#9349=CARTESIAN_POINT('',(0.042,0.00205503895949401,0.00736572903395554));
#9350=CARTESIAN_POINT('',(0.042,0.00205503895949401,0.00662936485686333));
#9351=CARTESIAN_POINT('',(0.042,0.000564466562245958,0.00815324613449681));
#9352=CARTESIAN_POINT('',(0.042717167429139,0.000564466562245958,0.00815324613449681));
#9353=CARTESIAN_POINT('',(0.042,0.00105299680789895,0.00815324613449681));
#9354=CARTESIAN_POINT('',(0.042717167429139,0.00105299680789895,0.00815324613449681));
#9355=CARTESIAN_POINT('',(0.042,0.00142355810218688,0.0080219932844066));
#9356=CARTESIAN_POINT('',(0.042717167429139,0.00142355810218688,0.0080219932844066));
#9357=CARTESIAN_POINT('',(0.042,0.00167615044510973,0.00775948758422618));
#9358=CARTESIAN_POINT('',(0.042717167429139,0.00167615044510973,0.00775948758422618));
#9359=CARTESIAN_POINT('',(0.042,0.000564466562245958,0.00815324613449681));
#9360=CARTESIAN_POINT('',(0.042,0.000564466562245958,0.00815324613449681));
#9361=CARTESIAN_POINT('',(0.042,0.000564466562245958,0.00815324613449681));
#9362=CARTESIAN_POINT('',(0.042,0.00129726193072545,0.00815324613449681));
#9363=CARTESIAN_POINT('',(0.042,0.00167615044510973,0.00775948758422618));
#9364=CARTESIAN_POINT('',(0.042,-0.000640601145984111,0.00754416946459178));
#9365=CARTESIAN_POINT('',(0.042717167429139,-0.000640601145984111,0.00754416946459178));
#9366=CARTESIAN_POINT('',(0.042,-0.000387612268770955,0.0079502205778618));
#9367=CARTESIAN_POINT('',(0.042717167429139,-0.000387612268770955,0.0079502205778618));
#9368=CARTESIAN_POINT('',(0.042,1.4076967305735E-5,0.00815324613449681));
#9369=CARTESIAN_POINT('',(0.042717167429139,1.4076967305735E-5,0.00815324613449681));
#9370=CARTESIAN_POINT('',(0.042,0.000564466562245958,0.00815324613449681));
#9371=CARTESIAN_POINT('',(0.042717167429139,0.000564466562245958,0.00815324613449681));
#9372=CARTESIAN_POINT('',(0.042,-0.000640601145984111,0.00754416946459178));
#9373=CARTESIAN_POINT('',(0.042,-0.000640601145984111,0.00754416946459178));
#9374=CARTESIAN_POINT('',(0.042,-0.000640601145984111,0.00754416946459178));
#9375=CARTESIAN_POINT('',(0.042,-0.000261117830164376,0.00815324613449681));
#9376=CARTESIAN_POINT('',(0.042,0.000564466562245958,0.00815324613449681));
#9377=CARTESIAN_POINT('',(0.042,-0.000670341217756819,0.00754416946459178));
#9378=CARTESIAN_POINT('',(0.042,-0.000700081289529527,0.00754416946459178));
#9379=CARTESIAN_POINT('',(0.042,-0.000700081289529527,0.00754416946459178));
#9380=CARTESIAN_POINT('',(0.042,-0.000670341217756819,0.00754416946459178));
#9381=CARTESIAN_POINT('',(0.042,-0.000686995657949538,0.00771130866795439));
#9382=CARTESIAN_POINT('',(0.042,-0.000673910026369547,0.007878447871317));
#9383=CARTESIAN_POINT('',(0.042,-0.000674113582468726,0.00787845973301317));
#9384=CARTESIAN_POINT('',(0.042,-0.000686995657949538,0.00771130866795439));
#9385=CARTESIAN_POINT('',(0.042,-0.020692150441266,0.00904495816759818));
#9386=CARTESIAN_POINT('',(0.042,-0.000647738763209563,0.0085255918330911));
#9387=CARTESIAN_POINT('',(0.04200000025,-0.000647412710063426,0.00852558338479987));
#9388=CARTESIAN_POINT('',(0.042,-0.020692150441266,0.00904495816759818));
#9389=CARTESIAN_POINT('',(0.042,-0.000647738763209563,0.00911504005562614));
#9390=CARTESIAN_POINT('',(0.042,-0.000647738763209563,0.00970448827816119));
#9391=CARTESIAN_POINT('',(0.042,-0.000647738763209563,0.00970448827816119));
#9392=CARTESIAN_POINT('',(0.042,-0.000647738763209563,0.00911504005562614));
#9393=CARTESIAN_POINT('',(0.042,-0.00121458453119735,0.00970448827816119));
#9394=CARTESIAN_POINT('',(0.042,-0.00178143029918513,0.00970448827816119));
#9395=CARTESIAN_POINT('',(0.042,-0.00178143029918513,0.00970448827816119));
#9396=CARTESIAN_POINT('',(0.042,-0.00121458453119735,0.00970448827816119));
#9397=CARTESIAN_POINT('',(0.042,-0.00178143029918513,0.00681196889754775));
#9398=CARTESIAN_POINT('',(0.042,-0.00178143029918513,0.0039194495169343));
#9399=CARTESIAN_POINT('',(0.042,-0.00178143029918513,0.0039194495169343));
#9400=CARTESIAN_POINT('',(0.042,-0.00178143029918513,0.00681196889754775));
#9401=CARTESIAN_POINT('',(0.042,-0.00121458453119735,0.0039194495169343));
#9402=CARTESIAN_POINT('',(0.042,-0.000647738763209563,0.0039194495169343));
#9403=CARTESIAN_POINT('',(0.042,-0.000647738763209563,0.0039194495169343));
#9404=CARTESIAN_POINT('',(0.042,-0.00121458453119735,0.0039194495169343));
#9405=CARTESIAN_POINT('',(0.042,-0.000647738763209563,0.0048973030768209));
#9406=CARTESIAN_POINT('',(0.042,-0.000647738763209563,0.00587515663670749));
#9407=CARTESIAN_POINT('',(0.042,-0.000647738763209563,0.00587515663670749));
#9408=CARTESIAN_POINT('',(0.042,-0.000647738763209563,0.0048973030768209));
#9409=CARTESIAN_POINT('',(0.042,-0.000435989452187893,0.00692319676597767));
#9410=CARTESIAN_POINT('',(0.042717167429139,-0.000435989452187893,0.00692319676597767));
#9411=CARTESIAN_POINT('',(0.042,-0.000577155659535673,0.00670748211205297));
#9412=CARTESIAN_POINT('',(0.042717167429139,-0.000577155659535673,0.00670748211205297));
#9413=CARTESIAN_POINT('',(0.042,-0.000647738763209563,0.00635813540229624));
#9414=CARTESIAN_POINT('',(0.042717167429139,-0.000647738763209563,0.00635813540229624));
#9415=CARTESIAN_POINT('',(0.042,-0.000647738763209563,0.00587515663670749));
#9416=CARTESIAN_POINT('',(0.042717167429139,-0.000647738763209563,0.00587515663670749));
#9417=CARTESIAN_POINT('',(0.042,-0.000435989452187893,0.00692319676597767));
#9418=CARTESIAN_POINT('',(0.042,-0.000435989452187893,0.00692319676597767));
#9419=CARTESIAN_POINT('',(0.042,-0.000435989452187893,0.00692319676597767));
#9420=CARTESIAN_POINT('',(0.042,-0.000647738763209563,0.00659962478509062));
#9421=CARTESIAN_POINT('',(0.042,-0.000647738763209563,0.00587515663670749));
#9422=CARTESIAN_POINT('',(0.042,0.000251601007197084,0.00724676874686472));
#9423=CARTESIAN_POINT('',(0.042717167429139,0.000251601007197084,0.00724676874686472));
#9424=CARTESIAN_POINT('',(0.042,-6.56264250451197E-5,0.00724676874686472));
#9425=CARTESIAN_POINT('',(0.042717167429139,-6.56264250451197E-5,0.00724676874686472));
#9426=CARTESIAN_POINT('',(0.042,-0.000294823244840112,0.00713891141990237));
#9427=CARTESIAN_POINT('',(0.042717167429139,-0.000294823244840112,0.00713891141990237));
#9428=CARTESIAN_POINT('',(0.042,-0.000435989452187893,0.00692319676597767));
#9429=CARTESIAN_POINT('',(0.042717167429139,-0.000435989452187893,0.00692319676597767));
#9430=CARTESIAN_POINT('',(0.042,0.000251601007197084,0.00724676874686472));
#9431=CARTESIAN_POINT('',(0.042,0.000251601007197084,0.00724676874686472));
#9432=CARTESIAN_POINT('',(0.042,0.000251601007197084,0.00724676874686472));
#9433=CARTESIAN_POINT('',(0.042,-0.000224240141166221,0.00724676874686472));
#9434=CARTESIAN_POINT('',(0.042,-0.000435989452187893,0.00692319676597767));
#9435=CARTESIAN_POINT('',(0.042,0.000921347423518435,0.00634742897645807));
#9436=CARTESIAN_POINT('',(0.042717167429139,0.000921347423518435,0.00634742897645807));
#9437=CARTESIAN_POINT('',(0.042,0.000921347423518435,0.00694698882339584));
#9438=CARTESIAN_POINT('',(0.042717167429139,0.000921347423518435,0.00694698882339584));
#9439=CARTESIAN_POINT('',(0.042,0.000698098618077985,0.00724676874686472));
#9440=CARTESIAN_POINT('',(0.042717167429139,0.000698098618077985,0.00724676874686472));
#9441=CARTESIAN_POINT('',(0.042,0.000251601007197084,0.00724676874686472));
#9442=CARTESIAN_POINT('',(0.042717167429139,0.000251601007197084,0.00724676874686472));
#9443=CARTESIAN_POINT('',(0.042,0.000921347423518435,0.00634742897645807));
#9444=CARTESIAN_POINT('',(0.042,0.000921347423518435,0.00634742897645807));
#9445=CARTESIAN_POINT('',(0.042,0.000921347423518435,0.00634742897645807));
#9446=CARTESIAN_POINT('',(0.042,0.000921347423518435,0.00724676874686472));
#9447=CARTESIAN_POINT('',(0.042,0.000251601007197084,0.00724676874686472));
#9448=CARTESIAN_POINT('',(0.042,0.000921347423518435,0.00513343924669619));
#9449=CARTESIAN_POINT('',(0.042,0.000921347423518435,0.00513343924669619));
#9450=CARTESIAN_POINT('',(0.042,-6.93889390390723E-18,0.00591738753862473));
#9451=CARTESIAN_POINT('',(0.042,-0.00333505164859133,0.00474860271795736));
#9452=CARTESIAN_POINT('',(0.042717167429139,-0.00333505164859133,0.00474860271795736));
#9453=CARTESIAN_POINT('',(0.042,-0.00313678450343995,0.00474860271795736));
#9454=CARTESIAN_POINT('',(0.042717167429139,-0.00313678450343995,0.00474860271795736));
#9455=CARTESIAN_POINT('',(0.042,-0.0028988639292583,0.00479182495560036));
#9456=CARTESIAN_POINT('',(0.042717167429139,-0.0028988639292583,0.00479182495560036));
#9457=CARTESIAN_POINT('',(0.042,-0.00262128992604637,0.00487826943088636));
#9458=CARTESIAN_POINT('',(0.042717167429139,-0.00262128992604637,0.00487826943088636));
#9459=CARTESIAN_POINT('',(0.042,-0.00333505164859133,0.00474860271795736));
#9460=CARTESIAN_POINT('',(0.042,-0.00333505164859133,0.00474860271795736));
#9461=CARTESIAN_POINT('',(0.042,-0.00333505164859133,0.00474860271795736));
#9462=CARTESIAN_POINT('',(0.042,-0.00303765093086426,0.00474860271795736));
#9463=CARTESIAN_POINT('',(0.042,-0.00262128992604637,0.00487826943088636));
#9464=CARTESIAN_POINT('',(0.042,-0.00262128992604637,0.00487826943088636));
#9465=CARTESIAN_POINT('',(0.042,-0.00262128992604637,0.00487826943088636));
#9466=CARTESIAN_POINT('',(0.042,-0.00369431171560562,0.00486399419643547));
#9467=CARTESIAN_POINT('',(0.042717167429139,-0.00369431171560562,0.00486399419643547));
#9468=CARTESIAN_POINT('',(0.042,-0.00360390189741659,0.00478706654411673));
#9469=CARTESIAN_POINT('',(0.042717167429139,-0.00360390189741659,0.00478706654411673));
#9470=CARTESIAN_POINT('',(0.042,-0.00348414854174516,0.00474860271795736));
#9471=CARTESIAN_POINT('',(0.042717167429139,-0.00348414854174516,0.00474860271795736));
#9472=CARTESIAN_POINT('',(0.042,-0.00333505164859133,0.00474860271795736));
#9473=CARTESIAN_POINT('',(0.042717167429139,-0.00333505164859133,0.00474860271795736));
#9474=CARTESIAN_POINT('',(0.042,-0.00369431171560562,0.00486399419643547));
#9475=CARTESIAN_POINT('',(0.042,-0.00369431171560562,0.00486399419643547));
#9476=CARTESIAN_POINT('',(0.042,-0.00369431171560562,0.00486399419643547));
#9477=CARTESIAN_POINT('',(0.042,-0.00355869698832208,0.00474860271795736));
#9478=CARTESIAN_POINT('',(0.042,-0.00333505164859133,0.00474860271795736));
#9479=CARTESIAN_POINT('',(0.042,-0.00382992644288917,0.00522087505770794));
#9480=CARTESIAN_POINT('',(0.042717167429139,-0.00382992644288917,0.00522087505770794));
#9481=CARTESIAN_POINT('',(0.042,-0.00382992644288917,0.00505988213584503));
#9482=CARTESIAN_POINT('',(0.042717167429139,-0.00382992644288917,0.00505988213584503));
#9483=CARTESIAN_POINT('',(0.042,-0.00378472153379465,0.0049409218487542));
#9484=CARTESIAN_POINT('',(0.042717167429139,-0.00378472153379465,0.0049409218487542));
#9485=CARTESIAN_POINT('',(0.042,-0.00369431171560562,0.00486399419643547));
#9486=CARTESIAN_POINT('',(0.042717167429139,-0.00369431171560562,0.00486399419643547));
#9487=CARTESIAN_POINT('',(0.042,-0.00382992644288917,0.00522087505770794));
#9488=CARTESIAN_POINT('',(0.042,-0.00382992644288917,0.00522087505770794));
#9489=CARTESIAN_POINT('',(0.042,-0.00382992644288917,0.00522087505770794));
#9490=CARTESIAN_POINT('',(0.042,-0.00382992644288917,0.00497938567491357));
#9491=CARTESIAN_POINT('',(0.042,-0.00369431171560562,0.00486399419643547));
#9492=CARTESIAN_POINT('',(0.042,-0.00382992644288917,0.0062225206750127));
#9493=CARTESIAN_POINT('',(0.042,-0.00382992644288917,0.00722416629231746));
#9494=CARTESIAN_POINT('',(0.042,-0.00382992644288917,0.00722416629231746));
#9495=CARTESIAN_POINT('',(0.042,-0.00382992644288917,0.0062225206750127));
#9496=CARTESIAN_POINT('',(0.042,-0.00324821063901502,0.00722416629231746));
#9497=CARTESIAN_POINT('',(0.042,-0.00266649483514088,0.00722416629231746));
#9498=CARTESIAN_POINT('',(0.042,-0.00266649483514088,0.00722416629231746));
#9499=CARTESIAN_POINT('',(0.042,-0.00324821063901502,0.00722416629231746));
#9500=CARTESIAN_POINT('',(0.042,-0.00266649483514088,0.00765004412010262));
#9501=CARTESIAN_POINT('',(0.042,-0.00266649483514088,0.00807592194788778));
#9502=CARTESIAN_POINT('',(0.042,-0.00266649483514088,0.00807592194788778));
#9503=CARTESIAN_POINT('',(0.042,-0.00266649483514088,0.00765004412010262));
#9504=CARTESIAN_POINT('',(0.042,-0.00324821063901502,0.00807592194788778));
#9505=CARTESIAN_POINT('',(0.042,-0.00382992644288917,0.00807592194788778));
#9506=CARTESIAN_POINT('',(0.042,-0.00382992644288917,0.00807592194788778));
#9507=CARTESIAN_POINT('',(0.042,-0.00324821063901502,0.00807592194788778));
#9508=CARTESIAN_POINT('',(0.042,-0.00382992644288917,0.00851845421586565));
#9509=CARTESIAN_POINT('',(0.042,-0.00382992644288917,0.00896098648384352));
#9510=CARTESIAN_POINT('',(0.042,-0.00382992644288917,0.00896098648384352));
#9511=CARTESIAN_POINT('',(0.042,-0.00382992644288917,0.00851845421586565));
#9512=CARTESIAN_POINT('',(0.042,-0.00419216051708073,0.00896098648384352));
#9513=CARTESIAN_POINT('',(0.042,-0.0045543945912723,0.00896098648384352));
#9514=CARTESIAN_POINT('',(0.042,-0.0045543945912723,0.00896098648384352));
#9515=CARTESIAN_POINT('',(0.042,-0.00419216051708073,0.00896098648384352));
#9516=CARTESIAN_POINT('',(0.042,-0.00471796498602219,0.00852202302447838));
#9517=CARTESIAN_POINT('',(0.042,-0.00488153538077207,0.00808305956511323));
#9518=CARTESIAN_POINT('',(0.042,-0.00488153538077207,0.00808305956511323));
#9519=CARTESIAN_POINT('',(0.042,-0.00471796498602219,0.00852202302447838));
#9520=CARTESIAN_POINT('',(0.042,-0.00519380613438549,0.00789331790720336));
#9521=CARTESIAN_POINT('',(0.042,-0.00550607688799891,0.00770357624929349));
#9522=CARTESIAN_POINT('',(0.042,-0.00550607688799891,0.00770357624929349));
#9523=CARTESIAN_POINT('',(0.042,-0.00519380613438549,0.00789331790720336));
#9524=CARTESIAN_POINT('',(0.042,-0.00550607688799891,0.00746387127080547));
#9525=CARTESIAN_POINT('',(0.042,-0.00550607688799891,0.00722416629231746));
#9526=CARTESIAN_POINT('',(0.042,-0.00550607688799891,0.00722416629231746));
#9527=CARTESIAN_POINT('',(0.042,-0.00550607688799891,0.00746387127080547));
#9528=CARTESIAN_POINT('',(0.042,-0.00523484743343182,0.00722416629231746));
#9529=CARTESIAN_POINT('',(0.042,-0.00496361797886474,0.00722416629231746));
#9530=CARTESIAN_POINT('',(0.042,-0.00496361797886474,0.00722416629231746));
#9531=CARTESIAN_POINT('',(0.042,-0.00523484743343182,0.00722416629231746));
#9532=CARTESIAN_POINT('',(0.042,-0.00496361797886474,0.0062225206750127));
#9533=CARTESIAN_POINT('',(0.042,-0.00496361797886474,0.00522087505770794));
#9534=CARTESIAN_POINT('',(0.042,-0.00496361797886474,0.00522087505770794));
#9535=CARTESIAN_POINT('',(0.042,-0.00496361797886474,0.0062225206750127));
#9536=CARTESIAN_POINT('',(0.042,-0.00465313162955768,0.00418889456719502));
#9537=CARTESIAN_POINT('',(0.042717167429139,-0.00465313162955768,0.00418889456719502));
#9538=CARTESIAN_POINT('',(0.042,-0.00486012252909572,0.00441848792128032));
#9539=CARTESIAN_POINT('',(0.042717167429139,-0.00486012252909572,0.00441848792128032));
#9540=CARTESIAN_POINT('',(0.042,-0.00496361797886474,0.00476248141811796));
#9541=CARTESIAN_POINT('',(0.042717167429139,-0.00496361797886474,0.00476248141811796));
#9542=CARTESIAN_POINT('',(0.042,-0.00496361797886474,0.00522087505770794));
#9543=CARTESIAN_POINT('',(0.042717167429139,-0.00496361797886474,0.00522087505770794));
#9544=CARTESIAN_POINT('',(0.042,-0.00465313162955768,0.00418889456719502));
#9545=CARTESIAN_POINT('',(0.042,-0.00465313162955768,0.00418889456719502));
#9546=CARTESIAN_POINT('',(0.042,-0.00465313162955768,0.00418889456719502));
#9547=CARTESIAN_POINT('',(0.042,-0.00496361797886474,0.00453328459832297));
#9548=CARTESIAN_POINT('',(0.042,-0.00496361797886474,0.00522087505770794));
#9549=CARTESIAN_POINT('',(0.042,-0.0036621924380911,0.00384450453606709));
#9550=CARTESIAN_POINT('',(0.042717167429139,-0.0036621924380911,0.00384450453606709));
#9551=CARTESIAN_POINT('',(0.042,-0.00411582766619745,0.00384450453606709));
#9552=CARTESIAN_POINT('',(0.042717167429139,-0.00411582766619745,0.00384450453606709));
#9553=CARTESIAN_POINT('',(0.042,-0.00444614073001965,0.00395930121310973));
#9554=CARTESIAN_POINT('',(0.042717167429139,-0.00444614073001965,0.00395930121310973));
#9555=CARTESIAN_POINT('',(0.042,-0.00465313162955768,0.00418889456719502));
#9556=CARTESIAN_POINT('',(0.042717167429139,-0.00465313162955768,0.00418889456719502));
#9557=CARTESIAN_POINT('',(0.042,-0.0036621924380911,0.00384450453606709));
#9558=CARTESIAN_POINT('',(0.042,-0.0036621924380911,0.00384450453606709));
#9559=CARTESIAN_POINT('',(0.042,-0.0036621924380911,0.00384450453606709));
#9560=CARTESIAN_POINT('',(0.042,-0.00434264528025063,0.00384450453606709));
#9561=CARTESIAN_POINT('',(0.042,-0.00465313162955768,0.00418889456719502));
#9562=CARTESIAN_POINT('',(0.042,-0.00262128992604637,0.0040348409954124));
#9563=CARTESIAN_POINT('',(0.042717167429139,-0.00262128992604637,0.0040348409954124));
#9564=CARTESIAN_POINT('',(0.042,-0.00290362234074193,0.00390795002251553));
#9565=CARTESIAN_POINT('',(0.042717167429139,-0.00290362234074193,0.00390795002251553));
#9566=CARTESIAN_POINT('',(0.042,-0.00325058984475684,0.00384450453606709));
#9567=CARTESIAN_POINT('',(0.042717167429139,-0.00325058984475684,0.00384450453606709));
#9568=CARTESIAN_POINT('',(0.042,-0.0036621924380911,0.00384450453606709));
#9569=CARTESIAN_POINT('',(0.042717167429139,-0.0036621924380911,0.00384450453606709));
#9570=CARTESIAN_POINT('',(0.042,-0.00262128992604637,0.0040348409954124));
#9571=CARTESIAN_POINT('',(0.042,-0.00262128992604637,0.0040348409954124));
#9572=CARTESIAN_POINT('',(0.042,-0.00262128992604637,0.0040348409954124));
#9573=CARTESIAN_POINT('',(0.042,-0.00304478854808971,0.00384450453606709));
#9574=CARTESIAN_POINT('',(0.042,-0.0036621924380911,0.00384450453606709));
#9575=CARTESIAN_POINT('',(0.042,-0.00262128992604637,0.00445655521314939));
#9576=CARTESIAN_POINT('',(0.042,-0.00262128992604637,0.00445655521314939));
#9577=CARTESIAN_POINT('',(0.042,-6.93889390390723E-18,0.00591738753862473));
#9578=CARTESIAN_POINT('',(0.042,-0.00597002200765313,0.00515425729693708));
#9579=CARTESIAN_POINT('',(0.042717167429139,-0.00597002200765313,0.00515425729693708));
#9580=CARTESIAN_POINT('',(0.042,-0.00597002200765313,0.00472758640057132));
#9581=CARTESIAN_POINT('',(0.042717167429139,-0.00597002200765313,0.00472758640057132));
#9582=CARTESIAN_POINT('',(0.042,-0.00611812756508121,0.00440262654966821));
#9583=CARTESIAN_POINT('',(0.042717167429139,-0.00611812756508121,0.00440262654966821));
#9584=CARTESIAN_POINT('',(0.042,-0.00641433867993737,0.00417937774422776));
#9585=CARTESIAN_POINT('',(0.042717167429139,-0.00641433867993737,0.00417937774422776));
#9586=CARTESIAN_POINT('',(0.042,-0.00597002200765313,0.00515425729693708));
#9587=CARTESIAN_POINT('',(0.042,-0.00597002200765313,0.00515425729693708));
#9588=CARTESIAN_POINT('',(0.042,-0.00597002200765313,0.00515425729693708));
#9589=CARTESIAN_POINT('',(0.042,-0.00597002200765313,0.00451425095238844));
#9590=CARTESIAN_POINT('',(0.042,-0.00641433867993737,0.00417937774422776));
#9591=CARTESIAN_POINT('',(0.042,-0.00641433867993737,0.00417937774422776));
#9592=CARTESIAN_POINT('',(0.042,-0.00641433867993737,0.00417937774422776));
#9593=CARTESIAN_POINT('',(0.042,-0.00607827586890578,0.00568541497879762));
#9594=CARTESIAN_POINT('',(0.042717167429139,-0.00607827586890578,0.00568541497879762));
#9595=CARTESIAN_POINT('',(0.042,-0.00600610662807068,0.00553671461993409));
#9596=CARTESIAN_POINT('',(0.042717167429139,-0.00600610662807068,0.00553671461993409));
#9597=CARTESIAN_POINT('',(0.042,-0.00597002200765313,0.00535966205931391));
#9598=CARTESIAN_POINT('',(0.042717167429139,-0.00597002200765313,0.00535966205931391));
#9599=CARTESIAN_POINT('',(0.042,-0.00597002200765313,0.00515425729693708));
#9600=CARTESIAN_POINT('',(0.042717167429139,-0.00597002200765313,0.00515425729693708));
#9601=CARTESIAN_POINT('',(0.042,-0.00607827586890578,0.00568541497879762));
#9602=CARTESIAN_POINT('',(0.042,-0.00607827586890578,0.00568541497879762));
#9603=CARTESIAN_POINT('',(0.042,-0.00607827586890578,0.00568541497879762));
#9604=CARTESIAN_POINT('',(0.042,-0.00597002200765313,0.00546236444050232));
#9605=CARTESIAN_POINT('',(0.042,-0.00597002200765313,0.00515425729693708));
#9606=CARTESIAN_POINT('',(0.042,-0.00705209057724098,0.00519240878066269));
#9607=CARTESIAN_POINT('',(0.042,-0.00641314907706646,0.00607917352906826));
#9608=CARTESIAN_POINT('',(0.042,-0.00641314907706646,0.00607917352906826));
#9609=CARTESIAN_POINT('',(0.042,-0.00705209057724098,0.00519240878066269));
#9610=CARTESIAN_POINT('',(0.042,-0.00712631599817596,0.00644735561761436));
#9611=CARTESIAN_POINT('',(0.042717167429139,-0.00712631599817596,0.00644735561761436));
#9612=CARTESIAN_POINT('',(0.042,-0.00680195094870831,0.00631570623323385));
#9613=CARTESIAN_POINT('',(0.042717167429139,-0.00680195094870831,0.00631570623323385));
#9614=CARTESIAN_POINT('',(0.042,-0.00656422864167181,0.00619297887038515));
#9615=CARTESIAN_POINT('',(0.042717167429139,-0.00656422864167181,0.00619297887038515));
#9616=CARTESIAN_POINT('',(0.042,-0.00641314907706646,0.00607917352906826));
#9617=CARTESIAN_POINT('',(0.042717167429139,-0.00641314907706646,0.00607917352906826));
#9618=CARTESIAN_POINT('',(0.042,-0.00712631599817596,0.00644735561761436));
#9619=CARTESIAN_POINT('',(0.042,-0.00712631599817596,0.00644735561761436));
#9620=CARTESIAN_POINT('',(0.042,-0.00712631599817596,0.00644735561761436));
#9621=CARTESIAN_POINT('',(0.042,-0.00663976842397448,0.00624988154104359));
#9622=CARTESIAN_POINT('',(0.042,-0.00641314907706646,0.00607917352906826));
#9623=CARTESIAN_POINT('',(0.042,-0.00783531930923729,0.00677806521572686));
#9624=CARTESIAN_POINT('',(0.042717167429139,-0.00783531930923729,0.00677806521572686));
#9625=CARTESIAN_POINT('',(0.042,-0.00772746198227494,0.00670351676914994));
#9626=CARTESIAN_POINT('',(0.042717167429139,-0.00772746198227494,0.00670351676914994));
#9627=CARTESIAN_POINT('',(0.042,-0.00749112754525449,0.00659328023644577));
#9628=CARTESIAN_POINT('',(0.042717167429139,-0.00749112754525449,0.00659328023644577));
#9629=CARTESIAN_POINT('',(0.042,-0.00712631599817596,0.00644735561761436));
#9630=CARTESIAN_POINT('',(0.042717167429139,-0.00712631599817596,0.00644735561761436));
#9631=CARTESIAN_POINT('',(0.042,-0.00783531930923729,0.00677806521572686));
#9632=CARTESIAN_POINT('',(0.042,-0.00783531930923729,0.00677806521572686));
#9633=CARTESIAN_POINT('',(0.042,-0.00783531930923729,0.00677806521572686));
#9634=CARTESIAN_POINT('',(0.042,-0.00767353331879376,0.00666624254586148));
#9635=CARTESIAN_POINT('',(0.042,-0.00712631599817596,0.00644735561761436));
#9636=CARTESIAN_POINT('',(0.042,-0.00799710529968081,0.00704215705306849));
#9637=CARTESIAN_POINT('',(0.042717167429139,-0.00799710529968081,0.00704215705306849));
#9638=CARTESIAN_POINT('',(0.042,-0.00799710529968081,0.00694064427475099));
#9639=CARTESIAN_POINT('',(0.042717167429139,-0.00799710529968081,0.00694064427475099));
#9640=CARTESIAN_POINT('',(0.042,-0.00794317663619964,0.00685261366230378));
#9641=CARTESIAN_POINT('',(0.042717167429139,-0.00794317663619964,0.00685261366230378));
#9642=CARTESIAN_POINT('',(0.042,-0.00783531930923729,0.00677806521572686));
#9643=CARTESIAN_POINT('',(0.042717167429139,-0.00783531930923729,0.00677806521572686));
#9644=CARTESIAN_POINT('',(0.042,-0.00799710529968081,0.00704215705306849));
#9645=CARTESIAN_POINT('',(0.042,-0.00799710529968081,0.00704215705306849));
#9646=CARTESIAN_POINT('',(0.042,-0.00799710529968081,0.00704215705306849));
#9647=CARTESIAN_POINT('',(0.042,-0.00799710529968081,0.00688988788559224));
#9648=CARTESIAN_POINT('',(0.042,-0.00783531930923729,0.00677806521572686));
#9649=CARTESIAN_POINT('',(0.042,-0.00749509288815752,0.00731338650763558));
#9650=CARTESIAN_POINT('',(0.042717167429139,-0.00749509288815752,0.00731338650763558));
#9651=CARTESIAN_POINT('',(0.042,-0.00782976782917305,0.00731338650763558));
#9652=CARTESIAN_POINT('',(0.042717167429139,-0.00782976782917305,0.00731338650763558));
#9653=CARTESIAN_POINT('',(0.042,-0.00799710529968081,0.00722297668944655));
#9654=CARTESIAN_POINT('',(0.042717167429139,-0.00799710529968081,0.00722297668944655));
#9655=CARTESIAN_POINT('',(0.042,-0.00799710529968081,0.00704215705306849));
#9656=CARTESIAN_POINT('',(0.042717167429139,-0.00799710529968081,0.00704215705306849));
#9657=CARTESIAN_POINT('',(0.042,-0.00749509288815752,0.00731338650763558));
#9658=CARTESIAN_POINT('',(0.042,-0.00749509288718869,0.00731338470562482));
#9659=CARTESIAN_POINT('',(0.042,-0.00749509288815752,0.00731338650763558));
#9660=CARTESIAN_POINT('',(0.042,-0.00799710529968081,0.00731338650763558));
#9661=CARTESIAN_POINT('',(0.042,-0.00799710529968081,0.00704215705306849));
#9662=CARTESIAN_POINT('',(0.0419999999999999,-0.00749410918612493,0.00548370724289212));
#9663=CARTESIAN_POINT('',(0.042,-0.00694073795031427,0.00722773510093018));
#9664=CARTESIAN_POINT('',(0.042,-0.00694070785355201,0.00722782824568124));
#9665=CARTESIAN_POINT('',(0.042,-0.00749410918612493,0.00548370724289212));
#9666=CARTESIAN_POINT('',(0.0419999999999992,-0.00893459589247566,0.00103186671689658));
#9667=CARTESIAN_POINT('',(0.042,-0.00635672738051235,0.00700864604435391));
#9668=CARTESIAN_POINT('',(0.042,-0.00635672738110618,0.00700864604411401));
#9669=CARTESIAN_POINT('',(0.042,-0.00893459589247566,0.00103186671689658));
#9670=CARTESIAN_POINT('',(0.042,-0.00618593492872298,0.00741747675884005));
#9671=CARTESIAN_POINT('',(0.042,-0.00601551306996486,0.00782542037196489));
#9672=CARTESIAN_POINT('',(0.042,-0.00601551306996486,0.00782542037196489));
#9673=CARTESIAN_POINT('',(0.042,-0.00618593492872298,0.00741747675884005));
#9674=CARTESIAN_POINT('',(0.042,-0.00748523683247699,0.00469947528178008));
#9675=CARTESIAN_POINT('',(0.042,-0.00747605924222299,0.00815324613449681));
#9676=CARTESIAN_POINT('',(0.042,-0.00747605924222299,0.00815324613449681));
#9677=CARTESIAN_POINT('',(0.042,-0.00748523683247699,0.00469947528178008));
#9678=CARTESIAN_POINT('',(0.042,-0.0086936177805976,0.00785049220385066));
#9679=CARTESIAN_POINT('',(0.042717167429139,-0.0086936177805976,0.00785049220385066));
#9680=CARTESIAN_POINT('',(0.042,-0.00840771655728931,0.00805232815761476));
#9681=CARTESIAN_POINT('',(0.042717167429139,-0.00840771655728931,0.00805232815761476));
#9682=CARTESIAN_POINT('',(0.042,-0.00800186371116444,0.00815324613449681));
#9683=CARTESIAN_POINT('',(0.042717167429139,-0.00800186371116444,0.00815324613449681));
#9684=CARTESIAN_POINT('',(0.042,-0.00747605924222299,0.00815324613449681));
#9685=CARTESIAN_POINT('',(0.042717167429139,-0.00747605924222299,0.00815324613449681));
#9686=CARTESIAN_POINT('',(0.042,-0.0086936177805976,0.00785049220385066));
#9687=CARTESIAN_POINT('',(0.042,-0.0086936177805976,0.00785049220385066));
#9688=CARTESIAN_POINT('',(0.042,-0.0086936177805976,0.00785049220385066));
#9689=CARTESIAN_POINT('',(0.042,-0.00826476594563517,0.00815324613449681));
#9690=CARTESIAN_POINT('',(0.042,-0.00747605924222299,0.00815324613449681));
#9691=CARTESIAN_POINT('',(0.042,-0.00912246961556003,0.00699338333536126));
#9692=CARTESIAN_POINT('',(0.042717167429139,-0.00912246961556003,0.00699338333536126));
#9693=CARTESIAN_POINT('',(0.042,-0.00912246961556003,0.00736295329392343));
#9694=CARTESIAN_POINT('',(0.042717167429139,-0.00912246961556003,0.00736295329392343));
#9695=CARTESIAN_POINT('',(0.042,-0.00897951900390589,0.00764865625008656));
#9696=CARTESIAN_POINT('',(0.042717167429139,-0.00897951900390589,0.00764865625008656));
#9697=CARTESIAN_POINT('',(0.042,-0.0086936177805976,0.00785049220385066));
#9698=CARTESIAN_POINT('',(0.042717167429139,-0.0086936177805976,0.00785049220385066));
#9699=CARTESIAN_POINT('',(0.042,-0.00912246961556003,0.00699338333536126));
#9700=CARTESIAN_POINT('',(0.042,-0.00912246961556003,0.00699338333536126));
#9701=CARTESIAN_POINT('',(0.042,-0.00912246961556003,0.00699338333536126));
#9702=CARTESIAN_POINT('',(0.042,-0.00912246961556003,0.00754773827320451));
#9703=CARTESIAN_POINT('',(0.042,-0.0086936177805976,0.00785049220385066));
#9704=CARTESIAN_POINT('',(0.042,-0.00902075857009737,0.00644973482335618));
#9705=CARTESIAN_POINT('',(0.042717167429139,-0.00902075857009737,0.00644973482335618));
#9706=CARTESIAN_POINT('',(0.042,-0.00908856593373914,0.00659724557934881));
#9707=CARTESIAN_POINT('',(0.042717167429139,-0.00908856593373914,0.00659724557934881));
#9708=CARTESIAN_POINT('',(0.042,-0.00912246961556003,0.00677846175001717));
#9709=CARTESIAN_POINT('',(0.042717167429139,-0.00912246961556003,0.00677846175001717));
#9710=CARTESIAN_POINT('',(0.042,-0.00912246961556003,0.00699338333536126));
#9711=CARTESIAN_POINT('',(0.042717167429139,-0.00912246961556003,0.00699338333536126));
#9712=CARTESIAN_POINT('',(0.042,-0.00902075857009737,0.00644973482335618));
#9713=CARTESIAN_POINT('',(0.042,-0.00902075857009737,0.00644973482335618));
#9714=CARTESIAN_POINT('',(0.042,-0.00902075857009737,0.00644973482335618));
#9715=CARTESIAN_POINT('',(0.042,-0.00912246961556003,0.00667100095734512));
#9716=CARTESIAN_POINT('',(0.042,-0.00912246961556003,0.00699338333536126));
#9717=CARTESIAN_POINT('',(0.042,-0.00808183938137251,0.00690408201417935));
#9718=CARTESIAN_POINT('',(0.042,-0.0086936177805976,0.00605716587595645));
#9719=CARTESIAN_POINT('',(0.042,-0.0086936177805976,0.00605716587595645));
#9720=CARTESIAN_POINT('',(0.042,-0.00808183938137251,0.00690408201417935));
#9721=CARTESIAN_POINT('',(0.042,-0.00798877807958445,0.00568482017736217));
#9722=CARTESIAN_POINT('',(0.042717167429139,-0.00798877807958445,0.00568482017736217));
#9723=CARTESIAN_POINT('',(0.042,-0.00830838471756847,0.0058188487674845));
#9724=CARTESIAN_POINT('',(0.042717167429139,-0.00830838471756847,0.0058188487674845));
#9725=CARTESIAN_POINT('',(0.042,-0.00854333128457285,0.00594296400034926));
#9726=CARTESIAN_POINT('',(0.042717167429139,-0.00854333128457285,0.00594296400034926));
#9727=CARTESIAN_POINT('',(0.042,-0.0086936177805976,0.00605716587595645));
#9728=CARTESIAN_POINT('',(0.042717167429139,-0.0086936177805976,0.00605716587595645));
#9729=CARTESIAN_POINT('',(0.042,-0.00798877807958445,0.00568482017736217));
#9730=CARTESIAN_POINT('',(0.042,-0.00798877807958445,0.00568482017736217));
#9731=CARTESIAN_POINT('',(0.042,-0.00798877807958445,0.00568482017736217));
#9732=CARTESIAN_POINT('',(0.042,-0.00846818803656048,0.00588586306254566));
#9733=CARTESIAN_POINT('',(0.042,-0.0086936177805976,0.00605716587595645));
#9734=CARTESIAN_POINT('',(0.0419999999999986,-0.0106797889187098,-0.000890141139132583));
#9735=CARTESIAN_POINT('',(0.042,-0.00745405158911119,0.00543857238308416));
#9736=CARTESIAN_POINT('',(0.042,-0.00745405158911119,0.00543857238308416));
#9737=CARTESIAN_POINT('',(0.042,-0.0106797889187098,-0.000890141139132583));
#9738=CARTESIAN_POINT('',(0.042,-0.00717152090727048,0.00524883072517429));
#9739=CARTESIAN_POINT('',(0.042717167429139,-0.00717152090727048,0.00524883072517429));
#9740=CARTESIAN_POINT('',(0.042,-0.00722624263933226,0.00530474206010698));
#9741=CARTESIAN_POINT('',(0.042717167429139,-0.00722624263933226,0.00530474206010698));
#9742=CARTESIAN_POINT('',(0.042,-0.00732041953327916,0.00536798927941027));
#9743=CARTESIAN_POINT('',(0.042717167429139,-0.00732041953327916,0.00536798927941027));
#9744=CARTESIAN_POINT('',(0.042,-0.00745405158911119,0.00543857238308416));
#9745=CARTESIAN_POINT('',(0.042717167429139,-0.00745405158911119,0.00543857238308416));
#9746=CARTESIAN_POINT('',(0.042,-0.00717152090727048,0.00524883072517429));
#9747=CARTESIAN_POINT('',(0.042,-0.00717152090727048,0.00524883072517429));
#9748=CARTESIAN_POINT('',(0.042,-0.00717152090727048,0.00524883072517429));
#9749=CARTESIAN_POINT('',(0.042,-0.00725360350536315,0.00533269772757332));
#9750=CARTESIAN_POINT('',(0.042,-0.00745405158911119,0.00543857238308416));
#9751=CARTESIAN_POINT('',(0.042,-0.00738859388114223,0.00504429949083942));
#9752=CARTESIAN_POINT('',(0.042,-0.00708943830917781,0.00503053859836262));
#9753=CARTESIAN_POINT('',(0.042,-0.00708943830917781,0.00503053859836262));
#9754=CARTESIAN_POINT('',(0.042,-0.00738859388114223,0.00504429949083942));
#9755=CARTESIAN_POINT('',(0.042,-0.00770684219917919,0.00467365773709014));
#9756=CARTESIAN_POINT('',(0.042717167429139,-0.00770684219917919,0.00467365773709014));
#9757=CARTESIAN_POINT('',(0.042,-0.00729523960584494,0.00467365773709014));
#9758=CARTESIAN_POINT('',(0.042717167429139,-0.00729523960584494,0.00467365773709014));
#9759=CARTESIAN_POINT('',(0.042,-0.00708943830917781,0.00479261802418097));
#9760=CARTESIAN_POINT('',(0.042717167429139,-0.00708943830917781,0.00479261802418097));
#9761=CARTESIAN_POINT('',(0.042,-0.00708943830917781,0.00503053859836262));
#9762=CARTESIAN_POINT('',(0.042717167429139,-0.00708943830917781,0.00503053859836262));
#9763=CARTESIAN_POINT('',(0.042,-0.00770684219917919,0.00467365773709014));
#9764=CARTESIAN_POINT('',(0.042,-0.00770684219917919,0.00467365773709014));
#9765=CARTESIAN_POINT('',(0.042,-0.00770684219917919,0.00467365773709014));
#9766=CARTESIAN_POINT('',(0.042,-0.00708943830917781,0.00467365773709014));
#9767=CARTESIAN_POINT('',(0.042,-0.00708943830917781,0.00503053859836262));
#9768=CARTESIAN_POINT('',(0.042,-0.00840394948153144,0.00477417917968189));
#9769=CARTESIAN_POINT('',(0.042717167429139,-0.00840394948153144,0.00477417917968189));
#9770=CARTESIAN_POINT('',(0.042,-0.00813985764418981,0.00470716488462072));
#9771=CARTESIAN_POINT('',(0.042717167429139,-0.00813985764418981,0.00470716488462072));
#9772=CARTESIAN_POINT('',(0.042,-0.00790748855007239,0.00467365773709014));
#9773=CARTESIAN_POINT('',(0.042717167429139,-0.00790748855007239,0.00467365773709014));
#9774=CARTESIAN_POINT('',(0.042,-0.00770684219917919,0.00467365773709014));
#9775=CARTESIAN_POINT('',(0.042717167429139,-0.00770684219917919,0.00467365773709014));
#9776=CARTESIAN_POINT('',(0.042,-0.00840394948153144,0.00477417917968189));
#9777=CARTESIAN_POINT('',(0.042,-0.00840394948153144,0.00477417917968189));
#9778=CARTESIAN_POINT('',(0.042,-0.00840394948153144,0.00477417917968189));
#9779=CARTESIAN_POINT('',(0.042,-0.00800781172551899,0.00467365773709014));
#9780=CARTESIAN_POINT('',(0.042,-0.00770684219917919,0.00467365773709014));
#9781=CARTESIAN_POINT('',(0.0419999999999998,-0.00746544475975894,0.00860846317956594));
#9782=CARTESIAN_POINT('',(0.042,-0.00911533199833458,0.00502285257355971));
#9783=CARTESIAN_POINT('',(0.042,-0.00911533199833458,0.00502285257355971));
#9784=CARTESIAN_POINT('',(0.042,-0.00746544475975894,0.00860846317956594));
#9785=CARTESIAN_POINT('',(0.042,-0.00911533199833458,0.00455529225143477));
#9786=CARTESIAN_POINT('',(0.042,-0.00911533199833458,0.00408696001265089));
#9787=CARTESIAN_POINT('',(0.042,-0.00911533199833458,0.00408696001265089));
#9788=CARTESIAN_POINT('',(0.042,-0.00911533199833458,0.00455529225143477));
#9789=CARTESIAN_POINT('',(0.0419999999999998,-0.00797313579167113,0.00679331495839596));
#9790=CARTESIAN_POINT('',(0.042,-0.00851696175426772,0.00390636388535432));
#9791=CARTESIAN_POINT('',(0.042,-0.00851696175426772,0.00390636388535432));
#9792=CARTESIAN_POINT('',(0.042,-0.00797313579167113,0.00679331495839596));
#9793=CARTESIAN_POINT('',(0.042,-0.00774371988817735,0.00384450453606709));
#9794=CARTESIAN_POINT('',(0.042717167429139,-0.00774371988817735,0.00384450453606709));
#9795=CARTESIAN_POINT('',(0.042,-0.00804587901738805,0.00384450453606709));
#9796=CARTESIAN_POINT('',(0.042717167429139,-0.00804587901738805,0.00384450453606709));
#9797=CARTESIAN_POINT('',(0.042,-0.00830362630608484,0.00386512431916283));
#9798=CARTESIAN_POINT('',(0.042717167429139,-0.00830362630608484,0.00386512431916283));
#9799=CARTESIAN_POINT('',(0.042,-0.00851696175426772,0.00390636388535432));
#9800=CARTESIAN_POINT('',(0.042717167429139,-0.00851696175426772,0.00390636388535432));
#9801=CARTESIAN_POINT('',(0.042,-0.00774371988817735,0.00384450453606709));
#9802=CARTESIAN_POINT('',(0.042,-0.00774371988817735,0.00384450453606709));
#9803=CARTESIAN_POINT('',(0.042,-0.00774371988817735,0.00384450453606709));
#9804=CARTESIAN_POINT('',(0.042,-0.0081969585819934,0.00384450453606709));
#9805=CARTESIAN_POINT('',(0.042,-0.00851696175426772,0.00390636388535432));
#9806=CARTESIAN_POINT('',(0.042,-0.00641433867993737,0.00417937774422776));
#9807=CARTESIAN_POINT('',(0.042717167429139,-0.00641433867993737,0.00417937774422776));
#9808=CARTESIAN_POINT('',(0.042,-0.00671054979479352,0.00395612893878731));
#9809=CARTESIAN_POINT('',(0.042717167429139,-0.00671054979479352,0.00395612893878731));
#9810=CARTESIAN_POINT('',(0.042,-0.00715367686420685,0.00384450453606709));
#9811=CARTESIAN_POINT('',(0.042717167429139,-0.00715367686420685,0.00384450453606709));
#9812=CARTESIAN_POINT('',(0.042,-0.00774371988817735,0.00384450453606709));
#9813=CARTESIAN_POINT('',(0.042717167429139,-0.00774371988817735,0.00384450453606709));
#9814=CARTESIAN_POINT('',(0.042,-0.00641433867993737,0.00417937774422776));
#9815=CARTESIAN_POINT('',(0.042,-0.0068586553522216,0.00384450453606709));
#9816=CARTESIAN_POINT('',(0.042,-0.00774371988817735,0.00384450453606709));
#9817=CARTESIAN_POINT('',(0.042,-6.93889390390723E-18,0.00591738753862473));
#9818=CARTESIAN_POINT('',(0.0419999999999998,-0.00997043405657255,0.00628664444428544));
#9819=CARTESIAN_POINT('',(0.042,-0.0100075341515158,0.00815324613449681));
#9820=CARTESIAN_POINT('',(0.042,-0.0100075252201196,0.00815293925548313));
#9821=CARTESIAN_POINT('',(0.042,-0.00997043405657255,0.00628664444428544));
#9822=CARTESIAN_POINT('',(0.042,-0.00962442482391277,0.00812064673232381));
#9823=CARTESIAN_POINT('',(0.042,-0.00962442482391277,0.00812064673232381));
#9824=CARTESIAN_POINT('',(0.042,-0.0100126424156546,0.00686642068532257));
#9825=CARTESIAN_POINT('',(0.042,-0.0107230802783671,0.00793971241916878));
#9826=CARTESIAN_POINT('',(0.042,-0.0107230003091167,0.00793959354176454));
#9827=CARTESIAN_POINT('',(0.042,-0.0100126424156546,0.00686642068532257));
#9828=CARTESIAN_POINT('',(0.042,-0.00987307551640035,0.00662738298713965));
#9829=CARTESIAN_POINT('',(0.042,-0.0112455863682026,0.00737643545979372));
#9830=CARTESIAN_POINT('',(0.042,-0.0112455863682026,0.00737643545979372));
#9831=CARTESIAN_POINT('',(0.042,-0.00987307551640035,0.00662738298713965));
#9832=CARTESIAN_POINT('',(0.042,-0.0112732716061622,0.00737643545979372));
#9833=CARTESIAN_POINT('',(0.042,-0.0113006324721931,0.00737643545979372));
#9834=CARTESIAN_POINT('',(0.042,-0.0113006324721931,0.00737643545979372));
#9835=CARTESIAN_POINT('',(0.042,-0.0112732716061622,0.00737643545979372));
#9836=CARTESIAN_POINT('',(0.042,-0.0113844994745921,0.00772617870384075));
#9837=CARTESIAN_POINT('',(0.042,-0.0114683664769911,0.00807592194788778));
#9838=CARTESIAN_POINT('',(0.042,-0.0114683664769911,0.00807592194788778));
#9839=CARTESIAN_POINT('',(0.042,-0.0113844994745921,0.00772617870384075));
#9840=CARTESIAN_POINT('',(0.042,-0.011897813113389,0.00807592194788778));
#9841=CARTESIAN_POINT('',(0.042,-0.0123272597497869,0.00807592194788778));
#9842=CARTESIAN_POINT('',(0.042,-0.0123272597497869,0.00807592194788778));
#9843=CARTESIAN_POINT('',(0.042,-0.011897813113389,0.00807592194788778));
#9844=CARTESIAN_POINT('',(0.042,-0.0123272597497869,0.00599768573241104));
#9845=CARTESIAN_POINT('',(0.042,-0.0123272597497869,0.0039194495169343));
#9846=CARTESIAN_POINT('',(0.042,-0.0123272597497869,0.0039194495169343));
#9847=CARTESIAN_POINT('',(0.042,-0.0123272597497869,0.00599768573241104));
#9848=CARTESIAN_POINT('',(0.042,-0.0117604139817991,0.0039194495169343));
#9849=CARTESIAN_POINT('',(0.042,-0.0111935682138113,0.0039194495169343));
#9850=CARTESIAN_POINT('',(0.042,-0.0111935682138113,0.0039194495169343));
#9851=CARTESIAN_POINT('',(0.042,-0.0117604139817991,0.0039194495169343));
#9852=CARTESIAN_POINT('',(0.042,-0.0111935682138113,0.00497700646917175));
#9853=CARTESIAN_POINT('',(0.042,-0.0111935682138113,0.0060345634214092));
#9854=CARTESIAN_POINT('',(0.042,-0.0111935682138113,0.0060345634214092));
#9855=CARTESIAN_POINT('',(0.042,-0.0111935682138113,0.00497700646917175));
#9856=CARTESIAN_POINT('',(0.042,-0.0108902194817297,0.00681553770616047));
#9857=CARTESIAN_POINT('',(0.042717167429139,-0.0108902194817297,0.00681553770616047));
#9858=CARTESIAN_POINT('',(0.042,-0.0110924519697841,0.00662956312400848));
#9859=CARTESIAN_POINT('',(0.042717167429139,-0.0110924519697841,0.00662956312400848));
#9860=CARTESIAN_POINT('',(0.042,-0.0111935682138113,0.00636923836242472));
#9861=CARTESIAN_POINT('',(0.042717167429139,-0.0111935682138113,0.00636923836242472));
#9862=CARTESIAN_POINT('',(0.042,-0.0111935682138113,0.0060345634214092));
#9863=CARTESIAN_POINT('',(0.042717167429139,-0.0111935682138113,0.0060345634214092));
#9864=CARTESIAN_POINT('',(0.042,-0.0108902194817297,0.00681553770616047));
#9865=CARTESIAN_POINT('',(0.042,-0.0108902194817297,0.00681553770616047));
#9866=CARTESIAN_POINT('',(0.042,-0.0108902194817297,0.00681553770616047));
#9867=CARTESIAN_POINT('',(0.042,-0.0111935682138113,0.00653657583293248));
#9868=CARTESIAN_POINT('',(0.042,-0.0111935682138113,0.0060345634214092));
#9869=CARTESIAN_POINT('',(0.042,-0.0100444118405139,0.00709449957938846));
#9870=CARTESIAN_POINT('',(0.042717167429139,-0.0100444118405139,0.00709449957938846));
#9871=CARTESIAN_POINT('',(0.042,-0.01040605111327,0.00709449957938846));
#9872=CARTESIAN_POINT('',(0.042717167429139,-0.01040605111327,0.00709449957938846));
#9873=CARTESIAN_POINT('',(0.042,-0.0106879869936753,0.00700151228831246));
#9874=CARTESIAN_POINT('',(0.042717167429139,-0.0106879869936753,0.00700151228831246));
#9875=CARTESIAN_POINT('',(0.042,-0.0108902194817297,0.00681553770616047));
#9876=CARTESIAN_POINT('',(0.042717167429139,-0.0108902194817297,0.00681553770616047));
#9877=CARTESIAN_POINT('',(0.042,-0.0100444118405139,0.00709449957938846));
#9878=CARTESIAN_POINT('',(0.042,-0.0100444118405139,0.00709449957938846));
#9879=CARTESIAN_POINT('',(0.042,-0.0100444118405139,0.00709449957938846));
#9880=CARTESIAN_POINT('',(0.042,-0.0105868707496481,0.00709449957938846));
#9881=CARTESIAN_POINT('',(0.042,-0.0108902194817297,0.00681553770616047));
#9882=CARTESIAN_POINT('',(0.0419999999999999,-0.0100168189083773,0.00576935292996144));
#9883=CARTESIAN_POINT('',(0.042,-0.00971008372126289,0.00705823846380083));
#9884=CARTESIAN_POINT('',(0.042,-0.00971008372126289,0.00705823846380083));
#9885=CARTESIAN_POINT('',(0.042,-0.0100168189083773,0.00576935292996144));
#9886=CARTESIAN_POINT('',(0.042,-0.00966730773043601,0.00758877957225084));
#9887=CARTESIAN_POINT('',(0.042,-0.00966730773043601,0.00758877957225084));
#9888=CARTESIAN_POINT('',(0.042,-6.93889390390723E-18,0.00591738753862473));
#9889=CARTESIAN_POINT('',(0.042,-0.0140837083886829,0.0039194495169343));
#9890=CARTESIAN_POINT('',(0.042,-0.0135168626206951,0.0039194495169343));
#9891=CARTESIAN_POINT('',(0.042,-0.0135168626206951,0.0039194495169343));
#9892=CARTESIAN_POINT('',(0.042,-0.0140837083886829,0.0039194495169343));
#9893=CARTESIAN_POINT('',(0.042,-0.0146505541566707,0.0039194495169343));
#9894=CARTESIAN_POINT('',(0.042,-0.0146505541566707,0.0039194495169343));
#9895=CARTESIAN_POINT('',(0.042,-0.0135168626206951,0.00599768573241104));
#9896=CARTESIAN_POINT('',(0.042,-0.0135168626206951,0.00807592194788778));
#9897=CARTESIAN_POINT('',(0.042,-0.0135168626206951,0.00807592194788778));
#9898=CARTESIAN_POINT('',(0.042,-0.0135168626206951,0.00599768573241104));
#9899=CARTESIAN_POINT('',(0.042,-0.0140837083886829,0.00807592194788778));
#9900=CARTESIAN_POINT('',(0.042,-0.0146505541566707,0.00807592194788778));
#9901=CARTESIAN_POINT('',(0.042,-0.0146505541566707,0.00807592194788778));
#9902=CARTESIAN_POINT('',(0.042,-0.0140837083886829,0.00807592194788778));
#9903=CARTESIAN_POINT('',(0.042,-0.0146505541566707,0.00599768573241104));
#9904=CARTESIAN_POINT('',(0.042,-0.0146505541566707,0.00599768573241104));
#9905=CARTESIAN_POINT('',(0.042,-6.93889390390723E-18,0.00591738753862473));
#9906=CARTESIAN_POINT('',(0.042,-0.014699327874378,0.00915013334031794));
#9907=CARTESIAN_POINT('',(0.042717167429139,-0.014699327874378,0.00915013334031794));
#9908=CARTESIAN_POINT('',(0.042,-0.014699327874378,0.00951970329888011));
#9909=CARTESIAN_POINT('',(0.042717167429139,-0.014699327874378,0.00951970329888011));
#9910=CARTESIAN_POINT('',(0.042,-0.0144935265777108,0.00970448827816119));
#9911=CARTESIAN_POINT('',(0.042717167429139,-0.0144935265777108,0.00970448827816119));
#9912=CARTESIAN_POINT('',(0.042,-0.0140819239843766,0.00970448827816119));
#9913=CARTESIAN_POINT('',(0.042717167429139,-0.0140819239843766,0.00970448827816119));
#9914=CARTESIAN_POINT('',(0.042,-0.014699327874378,0.00915013334031794));
#9915=CARTESIAN_POINT('',(0.042,-0.014699327874378,0.00915013334031794));
#9916=CARTESIAN_POINT('',(0.042,-0.014699327874378,0.00915013334031794));
#9917=CARTESIAN_POINT('',(0.042,-0.014699327874378,0.00970448827816119));
#9918=CARTESIAN_POINT('',(0.042,-0.0140819239843766,0.00970448827816119));
#9919=CARTESIAN_POINT('',(0.042,-0.0140819239843766,0.00970448827816119));
#9920=CARTESIAN_POINT('',(0.042,-0.0140819239843766,0.00970448827816119));
#9921=CARTESIAN_POINT('',(0.042,-0.0140819239843766,0.00859220959386196));
#9922=CARTESIAN_POINT('',(0.042717167429139,-0.0140819239843766,0.00859220959386196));
#9923=CARTESIAN_POINT('',(0.042,-0.0144935265777108,0.00859220959386196));
#9924=CARTESIAN_POINT('',(0.042717167429139,-0.0144935265777108,0.00859220959386196));
#9925=CARTESIAN_POINT('',(0.042,-0.014699327874378,0.00877818417601395));
#9926=CARTESIAN_POINT('',(0.042717167429139,-0.014699327874378,0.00877818417601395));
#9927=CARTESIAN_POINT('',(0.042,-0.014699327874378,0.00915013334031794));
#9928=CARTESIAN_POINT('',(0.042717167429139,-0.014699327874378,0.00915013334031794));
#9929=CARTESIAN_POINT('',(0.042,-0.0140819239843766,0.00859220959386196));
#9930=CARTESIAN_POINT('',(0.042,-0.0140819239843766,0.00859220959386196));
#9931=CARTESIAN_POINT('',(0.042,-0.0140819239843766,0.00859220959386196));
#9932=CARTESIAN_POINT('',(0.042,-0.014699327874378,0.00859220959386196));
#9933=CARTESIAN_POINT('',(0.042,-0.014699327874378,0.00915013334031794));
#9934=CARTESIAN_POINT('',(0.042,-0.0136185736661578,0.00873912554841913));
#9935=CARTESIAN_POINT('',(0.042717167429139,-0.0136185736661578,0.00873912554841913));
#9936=CARTESIAN_POINT('',(0.042,-0.0137212760473462,0.00864118157871435));
#9937=CARTESIAN_POINT('',(0.042717167429139,-0.0137212760473462,0.00864118157871435));
#9938=CARTESIAN_POINT('',(0.042,-0.0138757261534191,0.00859220959386196));
#9939=CARTESIAN_POINT('',(0.042717167429139,-0.0138757261534191,0.00859220959386196));
#9940=CARTESIAN_POINT('',(0.042,-0.0140819239843766,0.00859220959386196));
#9941=CARTESIAN_POINT('',(0.042717167429139,-0.0140819239843766,0.00859220959386196));
#9942=CARTESIAN_POINT('',(0.042,-0.0136185736661578,0.00873912554841913));
#9943=CARTESIAN_POINT('',(0.042,-0.0136185736661578,0.00873912554841913));
#9944=CARTESIAN_POINT('',(0.042,-0.0136185736661578,0.00873912554841913));
#9945=CARTESIAN_POINT('',(0.042,-0.0137726272379404,0.00859220959386196));
#9946=CARTESIAN_POINT('',(0.042,-0.0140819239843766,0.00859220959386196));
#9947=CARTESIAN_POINT('',(0.042,-0.0134645200943752,0.00915013334031794));
#9948=CARTESIAN_POINT('',(0.042717167429139,-0.0134645200943752,0.00915013334031794));
#9949=CARTESIAN_POINT('',(0.042,-0.0134645200943752,0.00897407211542351));
#9950=CARTESIAN_POINT('',(0.042717167429139,-0.0134645200943752,0.00897407211542351));
#9951=CARTESIAN_POINT('',(0.042,-0.0135158712849694,0.00883706951812391));
#9952=CARTESIAN_POINT('',(0.042717167429139,-0.0135158712849694,0.00883706951812391));
#9953=CARTESIAN_POINT('',(0.042,-0.0136185736661578,0.00873912554841913));
#9954=CARTESIAN_POINT('',(0.042717167429139,-0.0136185736661578,0.00873912554841913));
#9955=CARTESIAN_POINT('',(0.042,-0.0134645200943752,0.00915013334031794));
#9956=CARTESIAN_POINT('',(0.042,-0.0134645200943752,0.00915013334031794));
#9957=CARTESIAN_POINT('',(0.042,-0.0134645200943752,0.00915013334031794));
#9958=CARTESIAN_POINT('',(0.042,-0.0134645200943752,0.0088860415029763));
#9959=CARTESIAN_POINT('',(0.042,-0.0136185736661578,0.00873912554841913));
#9960=CARTESIAN_POINT('',(0.042,-0.0140819239843766,0.00970448827816119));
#9961=CARTESIAN_POINT('',(0.042717167429139,-0.0140819239843766,0.00970448827816119));
#9962=CARTESIAN_POINT('',(0.042,-0.0136703213910423,0.00970448827816119));
#9963=CARTESIAN_POINT('',(0.042717167429139,-0.0136703213910423,0.00970448827816119));
#9964=CARTESIAN_POINT('',(0.042,-0.0134645200943752,0.00951970329888011));
#9965=CARTESIAN_POINT('',(0.042717167429139,-0.0134645200943752,0.00951970329888011));
#9966=CARTESIAN_POINT('',(0.042,-0.0134645200943752,0.00915013334031794));
#9967=CARTESIAN_POINT('',(0.042717167429139,-0.0134645200943752,0.00915013334031794));
#9968=CARTESIAN_POINT('',(0.042,-0.0140819239843766,0.00970448827816119));
#9969=CARTESIAN_POINT('',(0.042,-0.0134645200943752,0.00970448827816119));
#9970=CARTESIAN_POINT('',(0.042,-0.0134645200943752,0.00915013334031794));
#9971=CARTESIAN_POINT('',(0.042,-6.93889390390723E-18,0.00591738753862473));
#9972=CARTESIAN_POINT('',(0.042,-0.0157919781113072,0.00722416629231746));
#9973=CARTESIAN_POINT('',(0.042,-0.0153012669270576,0.00722416629231746));
#9974=CARTESIAN_POINT('',(0.042,-0.0153012669270576,0.00722416629231746));
#9975=CARTESIAN_POINT('',(0.042,-0.0157919781113072,0.00722416629231746));
#9976=CARTESIAN_POINT('',(0.042,-0.0162826892955568,0.00722416629231746));
#9977=CARTESIAN_POINT('',(0.042,-0.0162826892955568,0.00722416629231746));
#9978=CARTESIAN_POINT('',(0.042,-0.0153012669270576,0.00765004412010262));
#9979=CARTESIAN_POINT('',(0.042,-0.0153012669270576,0.00807592194788778));
#9980=CARTESIAN_POINT('',(0.042,-0.0153012669270576,0.00807592194788778));
#9981=CARTESIAN_POINT('',(0.042,-0.0153012669270576,0.00765004412010262));
#9982=CARTESIAN_POINT('',(0.042,-0.0157919781113072,0.00807592194788778));
#9983=CARTESIAN_POINT('',(0.042,-0.0162826892955568,0.00807592194788778));
#9984=CARTESIAN_POINT('',(0.042,-0.0162826892955568,0.00807592194788778));
#9985=CARTESIAN_POINT('',(0.042,-0.0157919781113072,0.00807592194788778));
#9986=CARTESIAN_POINT('',(0.042,-0.0162826892955568,0.00820618346225223));
#9987=CARTESIAN_POINT('',(0.042,-0.0162826892955568,0.00833644497661669));
#9988=CARTESIAN_POINT('',(0.042,-0.0162826892955568,0.00833644497661669));
#9989=CARTESIAN_POINT('',(0.042,-0.0162826892955568,0.00820618346225223));
#9990=CARTESIAN_POINT('',(0.042,-0.0161744354343042,0.00870224785942098));
#9991=CARTESIAN_POINT('',(0.042717167429139,-0.0161744354343042,0.00870224785942098));
#9992=CARTESIAN_POINT('',(0.042,-0.0162466046751393,0.00860668309545801));
#9993=CARTESIAN_POINT('',(0.042717167429139,-0.0162466046751393,0.00860668309545801));
#9994=CARTESIAN_POINT('',(0.042,-0.0162826892955568,0.00848474880118992));
#9995=CARTESIAN_POINT('',(0.042717167429139,-0.0162826892955568,0.00848474880118992));
#9996=CARTESIAN_POINT('',(0.042,-0.0162826892955568,0.00833644497661669));
#9997=CARTESIAN_POINT('',(0.042717167429139,-0.0162826892955568,0.00833644497661669));
#9998=CARTESIAN_POINT('',(0.042,-0.0161744354343042,0.00870224785942098));
#9999=CARTESIAN_POINT('',(0.042,-0.0161744354343042,0.00870224785942098));
#10000=CARTESIAN_POINT('',(0.042,-0.0161744354343042,0.00870224785942098));
#10001=CARTESIAN_POINT('',(0.042,-0.0162826892955568,0.00855890071347653));
#10002=CARTESIAN_POINT('',(0.042,-0.0162826892955568,0.00833644497661669));
#10003=CARTESIAN_POINT('',(0.042,-0.0158246921902572,0.00884559500536542));
#10004=CARTESIAN_POINT('',(0.042717167429139,-0.0158246921902572,0.00884559500536542));
#10005=CARTESIAN_POINT('',(0.042,-0.0159856851121201,0.00884559500536542));
#10006=CARTESIAN_POINT('',(0.042717167429139,-0.0159856851121201,0.00884559500536542));
#10007=CARTESIAN_POINT('',(0.042,-0.0161022661934691,0.00879781262338394));
#10008=CARTESIAN_POINT('',(0.042717167429139,-0.0161022661934691,0.00879781262338394));
#10009=CARTESIAN_POINT('',(0.042,-0.0161744354343042,0.00870224785942098));
#10010=CARTESIAN_POINT('',(0.042717167429139,-0.0161744354343042,0.00870224785942098));
#10011=CARTESIAN_POINT('',(0.042,-0.0158246921902572,0.00884559500536542));
#10012=CARTESIAN_POINT('',(0.042,-0.0158246921902572,0.00884559500536542));
#10013=CARTESIAN_POINT('',(0.042,-0.0158246921902572,0.00884559500536542));
#10014=CARTESIAN_POINT('',(0.042,-0.0160661815730515,0.00884559500536542));
#10015=CARTESIAN_POINT('',(0.042,-0.0161744354343042,0.00870224785942098));
#10016=CARTESIAN_POINT('',(0.0419999999999999,-0.0158686167553386,0.00672789079281897));
#10017=CARTESIAN_POINT('',(0.042,-0.015193307736009,0.00873649592076101));
#10018=CARTESIAN_POINT('',(0.042,-0.0151933077215503,0.00873649589124698));
#10019=CARTESIAN_POINT('',(0.042,-0.0158686167553386,0.00672789079281897));
#10020=CARTESIAN_POINT('',(0.042,-0.0150478815155541,0.00915370214893066));
#10021=CARTESIAN_POINT('',(0.042,-0.0149027499653033,0.00957006315374855));
#10022=CARTESIAN_POINT('',(0.042,-0.0149027499653033,0.00957006315374855));
#10023=CARTESIAN_POINT('',(0.042,-0.0150478815155541,0.00915370214893066));
#10024=CARTESIAN_POINT('',(0.042,-0.0159472212859607,0.00974493477577207));
#10025=CARTESIAN_POINT('',(0.042717167429139,-0.0159472212859607,0.00974493477577207));
#10026=CARTESIAN_POINT('',(0.042,-0.0155562384757222,0.00974493477577207));
#10027=CARTESIAN_POINT('',(0.042717167429139,-0.0155562384757222,0.00974493477577207));
#10028=CARTESIAN_POINT('',(0.042,-0.0152080813688364,0.00968664423509756));
#10029=CARTESIAN_POINT('',(0.042717167429139,-0.0152080813688364,0.00968664423509756));
#10030=CARTESIAN_POINT('',(0.042,-0.0149027499653033,0.00957006315374855));
#10031=CARTESIAN_POINT('',(0.042717167429139,-0.0149027499653033,0.00957006315374855));
#10032=CARTESIAN_POINT('',(0.042,-0.0159472212859607,0.00974493477577207));
#10033=CARTESIAN_POINT('',(0.042,-0.0159472212859607,0.00974493477577207));
#10034=CARTESIAN_POINT('',(0.042,-0.0159472212859607,0.00974493477577207));
#10035=CARTESIAN_POINT('',(0.042,-0.0153607470706029,0.00974493477577207));
#10036=CARTESIAN_POINT('',(0.042,-0.0149027499653033,0.00957006315374855));
#10037=CARTESIAN_POINT('',(0.042,-0.0170666375874854,0.0094177939862723));
#10038=CARTESIAN_POINT('',(0.042717167429139,-0.0170666375874854,0.0094177939862723));
#10039=CARTESIAN_POINT('',(0.042,-0.0168334754247874,0.00963588784593881));
#10040=CARTESIAN_POINT('',(0.042717167429139,-0.0168334754247874,0.00963588784593881));
#10041=CARTESIAN_POINT('',(0.042,-0.0164603366576125,0.00974493477577207));
#10042=CARTESIAN_POINT('',(0.042717167429139,-0.0164603366576125,0.00974493477577207));
#10043=CARTESIAN_POINT('',(0.042,-0.0159472212859607,0.00974493477577207));
#10044=CARTESIAN_POINT('',(0.042717167429139,-0.0159472212859607,0.00974493477577207));
#10045=CARTESIAN_POINT('',(0.042,-0.0170666375874854,0.0094177939862723));
#10046=CARTESIAN_POINT('',(0.042,-0.0170666375874854,0.0094177939862723));
#10047=CARTESIAN_POINT('',(0.042,-0.0170666375874854,0.0094177939862723));
#10048=CARTESIAN_POINT('',(0.042,-0.0167168943434384,0.00974493477577207));
#10049=CARTESIAN_POINT('',(0.042,-0.0159472212859607,0.00974493477577207));
#10050=CARTESIAN_POINT('',(0.042,-0.0174163808315325,0.00838046028284029));
#10051=CARTESIAN_POINT('',(0.0427171674291391,-0.0174163808315325,0.00838046028284029));
#10052=CARTESIAN_POINT('',(0.042,-0.0174163808315325,0.00885392222546178));
#10053=CARTESIAN_POINT('',(0.0427171674291391,-0.0174163808315325,0.00885392222546178));
#10054=CARTESIAN_POINT('',(0.042,-0.0172997997501834,0.00919970012660578));
#10055=CARTESIAN_POINT('',(0.0427171674291391,-0.0172997997501834,0.00919970012660578));
#10056=CARTESIAN_POINT('',(0.042,-0.0170666375874854,0.0094177939862723));
#10057=CARTESIAN_POINT('',(0.0427171674291391,-0.0170666375874854,0.0094177939862723));
#10058=CARTESIAN_POINT('',(0.042,-0.0174163808315325,0.00838046028284029));
#10059=CARTESIAN_POINT('',(0.042,-0.0174163808315325,0.00838046028284029));
#10060=CARTESIAN_POINT('',(0.042,-0.0174163808315325,0.00838046028284029));
#10061=CARTESIAN_POINT('',(0.042,-0.0174163808315325,0.00909065319677252));
#10062=CARTESIAN_POINT('',(0.042,-0.0170666375874854,0.0094177939862723));
#10063=CARTESIAN_POINT('',(0.042,-0.0174163808315325,0.00822819111536403));
#10064=CARTESIAN_POINT('',(0.042,-0.0174163808315325,0.00807592194788778));
#10065=CARTESIAN_POINT('',(0.042,-0.0174163808315325,0.00807592194788778));
#10066=CARTESIAN_POINT('',(0.042,-0.0174163808315325,0.00822819111536403));
#10067=CARTESIAN_POINT('',(0.042,-0.0177286515851458,0.00792365278041152));
#10068=CARTESIAN_POINT('',(0.042,-0.0180409223387593,0.00777138361293526));
#10069=CARTESIAN_POINT('',(0.042,-0.0180409223387593,0.00777138361293526));
#10070=CARTESIAN_POINT('',(0.042,-0.0177286515851458,0.00792365278041152));
#10071=CARTESIAN_POINT('',(0.042,-0.0180409223387593,0.00749777495262636));
#10072=CARTESIAN_POINT('',(0.042,-0.0180409223387593,0.00722416629231746));
#10073=CARTESIAN_POINT('',(0.042,-0.0180409223387593,0.00722416629231746));
#10074=CARTESIAN_POINT('',(0.042,-0.0180409223387593,0.00749777495262636));
#10075=CARTESIAN_POINT('',(0.042,-0.0177286515851458,0.00722416629231746));
#10076=CARTESIAN_POINT('',(0.042,-0.0174163808315325,0.00722416629231746));
#10077=CARTESIAN_POINT('',(0.042,-0.0174163808315325,0.00722416629231746));
#10078=CARTESIAN_POINT('',(0.042,-0.0177286515851458,0.00722416629231746));
#10079=CARTESIAN_POINT('',(0.042,-0.0174163808315325,0.00557180790462588));
#10080=CARTESIAN_POINT('',(0.042,-0.0174163808315325,0.0039194495169343));
#10081=CARTESIAN_POINT('',(0.042,-0.0174163808315325,0.0039194495169343));
#10082=CARTESIAN_POINT('',(0.042,-0.0174163808315325,0.00557180790462588));
#10083=CARTESIAN_POINT('',(0.042,-0.0168495350635447,0.0039194495169343));
#10084=CARTESIAN_POINT('',(0.042,-0.0162826892955568,0.0039194495169343));
#10085=CARTESIAN_POINT('',(0.042,-0.0162826892955568,0.0039194495169343));
#10086=CARTESIAN_POINT('',(0.042,-0.0168495350635447,0.0039194495169343));
#10087=CARTESIAN_POINT('',(0.042,-0.0162826892955568,0.00557180790462588));
#10088=CARTESIAN_POINT('',(0.042,-0.0162826892955568,0.00557180790462588));
#10089=CARTESIAN_POINT('',(0.042,-6.93889390390723E-18,0.00591738753862473));
#10090=CARTESIAN_POINT('',(0.042,-0.0219035628605984,0.00807592194788778));
#10091=CARTESIAN_POINT('',(0.042,-0.0225245355592125,0.00807592194788778));
#10092=CARTESIAN_POINT('',(0.042,-0.0225245355592125,0.00807592194788778));
#10093=CARTESIAN_POINT('',(0.042,-0.0219035628605984,0.00807592194788778));
#10094=CARTESIAN_POINT('',(0.042,-0.0212825901619843,0.00807592194788778));
#10095=CARTESIAN_POINT('',(0.042,-0.0212825901619843,0.00807592194788778));
#10096=CARTESIAN_POINT('',(0.042,-0.0216989511668022,0.00601255576829739));
#10097=CARTESIAN_POINT('',(0.042,-0.0208733667743919,0.00394918958870701));
#10098=CARTESIAN_POINT('',(0.042,-0.0208733667743919,0.00394918958870701));
#10099=CARTESIAN_POINT('',(0.042,-0.0216989511668022,0.00601255576829739));
#10100=CARTESIAN_POINT('',(0.042,-0.0209072704562128,0.0038468837418089));
#10101=CARTESIAN_POINT('',(0.042,-0.0209411741380336,0.00374457789491079));
#10102=CARTESIAN_POINT('',(0.042,-0.0209411741380336,0.00374457789491079));
#10103=CARTESIAN_POINT('',(0.042,-0.0209072704562128,0.0038468837418089));
#10104=CARTESIAN_POINT('',(0.042,-0.0212921069849515,0.00318903335419663));
#10105=CARTESIAN_POINT('',(0.042717167429139,-0.0212921069849515,0.00318903335419663));
#10106=CARTESIAN_POINT('',(0.042,-0.0211422170232171,0.00331195898419048));
#10107=CARTESIAN_POINT('',(0.042717167429139,-0.0211422170232171,0.00331195898419048));
#10108=CARTESIAN_POINT('',(0.042,-0.0210252394075778,0.00349714049776187));
#10109=CARTESIAN_POINT('',(0.042717167429139,-0.0210252394075778,0.00349714049776187));
#10110=CARTESIAN_POINT('',(0.042,-0.0209411741380336,0.00374457789491079));
#10111=CARTESIAN_POINT('',(0.042717167429139,-0.0209411741380336,0.00374457789491079));
#10112=CARTESIAN_POINT('',(0.042,-0.0212921069849515,0.00318903335419663));
#10113=CARTESIAN_POINT('',(0.042,-0.0212921069849515,0.00318903335419663));
#10114=CARTESIAN_POINT('',(0.042,-0.0212921069849515,0.00318903335419663));
#10115=CARTESIAN_POINT('',(0.042,-0.0210672720423499,0.00337342179918741));
#10116=CARTESIAN_POINT('',(0.042,-0.0209411741380336,0.00374457789491079));
#10117=CARTESIAN_POINT('',(0.042,-0.0218033299258539,0.00380772820619188));
#10118=CARTESIAN_POINT('',(0.042,-0.021817911453893,0.00300464490920585));
#10119=CARTESIAN_POINT('',(0.042,-0.0218179065377906,0.00300492815492374));
#10120=CARTESIAN_POINT('',(0.042,-0.0218033299258539,0.00380772820619188));
#10121=CARTESIAN_POINT('',(0.0419999999999998,-0.021835695258595,0.00493094210685012));
#10122=CARTESIAN_POINT('',(0.042,-0.0222640125304836,0.00305309951971557));
#10123=CARTESIAN_POINT('',(0.042,-0.0222640125304836,0.00305309951971557));
#10124=CARTESIAN_POINT('',(0.042,-0.021835695258595,0.00493094210685012));
#10125=CARTESIAN_POINT('',(0.042,-0.0222640125304836,0.00260374874170977));
#10126=CARTESIAN_POINT('',(0.042,-0.0222640125304836,0.00215404148389419));
#10127=CARTESIAN_POINT('',(0.042,-0.0222640125304836,0.00215404148389419));
#10128=CARTESIAN_POINT('',(0.042,-0.0222640125304836,0.00260374874170977));
#10129=CARTESIAN_POINT('',(0.0419999999999998,-0.0216919114796454,0.004672980219862));
#10130=CARTESIAN_POINT('',(0.042,-0.021688244740964,0.0020898403014774));
#10131=CARTESIAN_POINT('',(0.042,-0.021688244740964,0.0020898403014774));
#10132=CARTESIAN_POINT('',(0.042,-0.0216919114796454,0.004672980219862));
#10133=CARTESIAN_POINT('',(0.042,-0.0206419890160002,0.00241341228236444));
#10134=CARTESIAN_POINT('',(0.042717167429139,-0.0206419890160002,0.00241341228236444));
#10135=CARTESIAN_POINT('',(0.042,-0.0209405793365982,0.00219769762843975));
#10136=CARTESIAN_POINT('',(0.042717167429139,-0.0209405793365982,0.00219769762843975));
#10137=CARTESIAN_POINT('',(0.042,-0.0212893312449194,0.0020898403014774));
#10138=CARTESIAN_POINT('',(0.042717167429139,-0.0212893312449194,0.0020898403014774));
#10139=CARTESIAN_POINT('',(0.042,-0.021688244740964,0.0020898403014774));
#10140=CARTESIAN_POINT('',(0.042717167429139,-0.021688244740964,0.0020898403014774));
#10141=CARTESIAN_POINT('',(0.042,-0.0206419890160002,0.00241341228236444));
#10142=CARTESIAN_POINT('',(0.042,-0.0206419890160002,0.00241341228236444));
#10143=CARTESIAN_POINT('',(0.042,-0.0206419890160002,0.00241341228236444));
#10144=CARTESIAN_POINT('',(0.042,-0.0210898744968971,0.0020898403014774));
#10145=CARTESIAN_POINT('',(0.042,-0.021688244740964,0.0020898403014774));
#10146=CARTESIAN_POINT('',(0.042,-0.0199514245494379,0.00338769703363831));
#10147=CARTESIAN_POINT('',(0.0427171674291391,-0.0199514245494379,0.00338769703363831));
#10148=CARTESIAN_POINT('',(0.042,-0.0201132105398815,0.0029538885200471));
#10149=CARTESIAN_POINT('',(0.0427171674291391,-0.0201132105398815,0.0029538885200471));
#10150=CARTESIAN_POINT('',(0.042,-0.0203433986954022,0.00262912693628914));
#10151=CARTESIAN_POINT('',(0.0427171674291391,-0.0203433986954022,0.00262912693628914));
#10152=CARTESIAN_POINT('',(0.042,-0.0206419890160002,0.00241341228236444));
#10153=CARTESIAN_POINT('',(0.0427171674291391,-0.0206419890160002,0.00241341228236444));
#10154=CARTESIAN_POINT('',(0.042,-0.0199514245494379,0.00338769703363831));
#10155=CARTESIAN_POINT('',(0.042,-0.0199514245494379,0.00338769703363831));
#10156=CARTESIAN_POINT('',(0.042,-0.0199514245494379,0.00338769703363831));
#10157=CARTESIAN_POINT('',(0.042,-0.0201941035351033,0.00273698426325149));
#10158=CARTESIAN_POINT('',(0.042,-0.0206419890160002,0.00241341228236444));
#10159=CARTESIAN_POINT('',(0.042,-0.0190723080278367,0.00573180949076304));
#10160=CARTESIAN_POINT('',(0.042,-0.0181931915062356,0.00807592194788778));
#10161=CARTESIAN_POINT('',(0.042,-0.0181931915062356,0.00807592194788778));
#10162=CARTESIAN_POINT('',(0.042,-0.0190723080278367,0.00573180949076304));
#10163=CARTESIAN_POINT('',(0.042,-0.0188010785732696,0.00807592194788778));
#10164=CARTESIAN_POINT('',(0.042,-0.0194089656403038,0.00807592194788778));
#10165=CARTESIAN_POINT('',(0.042,-0.0194089656403038,0.00807592194788778));
#10166=CARTESIAN_POINT('',(0.042,-0.0188010785732696,0.00807592194788778));
#10167=CARTESIAN_POINT('',(0.042,-0.0197938021690426,0.00690654232578495));
#10168=CARTESIAN_POINT('',(0.042,-0.0201786386977814,0.00573716270368213));
#10169=CARTESIAN_POINT('',(0.042,-0.0201787618801732,0.00573720542211725));
#10170=CARTESIAN_POINT('',(0.042,-0.0197938021690426,0.00690654232578495));
#10171=CARTESIAN_POINT('',(0.0419999999999999,-0.0171889093621805,0.00470035414055156));
#10172=CARTESIAN_POINT('',(0.042,-0.0203377671263107,0.00501626336391172));
#10173=CARTESIAN_POINT('',(0.042,-0.0203377671263107,0.00501626336391172));
#10174=CARTESIAN_POINT('',(0.042,-0.0171889093621805,0.00470035414055156));
#10175=CARTESIAN_POINT('',(0.042,-0.0203493467097568,0.00501626336391172));
#10176=CARTESIAN_POINT('',(0.042,-0.0203615572599445,0.00501626336391172));
#10177=CARTESIAN_POINT('',(0.042,-0.0203615572599445,0.00501626336391172));
#10178=CARTESIAN_POINT('',(0.042,-0.0203493467097568,0.00501626336391172));
#10179=CARTESIAN_POINT('',(0.0419999999999998,-0.0235756397691625,0.00478296346595064));
#10180=CARTESIAN_POINT('',(0.042,-0.0204986418700558,0.00573716270368213));
#10181=CARTESIAN_POINT('',(0.04200000025,-0.0204981718005678,0.00573730847562017));
#10182=CARTESIAN_POINT('',(0.042,-0.0235756397691625,0.00478296346595064));
#10183=CARTESIAN_POINT('',(0.042,-0.02089061601602,0.00690654232578495));
#10184=CARTESIAN_POINT('',(0.042,-0.02089061601602,0.00690654232578495));
#10185=CARTESIAN_POINT('',(0.042,-6.93889390390723E-18,0.00591738753862473));
#10186=CARTESIAN_POINT('',(0.042,-0.0262509665523326,0.0039194495169343));
#10187=CARTESIAN_POINT('',(0.042,-0.0256841207843449,0.0039194495169343));
#10188=CARTESIAN_POINT('',(0.042,-0.0256841207843449,0.0039194495169343));
#10189=CARTESIAN_POINT('',(0.042,-0.0262509665523326,0.0039194495169343));
#10190=CARTESIAN_POINT('',(0.042,-0.0268178123203205,0.0039194495169343));
#10191=CARTESIAN_POINT('',(0.042,-0.0268178123203205,0.0039194495169343));
#10192=CARTESIAN_POINT('',(0.042,-0.0256841207843449,0.0049621364332854));
#10193=CARTESIAN_POINT('',(0.042,-0.0256841207843449,0.00600482334963649));
#10194=CARTESIAN_POINT('',(0.042,-0.0256841207843449,0.00600482334963649));
#10195=CARTESIAN_POINT('',(0.042,-0.0256841207843449,0.0049621364332854));
#10196=CARTESIAN_POINT('',(0.042,-0.0254777246862423,0.00694936802913765));
#10197=CARTESIAN_POINT('',(0.042717167429139,-0.0254777246862423,0.00694936802913765));
#10198=CARTESIAN_POINT('',(0.042,-0.0256153220849773,0.00675110088398628));
#10199=CARTESIAN_POINT('',(0.042717167429139,-0.0256153220849773,0.00675110088398628));
#10200=CARTESIAN_POINT('',(0.042,-0.0256841207843449,0.00643625265748589));
#10201=CARTESIAN_POINT('',(0.042717167429139,-0.0256841207843449,0.00643625265748589));
#10202=CARTESIAN_POINT('',(0.042,-0.0256841207843449,0.00600482334963649));
#10203=CARTESIAN_POINT('',(0.042717167429139,-0.0256841207843449,0.00600482334963649));
#10204=CARTESIAN_POINT('',(0.042,-0.0254777246862423,0.00694936802913765));
#10205=CARTESIAN_POINT('',(0.042,-0.0254777246862423,0.00694936802913765));
#10206=CARTESIAN_POINT('',(0.042,-0.0254777246862423,0.00694936802913765));
#10207=CARTESIAN_POINT('',(0.042,-0.0256841207843449,0.00665196731141059));
#10208=CARTESIAN_POINT('',(0.042,-0.0256841207843449,0.00600482334963649));
#10209=CARTESIAN_POINT('',(0.042,-0.0248549675833218,0.00724676874686472));
#10210=CARTESIAN_POINT('',(0.042717167429139,-0.0248549675833218,0.00724676874686472));
#10211=CARTESIAN_POINT('',(0.042,-0.0251325415865337,0.00724676874686472));
#10212=CARTESIAN_POINT('',(0.042717167429139,-0.0251325415865337,0.00724676874686472));
#10213=CARTESIAN_POINT('',(0.042,-0.0253401272875072,0.00714763517428903));
#10214=CARTESIAN_POINT('',(0.042717167429139,-0.0253401272875072,0.00714763517428903));
#10215=CARTESIAN_POINT('',(0.042,-0.0254777246862423,0.00694936802913765));
#10216=CARTESIAN_POINT('',(0.042717167429139,-0.0254777246862423,0.00694936802913765));
#10217=CARTESIAN_POINT('',(0.042,-0.0248549675833218,0.00724676874686472));
#10218=CARTESIAN_POINT('',(0.042,-0.0248549675833218,0.00724676874686472));
#10219=CARTESIAN_POINT('',(0.042,-0.0248549675833218,0.00724676874686472));
#10220=CARTESIAN_POINT('',(0.042,-0.0252713285881397,0.00724676874686472));
#10221=CARTESIAN_POINT('',(0.042,-0.0254777246862423,0.00694936802913765));
#10222=CARTESIAN_POINT('',(0.042,-0.0243809108392648,0.00702193380426306));
#10223=CARTESIAN_POINT('',(0.042717167429139,-0.0243809108392648,0.00702193380426306));
#10224=CARTESIAN_POINT('',(0.042,-0.0244812340147114,0.0071718237659975));
#10225=CARTESIAN_POINT('',(0.042717167429139,-0.0244812340147114,0.0071718237659975));
#10226=CARTESIAN_POINT('',(0.042,-0.0246392529293971,0.00724676874686472));
#10227=CARTESIAN_POINT('',(0.042717167429139,-0.0246392529293971,0.00724676874686472));
#10228=CARTESIAN_POINT('',(0.042,-0.0248549675833218,0.00724676874686472));
#10229=CARTESIAN_POINT('',(0.042717167429139,-0.0248549675833218,0.00724676874686472));
#10230=CARTESIAN_POINT('',(0.042,-0.0243809108392648,0.00702193380426306));
#10231=CARTESIAN_POINT('',(0.042,-0.0243809108392648,0.00702193380426306));
#10232=CARTESIAN_POINT('',(0.042,-0.0243809108392648,0.00702193380426306));
#10233=CARTESIAN_POINT('',(0.042,-0.0245313956024347,0.00724676874686472));
#10234=CARTESIAN_POINT('',(0.042,-0.0248549675833218,0.00724676874686472));
#10235=CARTESIAN_POINT('',(0.042,-0.0242304260760949,0.00634742897645807));
#10236=CARTESIAN_POINT('',(0.0427171674291391,-0.0242304260760949,0.00634742897645807));
#10237=CARTESIAN_POINT('',(0.042,-0.0242304260760949,0.00664720889992695));
#10238=CARTESIAN_POINT('',(0.0427171674291391,-0.0242304260760949,0.00664720889992695));
#10239=CARTESIAN_POINT('',(0.042,-0.0242805876638183,0.00687204384252861));
#10240=CARTESIAN_POINT('',(0.0427171674291391,-0.0242805876638183,0.00687204384252861));
#10241=CARTESIAN_POINT('',(0.042,-0.0243809108392648,0.00702193380426306));
#10242=CARTESIAN_POINT('',(0.0427171674291391,-0.0243809108392648,0.00702193380426306));
#10243=CARTESIAN_POINT('',(0.042,-0.0242304260760949,0.00634742897645807));
#10244=CARTESIAN_POINT('',(0.042,-0.0242304260760949,0.00634742897645807));
#10245=CARTESIAN_POINT('',(0.042,-0.0242304260760949,0.00634742897645807));
#10246=CARTESIAN_POINT('',(0.042,-0.0242304260760949,0.00679709886166139));
#10247=CARTESIAN_POINT('',(0.042,-0.0243809108392648,0.00702193380426306));
#10248=CARTESIAN_POINT('',(0.042,-0.0242304260760949,0.00513343924669619));
#10249=CARTESIAN_POINT('',(0.042,-0.0242304260760949,0.0039194495169343));
#10250=CARTESIAN_POINT('',(0.042,-0.0242304260760949,0.0039194495169343));
#10251=CARTESIAN_POINT('',(0.042,-0.0242304260760949,0.00513343924669619));
#10252=CARTESIAN_POINT('',(0.042,-0.0236617959038008,0.0039194495169343));
#10253=CARTESIAN_POINT('',(0.042,-0.0230931657315067,0.0039194495169343));
#10254=CARTESIAN_POINT('',(0.042,-0.0230931657315067,0.0039194495169343));
#10255=CARTESIAN_POINT('',(0.042,-0.0236617959038008,0.0039194495169343));
#10256=CARTESIAN_POINT('',(0.042,-0.0230931657315067,0.00527440718689882));
#10257=CARTESIAN_POINT('',(0.042,-0.0230931657315067,0.00662936485686333));
#10258=CARTESIAN_POINT('',(0.042,-0.0230931657315067,0.00662936485686333));
#10259=CARTESIAN_POINT('',(0.042,-0.0230931657315067,0.00527440718689882));
#10260=CARTESIAN_POINT('',(0.042,-0.0234553998056982,0.00779101206030525));
#10261=CARTESIAN_POINT('',(0.042717167429139,-0.0234553998056982,0.00779101206030525));
#10262=CARTESIAN_POINT('',(0.042,-0.0232139104229039,0.00754952267751087));
#10263=CARTESIAN_POINT('',(0.042717167429139,-0.0232139104229039,0.00754952267751087));
#10264=CARTESIAN_POINT('',(0.042,-0.0230931657315066,0.00716230694303023));
#10265=CARTESIAN_POINT('',(0.042717167429139,-0.0230931657315066,0.00716230694303023));
#10266=CARTESIAN_POINT('',(0.042,-0.0230931657315067,0.00662936485686333));
#10267=CARTESIAN_POINT('',(0.042717167429139,-0.0230931657315067,0.00662936485686333));
#10268=CARTESIAN_POINT('',(0.042,-0.0234553998056982,0.00779101206030525));
#10269=CARTESIAN_POINT('',(0.042,-0.0234553998056982,0.00779101206030525));
#10270=CARTESIAN_POINT('',(0.042,-0.0234553998056982,0.00779101206030525));
#10271=CARTESIAN_POINT('',(0.042,-0.0230931657315067,0.00742877798611368));
#10272=CARTESIAN_POINT('',(0.042,-0.0230931657315067,0.00662936485686333));
#10273=CARTESIAN_POINT('',(0.042,-0.0245242579852093,0.00815324613449681));
#10274=CARTESIAN_POINT('',(0.042717167429139,-0.0245242579852093,0.00815324613449681));
#10275=CARTESIAN_POINT('',(0.042,-0.0240531752483296,0.00815324613449681));
#10276=CARTESIAN_POINT('',(0.042717167429139,-0.0240531752483296,0.00815324613449681));
#10277=CARTESIAN_POINT('',(0.042,-0.0236968891884926,0.00803250144309962));
#10278=CARTESIAN_POINT('',(0.042717167429139,-0.0236968891884926,0.00803250144309962));
#10279=CARTESIAN_POINT('',(0.042,-0.0234553998056982,0.00779101206030525));
#10280=CARTESIAN_POINT('',(0.042717167429139,-0.0234553998056982,0.00779101206030525));
#10281=CARTESIAN_POINT('',(0.042,-0.0245242579852093,0.00815324613449681));
#10282=CARTESIAN_POINT('',(0.042,-0.0245242579852093,0.00815324613449681));
#10283=CARTESIAN_POINT('',(0.042,-0.0245242579852093,0.00815324613449681));
#10284=CARTESIAN_POINT('',(0.042,-0.0238176338798898,0.00815324613449681));
#10285=CARTESIAN_POINT('',(0.042,-0.0234553998056982,0.00779101206030525));
#10286=CARTESIAN_POINT('',(0.042,-0.0252582429565597,0.00799383934979511));
#10287=CARTESIAN_POINT('',(0.042717167429139,-0.0252582429565597,0.00799383934979511));
#10288=CARTESIAN_POINT('',(0.042,-0.0250417352340544,0.00810011053959624));
#10289=CARTESIAN_POINT('',(0.042717167429139,-0.0250417352340544,0.00810011053959624));
#10290=CARTESIAN_POINT('',(0.042,-0.0247970735769376,0.00815324613449681));
#10291=CARTESIAN_POINT('',(0.042717167429139,-0.0247970735769376,0.00815324613449681));
#10292=CARTESIAN_POINT('',(0.042,-0.0245242579852093,0.00815324613449681));
#10293=CARTESIAN_POINT('',(0.042717167429139,-0.0245242579852093,0.00815324613449681));
#10294=CARTESIAN_POINT('',(0.042,-0.0252582429565597,0.00799383934979511));
#10295=CARTESIAN_POINT('',(0.042,-0.0252582429565597,0.00799383934979511));
#10296=CARTESIAN_POINT('',(0.042,-0.0252582429565597,0.00799383934979511));
#10297=CARTESIAN_POINT('',(0.042,-0.0249334813728018,0.00815324613449681));
#10298=CARTESIAN_POINT('',(0.042,-0.0245242579852093,0.00815324613449681));
#10299=CARTESIAN_POINT('',(0.042,-0.0247836801236637,0.00697605770430761));
#10300=CARTESIAN_POINT('',(0.042,-0.0257513468695347,0.00754416946459178));
#10301=CARTESIAN_POINT('',(0.042,-0.0257513468695347,0.00754416946459178));
#10302=CARTESIAN_POINT('',(0.042,-0.0247836801236637,0.00697605770430761));
#10303=CARTESIAN_POINT('',(0.042,-0.0258007018656939,0.00754416946459178));
#10304=CARTESIAN_POINT('',(0.042,-0.025850665186272,0.00754416946459178));
#10305=CARTESIAN_POINT('',(0.042,-0.025850665186272,0.00754416946459178));
#10306=CARTESIAN_POINT('',(0.042,-0.0258007018656939,0.00754416946459178));
#10307=CARTESIAN_POINT('',(0.042,-0.0271152130380475,0.00815324613449681));
#10308=CARTESIAN_POINT('',(0.042717167429139,-0.0271152130380475,0.00815324613449681));
#10309=CARTESIAN_POINT('',(0.042,-0.0264934472708528,0.00815324613449681));
#10310=CARTESIAN_POINT('',(0.042717167429139,-0.0264934472708528,0.00815324613449681));
#10311=CARTESIAN_POINT('',(0.042,-0.026071931320261,0.0079502205778618));
#10312=CARTESIAN_POINT('',(0.042717167429139,-0.026071931320261,0.0079502205778618));
#10313=CARTESIAN_POINT('',(0.042,-0.025850665186272,0.00754416946459178));
#10314=CARTESIAN_POINT('',(0.042717167429139,-0.025850665186272,0.00754416946459178));
#10315=CARTESIAN_POINT('',(0.042,-0.0271152130380475,0.00815324613449681));
#10316=CARTESIAN_POINT('',(0.042,-0.0271152130380475,0.00815324613449681));
#10317=CARTESIAN_POINT('',(0.042,-0.0271152130380475,0.00815324613449681));
#10318=CARTESIAN_POINT('',(0.042,-0.0261825643872554,0.00815324613449681));
#10319=CARTESIAN_POINT('',(0.042,-0.025850665186272,0.00754416946459178));
#10320=CARTESIAN_POINT('',(0.042,-0.0278402759878661,0.00799205494548874));
#10321=CARTESIAN_POINT('',(0.0427171674291391,-0.0278402759878661,0.00799205494548874));
#10322=CARTESIAN_POINT('',(0.042,-0.0276297162797153,0.00809951573816079));
#10323=CARTESIAN_POINT('',(0.0427171674291391,-0.0276297162797153,0.00809951573816079));
#10324=CARTESIAN_POINT('',(0.042,-0.0273880286297758,0.00815324613449681));
#10325=CARTESIAN_POINT('',(0.0427171674291391,-0.0273880286297758,0.00815324613449681));
#10326=CARTESIAN_POINT('',(0.042,-0.0271152130380475,0.00815324613449681));
#10327=CARTESIAN_POINT('',(0.0427171674291391,-0.0271152130380475,0.00815324613449681));
#10328=CARTESIAN_POINT('',(0.0427171674291391,-0.0277831597319854,0.00801954134589533));
#10329=CARTESIAN_POINT('',(0.0427171674291391,-0.0278024124352827,0.00801082250885787));
#10330=CARTESIAN_POINT('',(0.0427170562377876,-0.0278214519310615,0.00800166194999732));
#10331=CARTESIAN_POINT('',(0.0427168411918274,-0.0278402759878661,0.00799205494548874));
#10332=CARTESIAN_POINT('',(0.0427168411918274,-0.0278402759878661,0.00799205494548874));
#10333=CARTESIAN_POINT('',(0.042,-0.0278402759878661,0.00799205494548874));
#10334=CARTESIAN_POINT('',(0.042,-0.0278402759878661,0.00799205494548874));
#10335=CARTESIAN_POINT('',(0.042,-0.0278402759878661,0.00799205494548874));
#10336=CARTESIAN_POINT('',(0.042,-0.0275244364256399,0.00815324613449681));
#10337=CARTESIAN_POINT('',(0.042,-0.0271152130380475,0.00815324613449681));
#10338=CARTESIAN_POINT('',(0.042,-0.0273347651559605,0.00695835181334333));
#10339=CARTESIAN_POINT('',(0.0427168448971246,-0.0278399579948733,0.00799140460511627));
#10340=CARTESIAN_POINT('',(0.0427145510346753,-0.028041875656074,0.00789266100043219));
#10341=CARTESIAN_POINT('',(0.042700255592821,-0.0282098493525698,0.00773745310231748));
#10342=CARTESIAN_POINT('',(0.0426878084564665,-0.0283242029626511,0.00754438125942037));
#10343=CARTESIAN_POINT('',(0.0426878469114037,-0.0283238495548903,0.00754416946459178));
#10344=CARTESIAN_POINT('',(0.042,-0.028324328374994,0.00754416946459178));
#10345=CARTESIAN_POINT('',(0.042,-0.028324328374994,0.00754416946459178));
#10346=CARTESIAN_POINT('',(0.042,-0.0273347651559605,0.00695835181334333));
#10347=CARTESIAN_POINT('',(0.042,-0.0283553740309693,0.00754416946459178));
#10348=CARTESIAN_POINT('',(0.0377171674291391,-0.0277831597319854,0.00754416946459178));
#10349=CARTESIAN_POINT('',(0.0426805835401945,-0.0283868985070484,0.00754416946459178));
#10350=CARTESIAN_POINT('',(0.042,-0.0283868985070484,0.00754416946459178));
#10351=CARTESIAN_POINT('',(0.042,-0.0283868985070484,0.00754416946459178));
#10352=CARTESIAN_POINT('',(0.042,-0.0283553740309693,0.00754416946459178));
#10353=CARTESIAN_POINT('',(0.042,-0.0284630330907865,0.00781004570623978));
#10354=CARTESIAN_POINT('',(0.0377171674291391,-0.0277831597319854,0.00543580046105143));
#10355=CARTESIAN_POINT('',(0.0426596821727506,-0.0285391676745247,0.00807592194788778));
#10356=CARTESIAN_POINT('',(0.042,-0.0285391676745247,0.00807592194788778));
#10357=CARTESIAN_POINT('',(0.042,-0.0285391676745247,0.00807592194788778));
#10358=CARTESIAN_POINT('',(0.042,-0.0284630330907865,0.00781004570623978));
#10359=CARTESIAN_POINT('',(0.042,-0.0289721831195353,0.00807592194788778));
#10360=CARTESIAN_POINT('',(0.0377171674291391,-0.0277831597319854,0.00807592194788778));
#10361=CARTESIAN_POINT('',(0.0424467540945535,-0.0294051985645459,0.00807592194788778));
#10362=CARTESIAN_POINT('',(0.042,-0.0294051985645459,0.00807592194788778));
#10363=CARTESIAN_POINT('',(0.042,-0.0294051985645459,0.00807592194788778));
#10364=CARTESIAN_POINT('',(0.042,-0.0289721831195353,0.00807592194788778));
#10365=CARTESIAN_POINT('',(0.042,-0.0294051985645459,0.00599768573241104));
#10366=CARTESIAN_POINT('',(0.0424467540945535,-0.0294051985645459,0.00807592194788778));
#10367=CARTESIAN_POINT('',(0.0424467540945535,-0.0294051985645459,0.0039194495169343));
#10368=CARTESIAN_POINT('',(0.042,-0.0294051985645459,0.0039194495169343));
#10369=CARTESIAN_POINT('',(0.042,-0.0294051985645459,0.0039194495169343));
#10370=CARTESIAN_POINT('',(0.042,-0.0294051985645459,0.00599768573241104));
#10371=CARTESIAN_POINT('',(0.042,-0.0288383527965582,0.0039194495169343));
#10372=CARTESIAN_POINT('',(0.0377171674291391,-0.0277831597319854,0.0039194495169343));
#10373=CARTESIAN_POINT('',(0.0426932619738516,-0.0282715070285704,0.0039194495169343));
#10374=CARTESIAN_POINT('',(0.042,-0.0282715070285704,0.0039194495169343));
#10375=CARTESIAN_POINT('',(0.042,-0.0282715070285704,0.0039194495169343));
#10376=CARTESIAN_POINT('',(0.042,-0.0288383527965582,0.0039194495169343));
#10377=CARTESIAN_POINT('',(0.042,-0.0282715070285704,0.0048973030768209));
#10378=CARTESIAN_POINT('',(0.0426932619738516,-0.0282715070285704,0.0039194495169343));
#10379=CARTESIAN_POINT('',(0.0426932619738516,-0.0282715070285704,0.00587515663670749));
#10380=CARTESIAN_POINT('',(0.042,-0.0282715070285704,0.00587515663670749));
#10381=CARTESIAN_POINT('',(0.042,-0.0282715070285704,0.00587515663670749));
#10382=CARTESIAN_POINT('',(0.042,-0.0282715070285704,0.0048973030768209));
#10383=CARTESIAN_POINT('',(0.042,-0.028074627753435,0.00692676557459039));
#10384=CARTESIAN_POINT('',(0.0427129168280162,-0.028074627753435,0.00692676557459039));
#10385=CARTESIAN_POINT('',(0.042,-0.0282058806035252,0.00671343012640751));
#10386=CARTESIAN_POINT('',(0.0427129168280162,-0.0282058806035252,0.00671343012640751));
#10387=CARTESIAN_POINT('',(0.042,-0.0282715070285704,0.00636289381377988));
#10388=CARTESIAN_POINT('',(0.0427129168280162,-0.0282715070285704,0.00636289381377988));
#10389=CARTESIAN_POINT('',(0.042,-0.0282715070285704,0.00587515663670749));
#10390=CARTESIAN_POINT('',(0.0427129168280162,-0.0282715070285704,0.00587515663670749));
#10391=CARTESIAN_POINT('',(0.0426932619738516,-0.0282715070285704,0.00587515663670749));
#10392=CARTESIAN_POINT('',(0.0426932619738516,-0.0282715070285703,0.00623647472226012));
#10393=CARTESIAN_POINT('',(0.0426975127037546,-0.0282656121839966,0.00661634375089819));
#10394=CARTESIAN_POINT('',(0.0427086648389823,-0.028074627753435,0.00692676557459039));
#10395=CARTESIAN_POINT('',(0.0427086648389823,-0.028074627753435,0.00692676557459039));
#10396=CARTESIAN_POINT('',(0.042,-0.028074627753435,0.00692676557459039));
#10397=CARTESIAN_POINT('',(0.042,-0.028074627753435,0.00692676557459039));
#10398=CARTESIAN_POINT('',(0.042,-0.028074627753435,0.00692676557459039));
#10399=CARTESIAN_POINT('',(0.042,-0.0282715070285704,0.00660676240231607));
#10400=CARTESIAN_POINT('',(0.042,-0.0282715070285704,0.00587515663670749));
#10401=CARTESIAN_POINT('',(0.042,-0.0274423538275473,0.00724676874686472));
#10402=CARTESIAN_POINT('',(0.042717167429139,-0.0274423538275473,0.00724676874686472));
#10403=CARTESIAN_POINT('',(0.042,-0.0277326169280489,0.00724676874686472));
#10404=CARTESIAN_POINT('',(0.042717167429139,-0.0277326169280489,0.00724676874686472));
#10405=CARTESIAN_POINT('',(0.042,-0.0279433749033448,0.00714010102277328));
#10406=CARTESIAN_POINT('',(0.042717167429139,-0.0279433749033448,0.00714010102277328));
#10407=CARTESIAN_POINT('',(0.042,-0.028074627753435,0.00692676557459039));
#10408=CARTESIAN_POINT('',(0.042717167429139,-0.028074627753435,0.00692676557459039));
#10409=CARTESIAN_POINT('',(0.0427086648389823,-0.028074627753435,0.00692676557459039));
#10410=CARTESIAN_POINT('',(0.0427127146762548,-0.0280052727958805,0.00703949357206573));
#10411=CARTESIAN_POINT('',(0.0427171674291387,-0.0279048324858055,0.00713041726604362));
#10412=CARTESIAN_POINT('',(0.0427171674291391,-0.0277831597320006,0.00718316772903629));
#10413=CARTESIAN_POINT('',(0.042,-0.0274423538275473,0.00724676874686472));
#10414=CARTESIAN_POINT('',(0.042,-0.0274423538275473,0.00724676874686472));
#10415=CARTESIAN_POINT('',(0.042,-0.0274423538275473,0.00724676874686472));
#10416=CARTESIAN_POINT('',(0.042,-0.0278777484782997,0.00724676874686472));
#10417=CARTESIAN_POINT('',(0.042,-0.028074627753435,0.00692676557459039));
#10418=CARTESIAN_POINT('',(0.042,-0.0269682970834903,0.00702193380426306));
#10419=CARTESIAN_POINT('',(0.042717167429139,-0.0269682970834903,0.00702193380426306));
#10420=CARTESIAN_POINT('',(0.042,-0.0270686202589369,0.0071718237659975));
#10421=CARTESIAN_POINT('',(0.042717167429139,-0.0270686202589369,0.0071718237659975));
#10422=CARTESIAN_POINT('',(0.042,-0.0272266391736226,0.00724676874686472));
#10423=CARTESIAN_POINT('',(0.042717167429139,-0.0272266391736226,0.00724676874686472));
#10424=CARTESIAN_POINT('',(0.042,-0.0274423538275473,0.00724676874686472));
#10425=CARTESIAN_POINT('',(0.042717167429139,-0.0274423538275473,0.00724676874686472));
#10426=CARTESIAN_POINT('',(0.042,-0.0269682970834903,0.00702193380426306));
#10427=CARTESIAN_POINT('',(0.042,-0.0269682970834903,0.00702193380426306));
#10428=CARTESIAN_POINT('',(0.042,-0.0269682970834903,0.00702193380426306));
#10429=CARTESIAN_POINT('',(0.042,-0.0271187818466602,0.00724676874686472));
#10430=CARTESIAN_POINT('',(0.042,-0.0274423538275473,0.00724676874686472));
#10431=CARTESIAN_POINT('',(0.042,-0.0268178123203205,0.00634742897645807));
#10432=CARTESIAN_POINT('',(0.0427171674291391,-0.0268178123203205,0.00634742897645807));
#10433=CARTESIAN_POINT('',(0.042,-0.0268178123203205,0.00664720889992695));
#10434=CARTESIAN_POINT('',(0.0427171674291391,-0.0268178123203205,0.00664720889992695));
#10435=CARTESIAN_POINT('',(0.042,-0.0268679739080438,0.00687204384252861));
#10436=CARTESIAN_POINT('',(0.0427171674291391,-0.0268679739080438,0.00687204384252861));
#10437=CARTESIAN_POINT('',(0.042,-0.0269682970834903,0.00702193380426306));
#10438=CARTESIAN_POINT('',(0.0427171674291391,-0.0269682970834903,0.00702193380426306));
#10439=CARTESIAN_POINT('',(0.042,-0.0268178123203205,0.00634742897645807));
#10440=CARTESIAN_POINT('',(0.042,-0.0268178123203205,0.00634742897645807));
#10441=CARTESIAN_POINT('',(0.042,-0.0268178123203205,0.00634742897645807));
#10442=CARTESIAN_POINT('',(0.042,-0.0268178123203205,0.00679709886166139));
#10443=CARTESIAN_POINT('',(0.042,-0.0269682970834903,0.00702193380426306));
#10444=CARTESIAN_POINT('',(0.042,-0.0268178123203205,0.00513343924669619));
#10445=CARTESIAN_POINT('',(0.042,-0.0268178123203205,0.00513343924669619));
#10446=CARTESIAN_POINT('',(0.042,-6.93889390390723E-18,0.00591738753862473));
#10447=CARTESIAN_POINT('',(0.042717167429139,-8.31597319854091E-5,0.003));
#10448=CARTESIAN_POINT('',(0.042717167429139,-8.31597319854091E-5,0.003));
#10449=CARTESIAN_POINT('',(0.042717167429139,-8.31597319854091E-5,0.003));
#10450=CARTESIAN_POINT('',(0.042717167429139,-8.31597319854091E-5,0.003));
#10451=CARTESIAN_POINT('',(-0.036707832570861,0.0276168402680146,0.003));
#10452=CARTESIAN_POINT('',(-0.036707832570861,-0.0277831597319854,0.003));
#10453=CARTESIAN_POINT('',(0.0377171674291391,-0.0277831597319854,0.003));
#10454=CARTESIAN_POINT('',(0.037717167429139,0.0276168402680146,0.003));
#10455=CARTESIAN_POINT('',(-0.00419553257086102,0.0276168402680146,0.003));
#10456=CARTESIAN_POINT('',(0.00520486742913901,0.0276168402680146,0.003));
#10457=MECHANICAL_DESIGN_GEOMETRIC_PRESENTATION_REPRESENTATION('',(#5949),
#10458);
#10458=(
GEOMETRIC_REPRESENTATION_CONTEXT(3)
GLOBAL_UNCERTAINTY_ASSIGNED_CONTEXT((#10459))
GLOBAL_UNIT_ASSIGNED_CONTEXT((#10462,#10461,#10460))
REPRESENTATION_CONTEXT('Part 1','TOP_LEVEL_ASSEMBLY_PART')
);
#10459=UNCERTAINTY_MEASURE_WITH_UNIT(LENGTH_MEASURE(2.E-5),#10462,
'DISTANCE_ACCURACY_VALUE','Maximum Tolerance applied to model');
#10460=(
NAMED_UNIT(*)
SI_UNIT($,.STERADIAN.)
SOLID_ANGLE_UNIT()
);
#10461=(
NAMED_UNIT(*)
PLANE_ANGLE_UNIT()
SI_UNIT($,.RADIAN.)
);
#10462=(
LENGTH_UNIT()
NAMED_UNIT(*)
SI_UNIT($,.METRE.)
);
#10463=PRODUCT_DEFINITION_SHAPE('','',#10464);
#10464=PRODUCT_DEFINITION('','',#10466,#10465);
#10465=PRODUCT_DEFINITION_CONTEXT('',#10472,'design');
#10466=PRODUCT_DEFINITION_FORMATION_WITH_SPECIFIED_SOURCE('','',#10468,
 .NOT_KNOWN.);
#10467=PRODUCT_RELATED_PRODUCT_CATEGORY('','',(#10468));
#10468=PRODUCT('Part 1','Part 1','Part 1',(#10470));
#10469=PRODUCT_CATEGORY('','');
#10470=PRODUCT_CONTEXT('',#10472,'mechanical');
#10471=APPLICATION_PROTOCOL_DEFINITION('international standard',
'ap242_managed_model_based_3d_engineering',2020,#10472);
#10472=APPLICATION_CONTEXT('managed model based 3d engineering');
ENDSEC;
END-ISO-10303-21;
